bag_t,header_t,x,y,z,roll_rad,pitch_rad,yaw_rad,qnorm,qx,qy,qz,qw,cov_0,cov_1,cov_2,cov_3,cov_4,cov_5,cov_6,cov_7,cov_8,cov_9,cov_10,cov_11,cov_12,cov_13,cov_14,cov_15,cov_16,cov_17,cov_18,cov_19,cov_20,cov_21,cov_22,cov_23,cov_24,cov_25,cov_26,cov_27,cov_28,cov_29,cov_30,cov_31,cov_32,cov_33,cov_34,cov_35,yaw_unwrapped_deg
0.0,-0.03886723518371582,0.009406940113677225,-0.034926683051669974,0.0341697935927094,-0.0005777860204027413,-0.025251566764475535,-0.006907597457898507,0.9999999999999999,-0.0003324739248171181,-0.01262437441171952,-0.003457163818600141,0.999914277650906,0.0,0.0,0.0,0.0,0.0,0.0,0.0,0.0,0.0,0.0,0.0,0.0,0.0,0.0,0.0,0.0,0.0,0.0,0.0,0.0,0.0,0.0,0.0,0.0,0.0,0.0,0.0,0.0,0.0,0.0,0.0,0.0,0.0,0.0,0.0,0.0,-0.3957761809128808
0.10678434371948242,0.05901288986206055,0.00994479489749856,-0.035197383556204345,0.03400504522094664,-0.0004079882032469588,-0.025037665361966818,-0.006854324738328275,0.9999999999999999,-0.00024687978415269745,-0.012517732846351756,-0.003429440724831642,0.9999157386255475,0.0,0.0,0.0,0.0,0.0,0.0,0.0,0.0,0.0,0.0,0.0,0.0,0.0,0.0,0.0,0.0,0.0,0.0,0.0,0.0,0.0,0.0,0.0,0.0,0.0,0.0,0.0,0.0,0.0,0.0,0.0,0.0,0.0,0.0,0.0,0.0,-0.3927238789183225
0.2230854034423828,0.15903043746948242,0.009175780969044766,-0.035503916634939646,0.03384356503209457,-0.0006583586494936119,-0.024732959160854304,-0.00691035658652047,1.0,-0.0003718793991093347,-0.012364952613114518,-0.0034589776965474202,0.999917499159747,0.0,0.0,0.0,0.0,0.0,0.0,0.0,0.0,0.0,0.0,0.0,0.0,0.0,0.0,0.0,0.0,0.0,0.0,0.0,0.0,0.0,0.0,0.0,0.0,0.0,0.0,0.0,0.0,0.0,0.0,0.0,0.0,0.0,0.0,0.0,0.0,-0.39593426733805304
0.3081395626068115,0.2590811252593994,0.008680564464176508,-0.035604341370593505,0.03376680950000415,-0.0002451483350976582,-0.024708073096119477,-0.006897859945278438,0.9999999999999999,-0.00016517112295538213,-0.012353226016535617,-0.003450174159578296,0.9999177300277023,0.0,0.0,0.0,0.0,0.0,0.0,0.0,0.0,0.0,0.0,0.0,0.0,0.0,0.0,0.0,0.0,0.0,0.0,0.0,0.0,0.0,0.0,0.0,0.0,0.0,0.0,0.0,0.0,0.0,0.0,0.0,0.0,0.0,0.0,0.0,0.0,-0.3952182625367955
0.4423356056213379,0.3582007884979248,0.009301969412843752,-0.03391169495271003,0.03407441525478892,-0.0002037702210568559,-0.02500206624152215,-0.007174831145623051,0.9999999999999999,-0.00014672163022226757,-0.012500261542825547,-0.0035884011783106707,0.9999154190785876,0.0,0.0,0.0,0.0,0.0,0.0,0.0,0.0,0.0,0.0,0.0,0.0,0.0,0.0,0.0,0.0,0.0,0.0,0.0,0.0,0.0,0.0,0.0,0.0,0.0,0.0,0.0,0.0,0.0,0.0,0.0,0.0,0.0,0.0,0.0,0.0,-0.4110875433632142
0.507817268371582,0.458310604095459,0.00974219953200531,-0.0339759844750483,0.03359550994472842,-0.0007698639872981256,-0.025237584721023592,-0.007102886484883098,0.9999999999999999,-0.00042971254810491064,-0.012617010009349573,-0.0035560099802483688,0.9999139869001584,0.0,0.0,0.0,0.0,0.0,0.0,0.0,0.0,0.0,0.0,0.0,0.0,0.0,0.0,0.0,0.0,0.0,0.0,0.0,0.0,0.0,0.0,0.0,0.0,0.0,0.0,0.0,0.0,0.0,0.0,0.0,0.0,0.0,0.0,0.0,0.0,-0.40696541794431434
0.6248822212219238,0.5591614246368408,0.009667179956638032,-0.034089293178919275,0.033542268298768184,-0.0004733664622908298,-0.025030973597748245,-0.006350290918467752,1.0,-0.00027640088526443126,-0.012514345189046842,-0.003177853479193529,0.9999166045297502,0.0,0.0,0.0,0.0,0.0,0.0,0.0,0.0,0.0,0.0,0.0,0.0,0.0,0.0,0.0,0.0,0.0,0.0,0.0,0.0,0.0,0.0,0.0,0.0,0.0,0.0,0.0,0.0,0.0,0.0,0.0,0.0,0.0,0.0,0.0,0.0,-0.36384486830845736
0.7271463871002197,0.6591885089874268,0.009326294280151947,-0.035042591436816185,0.03351492014867506,-0.0005828776241933102,-0.02538727270888688,-0.007136298422639024,0.9999999999999999,-0.00033670494784977274,-0.012692174319275872,-0.003571553323104919,0.999913015890726,0.0,0.0,0.0,0.0,0.0,0.0,0.0,0.0,0.0,0.0,0.0,0.0,0.0,0.0,0.0,0.0,0.0,0.0,0.0,0.0,0.0,0.0,0.0,0.0,0.0,0.0,0.0,0.0,0.0,0.0,0.0,0.0,0.0,0.0,0.0,0.0,-0.4088797809630827
0.8133375644683838,0.7585980892181396,0.009401938817904036,-0.03524158956626163,0.03340702668447322,-0.0006199380782923372,-0.02509601659412124,-0.006898617711896868,0.9999999999999999,-0.00035322352042453143,-0.012546534673928229,-0.003452919672171295,0.9999152649332632,0.0,0.0,0.0,0.0,0.0,0.0,0.0,0.0,0.0,0.0,0.0,0.0,0.0,0.0,0.0,0.0,0.0,0.0,0.0,0.0,0.0,0.0,0.0,0.0,0.0,0.0,0.0,0.0,0.0,0.0,0.0,0.0,0.0,0.0,0.0,0.0,-0.3952616793658874
0.9086277484893799,0.8579921722412109,0.009006910549705779,-0.03652733492339797,0.0335587908149194,-0.000739964858478753,-0.02493218587606168,-0.006847615821933813,1.0,-0.0004126318203577694,-0.012464429495805443,-0.003428147044306321,0.9999163542717798,0.0,0.0,0.0,0.0,0.0,0.0,0.0,0.0,0.0,0.0,0.0,0.0,0.0,0.0,0.0,0.0,0.0,0.0,0.0,0.0,0.0,0.0,0.0,0.0,0.0,0.0,0.0,0.0,0.0,0.0,0.0,0.0,0.0,0.0,0.0,0.0,-0.39233948632381377
1.006622076034546,0.9581634998321533,0.007830080789424392,-0.03731342174651227,0.03344373092164359,-0.00036690569589768165,-0.024650236170891023,-0.007716849910471725,0.9999999999999999,-0.0002309917679999163,-0.012324006306146993,-0.0038603832611597347,0.9999165779966077,0.0,0.0,0.0,0.0,0.0,0.0,0.0,0.0,0.0,0.0,0.0,0.0,0.0,0.0,0.0,0.0,0.0,0.0,0.0,0.0,0.0,0.0,0.0,0.0,0.0,0.0,0.0,0.0,0.0,0.0,0.0,0.0,0.0,0.0,0.0,0.0,-0.44214293100593705
1.141650915145874,1.0592248439788818,0.008517247630632005,-0.03667714550651229,0.033790375709854284,-0.0005048993251446242,-0.025063061498505426,-0.006770131082969165,0.9999999999999999,-0.0002948472519411028,-0.012530276076830337,-0.0033879566585439023,0.9999157099457014,0.0,0.0,0.0,0.0,0.0,0.0,0.0,0.0,0.0,0.0,0.0,0.0,0.0,0.0,0.0,0.0,0.0,0.0,0.0,0.0,0.0,0.0,0.0,0.0,0.0,0.0,0.0,0.0,0.0,0.0,0.0,0.0,0.0,0.0,0.0,0.0,-0.3878999378044665
1.2347643375396729,1.159170150756836,0.008785839774123859,-0.03900421258475482,0.03336001489215507,-0.0009996299575720062,-0.025549885074638505,-0.00781471661119952,1.0,-0.0005496851455823211,-0.012772543158467422,-0.0039134139263355475,0.9999106185949558,0.0,0.0,0.0,0.0,0.0,0.0,0.0,0.0,0.0,0.0,0.0,0.0,0.0,0.0,0.0,0.0,0.0,0.0,0.0,0.0,0.0,0.0,0.0,0.0,0.0,0.0,0.0,0.0,0.0,0.0,0.0,0.0,0.0,0.0,0.0,0.0,-0.44775027991250954
1.3316240310668945,1.2592523097991943,0.009256684044971394,-0.03816480903375282,0.0340374956789307,-0.0004840084081288019,-0.025135111419353203,-0.006920035890292839,1.0,-0.00028546637756487466,-0.01256631202040217,-0.003462779003674586,0.9999150041242131,0.0,0.0,0.0,0.0,0.0,0.0,0.0,0.0,0.0,0.0,0.0,0.0,0.0,0.0,0.0,0.0,0.0,0.0,0.0,0.0,0.0,0.0,0.0,0.0,0.0,0.0,0.0,0.0,0.0,0.0,0.0,0.0,0.0,0.0,0.0,0.0,-0.39648885059283484
1.4418902397155762,1.3583698272705078,0.009335474206195574,-0.03653232639545821,0.034008535074358796,-0.0005807336191444632,-0.025478533449487476,-0.006627681894017239,1.0000000000000002,-0.0003325563327576018,-0.012737889520873019,-0.0033172647862644987,0.9999133119081762,0.0,0.0,0.0,0.0,0.0,0.0,0.0,0.0,0.0,0.0,0.0,0.0,0.0,0.0,0.0,0.0,0.0,0.0,0.0,0.0,0.0,0.0,0.0,0.0,0.0,0.0,0.0,0.0,0.0,0.0,0.0,0.0,0.0,0.0,0.0,0.0,-0.3797382004824596
1.5322222709655762,1.4592583179473877,0.010578610146122613,-0.036660681382233454,0.03413819808373803,-0.000490209976531561,-0.025108105525111307,-0.006810580028676872,1.0000000000000002,-0.0002878332339490068,-0.012552815253480266,-0.0034080919529986403,0.9999153608633492,0.0,0.0,0.0,0.0,0.0,0.0,0.0,0.0,0.0,0.0,0.0,0.0,0.0,0.0,0.0,0.0,0.0,0.0,0.0,0.0,0.0,0.0,0.0,0.0,0.0,0.0,0.0,0.0,0.0,0.0,0.0,0.0,0.0,0.0,0.0,0.0,-0.39021749167927194
1.6069555282592773,1.558852195739746,0.009862210087994277,-0.0379219144819539,0.03452162557948344,-0.0009244802444791025,-0.02463748412938752,-0.006852979945050788,1.0,-0.0005044112115863066,-0.012316773134582772,-0.0034319169571739665,0.9999181289560062,0.0,0.0,0.0,0.0,0.0,0.0,0.0,0.0,0.0,0.0,0.0,0.0,0.0,0.0,0.0,0.0,0.0,0.0,0.0,0.0,0.0,0.0,0.0,0.0,0.0,0.0,0.0,0.0,0.0,0.0,0.0,0.0,0.0,0.0,0.0,0.0,-0.39264682793920497
1.706791639328003,1.659372329711914,0.008618978629678496,-0.037626266941008964,0.034329267649080626,-0.00029339573014868864,-0.024670900986846194,-0.0075196677787946285,1.0000000000000002,-0.00019306362570838207,-0.01233449882603296,-0.003761348465987785,0.9999168341031494,0.0,0.0,0.0,0.0,0.0,0.0,0.0,0.0,0.0,0.0,0.0,0.0,0.0,0.0,0.0,0.0,0.0,0.0,0.0,0.0,0.0,0.0,0.0,0.0,0.0,0.0,0.0,0.0,0.0,0.0,0.0,0.0,0.0,0.0,0.0,0.0,-0.43084522706544653
1.8148975372314453,1.7592151165008545,0.009570849872149295,-0.03551388438797057,0.034303725889778744,-0.0006277650306359032,-0.025045708807915533,-0.006621694894269326,1.0000000000000002,-0.0003553162775367311,-0.012521418712232007,-0.0033145122131944408,0.9999160473922624,0.0,0.0,0.0,0.0,0.0,0.0,0.0,0.0,0.0,0.0,0.0,0.0,0.0,0.0,0.0,0.0,0.0,0.0,0.0,0.0,0.0,0.0,0.0,0.0,0.0,0.0,0.0,0.0,0.0,0.0,0.0,0.0,0.0,0.0,0.0,0.0,-0.37939517066495826
1.9149293899536133,1.8592147827148438,0.00916772412873179,-0.03786652629132008,0.03394513926124666,-0.0005435217775139615,-0.02482017954298788,-0.007187835381657101,1.0000000000000002,-0.00031633780245561913,-0.01240871401601964,-0.003597005544040934,0.9999164891619601,0.0,0.0,0.0,0.0,0.0,0.0,0.0,0.0,0.0,0.0,0.0,0.0,0.0,0.0,0.0,0.0,0.0,0.0,0.0,0.0,0.0,0.0,0.0,0.0,0.0,0.0,0.0,0.0,0.0,0.0,0.0,0.0,0.0,0.0,0.0,0.0,-0.4118326312037572
2.0067644119262695,1.958153486251831,0.008566466204978255,-0.03767277386270363,0.03421613303662657,-0.00023115160366510496,-0.02496672898085239,-0.00657204015169444,1.0000000000000002,-0.0001565856192496351,-0.012482593037113637,-0.0032872008361202417,0.9999166738597157,0.0,0.0,0.0,0.0,0.0,0.0,0.0,0.0,0.0,0.0,0.0,0.0,0.0,0.0,0.0,0.0,0.0,0.0,0.0,0.0,0.0,0.0,0.0,0.0,0.0,0.0,0.0,0.0,0.0,0.0,0.0,0.0,0.0,0.0,0.0,0.0,-0.3765501634826088
2.1014463901519775,2.057727098464966,0.009124334401140211,-0.03692712454572057,0.03412215813615658,-0.00042633631152395906,-0.025053385984860642,-0.006795193983966653,1.0000000000000002,-0.00025570965763003405,-0.01252556859844209,-0.003399994016659646,0.9999157388423007,0.0,0.0,0.0,0.0,0.0,0.0,0.0,0.0,0.0,0.0,0.0,0.0,0.0,0.0,0.0,0.0,0.0,0.0,0.0,0.0,0.0,0.0,0.0,0.0,0.0,0.0,0.0,0.0,0.0,0.0,0.0,0.0,0.0,0.0,0.0,0.0,-0.3893359362539768
2.201254367828369,2.158635377883911,0.009315955830613855,-0.03694630642977604,0.03399072091682822,-0.0005225065334632061,-0.02552893010184045,-0.007520259322114499,1.0000000000000004,-0.000309224759701891,-0.01276304549884441,-0.0037631489992700374,0.9999114199564142,0.0,0.0,0.0,0.0,0.0,0.0,0.0,0.0,0.0,0.0,0.0,0.0,0.0,0.0,0.0,0.0,0.0,0.0,0.0,0.0,0.0,0.0,0.0,0.0,0.0,0.0,0.0,0.0,0.0,0.0,0.0,0.0,0.0,0.0,0.0,0.0,-0.43087912000107426
2.3328428268432617,2.2583391666412354,0.009634091305375373,-0.0389019844875476,0.03415634065250239,-0.0008240108628551892,-0.025298143368022642,-0.0070179786762090595,1.0000000000000004,-0.00045635410290284457,-0.01264720983076873,-0.0035139124412112894,0.9999137424017062,0.0,0.0,0.0,0.0,0.0,0.0,0.0,0.0,0.0,0.0,0.0,0.0,0.0,0.0,0.0,0.0,0.0,0.0,0.0,0.0,0.0,0.0,0.0,0.0,0.0,0.0,0.0,0.0,0.0,0.0,0.0,0.0,0.0,0.0,0.0,0.0,-0.4021005588595876
2.40187931060791,2.3583621978759766,0.009427860976698184,-0.03752570983607136,0.03410644250703599,-0.00046414377831506683,-0.025539294263574708,-0.0070806761863720325,1.0000000000000004,-0.0002772590556612892,-0.012768398176720862,-0.0035430053329746857,0.9999121652668439,0.0,0.0,0.0,0.0,0.0,0.0,0.0,0.0,0.0,0.0,0.0,0.0,0.0,0.0,0.0,0.0,0.0,0.0,0.0,0.0,0.0,0.0,0.0,0.0,0.0,0.0,0.0,0.0,0.0,0.0,0.0,0.0,0.0,0.0,0.0,0.0,-0.4056928615779046
2.507294178009033,2.458360195159912,0.010354336659499927,-0.036095848949629514,0.03424688074919638,-0.00042741069801956796,-0.024995732596956286,-0.006855553438336769,1.0000000000000004,-0.0002565260972230004,-0.012496734765087723,-0.0034301730043810276,0.9999159963355588,0.0,0.0,0.0,0.0,0.0,0.0,0.0,0.0,0.0,0.0,0.0,0.0,0.0,0.0,0.0,0.0,0.0,0.0,0.0,0.0,0.0,0.0,0.0,0.0,0.0,0.0,0.0,0.0,0.0,0.0,0.0,0.0,0.0,0.0,0.0,0.0,-0.39279427824309693
2.616319417953491,2.5579686164855957,0.009441057673050762,-0.03841701158909103,0.034126490153744575,-0.000739567081929575,-0.0248319433306998,-0.006603445435069544,1.0000000000000004,-0.00041074598042950463,-0.012414363318670563,-0.00330605308477602,0.9999173890297804,0.0,0.0,0.0,0.0,0.0,0.0,0.0,0.0,0.0,0.0,0.0,0.0,0.0,0.0,0.0,0.0,0.0,0.0,0.0,0.0,0.0,0.0,0.0,0.0,0.0,0.0,0.0,0.0,0.0,0.0,0.0,0.0,0.0,0.0,0.0,0.0,-0.3783495536744146
2.700408935546875,2.657588481903076,0.008867956586337294,-0.037883228305816634,0.03356647204757459,-0.0004555616730296145,-0.02467370282915568,-0.006928476213453369,1.0000000000000004,-0.0002704987543014879,-0.01233567510602977,-0.003466777476997789,0.9999178663290442,0.0,0.0,0.0,0.0,0.0,0.0,0.0,0.0,0.0,0.0,0.0,0.0,0.0,0.0,0.0,0.0,0.0,0.0,0.0,0.0,0.0,0.0,0.0,0.0,0.0,0.0,0.0,0.0,0.0,0.0,0.0,0.0,0.0,0.0,0.0,0.0,-0.3969724454876597
2.8127241134643555,2.758333683013916,0.008999076267418978,-0.03646338327993342,0.033741074733072016,-0.000457036148477776,-0.025004617188849703,-0.006470184077397792,1.0000000000000004,-0.00026894401092263543,-0.0125011779296889,-0.0032376903941417705,0.9999165793106952,0.0,0.0,0.0,0.0,0.0,0.0,0.0,0.0,0.0,0.0,0.0,0.0,0.0,0.0,0.0,0.0,0.0,0.0,0.0,0.0,0.0,0.0,0.0,0.0,0.0,0.0,0.0,0.0,0.0,0.0,0.0,0.0,0.0,0.0,0.0,0.0,-0.37071424030763983
2.926576852798462,2.8581089973449707,0.008715537680737602,-0.0376055551680692,0.03355444984549992,-0.0004792300816778491,-0.025110258454129546,-0.007042310446594907,1.0000000000000004,-0.00028380197286779915,-0.012553877538442802,-0.003523878628255047,0.9999149473303238,0.0,0.0,0.0,0.0,0.0,0.0,0.0,0.0,0.0,0.0,0.0,0.0,0.0,0.0,0.0,0.0,0.0,0.0,0.0,0.0,0.0,0.0,0.0,0.0,0.0,0.0,0.0,0.0,0.0,0.0,0.0,0.0,0.0,0.0,0.0,0.0,-0.4034946666107781
3.0276668071746826,2.9577274322509766,0.009180228936784721,-0.037809838988946805,0.034158024371361215,-0.0006566514735993768,-0.024968962014705172,-0.006151162955385146,1.0000000000000004,-0.000366694570218543,-0.01248308726980286,-0.003079435633609108,0.9999172741499599,0.0,0.0,0.0,0.0,0.0,0.0,0.0,0.0,0.0,0.0,0.0,0.0,0.0,0.0,0.0,0.0,0.0,0.0,0.0,0.0,0.0,0.0,0.0,0.0,0.0,0.0,0.0,0.0,0.0,0.0,0.0,0.0,0.0,0.0,0.0,0.0,-0.35243567644078716
3.1282572746276855,3.058485746383667,0.009322170963847074,-0.03753542790956929,0.033837912834942065,-0.0005206164842855568,-0.02539765886870105,-0.006961801133864745,1.0000000000000004,-0.00030448775767571165,-0.012697504740284039,-0.0034839182594446822,0.9999132677258256,0.0,0.0,0.0,0.0,0.0,0.0,0.0,0.0,0.0,0.0,0.0,0.0,0.0,0.0,0.0,0.0,0.0,0.0,0.0,0.0,0.0,0.0,0.0,0.0,0.0,0.0,0.0,0.0,0.0,0.0,0.0,0.0,0.0,0.0,0.0,0.0,-0.3988818227798409
3.233605146408081,3.157695770263672,0.008536911271643507,-0.036938994219401826,0.03441807166367157,-0.0002364333650056481,-0.024739495178215415,-0.00758222525743234,1.0000000000000004,-0.00016510058640752543,-0.01236889502722038,-0.0037922757477170136,0.9999162974080662,0.0,0.0,0.0,0.0,0.0,0.0,0.0,0.0,0.0,0.0,0.0,0.0,0.0,0.0,0.0,0.0,0.0,0.0,0.0,0.0,0.0,0.0,0.0,0.0,0.0,0.0,0.0,0.0,0.0,0.0,0.0,0.0,0.0,0.0,0.0,0.0,-0.4344295065683672
3.323906660079956,3.2577505111694336,0.007585354926339217,-0.03819921597610704,0.03447014292385645,-0.0005978984955356477,-0.02470473018204902,-0.006936252286181718,1.0000000000000004,-0.0003417630220050173,-0.012350939421876237,-0.003471547068788195,0.999917639535569,0.0,0.0,0.0,0.0,0.0,0.0,0.0,0.0,0.0,0.0,0.0,0.0,0.0,0.0,0.0,0.0,0.0,0.0,0.0,0.0,0.0,0.0,0.0,0.0,0.0,0.0,0.0,0.0,0.0,0.0,0.0,0.0,0.0,0.0,0.0,0.0,-0.39741798163618086
3.431940793991089,3.3584916591644287,0.007086000472341652,-0.03905136615002271,0.03371429929293286,-0.00016834770165057844,-0.024609860685665758,-0.007116704636429101,1.0000000000000004,-0.0001279510254463385,-0.012304242387404685,-0.003559111133629957,0.9999179576223974,0.0,0.0,0.0,0.0,0.0,0.0,0.0,0.0,0.0,0.0,0.0,0.0,0.0,0.0,0.0,0.0,0.0,0.0,0.0,0.0,0.0,0.0,0.0,0.0,0.0,0.0,0.0,0.0,0.0,0.0,0.0,0.0,0.0,0.0,0.0,0.0,-0.40775713970857247
3.5342018604278564,3.4595305919647217,0.007498912113555994,-0.03844836014488629,0.03398893768803392,-0.0007698978597281338,-0.02453177545938488,-0.007742874004333542,1.0000000000000004,-0.0004324023767111561,-0.012263997144037881,-0.003875857402597184,0.9999171891369961,0.0,0.0,0.0,0.0,0.0,0.0,0.0,0.0,0.0,0.0,0.0,0.0,0.0,0.0,0.0,0.0,0.0,0.0,0.0,0.0,0.0,0.0,0.0,0.0,0.0,0.0,0.0,0.0,0.0,0.0,0.0,0.0,0.0,0.0,0.0,0.0,-0.44363400174987144
3.6324362754821777,3.5583574771881104,0.00790730003420579,-0.03831573442746512,0.034014528805729236,-0.0005242594344208377,-0.02495384438482352,-0.007298920581718371,1.0000000000000004,-0.00030764031373789485,-0.012475558404609595,-0.0036524384720085386,0.9999154591729942,0.0,0.0,0.0,0.0,0.0,0.0,0.0,0.0,0.0,0.0,0.0,0.0,0.0,0.0,0.0,0.0,0.0,0.0,0.0,0.0,0.0,0.0,0.0,0.0,0.0,0.0,0.0,0.0,0.0,0.0,0.0,0.0,0.0,0.0,0.0,0.0,-0.41819734433363437
3.733426332473755,3.6585330963134766,0.008338400649486221,-0.03814858798776664,0.034242160380723884,-0.00020670341963609503,-0.024776877582046903,-0.006939388396597425,1.0000000000000004,-0.00014632606504813797,-0.012387688705184405,-0.003470701294861791,0.9999172355698991,0.0,0.0,0.0,0.0,0.0,0.0,0.0,0.0,0.0,0.0,0.0,0.0,0.0,0.0,0.0,0.0,0.0,0.0,0.0,0.0,0.0,0.0,0.0,0.0,0.0,0.0,0.0,0.0,0.0,0.0,0.0,0.0,0.0,0.0,0.0,0.0,-0.397597667527088
3.8358004093170166,3.7585067749023438,0.009222084345896237,-0.03797978924636088,0.03384288065053982,-0.0006597911832356866,-0.025578247321147562,-0.00688975287029386,1.0000000000000004,-0.0003739223097569071,-0.012787562094845446,-0.003448806649116324,0.9999122182324179,0.0,0.0,0.0,0.0,0.0,0.0,0.0,0.0,0.0,0.0,0.0,0.0,0.0,0.0,0.0,0.0,0.0,0.0,0.0,0.0,0.0,0.0,0.0,0.0,0.0,0.0,0.0,0.0,0.0,0.0,0.0,0.0,0.0,0.0,0.0,0.0,-0.3947537613559831
3.905452251434326,3.858565330505371,0.009151662741594754,-0.03649898070371112,0.034255540243219355,-0.0003204369926584832,-0.025062895753772577,-0.006894272814976223,1.0000000000000004,-0.00020340135735057098,-0.012530493032184878,-0.0034488665813695554,0.9999155217774964,0.0,0.0,0.0,0.0,0.0,0.0,0.0,0.0,0.0,0.0,0.0,0.0,0.0,0.0,0.0,0.0,0.0,0.0,0.0,0.0,0.0,0.0,0.0,0.0,0.0,0.0,0.0,0.0,0.0,0.0,0.0,0.0,0.0,0.0,0.0,0.0,-0.3950127351099151
4.042974472045898,3.9585747718811035,0.008925925127796778,-0.03622313472148518,0.03440297005794766,-0.00030196466471095354,-0.02482034725529006,-0.007010184730994897,1.0000000000000002,-0.0001944673766912967,-0.012409249538383706,-0.0035066888959885195,0.9999168344624072,0.0,0.0,0.0,0.0,0.0,0.0,0.0,0.0,0.0,0.0,0.0,0.0,0.0,0.0,0.0,0.0,0.0,0.0,0.0,0.0,0.0,0.0,0.0,0.0,0.0,0.0,0.0,0.0,0.0,0.0,0.0,0.0,0.0,0.0,0.0,0.0,-0.4016539986930599
4.145748138427734,4.058265686035156,0.00926627576529176,-0.03561537999782825,0.03362113361286981,-0.0003554609804934714,-0.02489834014603031,-0.006764631637363005,1.0000000000000002,-0.00021982155673729698,-0.012448176012380869,-0.0033842597486951347,0.9999167672253536,0.0,0.0,0.0,0.0,0.0,0.0,0.0,0.0,0.0,0.0,0.0,0.0,0.0,0.0,0.0,0.0,0.0,0.0,0.0,0.0,0.0,0.0,0.0,0.0,0.0,0.0,0.0,0.0,0.0,0.0,0.0,0.0,0.0,0.0,0.0,0.0,-0.3875848427815718
4.238256931304932,4.158658504486084,0.008680575310810668,-0.03526699057015518,0.03364902068675836,-0.0004492012627973626,-0.02500074687676086,-0.006920899672125624,1.0000000000000002,-0.0002678374383632114,-0.012499195576525342,-0.003462979984555084,0.9999158495306861,0.0,0.0,0.0,0.0,0.0,0.0,0.0,0.0,0.0,0.0,0.0,0.0,0.0,0.0,0.0,0.0,0.0,0.0,0.0,0.0,0.0,0.0,0.0,0.0,0.0,0.0,0.0,0.0,0.0,0.0,0.0,0.0,0.0,0.0,0.0,0.0,-0.3965383416462735
4.304565668106079,4.258594751358032,0.009008487173287826,-0.03365325701242888,0.03403331814913114,-0.000414845707924674,-0.025159569580887508,-0.0065519310494359774,1.0000000000000002,-0.0002486151070675221,-0.012578705772466761,-0.003278309638189026,0.9999154799469477,0.0,0.0,0.0,0.0,0.0,0.0,0.0,0.0,0.0,0.0,0.0,0.0,0.0,0.0,0.0,0.0,0.0,0.0,0.0,0.0,0.0,0.0,0.0,0.0,0.0,0.0,0.0,0.0,0.0,0.0,0.0,0.0,0.0,0.0,0.0,0.0,-0.37539799679340186
4.405288934707642,4.3587281703948975,0.008877821984808658,-0.03389474758873872,0.03392057836702822,-0.0002684885829042738,-0.02533182079281325,-0.006982148484039077,1.0000000000000002,-0.00017844906617335693,-0.012665025829992243,-0.0034924873656253996,0.9999136801787731,0.0,0.0,0.0,0.0,0.0,0.0,0.0,0.0,0.0,0.0,0.0,0.0,0.0,0.0,0.0,0.0,0.0,0.0,0.0,0.0,0.0,0.0,0.0,0.0,0.0,0.0,0.0,0.0,0.0,0.0,0.0,0.0,0.0,0.0,0.0,0.0,-0.4000476400691049
4.5295727252960205,4.458658218383789,0.009470975060697355,-0.03534317126138159,0.03378413919970457,-0.0006654199234518227,-0.02508487839599822,-0.006858457570900829,1.0000000000000002,-0.00037569150922836455,-0.012540895067073095,-0.0034331250083521818,0.9999153956507941,0.0,0.0,0.0,0.0,0.0,0.0,0.0,0.0,0.0,0.0,0.0,0.0,0.0,0.0,0.0,0.0,0.0,0.0,0.0,0.0,0.0,0.0,0.0,0.0,0.0,0.0,0.0,0.0,0.0,0.0,0.0,0.0,0.0,0.0,0.0,0.0,-0.39296067278216407
4.634210824966431,4.557687044143677,0.00966317593254636,-0.03339921239296354,0.034179974912746235,-0.00035480999852823317,-0.025279533102625533,-0.006773539350855579,1.0000000000000002,-0.00022019656543091173,-0.012638756523356139,-0.00338873489553938,0.9999143612444138,0.0,0.0,0.0,0.0,0.0,0.0,0.0,0.0,0.0,0.0,0.0,0.0,0.0,0.0,0.0,0.0,0.0,0.0,0.0,0.0,0.0,0.0,0.0,0.0,0.0,0.0,0.0,0.0,0.0,0.0,0.0,0.0,0.0,0.0,0.0,0.0,-0.38809521716980805
4.730316162109375,4.658344745635986,0.009722391615290317,-0.03391746394381694,0.0336806812304795,-0.0008864003468908757,-0.025065450812152414,-0.007417774634756852,1.0000000000000002,-0.0004896434431528038,-0.012530666250261575,-0.003714141500776146,0.9999144702450985,0.0,0.0,0.0,0.0,0.0,0.0,0.0,0.0,0.0,0.0,0.0,0.0,0.0,0.0,0.0,0.0,0.0,0.0,0.0,0.0,0.0,0.0,0.0,0.0,0.0,0.0,0.0,0.0,0.0,0.0,0.0,0.0,0.0,0.0,0.0,0.0,-0.42500717995076337
4.829137086868286,4.758747816085815,0.008867245430316435,-0.03458428748363268,0.03407796928789869,-0.0004635708603738409,-0.024599398919985967,-0.007267909760490862,1.0000000000000002,-0.00027646169180779994,-0.01229846556747212,-0.003636522711919765,0.9999177201231034,0.0,0.0,0.0,0.0,0.0,0.0,0.0,0.0,0.0,0.0,0.0,0.0,0.0,0.0,0.0,0.0,0.0,0.0,0.0,0.0,0.0,0.0,0.0,0.0,0.0,0.0,0.0,0.0,0.0,0.0,0.0,0.0,0.0,0.0,0.0,0.0,-0.41642055515806337
4.93349552154541,4.858421087265015,0.008474513505155833,-0.03417296834737942,0.03418774210718829,-0.00049313952405637,-0.02505335221772825,-0.007260961378744935,1.0000000000000002,-0.0002920253544627465,-0.012525370475761627,-0.0036332763633836504,0.9999149109391784,0.0,0.0,0.0,0.0,0.0,0.0,0.0,0.0,0.0,0.0,0.0,0.0,0.0,0.0,0.0,0.0,0.0,0.0,0.0,0.0,0.0,0.0,0.0,0.0,0.0,0.0,0.0,0.0,0.0,0.0,0.0,0.0,0.0,0.0,0.0,0.0,-0.41602244220957607
5.046790361404419,4.958301544189453,0.008063775135690416,-0.033248177944082254,0.03407383763708528,-0.0005302843621631869,-0.02516656880438313,-0.006802812038386092,1.0000000000000002,-0.0003079192991800238,-0.012581977319032846,-0.0034044663093170556,0.9999150007083591,0.0,0.0,0.0,0.0,0.0,0.0,0.0,0.0,0.0,0.0,0.0,0.0,0.0,0.0,0.0,0.0,0.0,0.0,0.0,0.0,0.0,0.0,0.0,0.0,0.0,0.0,0.0,0.0,0.0,0.0,0.0,0.0,0.0,0.0,0.0,0.0,-0.38977241862031164
5.1282947063446045,5.058777809143066,0.007798500749069167,-0.03365231965226055,0.034409575684931144,-0.0003248388279772466,-0.024929994007254184,-0.0072260633228048606,1.0,-0.00020744089936079832,-0.012464005911408355,-0.0036147675596322256,0.9999157659425136,0.0,0.0,0.0,0.0,0.0,0.0,0.0,0.0,0.0,0.0,0.0,0.0,0.0,0.0,0.0,0.0,0.0,0.0,0.0,0.0,0.0,0.0,0.0,0.0,0.0,0.0,0.0,0.0,0.0,0.0,0.0,0.0,0.0,0.0,0.0,0.0,-0.4140229308909983
5.203245162963867,5.158447742462158,0.008416347939008046,-0.03401816841167087,0.03425071278726894,-0.0007008999644845488,-0.025243247086524576,-0.007081347696441541,1.0,-0.00039510763440982487,-0.012619967815337396,-0.003544807315578019,0.9999140036240081,0.0,0.0,0.0,0.0,0.0,0.0,0.0,0.0,0.0,0.0,0.0,0.0,0.0,0.0,0.0,0.0,0.0,0.0,0.0,0.0,0.0,0.0,0.0,0.0,0.0,0.0,0.0,0.0,0.0,0.0,0.0,0.0,0.0,0.0,0.0,0.0,-0.40573133627078795
5.3165881633758545,5.258360385894775,0.009014424347660267,-0.03424419398669147,0.03462717263472959,-0.000555245035424455,-0.02535453757884055,-0.007186705057305881,1.0000000000000002,-0.00032315098934045263,-0.012675849379754895,-0.0035965752904268985,0.9999131377585357,0.0,0.0,0.0,0.0,0.0,0.0,0.0,0.0,0.0,0.0,0.0,0.0,0.0,0.0,0.0,0.0,0.0,0.0,0.0,0.0,0.0,0.0,0.0,0.0,0.0,0.0,0.0,0.0,0.0,0.0,0.0,0.0,0.0,0.0,0.0,0.0,-0.4117678683889514
5.402480602264404,5.357840299606323,0.009824104351232665,-0.034970028443270254,0.03421758345041435,-0.0006448666467360593,-0.025344666888210337,-0.007233821443081117,1.0,-0.0003682386894345897,-0.012670744613227099,-0.003620698082109851,0.9999130998124848,0.0,0.0,0.0,0.0,0.0,0.0,0.0,0.0,0.0,0.0,0.0,0.0,0.0,0.0,0.0,0.0,0.0,0.0,0.0,0.0,0.0,0.0,0.0,0.0,0.0,0.0,0.0,0.0,0.0,0.0,0.0,0.0,0.0,0.0,0.0,0.0,-0.4144674384397826
5.507203817367554,5.458425283432007,0.009388347571872874,-0.03603214881951784,0.034376126222281096,-0.000688203943025736,-0.025085910159953973,-0.006884214039958594,1.0,-0.0003872458325804471,-0.012541366808406345,-0.003446145173991255,0.9999153405377287,0.0,0.0,0.0,0.0,0.0,0.0,0.0,0.0,0.0,0.0,0.0,0.0,0.0,0.0,0.0,0.0,0.0,0.0,0.0,0.0,0.0,0.0,0.0,0.0,0.0,0.0,0.0,0.0,0.0,0.0,0.0,0.0,0.0,0.0,0.0,0.0,-0.3944364097543333
5.622617959976196,5.558334112167358,0.009304751044074747,-0.036219946983057444,0.034624539555751774,-0.0006362490822361367,-0.024950914529229484,-0.006885792673852844,0.9999999999999999,-0.00036104839974651106,-0.01247396390913165,-0.0034465900664793236,0.9999161919307838,0.0,0.0,0.0,0.0,0.0,0.0,0.0,0.0,0.0,0.0,0.0,0.0,0.0,0.0,0.0,0.0,0.0,0.0,0.0,0.0,0.0,0.0,0.0,0.0,0.0,0.0,0.0,0.0,0.0,0.0,0.0,0.0,0.0,0.0,0.0,0.0,-0.3945268588138701
5.735002517700195,5.658342361450195,0.009845488005590269,-0.0351410784584739,0.03454269189613572,-0.0003752815572280017,-0.024864271797159138,-0.007004455358413038,0.9999999999999998,-0.00023116408544678,-0.012431082084166028,-0.003504282514704289,0.9999165639019283,0.0,0.0,0.0,0.0,0.0,0.0,0.0,0.0,0.0,0.0,0.0,0.0,0.0,0.0,0.0,0.0,0.0,0.0,0.0,0.0,0.0,0.0,0.0,0.0,0.0,0.0,0.0,0.0,0.0,0.0,0.0,0.0,0.0,0.0,0.0,0.0,-0.4013257298248614
5.846842288970947,5.75848913192749,0.008846756256484208,-0.03611340619515729,0.03469318902948924,-0.00021264235748004562,-0.025093669325804587,-0.006580886572057287,1.0,-0.00014759572438585223,-0.012546087664868644,-0.0032915122898876286,0.9999158663840939,0.0,0.0,0.0,0.0,0.0,0.0,0.0,0.0,0.0,0.0,0.0,0.0,0.0,0.0,0.0,0.0,0.0,0.0,0.0,0.0,0.0,0.0,0.0,0.0,0.0,0.0,0.0,0.0,0.0,0.0,0.0,0.0,0.0,0.0,0.0,0.0,-0.37705702603319846
5.927470684051514,5.858405351638794,0.00974023759849623,-0.03620321348120901,0.03414182184781406,-0.0007261924332603939,-0.02525399265619714,-0.0071347406046209936,1.0,-0.00040810882880142643,-0.012625284418065668,-0.0035716627759653638,0.9999138357206393,0.0,0.0,0.0,0.0,0.0,0.0,0.0,0.0,0.0,0.0,0.0,0.0,0.0,0.0,0.0,0.0,0.0,0.0,0.0,0.0,0.0,0.0,0.0,0.0,0.0,0.0,0.0,0.0,0.0,0.0,0.0,0.0,0.0,0.0,0.0,0.0,-0.4087905245654001
6.007324695587158,5.958334922790527,0.01006063610681999,-0.036253057316073624,0.03415094473750035,-0.00040484200784425485,-0.02576559820851136,-0.007195716618925925,1.0,-0.00024875199796799244,-0.012881630892158777,-0.0036001595765092218,0.9999105162758443,0.0,0.0,0.0,0.0,0.0,0.0,0.0,0.0,0.0,0.0,0.0,0.0,0.0,0.0,0.0,0.0,0.0,0.0,0.0,0.0,0.0,0.0,0.0,0.0,0.0,0.0,0.0,0.0,0.0,0.0,0.0,0.0,0.0,0.0,0.0,0.0,-0.412284192836602
6.130705833435059,6.058313846588135,0.010150026333920866,-0.03596289040257898,0.033769255466319904,-0.0005053374524668067,-0.02533080614644242,-0.00686618291805027,1.0,-0.0002961272071739103,-0.012664122057517529,-0.0034360093014027147,0.9999138593705311,0.0,0.0,0.0,0.0,0.0,0.0,0.0,0.0,0.0,0.0,0.0,0.0,0.0,0.0,0.0,0.0,0.0,0.0,0.0,0.0,0.0,0.0,0.0,0.0,0.0,0.0,0.0,0.0,0.0,0.0,0.0,0.0,0.0,0.0,0.0,0.0,-0.39340330256910044
6.207592725753784,6.1582348346710205,0.01050653526295321,-0.03569589285530204,0.033660513973995096,-0.0007913318507232878,-0.02519586723775227,-0.006734931828013741,1.0,-0.0004380541809955389,-0.012596195692971606,-0.0033721764811161666,0.9999148825717014,0.0,0.0,0.0,0.0,0.0,0.0,0.0,0.0,0.0,0.0,0.0,0.0,0.0,0.0,0.0,0.0,0.0,0.0,0.0,0.0,0.0,0.0,0.0,0.0,0.0,0.0,0.0,0.0,0.0,0.0,0.0,0.0,0.0,0.0,0.0,0.0,-0.3858831690535158
6.33259391784668,6.258320331573486,0.010318794311460183,-0.03600774504531524,0.033505175656872735,-0.0007312280570104653,-0.025256146190197292,-0.007518695550683908,1.0,-0.0004130542272584474,-0.012626273035065525,-0.0037636557708137877,0.9999131169810146,0.0,0.0,0.0,0.0,0.0,0.0,0.0,0.0,0.0,0.0,0.0,0.0,0.0,0.0,0.0,0.0,0.0,0.0,0.0,0.0,0.0,0.0,0.0,0.0,0.0,0.0,0.0,0.0,0.0,0.0,0.0,0.0,0.0,0.0,0.0,0.0,-0.43078952249797825
6.41134786605835,6.358281850814819,0.010059916034149121,-0.03587414966416078,0.03338358909881634,-0.000566796843562386,-0.02513997536251781,-0.00709857935963898,1.0,-0.00032798750146803795,-0.012568571205543945,-0.003552563885927427,0.9999146477234377,0.0,0.0,0.0,0.0,0.0,0.0,0.0,0.0,0.0,0.0,0.0,0.0,0.0,0.0,0.0,0.0,0.0,0.0,0.0,0.0,0.0,0.0,0.0,0.0,0.0,0.0,0.0,0.0,0.0,0.0,0.0,0.0,0.0,0.0,0.0,0.0,-0.4067186378459921
6.502844333648682,6.458277940750122,0.009079551942025426,-0.037968486870136264,0.03291744682837168,-0.00044664959015066057,-0.024956255761137875,-0.007405049032016709,1.0000000000000002,-0.0002695051453353551,-0.012476891430547912,-0.003705014304206958,0.9999152601176827,0.0,0.0,0.0,0.0,0.0,0.0,0.0,0.0,0.0,0.0,0.0,0.0,0.0,0.0,0.0,0.0,0.0,0.0,0.0,0.0,0.0,0.0,0.0,0.0,0.0,0.0,0.0,0.0,0.0,0.0,0.0,0.0,0.0,0.0,0.0,0.0,-0.424278056621993
6.630373954772949,6.558451414108276,0.009236998068506903,-0.03809751199571502,0.033125373646905466,-0.00030959079787205374,-0.025203476687756358,-0.006801759183203273,1.0000000000000002,-0.00019763798964989745,-0.012600805390106757,-0.0034025535910852758,0.9999147980062132,0.0,0.0,0.0,0.0,0.0,0.0,0.0,0.0,0.0,0.0,0.0,0.0,0.0,0.0,0.0,0.0,0.0,0.0,0.0,0.0,0.0,0.0,0.0,0.0,0.0,0.0,0.0,0.0,0.0,0.0,0.0,0.0,0.0,0.0,0.0,0.0,-0.38971209446189764
6.7273218631744385,6.658401966094971,0.00981295977084888,-0.03625901949707501,0.033556780455860524,-0.0006352746556906798,-0.025315659284760355,-0.007236659110131096,1.0000000000000002,-0.0003634086715191731,-0.012656258919207644,-0.003622052081549934,0.9999132801313454,0.0,0.0,0.0,0.0,0.0,0.0,0.0,0.0,0.0,0.0,0.0,0.0,0.0,0.0,0.0,0.0,0.0,0.0,0.0,0.0,0.0,0.0,0.0,0.0,0.0,0.0,0.0,0.0,0.0,0.0,0.0,0.0,0.0,0.0,0.0,0.0,-0.41463002478540983
6.828323841094971,6.758277177810669,0.010233211609166548,-0.03672820078863872,0.03344340991676809,-0.0008280066156342058,-0.025429607640681896,-0.006711035279593413,1.0000000000000002,-0.00045663101594197396,-0.01271299948145547,-0.0033605036217823053,0.9999134353271328,0.0,0.0,0.0,0.0,0.0,0.0,0.0,0.0,0.0,0.0,0.0,0.0,0.0,0.0,0.0,0.0,0.0,0.0,0.0,0.0,0.0,0.0,0.0,0.0,0.0,0.0,0.0,0.0,0.0,0.0,0.0,0.0,0.0,0.0,0.0,0.0,-0.384513997684101
6.936445474624634,6.858314514160156,0.011023749767486598,-0.03664695852383755,0.03326116619941643,-0.0010357887876023236,-0.025225502675690965,-0.006259694523531946,1.0000000000000002,-0.0005573255099158781,-0.01261073266595345,-0.003136124653149027,0.9999154081881448,0.0,0.0,0.0,0.0,0.0,0.0,0.0,0.0,0.0,0.0,0.0,0.0,0.0,0.0,0.0,0.0,0.0,0.0,0.0,0.0,0.0,0.0,0.0,0.0,0.0,0.0,0.0,0.0,0.0,0.0,0.0,0.0,0.0,0.0,0.0,0.0,-0.3586540772395353
7.02988076210022,6.958274841308594,0.010565168297904567,-0.03541856483279631,0.033596098111940476,-0.0007295133597090388,-0.02528956832870303,-0.0070121215465855395,1.0000000000000002,-0.0004090573764475278,-0.012643089892461426,-0.003510385186478363,0.9999138273600766,0.0,0.0,0.0,0.0,0.0,0.0,0.0,0.0,0.0,0.0,0.0,0.0,0.0,0.0,0.0,0.0,0.0,0.0,0.0,0.0,0.0,0.0,0.0,0.0,0.0,0.0,0.0,0.0,0.0,0.0,0.0,0.0,0.0,0.0,0.0,0.0,-0.4017649700520989
7.129051446914673,7.058392286300659,0.009634598188938576,-0.03714118308466458,0.03365826915348257,-0.0009090226983089046,-0.02525116089322395,-0.0070526726286455795,1.0000000000000002,-0.0004989930456442339,-0.012623562588089365,-0.0035317858690312467,0.9999139578794272,0.0,0.0,0.0,0.0,0.0,0.0,0.0,0.0,0.0,0.0,0.0,0.0,0.0,0.0,0.0,0.0,0.0,0.0,0.0,0.0,0.0,0.0,0.0,0.0,0.0,0.0,0.0,0.0,0.0,0.0,0.0,0.0,0.0,0.0,0.0,0.0,-0.40408837590882785
7.227824687957764,7.158344268798828,0.008704880590031444,-0.038414326630937794,0.03385064944239266,-0.0005184595866325312,-0.024566519229134026,-0.00723657453405528,1.0000000000000004,-0.0003036516835582225,-0.012281932025126587,-0.0036211903794752236,0.9999179710964403,0.0,0.0,0.0,0.0,0.0,0.0,0.0,0.0,0.0,0.0,0.0,0.0,0.0,0.0,0.0,0.0,0.0,0.0,0.0,0.0,0.0,0.0,0.0,0.0,0.0,0.0,0.0,0.0,0.0,0.0,0.0,0.0,0.0,0.0,0.0,0.0,-0.41462517893321776
7.327017545700073,7.258173704147339,0.008490936810596195,-0.03745723997279555,0.03428763337505571,-0.0006322330121855943,-0.02500262247738823,-0.007098171020191228,1.0000000000000004,-0.0003604567801816209,-0.01249978442770398,-0.003552752298723372,0.9999154981353551,0.0,0.0,0.0,0.0,0.0,0.0,0.0,0.0,0.0,0.0,0.0,0.0,0.0,0.0,0.0,0.0,0.0,0.0,0.0,0.0,0.0,0.0,0.0,0.0,0.0,0.0,0.0,0.0,0.0,0.0,0.0,0.0,0.0,0.0,0.0,0.0,-0.4066952417190272
7.41806435585022,7.358250617980957,0.008721857916092975,-0.03789095348067118,0.03460159787537774,-0.0007264605259776692,-0.025257394711461694,-0.0070326161198507355,1.0000000000000004,-0.0004076041608149425,-0.012627005650042905,-0.0035206071633459893,0.9999139952577742,0.0,0.0,0.0,0.0,0.0,0.0,0.0,0.0,0.0,0.0,0.0,0.0,0.0,0.0,0.0,0.0,0.0,0.0,0.0,0.0,0.0,0.0,0.0,0.0,0.0,0.0,0.0,0.0,0.0,0.0,0.0,0.0,0.0,0.0,0.0,0.0,-0.40293922260311626
7.5225830078125,7.4583330154418945,0.009041988188601578,-0.03792270285088536,0.03447638169402463,-0.0009457428184778243,-0.025235929871951827,-0.007603766694859227,1.0000000000000002,-0.0005208009681186567,-0.012615739859936593,-0.0038075375867025036,0.9999130334842449,0.0,0.0,0.0,0.0,0.0,0.0,0.0,0.0,0.0,0.0,0.0,0.0,0.0,0.0,0.0,0.0,0.0,0.0,0.0,0.0,0.0,0.0,0.0,0.0,0.0,0.0,0.0,0.0,0.0,0.0,0.0,0.0,0.0,0.0,0.0,0.0,-0.43566374001757296
7.607601881027222,7.557109594345093,0.00955543022534154,-0.036458929695070884,0.035220210468088424,-0.0008269771667073376,-0.025069559304328037,-0.006175132155234664,1.0000000000000002,-0.000452154999613569,-0.012533114020879577,-0.003092501179027488,0.9999165730425986,0.0,0.0,0.0,0.0,0.0,0.0,0.0,0.0,0.0,0.0,0.0,0.0,0.0,0.0,0.0,0.0,0.0,0.0,0.0,0.0,0.0,0.0,0.0,0.0,0.0,0.0,0.0,0.0,0.0,0.0,0.0,0.0,0.0,0.0,0.0,0.0,-0.3538090104304702
7.732071161270142,7.6582982540130615,0.010047456929117704,-0.035079557483971485,0.03543285259222812,-0.00040201588991357326,-0.025510215896755256,-0.006705590660173974,1.0000000000000002,-0.00024375448864785747,-0.012754016260868356,-0.003355080041271434,0.9999130057614433,0.0,0.0,0.0,0.0,0.0,0.0,0.0,0.0,0.0,0.0,0.0,0.0,0.0,0.0,0.0,0.0,0.0,0.0,0.0,0.0,0.0,0.0,0.0,0.0,0.0,0.0,0.0,0.0,0.0,0.0,0.0,0.0,0.0,0.0,0.0,0.0,-0.3842020439703121
7.8375630378723145,7.758315801620483,0.010464629891982383,-0.03470928714879954,0.03498217700677569,-0.0005758961996496259,-0.025157298051217723,-0.006557308119089739,1.0,-0.0003291636442516354,-0.012577305191224165,-0.0032820105582786986,0.9999154621527351,0.0,0.0,0.0,0.0,0.0,0.0,0.0,0.0,0.0,0.0,0.0,0.0,0.0,0.0,0.0,0.0,0.0,0.0,0.0,0.0,0.0,0.0,0.0,0.0,0.0,0.0,0.0,0.0,0.0,0.0,0.0,0.0,0.0,0.0,0.0,0.0,-0.3757060801907103
7.938185214996338,7.858267784118652,0.009283060552473753,-0.036952897926155394,0.03475557998922988,-0.000805986700481728,-0.0247069534538452,-0.0069945949078701235,1.0000000000000002,-0.00044616271756767087,-0.012351676695459933,-0.0035020013979287844,0.9999174830994054,0.0,0.0,0.0,0.0,0.0,0.0,0.0,0.0,0.0,0.0,0.0,0.0,0.0,0.0,0.0,0.0,0.0,0.0,0.0,0.0,0.0,0.0,0.0,0.0,0.0,0.0,0.0,0.0,0.0,0.0,0.0,0.0,0.0,0.0,0.0,0.0,-0.40076076762465496
8.033761978149414,7.958365201950073,0.008860051887288696,-0.036297442534419244,0.03450503090527512,-0.00018291377191143515,-0.024441853380873735,-0.007117317434485868,1.0000000000000002,-0.0001349384100446816,-0.01222021962015936,-0.003559503103353459,0.9999189856992007,0.0,0.0,0.0,0.0,0.0,0.0,0.0,0.0,0.0,0.0,0.0,0.0,0.0,0.0,0.0,0.0,0.0,0.0,0.0,0.0,0.0,0.0,0.0,0.0,0.0,0.0,0.0,0.0,0.0,0.0,0.0,0.0,0.0,0.0,0.0,0.0,-0.40779225045091905
8.152502298355103,8.057276487350464,0.00940483799121854,-0.03536728481773451,0.03468067512187005,-0.0007308343461236919,-0.025178301465242827,-0.0071465278379042605,1.0000000000000002,-0.00041036894687988416,-0.012587431365238232,-0.0035775730641726842,0.9999142908969367,0.0,0.0,0.0,0.0,0.0,0.0,0.0,0.0,0.0,0.0,0.0,0.0,0.0,0.0,0.0,0.0,0.0,0.0,0.0,0.0,0.0,0.0,0.0,0.0,0.0,0.0,0.0,0.0,0.0,0.0,0.0,0.0,0.0,0.0,0.0,0.0,-0.40946588328466743
8.238798379898071,8.156970262527466,0.008994981362182944,-0.03890778859211175,0.03404071879382967,-0.0006556905959848492,-0.02516805900984168,-0.007386462728363793,1.0000000000000002,-0.000374291495997648,-0.012582400171075432,-0.0036970558261411905,0.9999139337413145,0.0,0.0,0.0,0.0,0.0,0.0,0.0,0.0,0.0,0.0,0.0,0.0,0.0,0.0,0.0,0.0,0.0,0.0,0.0,0.0,0.0,0.0,0.0,0.0,0.0,0.0,0.0,0.0,0.0,0.0,0.0,0.0,0.0,0.0,0.0,0.0,-0.42321313986593234
8.336161375045776,8.258458375930786,0.008920446793107543,-0.03640453723527633,0.0345906857845762,-0.000433563447527582,-0.02479039082645778,-0.006366896704164956,1.0000000000000002,-0.0002562223570420401,-0.0123941248568328,-0.0031858853193059682,0.9999180817216327,0.0,0.0,0.0,0.0,0.0,0.0,0.0,0.0,0.0,0.0,0.0,0.0,0.0,0.0,0.0,0.0,0.0,0.0,0.0,0.0,0.0,0.0,0.0,0.0,0.0,0.0,0.0,0.0,0.0,0.0,0.0,0.0,0.0,0.0,0.0,0.0,-0.36479630974440586
8.417275667190552,8.35718822479248,0.00904846704442204,-0.03554779349319886,0.034457380895557686,-0.00042575932089708793,-0.024851773214331265,-0.007076290995361355,1.0,-0.00025682526276513097,-0.012424735649128242,-0.0035405100239151877,0.9999165089014205,0.0,0.0,0.0,0.0,0.0,0.0,0.0,0.0,0.0,0.0,0.0,0.0,0.0,0.0,0.0,0.0,0.0,0.0,0.0,0.0,0.0,0.0,0.0,0.0,0.0,0.0,0.0,0.0,0.0,0.0,0.0,0.0,0.0,0.0,0.0,0.0,-0.40544160864063405
8.503320217132568,8.457194328308105,0.009274950333914183,-0.036229094042590795,0.0342370405781467,-0.00041008045891727056,-0.02531627375380653,-0.007172203879147345,1.0,-0.0002504145420415026,-0.012656981956264678,-0.003588402225899595,0.9999134269874475,0.0,0.0,0.0,0.0,0.0,0.0,0.0,0.0,0.0,0.0,0.0,0.0,0.0,0.0,0.0,0.0,0.0,0.0,0.0,0.0,0.0,0.0,0.0,0.0,0.0,0.0,0.0,0.0,0.0,0.0,0.0,0.0,0.0,0.0,0.0,0.0,-0.4109370120825
8.601281881332397,8.556539535522461,0.008553401735329714,-0.03694877989974578,0.03374072326958861,-0.0007306369339233814,-0.024825874424995446,-0.007306212047123767,1.0000000000000002,-0.00041063238479006957,-0.012411200354836737,-0.0036573507500816927,0.9999162051253535,0.0,0.0,0.0,0.0,0.0,0.0,0.0,0.0,0.0,0.0,0.0,0.0,0.0,0.0,0.0,0.0,0.0,0.0,0.0,0.0,0.0,0.0,0.0,0.0,0.0,0.0,0.0,0.0,0.0,0.0,0.0,0.0,0.0,0.0,0.0,0.0,-0.4186151145278292
8.70965051651001,8.658435583114624,0.008783919758431388,-0.03543743087640564,0.033648500589617034,-0.00013345540792767261,-0.024109931865597605,-0.006991411628897337,1.0000000000000002,-0.00010886195572241645,-0.012054367035645507,-0.003496249064664606,0.9999212252107277,0.0,0.0,0.0,0.0,0.0,0.0,0.0,0.0,0.0,0.0,0.0,0.0,0.0,0.0,0.0,0.0,0.0,0.0,0.0,0.0,0.0,0.0,0.0,0.0,0.0,0.0,0.0,0.0,0.0,0.0,0.0,0.0,0.0,0.0,0.0,0.0,-0.40057837917450156
8.820520639419556,8.758479833602905,0.009080508228956494,-0.03534860035671554,0.034093083074823165,-0.0005203981648597425,-0.025105733506765867,-0.0073775479815174705,1.0000000000000002,-0.00030648017501769395,-0.012551491523290836,-0.0036917410129031956,0.9999143649226854,0.0,0.0,0.0,0.0,0.0,0.0,0.0,0.0,0.0,0.0,0.0,0.0,0.0,0.0,0.0,0.0,0.0,0.0,0.0,0.0,0.0,0.0,0.0,0.0,0.0,0.0,0.0,0.0,0.0,0.0,0.0,0.0,0.0,0.0,0.0,0.0,-0.4227023624962105
8.930577278137207,8.858359098434448,0.008230368025408179,-0.03801423210037244,0.03368354886831029,-0.0005957588127134821,-0.024837420923859495,-0.006878314723609511,1.0000000000000002,-0.0003405633862364988,-0.012417292887946293,-0.003442584393702396,0.9999169182820179,0.0,0.0,0.0,0.0,0.0,0.0,0.0,0.0,0.0,0.0,0.0,0.0,0.0,0.0,0.0,0.0,0.0,0.0,0.0,0.0,0.0,0.0,0.0,0.0,0.0,0.0,0.0,0.0,0.0,0.0,0.0,0.0,0.0,0.0,0.0,0.0,-0.3940984038255183
9.022736310958862,8.958216905593872,0.008898293652165646,-0.035250330835187305,0.03402521135491295,-0.0005323250627560763,-0.024843086810667884,-0.006386822525870044,1.0000000000000002,-0.00030580664544752176,-0.01242031030362933,-0.003196465409989298,0.9999177091056746,0.0,0.0,0.0,0.0,0.0,0.0,0.0,0.0,0.0,0.0,0.0,0.0,0.0,0.0,0.0,0.0,0.0,0.0,0.0,0.0,0.0,0.0,0.0,0.0,0.0,0.0,0.0,0.0,0.0,0.0,0.0,0.0,0.0,0.0,0.0,0.0,-0.36593797523143756
9.124183654785156,9.057363986968994,0.008666213821099498,-0.03440381230753608,0.03399458166412705,-0.0008160625718799376,-0.025382513884243906,-0.006791154744039535,1.0000000000000002,-0.00045108896422943695,-0.012689456645611694,-0.003400475369890651,0.9999136017556941,0.0,0.0,0.0,0.0,0.0,0.0,0.0,0.0,0.0,0.0,0.0,0.0,0.0,0.0,0.0,0.0,0.0,0.0,0.0,0.0,0.0,0.0,0.0,0.0,0.0,0.0,0.0,0.0,0.0,0.0,0.0,0.0,0.0,0.0,0.0,0.0,-0.3891045048537122
9.207223653793335,9.15860629081726,0.009123481183110512,-0.03438588265881254,0.03360519261229259,-0.00048690140957912727,-0.025152170094724584,-0.0064542187322817355,1.0000000000000002,-0.0002840134436557882,-0.012574902114162305,-0.003229910036660734,0.9999156758718901,0.0,0.0,0.0,0.0,0.0,0.0,0.0,0.0,0.0,0.0,0.0,0.0,0.0,0.0,0.0,0.0,0.0,0.0,0.0,0.0,0.0,0.0,0.0,0.0,0.0,0.0,0.0,0.0,0.0,0.0,0.0,0.0,0.0,0.0,0.0,0.0,-0.36979949341402
9.322991132736206,9.258503437042236,0.009147670883714463,-0.035266993033960574,0.03339755438897019,-0.0009026589874065625,-0.024772341194880806,-0.006493613240381562,1.0000000000000002,-0.0004915068769083574,-0.012384322080931846,-0.0032521416021364306,0.9999179019112449,0.0,0.0,0.0,0.0,0.0,0.0,0.0,0.0,0.0,0.0,0.0,0.0,0.0,0.0,0.0,0.0,0.0,0.0,0.0,0.0,0.0,0.0,0.0,0.0,0.0,0.0,0.0,0.0,0.0,0.0,0.0,0.0,0.0,0.0,0.0,0.0,-0.37205663246413406
9.432324409484863,9.358450412750244,0.00866480203509148,-0.034400565540038855,0.03375986181722163,-0.0003414117039745369,-0.024315345625204786,-0.006754423147619713,1.0000000000000002,-0.000211750205169271,-0.012156727338599153,-0.0033790308401061508,0.9999203724761526,0.0,0.0,0.0,0.0,0.0,0.0,0.0,0.0,0.0,0.0,0.0,0.0,0.0,0.0,0.0,0.0,0.0,0.0,0.0,0.0,0.0,0.0,0.0,0.0,0.0,0.0,0.0,0.0,0.0,0.0,0.0,0.0,0.0,0.0,0.0,0.0,-0.38699993940407856
9.507031440734863,9.457336664199829,0.00932606275462938,-0.03352350653723888,0.034215868765229925,-0.00032510265603421937,-0.02493211332183283,-0.0065692888823776245,1.0000000000000002,-0.00020348324923526908,-0.012465132496014162,-0.0032864095848374668,0.9999168858352505,0.0,0.0,0.0,0.0,0.0,0.0,0.0,0.0,0.0,0.0,0.0,0.0,0.0,0.0,0.0,0.0,0.0,0.0,0.0,0.0,0.0,0.0,0.0,0.0,0.0,0.0,0.0,0.0,0.0,0.0,0.0,0.0,0.0,0.0,0.0,0.0,-0.3763925273624514
9.650274753570557,9.558501482009888,0.008701735849588816,-0.03631729410825553,0.03390088892716599,-0.0006878506479269751,-0.024883943688106026,-0.006527424887875696,1.0000000000000002,-0.00038450276185164,-0.012440461454804907,-0.0032677328207928237,0.9999172010714837,0.0,0.0,0.0,0.0,0.0,0.0,0.0,0.0,0.0,0.0,0.0,0.0,0.0,0.0,0.0,0.0,0.0,0.0,0.0,0.0,0.0,0.0,0.0,0.0,0.0,0.0,0.0,0.0,0.0,0.0,0.0,0.0,0.0,0.0,0.0,0.0,-0.373993897163932
9.72911262512207,9.658666133880615,0.00830585862509638,-0.03612558746592106,0.034176434878441304,-0.00045055540087531574,-0.024868386223486225,-0.0064828343814564435,1.0000000000000002,-0.00026556239752156607,-0.012433076910786761,-0.0032439619191285134,0.9999174089824675,0.0,0.0,0.0,0.0,0.0,0.0,0.0,0.0,0.0,0.0,0.0,0.0,0.0,0.0,0.0,0.0,0.0,0.0,0.0,0.0,0.0,0.0,0.0,0.0,0.0,0.0,0.0,0.0,0.0,0.0,0.0,0.0,0.0,0.0,0.0,0.0,-0.3714390493397578
9.805159330368042,9.758601427078247,0.008443358671156257,-0.034542174375910804,0.03513468119516802,-0.00039098204910162907,-0.02502627935935788,-0.006955028185913076,1.0000000000000002,-0.00023898793217239062,-0.012512057467190151,-0.0034796808972242764,0.9999156380033069,0.0,0.0,0.0,0.0,0.0,0.0,0.0,0.0,0.0,0.0,0.0,0.0,0.0,0.0,0.0,0.0,0.0,0.0,0.0,0.0,0.0,0.0,0.0,0.0,0.0,0.0,0.0,0.0,0.0,0.0,0.0,0.0,0.0,0.0,0.0,0.0,-0.39849376144734855
9.944086074829102,9.858726024627686,0.008404283893152755,-0.03603550989726007,0.035037501399963734,-0.0002622862262278873,-0.02558265647666974,-0.007063682238286997,1.0000000000000002,-0.00017630717910896144,-0.012790436401361753,-0.0035332222525465344,0.9999119411192948,0.0,0.0,0.0,0.0,0.0,0.0,0.0,0.0,0.0,0.0,0.0,0.0,0.0,0.0,0.0,0.0,0.0,0.0,0.0,0.0,0.0,0.0,0.0,0.0,0.0,0.0,0.0,0.0,0.0,0.0,0.0,0.0,0.0,0.0,0.0,0.0,-0.4047191800753676
10.03637433052063,9.957456350326538,0.009408104752448774,-0.03677638355140742,0.03498388778912241,-0.0007593786784991951,-0.02532567973230595,-0.007013352277074178,1.0000000000000002,-0.00042405975264485715,-0.012661091355043912,-0.003511195347061213,0.9999135904898286,0.0,0.0,0.0,0.0,0.0,0.0,0.0,0.0,0.0,0.0,0.0,0.0,0.0,0.0,0.0,0.0,0.0,0.0,0.0,0.0,0.0,0.0,0.0,0.0,0.0,0.0,0.0,0.0,0.0,0.0,0.0,0.0,0.0,0.0,0.0,0.0,-0.401835485714816
10.135325908660889,10.05695104598999,0.009382399838275822,-0.036396733400055274,0.03490280825429089,-0.00032998069132566415,-0.0249776387569761,-0.00676595713168551,1.0000000000000002,-0.00020722476305466494,-0.01248786498620905,-0.0033847687176109214,0.9999162733082768,0.0,0.0,0.0,0.0,0.0,0.0,0.0,0.0,0.0,0.0,0.0,0.0,0.0,0.0,0.0,0.0,0.0,0.0,0.0,0.0,0.0,0.0,0.0,0.0,0.0,0.0,0.0,0.0,0.0,0.0,0.0,0.0,0.0,0.0,0.0,0.0,-0.38766078801201986
10.222282409667969,10.15862226486206,0.009328247173779173,-0.03473062116522534,0.03528034969282977,-0.00024076575328240118,-0.024888346228810348,-0.0069446298159568,1.0000000000000002,-0.00016358171516495627,-0.012443358856360841,-0.003473537069985796,0.9999165318173404,0.0,0.0,0.0,0.0,0.0,0.0,0.0,0.0,0.0,0.0,0.0,0.0,0.0,0.0,0.0,0.0,0.0,0.0,0.0,0.0,0.0,0.0,0.0,0.0,0.0,0.0,0.0,0.0,0.0,0.0,0.0,0.0,0.0,0.0,0.0,0.0,-0.3978979787350383
10.305077075958252,10.258358478546143,0.009552605844656621,-0.03264868759732402,0.034396504456099465,-0.0005520261351410524,-0.02458944865919002,-0.006451463082465963,1.0000000000000002,-0.00031564917795652895,-0.012293459879069378,-0.0032288754279237663,0.9999191695198516,0.0,0.0,0.0,0.0,0.0,0.0,0.0,0.0,0.0,0.0,0.0,0.0,0.0,0.0,0.0,0.0,0.0,0.0,0.0,0.0,0.0,0.0,0.0,0.0,0.0,0.0,0.0,0.0,0.0,0.0,0.0,0.0,0.0,0.0,0.0,0.0,-0.3696416063097603
10.424595594406128,10.358892440795898,0.008980066401622414,-0.030418621162106967,0.03396547179762704,-0.0004107235847760175,-0.024577009262633343,-0.005984254312190865,1.0000000000000002,-0.00024211315374798932,-0.012287525670519396,-0.0029944202294423755,0.9999199925702091,0.0,0.0,0.0,0.0,0.0,0.0,0.0,0.0,0.0,0.0,0.0,0.0,0.0,0.0,0.0,0.0,0.0,0.0,0.0,0.0,0.0,0.0,0.0,0.0,0.0,0.0,0.0,0.0,0.0,0.0,0.0,0.0,0.0,0.0,0.0,0.0,-0.3428725156214999
10.503977298736572,10.458564281463623,0.00853496426539571,-0.031277980900633516,0.03426988305376943,-0.00019767090765576467,-0.02519114778002482,-0.007071241052266807,1.0000000000000002,-0.0001433588950974527,-0.012594812646115618,-0.0035365775350742986,0.9999144177188243,0.0,0.0,0.0,0.0,0.0,0.0,0.0,0.0,0.0,0.0,0.0,0.0,0.0,0.0,0.0,0.0,0.0,0.0,0.0,0.0,0.0,0.0,0.0,0.0,0.0,0.0,0.0,0.0,0.0,0.0,0.0,0.0,0.0,0.0,0.0,0.0,-0.4051522682145352
10.62582516670227,10.55867886543274,0.00846968078314296,-0.03044307541682751,0.033983997725258216,-0.00048575738496973433,-0.025151601158671225,-0.007019836744143505,1.0000000000000002,-0.0002869967667825479,-0.012574538855255649,-0.0035126878125513908,0.9999147261790705,0.0,0.0,0.0,0.0,0.0,0.0,0.0,0.0,0.0,0.0,0.0,0.0,0.0,0.0,0.0,0.0,0.0,0.0,0.0,0.0,0.0,0.0,0.0,0.0,0.0,0.0,0.0,0.0,0.0,0.0,0.0,0.0,0.0,0.0,0.0,0.0,-0.40220701831027994
10.72901964187622,10.65877628326416,0.008495333718699337,-0.03201961921682444,0.03403661330571392,-0.0006183735068185413,-0.02483813091414121,-0.006229054966193688,1.0000000000000002,-0.0003478398679080133,-0.012417722499840678,-0.0031181218138100993,0.9999179748817889,0.0,0.0,0.0,0.0,0.0,0.0,0.0,0.0,0.0,0.0,0.0,0.0,0.0,0.0,0.0,0.0,0.0,0.0,0.0,0.0,0.0,0.0,0.0,0.0,0.0,0.0,0.0,0.0,0.0,0.0,0.0,0.0,0.0,0.0,0.0,0.0,-0.356898559917904
10.804994821548462,10.758679151535034,0.008421845045226105,-0.0314363684182851,0.03423234435512887,-0.00047341160943665145,-0.025203854564493814,-0.006477393238382166,1.0,-0.000277498432516107,-0.012600760736802386,-0.0032414165587801367,0.9999153149353032,0.0,0.0,0.0,0.0,0.0,0.0,0.0,0.0,0.0,0.0,0.0,0.0,0.0,0.0,0.0,0.0,0.0,0.0,0.0,0.0,0.0,0.0,0.0,0.0,0.0,0.0,0.0,0.0,0.0,0.0,0.0,0.0,0.0,0.0,0.0,0.0,-0.37112729480587486
10.903581142425537,10.858807563781738,0.00848550741028514,-0.031363725352884855,0.03385755789512719,-0.000424664012578954,-0.02528892215730094,-0.00668469767602619,1.0,-0.0002545748389305375,-0.012643343603392497,-0.00334476008953493,0.9999144431570741,0.0,0.0,0.0,0.0,0.0,0.0,0.0,0.0,0.0,0.0,0.0,0.0,0.0,0.0,0.0,0.0,0.0,0.0,0.0,0.0,0.0,0.0,0.0,0.0,0.0,0.0,0.0,0.0,0.0,0.0,0.0,0.0,0.0,0.0,0.0,0.0,-0.38300496415721036
11.007437944412231,10.958062410354614,0.009561940527516567,-0.032786883558812395,0.03369724101628042,-0.0008540638441472901,-0.025251350686641038,-0.006474883177996073,0.9999999999999999,-0.00046786936114408625,-0.012623890215108355,-0.0032425690006606216,0.9999149485033083,0.0,0.0,0.0,0.0,0.0,0.0,0.0,0.0,0.0,0.0,0.0,0.0,0.0,0.0,0.0,0.0,0.0,0.0,0.0,0.0,0.0,0.0,0.0,0.0,0.0,0.0,0.0,0.0,0.0,0.0,0.0,0.0,0.0,0.0,0.0,0.0,-0.37098347893942873
11.123953342437744,11.057869911193848,0.009078652476811193,-0.03401947002564466,0.03356259268394069,-0.0006199243147342604,-0.025180534252216807,-0.0065773353574697,1.0,-0.00035133994395298516,-0.012588846537945298,-0.0032923033274765948,0.9999152755318262,0.0,0.0,0.0,0.0,0.0,0.0,0.0,0.0,0.0,0.0,0.0,0.0,0.0,0.0,0.0,0.0,0.0,0.0,0.0,0.0,0.0,0.0,0.0,0.0,0.0,0.0,0.0,0.0,0.0,0.0,0.0,0.0,0.0,0.0,0.0,0.0,-0.3768535564251844
11.20646333694458,11.158753871917725,0.00916299821348131,-0.03279931798726701,0.034211699108226024,-0.00031592569458671046,-0.024958837370562884,-0.00655597375295181,1.0,-0.0001988559330752256,-0.012478509812546284,-0.0032796969415591747,0.9999167419526227,0.0,0.0,0.0,0.0,0.0,0.0,0.0,0.0,0.0,0.0,0.0,0.0,0.0,0.0,0.0,0.0,0.0,0.0,0.0,0.0,0.0,0.0,0.0,0.0,0.0,0.0,0.0,0.0,0.0,0.0,0.0,0.0,0.0,0.0,0.0,0.0,-0.37562962664268174
11.30985403060913,11.258757591247559,0.009103141594092931,-0.03315780299862722,0.03380555821759813,-0.0008660426853583699,-0.024396334062321525,-0.006639441607793943,1.0000000000000002,-0.0004734801543605289,-0.012196358771046039,-0.0033247493256956394,0.9999199821441679,0.0,0.0,0.0,0.0,0.0,0.0,0.0,0.0,0.0,0.0,0.0,0.0,0.0,0.0,0.0,0.0,0.0,0.0,0.0,0.0,0.0,0.0,0.0,0.0,0.0,0.0,0.0,0.0,0.0,0.0,0.0,0.0,0.0,0.0,0.0,0.0,-0.38041198245014657
11.412048101425171,11.358660697937012,0.008772716715391798,-0.03339694181391832,0.033811412757491395,-0.0004437905674335125,-0.024959514056252376,-0.006124148928950455,1.0000000000000002,-0.00026008985519233657,-0.012478694870198077,-0.003064600271376279,0.9999174079656684,0.0,0.0,0.0,0.0,0.0,0.0,0.0,0.0,0.0,0.0,0.0,0.0,0.0,0.0,0.0,0.0,0.0,0.0,0.0,0.0,0.0,0.0,0.0,0.0,0.0,0.0,0.0,0.0,0.0,0.0,0.0,0.0,0.0,0.0,0.0,0.0,-0.3508878867384245
11.534229040145874,11.45858359336853,0.008950432954409011,-0.03397756019249782,0.034632225017534865,-0.00026585361916212953,-0.02499511195420082,-0.006858566583317588,1.0,-0.00017577210681330954,-0.012496701248562628,-0.0034306699432170218,0.9999160125059562,0.0,0.0,0.0,0.0,0.0,0.0,0.0,0.0,0.0,0.0,0.0,0.0,0.0,0.0,0.0,0.0,0.0,0.0,0.0,0.0,0.0,0.0,0.0,0.0,0.0,0.0,0.0,0.0,0.0,0.0,0.0,0.0,0.0,0.0,0.0,0.0,-0.3929669187335589
11.606421947479248,11.558814764022827,0.009074355148400381,-0.033914162804374745,0.034501403135878,-0.0002762397309492905,-0.025405750202295786,-0.006747363993945684,1.0,-0.00018096216230615084,-0.01270199513130011,-0.0033751578376927456,0.99991361370968,0.0,0.0,0.0,0.0,0.0,0.0,0.0,0.0,0.0,0.0,0.0,0.0,0.0,0.0,0.0,0.0,0.0,0.0,0.0,0.0,0.0,0.0,0.0,0.0,0.0,0.0,0.0,0.0,0.0,0.0,0.0,0.0,0.0,0.0,0.0,0.0,-0.38659547969162245
11.70757269859314,11.659059762954712,0.009486300886765334,-0.035015922587574834,0.03463407142570753,-0.0009763392289876657,-0.02484862485730095,-0.006566851062015302,1.0,-0.0005289224635092291,-0.012422321594604912,-0.0032892308060591775,0.999917290143506,0.0,0.0,0.0,0.0,0.0,0.0,0.0,0.0,0.0,0.0,0.0,0.0,0.0,0.0,0.0,0.0,0.0,0.0,0.0,0.0,0.0,0.0,0.0,0.0,0.0,0.0,0.0,0.0,0.0,0.0,0.0,0.0,0.0,0.0,0.0,0.0,-0.3762528505444792
11.833213567733765,11.758898258209229,0.00981771519311791,-0.034979021727682344,0.03482016194896845,-0.000552459198575588,-0.02561057000450977,-0.006623850024838043,1.0,-0.00031861433934706585,-0.01280394955548725,-0.0033151843812630304,0.9999124796266929,0.0,0.0,0.0,0.0,0.0,0.0,0.0,0.0,0.0,0.0,0.0,0.0,0.0,0.0,0.0,0.0,0.0,0.0,0.0,0.0,0.0,0.0,0.0,0.0,0.0,0.0,0.0,0.0,0.0,0.0,0.0,0.0,0.0,0.0,0.0,0.0,-0.3795186505508454
11.920167684555054,11.858971118927002,0.009844671059371717,-0.03459068020684195,0.03492552594329706,-0.00026876605368603054,-0.024912347599818405,-0.006474376059128306,1.0000000000000002,-0.00017469376052982089,-0.012455351327636748,-0.0032386050613418273,0.9999171691408505,0.0,0.0,0.0,0.0,0.0,0.0,0.0,0.0,0.0,0.0,0.0,0.0,0.0,0.0,0.0,0.0,0.0,0.0,0.0,0.0,0.0,0.0,0.0,0.0,0.0,0.0,0.0,0.0,0.0,0.0,0.0,0.0,0.0,0.0,0.0,0.0,-0.3709544231685943
12.00731110572815,11.958996295928955,0.010088385959669184,-0.03255006075806526,0.03471340902722563,-0.0006937981959105032,-0.02459626437074955,-0.006256795266357678,1.0,-0.00038534357346312964,-0.01229667611152488,-0.003132421852147232,0.9999194123529551,0.0,0.0,0.0,0.0,0.0,0.0,0.0,0.0,0.0,0.0,0.0,0.0,0.0,0.0,0.0,0.0,0.0,0.0,0.0,0.0,0.0,0.0,0.0,0.0,0.0,0.0,0.0,0.0,0.0,0.0,0.0,0.0,0.0,0.0,0.0,0.0,-0.3584879620397267
12.151886940002441,12.058662176132202,0.009367508957198628,-0.03423051089217137,0.03450768505226605,-0.00040318186469364586,-0.02485196669037072,-0.0066121402130814595,1.0,-0.00024265430546340476,-0.012424928994825852,-0.0033083136709270724,0.9999173052402965,0.0,0.0,0.0,0.0,0.0,0.0,0.0,0.0,0.0,0.0,0.0,0.0,0.0,0.0,0.0,0.0,0.0,0.0,0.0,0.0,0.0,0.0,0.0,0.0,0.0,0.0,0.0,0.0,0.0,0.0,0.0,0.0,0.0,0.0,0.0,0.0,-0.37884772775830045
12.239169359207153,12.15902328491211,0.009649295679126708,-0.03299533875839835,0.03471338241060215,-0.0001865880454597398,-0.025320425382160467,-0.007139930917279343,0.9999999999999999,-0.00013848117007603613,-0.012659460738325431,-0.0035708528488434975,0.9999134802005182,0.0,0.0,0.0,0.0,0.0,0.0,0.0,0.0,0.0,0.0,0.0,0.0,0.0,0.0,0.0,0.0,0.0,0.0,0.0,0.0,0.0,0.0,0.0,0.0,0.0,0.0,0.0,0.0,0.0,0.0,0.0,0.0,0.0,0.0,0.0,0.0,-0.40908790757507685
12.340616941452026,12.258961915969849,0.010031751473028993,-0.03291826152164415,0.03441957859219474,-0.000500130356516819,-0.024977347996263503,-0.006547880175707074,0.9999999999999999,-0.00029093036816601667,-0.012487463411039932,-0.0032768017118233253,0.9999166171174575,0.0,0.0,0.0,0.0,0.0,0.0,0.0,0.0,0.0,0.0,0.0,0.0,0.0,0.0,0.0,0.0,0.0,0.0,0.0,0.0,0.0,0.0,0.0,0.0,0.0,0.0,0.0,0.0,0.0,0.0,0.0,0.0,0.0,0.0,0.0,0.0,-0.37516589882539525
12.445064067840576,12.357530117034912,0.009653805470127803,-0.03444062583284829,0.03455900981692916,-0.0004846329475280105,-0.02500982671925496,-0.006827940208740857,0.9999999999999998,-0.0002849863173355216,-0.012503687023704845,-0.0034167265001230256,0.9999159477544276,0.0,0.0,0.0,0.0,0.0,0.0,0.0,0.0,0.0,0.0,0.0,0.0,0.0,0.0,0.0,0.0,0.0,0.0,0.0,0.0,0.0,0.0,0.0,0.0,0.0,0.0,0.0,0.0,0.0,0.0,0.0,0.0,0.0,0.0,0.0,0.0,-0.39121215672852544
12.531755685806274,12.457318305969238,0.009922560721545532,-0.03303498565053312,0.034492076332487374,-0.0003628815509608251,-0.025518266606819637,-0.006731458881421759,0.9999999999999998,-0.00022436752185529875,-0.012758104011746386,-0.003367764023308755,0.9999129155115077,0.0,0.0,0.0,0.0,0.0,0.0,0.0,0.0,0.0,0.0,0.0,0.0,0.0,0.0,0.0,0.0,0.0,0.0,0.0,0.0,0.0,0.0,0.0,0.0,0.0,0.0,0.0,0.0,0.0,0.0,0.0,0.0,0.0,0.0,0.0,0.0,-0.3856841838713209
12.6371910572052,12.55705213546753,0.010028761726696651,-0.03330140647602642,0.034281369962168115,-0.00033094904207275926,-0.025414922189253068,-0.006713926515366892,0.9999999999999998,-0.0002081174789978166,-0.01270649187872412,-0.0033587885629391676,0.9999136064133941,0.0,0.0,0.0,0.0,0.0,0.0,0.0,0.0,0.0,0.0,0.0,0.0,0.0,0.0,0.0,0.0,0.0,0.0,0.0,0.0,0.0,0.0,0.0,0.0,0.0,0.0,0.0,0.0,0.0,0.0,0.0,0.0,0.0,0.0,0.0,0.0,-0.38467965329149856
12.733957290649414,12.659156322479248,0.010202357821240649,-0.03389212398800744,0.034280620727513256,-0.0008778581906577857,-0.024930055789028665,-0.0068557621801694744,0.9999999999999998,-0.00048161984248072524,-0.012463126190805524,-0.0034330788333447903,0.9999163227478602,0.0,0.0,0.0,0.0,0.0,0.0,0.0,0.0,0.0,0.0,0.0,0.0,0.0,0.0,0.0,0.0,0.0,0.0,0.0,0.0,0.0,0.0,0.0,0.0,0.0,0.0,0.0,0.0,0.0,0.0,0.0,0.0,0.0,0.0,0.0,0.0,-0.39280623826911876
12.832794666290283,12.759067296981812,0.00960441796013068,-0.035128399961764076,0.03420884123300068,-0.0003168883431143992,-0.025472492554583656,-0.00654642599780966,0.9999999999999999,-0.0002001177164457541,-0.012735314987413909,-0.0032749595585144136,0.9999135194330362,0.0,0.0,0.0,0.0,0.0,0.0,0.0,0.0,0.0,0.0,0.0,0.0,0.0,0.0,0.0,0.0,0.0,0.0,0.0,0.0,0.0,0.0,0.0,0.0,0.0,0.0,0.0,0.0,0.0,0.0,0.0,0.0,0.0,0.0,0.0,0.0,-0.37508258056921223
12.934041023254395,12.85889220237732,0.009284800992588082,-0.035811908914284214,0.033995075990562194,-0.0005729654537069031,-0.025503529519193734,-0.007020509906071151,1.0,-0.0003312183048239878,-0.012750334546083727,-0.003513615246509678,0.9999124830560407,0.0,0.0,0.0,0.0,0.0,0.0,0.0,0.0,0.0,0.0,0.0,0.0,0.0,0.0,0.0,0.0,0.0,0.0,0.0,0.0,0.0,0.0,0.0,0.0,0.0,0.0,0.0,0.0,0.0,0.0,0.0,0.0,0.0,0.0,0.0,0.0,-0.40224558764766294
13.03296971321106,12.959026098251343,0.009044200340494678,-0.03743490729616345,0.03392592074879991,-0.0006745449114098969,-0.02493149816961493,-0.005999349120681853,0.9999999999999998,-0.00037463689092108503,-0.012464357816355865,-0.003003641053436316,0.9999177354021918,0.0,0.0,0.0,0.0,0.0,0.0,0.0,0.0,0.0,0.0,0.0,0.0,0.0,0.0,0.0,0.0,0.0,0.0,0.0,0.0,0.0,0.0,0.0,0.0,0.0,0.0,0.0,0.0,0.0,0.0,0.0,0.0,0.0,0.0,0.0,0.0,-0.34373738444059176
13.111477851867676,13.059032917022705,0.00974161966851732,-0.03713471436982646,0.03371896962045398,-0.0007620831455113887,-0.025668874826215687,-0.0065782612525017645,0.9999999999999998,-0.0004232210229576417,-0.012832761518325369,-0.003293743857200893,0.9999121423241055,0.0,0.0,0.0,0.0,0.0,0.0,0.0,0.0,0.0,0.0,0.0,0.0,0.0,0.0,0.0,0.0,0.0,0.0,0.0,0.0,0.0,0.0,0.0,0.0,0.0,0.0,0.0,0.0,0.0,0.0,0.0,0.0,0.0,0.0,0.0,0.0,-0.3769066063027939
13.21012282371521,13.159202337265015,0.009543271633573632,-0.03656853548291685,0.034162472391352505,-0.0004141167168993737,-0.0249340374257554,-0.006992358135046411,0.9999999999999999,-0.00025062671167467475,-0.012465895450016548,-0.003498481492434926,0.9999161461163268,0.0,0.0,0.0,0.0,0.0,0.0,0.0,0.0,0.0,0.0,0.0,0.0,0.0,0.0,0.0,0.0,0.0,0.0,0.0,0.0,0.0,0.0,0.0,0.0,0.0,0.0,0.0,0.0,0.0,0.0,0.0,0.0,0.0,0.0,0.0,0.0,-0.4006326099821267
13.333677291870117,13.259199142456055,0.008904280672338916,-0.03803110786700312,0.03389736871569166,-0.0005860036114334246,-0.025261849548018044,-0.007254157467548516,1.0,-0.00033878853992847294,-0.012629442642156303,-0.0036304820582088305,0.9999135972677333,0.0,0.0,0.0,0.0,0.0,0.0,0.0,0.0,0.0,0.0,0.0,0.0,0.0,0.0,0.0,0.0,0.0,0.0,0.0,0.0,0.0,0.0,0.0,0.0,0.0,0.0,0.0,0.0,0.0,0.0,0.0,0.0,0.0,0.0,0.0,0.0,-0.4156326068138394
13.441866874694824,13.3592050075531,0.008755326207791753,-0.03785515947568974,0.03312739075030826,-0.00025249521686087874,-0.02508629697254526,-0.006819350239960106,0.9999999999999999,-0.00016900379977607223,-0.012542316146198542,-0.0034109837587966243,0.999915509897312,0.0,0.0,0.0,0.0,0.0,0.0,0.0,0.0,0.0,0.0,0.0,0.0,0.0,0.0,0.0,0.0,0.0,0.0,0.0,0.0,0.0,0.0,0.0,0.0,0.0,0.0,0.0,0.0,0.0,0.0,0.0,0.0,0.0,0.0,0.0,0.0,-0.39071998777123923
13.51146149635315,13.459117650985718,0.008757121252207128,-0.0376494830952479,0.03343322870565042,-0.00043946441830598466,-0.02480753496720546,-0.006969230879990058,0.9999999999999999,-0.00026293513323769426,-0.012402608199783116,-0.003487065668571025,0.9999169698269859,0.0,0.0,0.0,0.0,0.0,0.0,0.0,0.0,0.0,0.0,0.0,0.0,0.0,0.0,0.0,0.0,0.0,0.0,0.0,0.0,0.0,0.0,0.0,0.0,0.0,0.0,0.0,0.0,0.0,0.0,0.0,0.0,0.0,0.0,0.0,0.0,-0.39930751587567503
13.607475996017456,13.558249950408936,0.009067992181942777,-0.03560885295649019,0.03377058455684277,-0.0004042753073029424,-0.025428869585904432,-0.0057294663564256216,0.9999999999999998,-0.0002385429159422085,-0.012713460780238682,-0.0028670676391321804,0.9999150418587666,0.0,0.0,0.0,0.0,0.0,0.0,0.0,0.0,0.0,0.0,0.0,0.0,0.0,0.0,0.0,0.0,0.0,0.0,0.0,0.0,0.0,0.0,0.0,0.0,0.0,0.0,0.0,0.0,0.0,0.0,0.0,0.0,0.0,0.0,0.0,0.0,-0.32827424108538555
13.71949577331543,13.659159421920776,0.009013755324796008,-0.03720522198661885,0.03400459028592748,-0.00039125087826219165,-0.025218788651719313,-0.006923182576090625,0.9999999999999999,-0.00023925603910754048,-0.012608307280167477,-0.003463775759991266,0.9999144841442997,0.0,0.0,0.0,0.0,0.0,0.0,0.0,0.0,0.0,0.0,0.0,0.0,0.0,0.0,0.0,0.0,0.0,0.0,0.0,0.0,0.0,0.0,0.0,0.0,0.0,0.0,0.0,0.0,0.0,0.0,0.0,0.0,0.0,0.0,0.0,0.0,-0.3966691424085017
13.818266868591309,13.758248329162598,0.00925657210325483,-0.03687279831289855,0.03396695927857698,-0.0004466957868379593,-0.025474648004922468,-0.006642955362495887,1.0,-0.000265634056570342,-0.012736167229580543,-0.0033240468198760453,0.9999133313420656,0.0,0.0,0.0,0.0,0.0,0.0,0.0,0.0,0.0,0.0,0.0,0.0,0.0,0.0,0.0,0.0,0.0,0.0,0.0,0.0,0.0,0.0,0.0,0.0,0.0,0.0,0.0,0.0,0.0,0.0,0.0,0.0,0.0,0.0,0.0,0.0,-0.3806133057648122
13.926236152648926,13.859216213226318,0.009061388892626079,-0.0364297051555712,0.03448237717260017,-0.00045034802812758744,-0.024956172342631974,-0.0066731330242114474,1.0,-0.00026678803473916424,-0.012476941342127679,-0.0033391101366379208,0.9999165490691637,0.0,0.0,0.0,0.0,0.0,0.0,0.0,0.0,0.0,0.0,0.0,0.0,0.0,0.0,0.0,0.0,0.0,0.0,0.0,0.0,0.0,0.0,0.0,0.0,0.0,0.0,0.0,0.0,0.0,0.0,0.0,0.0,0.0,0.0,0.0,0.0,-0.38234235841668734
14.02531099319458,13.958323240280151,0.0089705021703055,-0.03480071735707556,0.03459052971810985,-0.00028039302261647324,-0.025301171322775005,-0.007254857211642886,1.0,-0.00018607214160592581,-0.01264965637371052,-0.0036289038666175795,0.9999133875628989,0.0,0.0,0.0,0.0,0.0,0.0,0.0,0.0,0.0,0.0,0.0,0.0,0.0,0.0,0.0,0.0,0.0,0.0,0.0,0.0,0.0,0.0,0.0,0.0,0.0,0.0,0.0,0.0,0.0,0.0,0.0,0.0,0.0,0.0,0.0,0.0,-0.415672699197186
14.12591290473938,14.05925965309143,0.008574913080988412,-0.03548160695910781,0.034522689872799314,0.0001130348493668618,-0.025306958196265005,-0.007544753988087511,1.0000000000000002,8.780191695377524e-06,-0.012653264576637704,-0.003771350928904122,0.9999128320661923,0.0,0.0,0.0,0.0,0.0,0.0,0.0,0.0,0.0,0.0,0.0,0.0,0.0,0.0,0.0,0.0,0.0,0.0,0.0,0.0,0.0,0.0,0.0,0.0,0.0,0.0,0.0,0.0,0.0,0.0,0.0,0.0,0.0,0.0,0.0,0.0,-0.43228256098191054
14.20800495147705,14.159257650375366,0.009257712755781428,-0.035855662925235,0.03436338789389611,-5.269409231196043e-05,-0.0254964025027009,-0.0068571161330983135,1.0000000000000002,-7.005142914490246e-05,-0.01274769070022629,-0.0034286086200743964,0.9999128642624513,0.0,0.0,0.0,0.0,0.0,0.0,0.0,0.0,0.0,0.0,0.0,0.0,0.0,0.0,0.0,0.0,0.0,0.0,0.0,0.0,0.0,0.0,0.0,0.0,0.0,0.0,0.0,0.0,0.0,0.0,0.0,0.0,0.0,0.0,0.0,0.0,-0.39288381405760064
14.337238550186157,14.258398532867432,0.009235038677466273,-0.03521210308607328,0.03446420823160972,0.0005631137331216028,-0.026359803105839814,-0.006367209082534946,1.0000000000000002,0.00023957267478013708,-0.013180348951103277,-0.003179611764588981,0.999908051310463,0.0,0.0,0.0,0.0,0.0,0.0,0.0,0.0,0.0,0.0,0.0,0.0,0.0,0.0,0.0,0.0,0.0,0.0,0.0,0.0,0.0,0.0,0.0,0.0,0.0,0.0,0.0,0.0,0.0,0.0,0.0,0.0,0.0,0.0,0.0,0.0,-0.3648142077066175
14.408653020858765,14.35833477973938,0.008820433932414088,-0.03472925021538262,0.034766056078379244,0.0008770119988709251,-0.026844842017084845,-0.005805886923141709,1.0,0.0003995013366961837,-0.013423232975527026,-0.002896791999989812,0.9999056284526434,0.0,0.0,0.0,0.0,0.0,0.0,0.0,0.0,0.0,0.0,0.0,0.0,0.0,0.0,0.0,0.0,0.0,0.0,0.0,0.0,0.0,0.0,0.0,0.0,0.0,0.0,0.0,0.0,0.0,0.0,0.0,0.0,0.0,0.0,0.0,0.0,-0.3326528170262153
14.53001880645752,14.459397077560425,0.008807577525051943,-0.03561697553098442,0.03506614073141311,0.0006877041784835487,-0.02735746070960605,-0.008609461814152744,1.0000000000000002,0.0002849354969185811,-0.013679656297806474,-0.004299611371462701,0.999897144289047,0.0,0.0,0.0,0.0,0.0,0.0,0.0,0.0,0.0,0.0,0.0,0.0,0.0,0.0,0.0,0.0,0.0,0.0,0.0,0.0,0.0,0.0,0.0,0.0,0.0,0.0,0.0,0.0,0.0,0.0,0.0,0.0,0.0,0.0,0.0,0.0,-0.49328582582999736
14.637109756469727,14.558433294296265,0.010496878784370937,-0.03773963343010725,0.03684509379618815,0.006094625738554919,-0.03209783426600379,-0.007792848493185865,1.0,0.0029843623310921324,-0.01605990390573658,-0.0038469909883930282,0.9998591769486095,0.0,0.0,0.0,0.0,0.0,0.0,0.0,0.0,0.0,0.0,0.0,0.0,0.0,0.0,0.0,0.0,0.0,0.0,0.0,0.0,0.0,0.0,0.0,0.0,0.0,0.0,0.0,0.0,0.0,0.0,0.0,0.0,0.0,0.0,0.0,0.0,-0.4464973290444331
14.734609127044678,14.658379554748535,0.010732481254136266,-0.043526953234041155,0.04433684688308314,0.019231851341014475,-0.054961381077095146,-0.008252722463486817,1.0,0.009498689594333662,-0.027515390637391654,-0.0038603881367821067,0.9995687948197942,0.0,0.0,0.0,0.0,0.0,0.0,0.0,0.0,0.0,0.0,0.0,0.0,0.0,0.0,0.0,0.0,0.0,0.0,0.0,0.0,0.0,0.0,0.0,0.0,0.0,0.0,0.0,0.0,0.0,0.0,0.0,0.0,0.0,0.0,0.0,0.0,-0.47284616665060225
14.83867859840393,14.758291006088257,0.010016049337635951,-0.053402631402711696,0.06772810177290513,0.025289571447579037,-0.07164431897268266,-0.006121804582926124,1.0,0.01252666183892677,-0.035850146257525486,-0.002605836792618661,0.9992752670666364,0.0,0.0,0.0,0.0,0.0,0.0,0.0,0.0,0.0,0.0,0.0,0.0,0.0,0.0,0.0,0.0,0.0,0.0,0.0,0.0,0.0,0.0,0.0,0.0,0.0,0.0,0.0,0.0,0.0,0.0,0.0,0.0,0.0,0.0,0.0,0.0,-0.3507535656055121
14.925177574157715,14.858461380004883,0.007759306380574733,-0.06455242943778997,0.11531994592228438,0.015873846528572776,-0.0660240387084979,-0.0054998607947771535,1.0,0.007841724280803737,-0.0330266730808763,-0.0024863795376731793,0.999420614227217,0.0,0.0,0.0,0.0,0.0,0.0,0.0,0.0,0.0,0.0,0.0,0.0,0.0,0.0,0.0,0.0,0.0,0.0,0.0,0.0,0.0,0.0,0.0,0.0,0.0,0.0,0.0,0.0,0.0,0.0,0.0,0.0,0.0,0.0,0.0,0.0,-0.3151188114501975
15.036722183227539,14.958375930786133,0.003802940976898868,-0.07901343439875631,0.18272258353621942,-0.0010002973440341805,-0.046741404750294285,-0.0010892418276967914,1.0000000000000002,-0.0005127390076281824,-0.02336829625478727,-0.0005561598519402047,0.9997266378941185,0.0,0.0,0.0,0.0,0.0,0.0,0.0,0.0,0.0,0.0,0.0,0.0,0.0,0.0,0.0,0.0,0.0,0.0,0.0,0.0,0.0,0.0,0.0,0.0,0.0,0.0,0.0,0.0,0.0,0.0,0.0,0.0,0.0,0.0,0.0,0.0,-0.06240895959614217
15.128624200820923,15.059448003768921,-0.0020007323487219045,-0.09385436081937885,0.2561387786910708,-0.019376377158976825,-0.033031828999266814,0.00835931379950074,1.0000000000000002,-0.009617606835482228,-0.016554731376334876,0.004018880447188732,0.9998086272421174,0.0,0.0,0.0,0.0,0.0,0.0,0.0,0.0,0.0,0.0,0.0,0.0,0.0,0.0,0.0,0.0,0.0,0.0,0.0,0.0,0.0,0.0,0.0,0.0,0.0,0.0,0.0,0.0,0.0,0.0,0.0,0.0,0.0,0.0,0.0,0.0,0.47895340033686085
15.206354141235352,15.158546447753906,-0.008986616456422626,-0.1048374687224653,0.3284154191060332,-0.029244213485792078,-0.02595400117304021,0.0202027231856108,1.0,-0.01448854320024775,-0.013122270147322744,0.009909530228428415,0.9997598158321664,0.0,0.0,0.0,0.0,0.0,0.0,0.0,0.0,0.0,0.0,0.0,0.0,0.0,0.0,0.0,0.0,0.0,0.0,0.0,0.0,0.0,0.0,0.0,0.0,0.0,0.0,0.0,0.0,0.0,0.0,0.0,0.0,0.0,0.0,0.0,0.0,1.1575307732065925
15.309833288192749,15.25942611694336,-0.01643205281054803,-0.11541115250699999,0.3955829967184813,-0.030967019938845698,-0.0208955181493883,0.03340609821985946,1.0000000000000002,-0.015305409435247608,-0.010703444854029461,0.016537622930437056,0.9996887954449061,0.0,0.0,0.0,0.0,0.0,0.0,0.0,0.0,0.0,0.0,0.0,0.0,0.0,0.0,0.0,0.0,0.0,0.0,0.0,0.0,0.0,0.0,0.0,0.0,0.0,0.0,0.0,0.0,0.0,0.0,0.0,0.0,0.0,0.0,0.0,0.0,1.9140284379974395
15.415837526321411,15.358512163162231,-0.02238142201789953,-0.12211208364075976,0.45579578253490177,-0.02847727021799833,-0.01469869869600776,0.0486646690483034,1.0000000000000002,-0.014054765409807237,-0.007692766904171329,0.024222201036636266,0.9995781959824728,0.0,0.0,0.0,0.0,0.0,0.0,0.0,0.0,0.0,0.0,0.0,0.0,0.0,0.0,0.0,0.0,0.0,0.0,0.0,0.0,0.0,0.0,0.0,0.0,0.0,0.0,0.0,0.0,0.0,0.0,0.0,0.0,0.0,0.0,0.0,0.0,2.788280147868713
15.523396730422974,15.45847225189209,-0.027869676209452538,-0.12430140571977548,0.5123824761122847,-0.022631486455004075,-0.01270077957850918,0.06364391871912348,1.0000000000000004,-0.01110751148023662,-0.006706739129646517,0.03174208949445357,0.9994118683473247,0.0,0.0,0.0,0.0,0.0,0.0,0.0,0.0,0.0,0.0,0.0,0.0,0.0,0.0,0.0,0.0,0.0,0.0,0.0,0.0,0.0,0.0,0.0,0.0,0.0,0.0,0.0,0.0,0.0,0.0,0.0,0.0,0.0,0.0,0.0,0.0,3.6465279342794314
15.61685299873352,15.558439493179321,-0.03427173683584241,-0.12444041603603252,0.562519711789683,-0.01744242233090876,-0.014505330682571852,0.07583862455154193,1.0000000000000004,-0.008439664921211827,-0.007577722801091669,0.03784458180057399,0.999219264126502,0.0,0.0,0.0,0.0,0.0,0.0,0.0,0.0,0.0,0.0,0.0,0.0,0.0,0.0,0.0,0.0,0.0,0.0,0.0,0.0,0.0,0.0,0.0,0.0,0.0,0.0,0.0,0.0,0.0,0.0,0.0,0.0,0.0,0.0,0.0,0.0,4.345233110880578
15.715395212173462,15.658570766448975,-0.040539765346070684,-0.12623818286113805,0.6082676772338506,-0.012627814917175245,-0.0189646594059205,0.08074895008182924,1.0000000000000004,-0.005925709759633271,-0.009729109650283488,0.040301067271737684,0.9991226423047459,0.0,0.0,0.0,0.0,0.0,0.0,0.0,0.0,0.0,0.0,0.0,0.0,0.0,0.0,0.0,0.0,0.0,0.0,0.0,0.0,0.0,0.0,0.0,0.0,0.0,0.0,0.0,0.0,0.0,0.0,0.0,0.0,0.0,0.0,0.0,0.0,4.626574039801379
15.840668439865112,15.75849437713623,-0.04538276607284524,-0.12333499342093561,0.649592902041759,-0.008351489767119134,-0.025354356731598558,0.07976242686026082,1.0000000000000004,-0.003666647842379221,-0.01283312415252327,0.039814197991685264,0.9991179591301348,0.0,0.0,0.0,0.0,0.0,0.0,0.0,0.0,0.0,0.0,0.0,0.0,0.0,0.0,0.0,0.0,0.0,0.0,0.0,0.0,0.0,0.0,0.0,0.0,0.0,0.0,0.0,0.0,0.0,0.0,0.0,0.0,0.0,0.0,0.0,0.0,4.570050422813859
15.9285249710083,15.858503818511963,-0.04917630132919033,-0.12061641540444148,0.6874875783864783,-0.005944701408397151,-0.027478549398544324,0.07317431693544017,1.0000000000000004,-0.002467525931710261,-0.0138383024619369,0.03653457304585549,0.9992335250946629,0.0,0.0,0.0,0.0,0.0,0.0,0.0,0.0,0.0,0.0,0.0,0.0,0.0,0.0,0.0,0.0,0.0,0.0,0.0,0.0,0.0,0.0,0.0,0.0,0.0,0.0,0.0,0.0,0.0,0.0,0.0,0.0,0.0,0.0,0.0,0.0,4.192579529153386
16.042897939682007,15.958654165267944,-0.05195255563529953,-0.1192413690256054,0.7211442120318291,-0.00378268678350399,-0.02620884079886743,0.06396834992541055,1.0000000000000004,-0.0014711627524994085,-0.01315779736539017,0.031951147508870306,0.9994017371515392,0.0,0.0,0.0,0.0,0.0,0.0,0.0,0.0,0.0,0.0,0.0,0.0,0.0,0.0,0.0,0.0,0.0,0.0,0.0,0.0,0.0,0.0,0.0,0.0,0.0,0.0,0.0,0.0,0.0,0.0,0.0,0.0,0.0,0.0,0.0,0.0,3.6651164731420187
16.136792182922363,16.058553218841553,-0.055459496911103925,-0.11719381674746589,0.7508089467918978,-0.0018294830647738968,-0.023472091176188693,0.055492277976961296,1.0000000000000004,-0.0005887457880732437,-0.011756629716278942,0.027729925861517006,0.9995461401295225,0.0,0.0,0.0,0.0,0.0,0.0,0.0,0.0,0.0,0.0,0.0,0.0,0.0,0.0,0.0,0.0,0.0,0.0,0.0,0.0,0.0,0.0,0.0,0.0,0.0,0.0,0.0,0.0,0.0,0.0,0.0,0.0,0.0,0.0,0.0,0.0,3.1794733236466484
16.223308086395264,16.158678770065308,-0.05807202686460906,-0.11430994556268485,0.7767262204653826,-0.0026830877965441273,-0.022340812922205574,0.049809714162058524,1.0000000000000004,-0.0010628812157574225,-0.011200105539683118,0.024885725966421395,0.9996269947148017,0.0,0.0,0.0,0.0,0.0,0.0,0.0,0.0,0.0,0.0,0.0,0.0,0.0,0.0,0.0,0.0,0.0,0.0,0.0,0.0,0.0,0.0,0.0,0.0,0.0,0.0,0.0,0.0,0.0,0.0,0.0,0.0,0.0,0.0,0.0,0.0,2.8538864002389595
16.3298499584198,16.25867986679077,-0.060584418776517754,-0.1125857668576609,0.7996227386392637,-0.001581197637200661,-0.02146024746336187,0.04840628614026496,1.0000000000000002,-0.0005306493838998261,-0.010745903884806505,0.02419089882796015,0.9996494607485296,0.0,0.0,0.0,0.0,0.0,0.0,0.0,0.0,0.0,0.0,0.0,0.0,0.0,0.0,0.0,0.0,0.0,0.0,0.0,0.0,0.0,0.0,0.0,0.0,0.0,0.0,0.0,0.0,0.0,0.0,0.0,0.0,0.0,0.0,0.0,0.0,2.773475897739794
16.424576997756958,16.35856294631958,-0.06464577029654692,-0.11195506182627984,0.8201890102759746,-0.0009052463823627555,-0.020486247839349252,0.047619529701713285,1.0000000000000004,-0.00020861210686191653,-0.01025081576809589,0.02380162900029669,0.999664123450477,0.0,0.0,0.0,0.0,0.0,0.0,0.0,0.0,0.0,0.0,0.0,0.0,0.0,0.0,0.0,0.0,0.0,0.0,0.0,0.0,0.0,0.0,0.0,0.0,0.0,0.0,0.0,0.0,0.0,0.0,0.0,0.0,0.0,0.0,0.0,0.0,2.7283980743060394
16.558788776397705,16.458759784698486,-0.06788915650028948,-0.11054073248178403,0.8384286181786393,-0.0021923585204057278,-0.02154347505247423,0.045218746974002265,1.0000000000000002,-0.0008523186673683127,-0.010793550123460635,0.022594317628024815,0.9996860855486317,0.0,0.0,0.0,0.0,0.0,0.0,0.0,0.0,0.0,0.0,0.0,0.0,0.0,0.0,0.0,0.0,0.0,0.0,0.0,0.0,0.0,0.0,0.0,0.0,0.0,0.0,0.0,0.0,0.0,0.0,0.0,0.0,0.0,0.0,0.0,0.0,2.5908433564802924
16.61461591720581,16.558412551879883,-0.07072272489416184,-0.10756492118399176,0.855998857267619,-0.002269065845945121,-0.022302807807683893,0.04144179087840663,1.0000000000000002,-0.0009031730011913378,-0.011172277176361777,0.02070546245578539,0.9997227857389853,0.0,0.0,0.0,0.0,0.0,0.0,0.0,0.0,0.0,0.0,0.0,0.0,0.0,0.0,0.0,0.0,0.0,0.0,0.0,0.0,0.0,0.0,0.0,0.0,0.0,0.0,0.0,0.0,0.0,0.0,0.0,0.0,0.0,0.0,0.0,0.0,2.3744397127964527
16.747188806533813,16.658604383468628,-0.07314494935035391,-0.10391868887050111,0.8725072864617931,-0.0021510952999420504,-0.023034211365753208,0.036867466969457564,1.0000000000000002,-0.0008630069740987361,-0.01153471165746609,0.01841907157813818,0.99976344374464,0.0,0.0,0.0,0.0,0.0,0.0,0.0,0.0,0.0,0.0,0.0,0.0,0.0,0.0,0.0,0.0,0.0,0.0,0.0,0.0,0.0,0.0,0.0,0.0,0.0,0.0,0.0,0.0,0.0,0.0,0.0,0.0,0.0,0.0,0.0,0.0,2.112350258687886
16.85328722000122,16.758244037628174,-0.07672317191571791,-0.10271434725688308,0.8870954828376321,-0.0013256574637577243,-0.024102908646130305,0.03269134158193758,1.0000000000000002,-0.00046571648923469195,-0.012060383183177632,0.016335765610583974,0.99979371523707,0.0,0.0,0.0,0.0,0.0,0.0,0.0,0.0,0.0,0.0,0.0,0.0,0.0,0.0,0.0,0.0,0.0,0.0,0.0,0.0,0.0,0.0,0.0,0.0,0.0,0.0,0.0,0.0,0.0,0.0,0.0,0.0,0.0,0.0,0.0,0.0,1.8730758992655554
16.92485022544861,16.858760356903076,-0.07937963328624713,-0.09822414306674324,0.901666500445322,-0.001229344601490236,-0.02320912140526986,0.031331527460950956,1.0000000000000004,-0.00043277270021360254,-0.011612502412169831,0.015656933274518336,0.9998098933977176,0.0,0.0,0.0,0.0,0.0,0.0,0.0,0.0,0.0,0.0,0.0,0.0,0.0,0.0,0.0,0.0,0.0,0.0,0.0,0.0,0.0,0.0,0.0,0.0,0.0,0.0,0.0,0.0,0.0,0.0,0.0,0.0,0.0,0.0,0.0,0.0,1.79516428921073
17.008553743362427,16.95870304107666,-0.08137105985498862,-0.09360007398281738,0.9155990909732467,-0.0006428218114594063,-0.02311202954839861,0.030959874389032103,1.0000000000000002,-0.00014247568521406114,-0.011559347351014583,0.015474570908018414,0.9998134320185497,0.0,0.0,0.0,0.0,0.0,0.0,0.0,0.0,0.0,0.0,0.0,0.0,0.0,0.0,0.0,0.0,0.0,0.0,0.0,0.0,0.0,0.0,0.0,0.0,0.0,0.0,0.0,0.0,0.0,0.0,0.0,0.0,0.0,0.0,0.0,0.0,1.7738701367467078
17.13636565208435,17.058243989944458,-0.0824649209430611,-0.0892297640411396,0.9286908092681123,0.0003850078695030907,-0.02405776162083989,0.03107900102533745,1.0000000000000002,0.0003793775319503928,-0.012024147147846593,0.015540065923611103,0.9998068725054582,0.0,0.0,0.0,0.0,0.0,0.0,0.0,0.0,0.0,0.0,0.0,0.0,0.0,0.0,0.0,0.0,0.0,0.0,0.0,0.0,0.0,0.0,0.0,0.0,0.0,0.0,0.0,0.0,0.0,0.0,0.0,0.0,0.0,0.0,0.0,0.0,1.780695590234594
17.233996868133545,17.158300638198853,-0.08420798537438337,-0.08780267611467496,0.9419698109277418,0.001441783332877573,-0.023262890814450977,0.031239442846660095,1.0000000000000002,0.0009024233132825543,-0.011618502375696164,0.01562640948829831,0.9998099876282563,0.0,0.0,0.0,0.0,0.0,0.0,0.0,0.0,0.0,0.0,0.0,0.0,0.0,0.0,0.0,0.0,0.0,0.0,0.0,0.0,0.0,0.0,0.0,0.0,0.0,0.0,0.0,0.0,0.0,0.0,0.0,0.0,0.0,0.0,0.0,0.0,1.7898882294537737
17.343915700912476,17.25833773612976,-0.08638319021382207,-0.08527090192367485,0.9547780604908769,0.0002176542837204131,-0.02348077213764531,0.03124050356290573,1.0000000000000002,0.00029218248139239474,-0.011736984351139661,0.015619817515153843,0.999809071337389,0.0,0.0,0.0,0.0,0.0,0.0,0.0,0.0,0.0,0.0,0.0,0.0,0.0,0.0,0.0,0.0,0.0,0.0,0.0,0.0,0.0,0.0,0.0,0.0,0.0,0.0,0.0,0.0,0.0,0.0,0.0,0.0,0.0,0.0,0.0,0.0,1.7899490040179094
17.414334535598755,17.35834765434265,-0.08662939022535249,-0.08213778081711291,0.965520162549155,0.001089810236603114,-0.022617581655839148,0.030481073527834322,1.0000000000000002,0.0007171486409603202,-0.01129893099727547,0.015245131383974802,0.9998196866561647,0.0,0.0,0.0,0.0,0.0,0.0,0.0,0.0,0.0,0.0,0.0,0.0,0.0,0.0,0.0,0.0,0.0,0.0,0.0,0.0,0.0,0.0,0.0,0.0,0.0,0.0,0.0,0.0,0.0,0.0,0.0,0.0,0.0,0.0,0.0,0.0,1.7464368681728457
17.506670475006104,17.458558320999146,-0.08780572432886224,-0.07968808927365248,0.9758859950352216,0.002126735956762911,-0.022977576904873877,0.02998054308635842,1.0000000000000002,0.0012353878599481642,-0.011471299937986356,0.015000927583134848,0.9998209115967791,0.0,0.0,0.0,0.0,0.0,0.0,0.0,0.0,0.0,0.0,0.0,0.0,0.0,0.0,0.0,0.0,0.0,0.0,0.0,0.0,0.0,0.0,0.0,0.0,0.0,0.0,0.0,0.0,0.0,0.0,0.0,0.0,0.0,0.0,0.0,0.0,1.7177585863584566
17.629276514053345,17.5588219165802,-0.08999991668749503,-0.0793436704310466,0.9873355154313199,0.002126738541222784,-0.02269677435442377,0.02994946406717809,1.0,0.0012331103433217217,-0.01133094278689095,0.014985265603424038,0.999822749785799,0.0,0.0,0.0,0.0,0.0,0.0,0.0,0.0,0.0,0.0,0.0,0.0,0.0,0.0,0.0,0.0,0.0,0.0,0.0,0.0,0.0,0.0,0.0,0.0,0.0,0.0,0.0,0.0,0.0,0.0,0.0,0.0,0.0,0.0,0.0,0.0,1.7159778897280176
17.70780301094055,17.658286094665527,-0.0909756237044243,-0.07841572043017588,0.9985243763596152,0.0027808338630608293,-0.023089665151802496,0.02925187614160262,1.0,0.001559019192216171,-0.011522996124331724,0.014640477883279476,0.9998252079372806,0.0,0.0,0.0,0.0,0.0,0.0,0.0,0.0,0.0,0.0,0.0,0.0,0.0,0.0,0.0,0.0,0.0,0.0,0.0,0.0,0.0,0.0,0.0,0.0,0.0,0.0,0.0,0.0,0.0,0.0,0.0,0.0,0.0,0.0,0.0,0.0,1.676009045753257
17.843122720718384,17.75842785835266,-0.09142806968787107,-0.07683020557053746,1.0092321806555082,0.002882209011145308,-0.0226467718977693,0.028942260715440357,1.0,0.0016047135414963888,-0.011301094286079123,0.014485998686969294,0.9998299185383623,0.0,0.0,0.0,0.0,0.0,0.0,0.0,0.0,0.0,0.0,0.0,0.0,0.0,0.0,0.0,0.0,0.0,0.0,0.0,0.0,0.0,0.0,0.0,0.0,0.0,0.0,0.0,0.0,0.0,0.0,0.0,0.0,0.0,0.0,0.0,0.0,1.658269388562015
17.94623112678528,17.858356475830078,-0.09229413734058473,-0.07761574240566851,1.0193564516035325,0.0017973872748972672,-0.022224958540519292,0.02752347379374271,1.0000000000000002,0.0010514719153133201,-0.01109882741435723,0.01377043286380469,0.999843030488077,0.0,0.0,0.0,0.0,0.0,0.0,0.0,0.0,0.0,0.0,0.0,0.0,0.0,0.0,0.0,0.0,0.0,0.0,0.0,0.0,0.0,0.0,0.0,0.0,0.0,0.0,0.0,0.0,0.0,0.0,0.0,0.0,0.0,0.0,0.0,0.0,1.5769788859203817
18.044877529144287,17.958306074142456,-0.09292308012414477,-0.07821225251990539,1.0293398456951897,0.0011071566881706962,-0.02296091507758607,0.0247920479631483,1.0,0.0006958045411930525,-0.011472460029311526,0.012401242450501735,0.9998570436330388,0.0,0.0,0.0,0.0,0.0,0.0,0.0,0.0,0.0,0.0,0.0,0.0,0.0,0.0,0.0,0.0,0.0,0.0,0.0,0.0,0.0,0.0,0.0,0.0,0.0,0.0,0.0,0.0,0.0,0.0,0.0,0.0,0.0,0.0,0.0,0.0,1.4204797137743066
18.15654492378235,18.058385372161865,-0.09221243445029341,-0.07533583898054445,1.0388755470914326,0.0012784684421836866,-0.022628898572186452,0.02283955777654772,1.0000000000000002,0.0007683545006772245,-0.01130616854004863,0.011426029364354792,0.9998705046341104,0.0,0.0,0.0,0.0,0.0,0.0,0.0,0.0,0.0,0.0,0.0,0.0,0.0,0.0,0.0,0.0,0.0,0.0,0.0,0.0,0.0,0.0,0.0,0.0,0.0,0.0,0.0,0.0,0.0,0.0,0.0,0.0,0.0,0.0,0.0,0.0,1.3086102665413828
18.242579698562622,18.15596103668213,-0.09188270816807166,-0.07566620176411747,1.0477501365049606,0.0012136254710101942,-0.021308393814165518,0.021341703568011978,1.0000000000000002,0.0007204287394293855,-0.010646912101893639,0.010676506305324625,0.9998860617381556,0.0,0.0,0.0,0.0,0.0,0.0,0.0,0.0,0.0,0.0,0.0,0.0,0.0,0.0,0.0,0.0,0.0,0.0,0.0,0.0,0.0,0.0,0.0,0.0,0.0,0.0,0.0,0.0,0.0,0.0,0.0,0.0,0.0,0.0,0.0,0.0,1.2227895420663766
18.34061908721924,18.258318185806274,-0.09162685431756037,-0.07680007203726451,1.0560942082839875,0.0009073790900837273,-0.020851090040895734,0.01934088951801733,1.0,0.0005544599099457756,-0.010420480540820549,0.00967449715533946,0.9998987500063685,0.0,0.0,0.0,0.0,0.0,0.0,0.0,0.0,0.0,0.0,0.0,0.0,0.0,0.0,0.0,0.0,0.0,0.0,0.0,0.0,0.0,0.0,0.0,0.0,0.0,0.0,0.0,0.0,0.0,0.0,0.0,0.0,0.0,0.0,0.0,0.0,1.108151341411206
18.42932677268982,18.358302116394043,-0.09131743439444424,-0.0740023596218595,1.0637550844079826,0.0013641435914169997,-0.021137416386698794,0.017224466694972403,1.0000000000000002,0.0007730256974177233,-0.010562243292173137,0.008618852125600191,0.999906774072436,0.0,0.0,0.0,0.0,0.0,0.0,0.0,0.0,0.0,0.0,0.0,0.0,0.0,0.0,0.0,0.0,0.0,0.0,0.0,0.0,0.0,0.0,0.0,0.0,0.0,0.0,0.0,0.0,0.0,0.0,0.0,0.0,0.0,0.0,0.0,0.0,0.9868892459855686
18.525774240493774,18.458070278167725,-0.0911781224056655,-0.07171164763425258,1.0712198234135357,0.0013967754861263701,-0.023900169722923387,0.015090564059222818,1.0,0.0007884816789016996,-0.011944188265387212,0.007553015213337993,0.99989982829507,0.0,0.0,0.0,0.0,0.0,0.0,0.0,0.0,0.0,0.0,0.0,0.0,0.0,0.0,0.0,0.0,0.0,0.0,0.0,0.0,0.0,0.0,0.0,0.0,0.0,0.0,0.0,0.0,0.0,0.0,0.0,0.0,0.0,0.0,0.0,0.0,0.8646256310652751
18.792542695999146,18.55840301513672,-0.09011911468452022,-0.07053653017845304,1.0781269128401003,0.0007693022010060573,-0.023598756167727043,0.01238770087043722,1.0,0.00045769835149965673,-0.011796494798875274,0.006197917662489329,0.9999111055685542,0.0,0.0,0.0,0.0,0.0,0.0,0.0,0.0,0.0,0.0,0.0,0.0,0.0,0.0,0.0,0.0,0.0,0.0,0.0,0.0,0.0,0.0,0.0,0.0,0.0,0.0,0.0,0.0,0.0,0.0,0.0,0.0,0.0,0.0,0.0,0.0,0.7097629777465889
18.814432382583618,18.658040761947632,-0.09008705185236893,-0.06932464529307593,1.085348804530332,0.0009353037707373908,-0.023430501567835563,0.009891014447864926,1.0000000000000002,0.0005255503478246614,-0.01171252565401398,0.004950625617238721,0.9999190126433412,0.0,0.0,0.0,0.0,0.0,0.0,0.0,0.0,0.0,0.0,0.0,0.0,0.0,0.0,0.0,0.0,0.0,0.0,0.0,0.0,0.0,0.0,0.0,0.0,0.0,0.0,0.0,0.0,0.0,0.0,0.0,0.0,0.0,0.0,0.0,0.0,0.5667133829655805
18.85109829902649,18.757875680923462,-0.08943185083473416,-0.06928046139510007,1.0925336068602827,-0.0007746507132540862,-0.02254080694091108,0.0074671180845347,1.0000000000000002,-0.00034522032334570886,-0.011271531485325715,0.003728947779175275,0.9999294616868554,0.0,0.0,0.0,0.0,0.0,0.0,0.0,0.0,0.0,0.0,0.0,0.0,0.0,0.0,0.0,0.0,0.0,0.0,0.0,0.0,0.0,0.0,0.0,0.0,0.0,0.0,0.0,0.0,0.0,0.0,0.0,0.0,0.0,0.0,0.0,0.0,0.42783435136964976
18.91528296470642,18.85671067237854,-0.08767055896289935,-0.0684317654387511,1.0995507281285382,0.0016718849583752446,-0.022628876606968284,0.006439742465550415,1.0000000000000002,0.0008723147235595313,-0.011311442845835344,0.0032291164160075515,0.9999304291474187,0.0,0.0,0.0,0.0,0.0,0.0,0.0,0.0,0.0,0.0,0.0,0.0,0.0,0.0,0.0,0.0,0.0,0.0,0.0,0.0,0.0,0.0,0.0,0.0,0.0,0.0,0.0,0.0,0.0,0.0,0.0,0.0,0.0,0.0,0.0,0.0,0.3689700644272097
19.034644603729248,18.958391666412354,-0.08709993536862204,-0.06858167528903872,1.105076623587136,0.0013227570140176522,-0.022355130541466837,0.0045992029369645695,1.0000000000000002,0.0006870387769580731,-0.0111757797129007,0.0023068477140560702,0.9999346520543992,0.0,0.0,0.0,0.0,0.0,0.0,0.0,0.0,0.0,0.0,0.0,0.0,0.0,0.0,0.0,0.0,0.0,0.0,0.0,0.0,0.0,0.0,0.0,0.0,0.0,0.0,0.0,0.0,0.0,0.0,0.0,0.0,0.0,0.0,0.0,0.0,0.26351491741224264
19.111127614974976,19.05840253829956,-0.08588146305678199,-0.06606900131044165,1.110448292688084,0.00221026895277019,-0.02140669444956602,0.0040206933791112395,1.0000000000000002,0.0011265857161544056,-0.010700893121906042,0.0020220573405917383,0.9999400646914443,0.0,0.0,0.0,0.0,0.0,0.0,0.0,0.0,0.0,0.0,0.0,0.0,0.0,0.0,0.0,0.0,0.0,0.0,0.0,0.0,0.0,0.0,0.0,0.0,0.0,0.0,0.0,0.0,0.0,0.0,0.0,0.0,0.0,0.0,0.0,0.0,0.23036876133926748
19.224568605422974,19.158448457717896,-0.08490913652121318,-0.065846566860358,1.1154732345830194,0.0010620635832038947,-0.024181584222866093,0.003173345292185408,1.0000000000000004,0.00055017593463331,-0.0120896380915127,0.001592976212625757,0.9999254974167046,0.0,0.0,0.0,0.0,0.0,0.0,0.0,0.0,0.0,0.0,0.0,0.0,0.0,0.0,0.0,0.0,0.0,0.0,0.0,0.0,0.0,0.0,0.0,0.0,0.0,0.0,0.0,0.0,0.0,0.0,0.0,0.0,0.0,0.0,0.0,0.0,0.18181929217993292
19.336499214172363,19.25834035873413,-0.08614571035940222,-0.0657336007886221,1.1166278374966658,-0.002137701360340758,-0.03804944337972311,0.0019305574162405887,1.0000000000000002,-0.0010502935170639259,-0.019024585898241672,0.0009447699789763092,0.9998180181536117,0.0,0.0,0.0,0.0,0.0,0.0,0.0,0.0,0.0,0.0,0.0,0.0,0.0,0.0,0.0,0.0,0.0,0.0,0.0,0.0,0.0,0.0,0.0,0.0,0.0,0.0,0.0,0.0,0.0,0.0,0.0,0.0,0.0,0.0,0.0,0.0,0.11061279205826667
19.426886081695557,19.358187913894653,-0.0876703155585559,-0.06287131191291356,1.1131608075147688,-0.017391067408380395,-0.04733004943264965,0.0019842773836852685,1.0000000000000002,-0.008669509190496139,-0.02367053432042664,0.0007860651094622759,0.9996819131688968,0.0,0.0,0.0,0.0,0.0,0.0,0.0,0.0,0.0,0.0,0.0,0.0,0.0,0.0,0.0,0.0,0.0,0.0,0.0,0.0,0.0,0.0,0.0,0.0,0.0,0.0,0.0,0.0,0.0,0.0,0.0,0.0,0.0,0.0,0.0,0.0,0.113690719468427
19.517096519470215,19.45798683166504,-0.09096639386992177,-0.0563628112165513,1.1066882762102321,-0.03739335142661304,-0.04771481573255306,0.0058681301613802365,1.0000000000000004,-0.018620205496537003,-0.023905711120469304,0.00248672924827622,0.9995377036914306,0.0,0.0,0.0,0.0,0.0,0.0,0.0,0.0,0.0,0.0,0.0,0.0,0.0,0.0,0.0,0.0,0.0,0.0,0.0,0.0,0.0,0.0,0.0,0.0,0.0,0.0,0.0,0.0,0.0,0.0,0.0,0.0,0.0,0.0,0.0,0.0,0.33621909188051025
19.629950761795044,19.55691170692444,-0.0953874195042914,-0.04781560499761829,1.0993917713111327,-0.05744472493141553,-0.04250004391595113,0.00895154490794054,1.0000000000000002,-0.028616578431553248,-0.021367953501214728,0.0038626864801598673,0.9993545825457535,0.0,0.0,0.0,0.0,0.0,0.0,0.0,0.0,0.0,0.0,0.0,0.0,0.0,0.0,0.0,0.0,0.0,0.0,0.0,0.0,0.0,0.0,0.0,0.0,0.0,0.0,0.0,0.0,0.0,0.0,0.0,0.0,0.0,0.0,0.0,0.0,0.5128857433468159
19.713470935821533,19.658263206481934,-0.10223333866577738,-0.033902914858375245,1.0937878762440483,-0.07228925886316814,-0.03612324554599825,0.010395402820356826,1.0000000000000002,-0.03603656556330543,-0.018236397338399685,0.00454079171948356,0.9991737491372952,0.0,0.0,0.0,0.0,0.0,0.0,0.0,0.0,0.0,0.0,0.0,0.0,0.0,0.0,0.0,0.0,0.0,0.0,0.0,0.0,0.0,0.0,0.0,0.0,0.0,0.0,0.0,0.0,0.0,0.0,0.0,0.0,0.0,0.0,0.0,0.0,0.5956127079448388
19.83510684967041,19.758138179779053,-0.10999076211926397,-0.013243976206996542,1.088420337929524,-0.08125297326736018,-0.031281292778227096,0.009797125508244001,1.0,-0.04053330677122141,-0.01582584750112214,0.004258686301485155,0.9990437714054611,0.0,0.0,0.0,0.0,0.0,0.0,0.0,0.0,0.0,0.0,0.0,0.0,0.0,0.0,0.0,0.0,0.0,0.0,0.0,0.0,0.0,0.0,0.0,0.0,0.0,0.0,0.0,0.0,0.0,0.0,0.0,0.0,0.0,0.0,0.0,0.0,0.5613339429823428
19.93850588798523,19.857229709625244,-0.11950448906704297,0.012843511365421048,1.0845122768458488,-0.0842953996330599,-0.02782762903762415,0.009977292446795273,1.0000000000000002,-0.04206127251331084,-0.014111012888260718,0.0043974773155235555,0.9990057011164092,0.0,0.0,0.0,0.0,0.0,0.0,0.0,0.0,0.0,0.0,0.0,0.0,0.0,0.0,0.0,0.0,0.0,0.0,0.0,0.0,0.0,0.0,0.0,0.0,0.0,0.0,0.0,0.0,0.0,0.0,0.0,0.0,0.0,0.0,0.0,0.0,0.5716567481691236
20.04591417312622,19.956878423690796,-0.12948928448928257,0.04693626608629428,1.0812842114239536,-0.08125477689845763,-0.02477577863008521,0.01085198978239993,1.0000000000000002,-0.04054533947926497,-0.012597533683903173,0.004917946012805227,0.9990861781641309,0.0,0.0,0.0,0.0,0.0,0.0,0.0,0.0,0.0,0.0,0.0,0.0,0.0,0.0,0.0,0.0,0.0,0.0,0.0,0.0,0.0,0.0,0.0,0.0,0.0,0.0,0.0,0.0,0.0,0.0,0.0,0.0,0.0,0.0,0.0,0.0,0.6217732138506087
20.15996217727661,20.05826687812805,-0.13871218779902156,0.08736468295913463,1.0766909190990246,-0.07928706475396428,-0.02143046649340752,0.0117822901994235,1.0000000000000002,-0.03956711239502903,-0.010939893471740353,0.005461481496168817,0.99914209928689,0.0,0.0,0.0,0.0,0.0,0.0,0.0,0.0,0.0,0.0,0.0,0.0,0.0,0.0,0.0,0.0,0.0,0.0,0.0,0.0,0.0,0.0,0.0,0.0,0.0,0.0,0.0,0.0,0.0,0.0,0.0,0.0,0.0,0.0,0.0,0.0,0.6750755014253196
20.210870027542114,20.158324718475342,-0.14840554185823096,0.13567561025107522,1.073410738274984,-0.07587840282767185,-0.018248479126508746,0.011853272949486033,1.0000000000000002,-0.03787381950969799,-0.009342174320991135,0.005576018000976417,0.9992233011684407,0.0,0.0,0.0,0.0,0.0,0.0,0.0,0.0,0.0,0.0,0.0,0.0,0.0,0.0,0.0,0.0,0.0,0.0,0.0,0.0,0.0,0.0,0.0,0.0,0.0,0.0,0.0,0.0,0.0,0.0,0.0,0.0,0.0,0.0,0.0,0.0,0.6791425134221347
20.31068229675293,20.258423566818237,-0.1574308984688339,0.19018972833816183,1.0712359888485872,-0.07209930069515655,-0.01784510523927238,0.00989750972608115,1.0000000000000002,-0.035995840577583274,-0.00909488239263485,0.004623745487818224,0.999299856676184,0.0,0.0,0.0,0.0,0.0,0.0,0.0,0.0,0.0,0.0,0.0,0.0,0.0,0.0,0.0,0.0,0.0,0.0,0.0,0.0,0.0,0.0,0.0,0.0,0.0,0.0,0.0,0.0,0.0,0.0,0.0,0.0,0.0,0.0,0.0,0.0,0.5670855349941334
20.43299150466919,20.358195781707764,-0.1654330099102814,0.25109788393088184,1.0694534687916413,-0.06942028353647203,-0.0180740872524589,0.007789421020006428,1.0000000000000004,-0.03466631727224873,-0.009166561804742106,0.003578588367748672,0.9993504962207977,0.0,0.0,0.0,0.0,0.0,0.0,0.0,0.0,0.0,0.0,0.0,0.0,0.0,0.0,0.0,0.0,0.0,0.0,0.0,0.0,0.0,0.0,0.0,0.0,0.0,0.0,0.0,0.0,0.0,0.0,0.0,0.0,0.0,0.0,0.0,0.0,0.44630094929685715
20.523087739944458,20.45723009109497,-0.17470527815481898,0.31496381008878743,1.0680899270686939,-0.06309681926707475,-0.01713217933950151,0.006549911492614501,1.0000000000000004,-0.03151381088744837,-0.00866497501073167,0.0030030032258864647,0.9994612448229495,0.0,0.0,0.0,0.0,0.0,0.0,0.0,0.0,0.0,0.0,0.0,0.0,0.0,0.0,0.0,0.0,0.0,0.0,0.0,0.0,0.0,0.0,0.0,0.0,0.0,0.0,0.0,0.0,0.0,0.0,0.0,0.0,0.0,0.0,0.0,0.0,0.37528228471104436
20.627442359924316,20.558372497558594,-0.1830981649527503,0.3870341163055994,1.0662618153572045,-0.0585996580713862,-0.015860934566705863,0.005077118956034303,1.0000000000000007,-0.02927449828465266,-0.008001321118187533,0.002305062479300028,0.9995367273379769,0.0,0.0,0.0,0.0,0.0,0.0,0.0,0.0,0.0,0.0,0.0,0.0,0.0,0.0,0.0,0.0,0.0,0.0,0.0,0.0,0.0,0.0,0.0,0.0,0.0,0.0,0.0,0.0,0.0,0.0,0.0,0.0,0.0,0.0,0.0,0.0,0.29089748826663214
20.708802223205566,20.65855073928833,-0.19177612406607006,0.459825164304007,1.0653479495791789,-0.05454990039218288,-0.013898157946083817,0.0029939889932618703,1.0000000000000004,-0.027260480780061304,-0.006987255040193726,0.001306890470698465,0.9996030894769893,0.0,0.0,0.0,0.0,0.0,0.0,0.0,0.0,0.0,0.0,0.0,0.0,0.0,0.0,0.0,0.0,0.0,0.0,0.0,0.0,0.0,0.0,0.0,0.0,0.0,0.0,0.0,0.0,0.0,0.0,0.0,0.0,0.0,0.0,0.0,0.0,0.17154293322252742
20.81105136871338,20.75716805458069,-0.19905514841420704,0.5358304326463165,1.0630549286144957,-0.05027450865527846,-0.01492847714326232,0.00014945653401705815,1.0000000000000004,-0.025133349256048772,-0.007463689341532825,-0.00011290638388178195,0.999656238588414,0.0,0.0,0.0,0.0,0.0,0.0,0.0,0.0,0.0,0.0,0.0,0.0,0.0,0.0,0.0,0.0,0.0,0.0,0.0,0.0,0.0,0.0,0.0,0.0,0.0,0.0,0.0,0.0,0.0,0.0,0.0,0.0,0.0,0.0,0.0,0.0,0.008563228619830852
20.91867756843567,20.85727596282959,-0.20581358840972797,0.6159911594648111,1.061789109303734,-0.048325642621305,-0.01493860362366514,-0.0009322012982420264,1.0000000000000004,-0.02416327398236904,-0.007455790332539317,-0.0006464117221797593,0.9996800135707709,0.0,0.0,0.0,0.0,0.0,0.0,0.0,0.0,0.0,0.0,0.0,0.0,0.0,0.0,0.0,0.0,0.0,0.0,0.0,0.0,0.0,0.0,0.0,0.0,0.0,0.0,0.0,0.0,0.0,0.0,0.0,0.0,0.0,0.0,0.0,0.0,-0.05341120004588424
21.050010919570923,20.958454370498657,-0.21189982959826018,0.7038511364161594,1.0610441329545852,-0.0462195957973015,-0.014676343832381936,-0.0011589724692617303,1.0000000000000004,-0.02311136609697431,-0.007322755152145808,-0.000748882895314268,0.9997057973166523,0.0,0.0,0.0,0.0,0.0,0.0,0.0,0.0,0.0,0.0,0.0,0.0,0.0,0.0,0.0,0.0,0.0,0.0,0.0,0.0,0.0,0.0,0.0,0.0,0.0,0.0,0.0,0.0,0.0,0.0,0.0,0.0,0.0,0.0,0.0,0.0,-0.06640423106055268
21.137961387634277,21.05644702911377,-0.21700636879041676,0.7869138847850031,1.059463207128484,-0.04364417860769534,-0.013497250714568814,-0.0022390270531775854,1.0000000000000004,-0.021827400140989203,-0.0067225354951850076,-0.0012664774649385011,0.9997383498468152,0.0,0.0,0.0,0.0,0.0,0.0,0.0,0.0,0.0,0.0,0.0,0.0,0.0,0.0,0.0,0.0,0.0,0.0,0.0,0.0,0.0,0.0,0.0,0.0,0.0,0.0,0.0,0.0,0.0,0.0,0.0,0.0,0.0,0.0,0.0,0.0,-0.12828680036268938
21.238382816314697,21.15855383872986,-0.22258787820901701,0.8769836037494597,1.0596548547664506,-0.040969075804217235,-0.01351885918320289,-0.0038593273448635393,1.0000000000000004,-0.02049563983813459,-0.006718422837051364,-0.0020676663526801096,0.9997652305906937,0.0,0.0,0.0,0.0,0.0,0.0,0.0,0.0,0.0,0.0,0.0,0.0,0.0,0.0,0.0,0.0,0.0,0.0,0.0,0.0,0.0,0.0,0.0,0.0,0.0,0.0,0.0,0.0,0.0,0.0,0.0,0.0,0.0,0.0,0.0,0.0,-0.22112316862011078
21.348523378372192,21.258506774902344,-0.22731261668353786,0.9668379258176546,1.059800323910161,-0.03844546252183793,-0.01224462461438403,-0.005808439553942099,1.0000000000000002,-0.019238883262344162,-0.006065294676254069,-0.003021303803889927,0.9997919530055408,0.0,0.0,0.0,0.0,0.0,0.0,0.0,0.0,0.0,0.0,0.0,0.0,0.0,0.0,0.0,0.0,0.0,0.0,0.0,0.0,0.0,0.0,0.0,0.0,0.0,0.0,0.0,0.0,0.0,0.0,0.0,0.0,0.0,0.0,0.0,0.0,-0.33279907199773273
21.43748712539673,21.354658126831055,-0.2316154751551311,1.0537245602148388,1.058892410894525,-0.03790597890488849,-0.011602061579915184,-0.0069449509448667015,1.0000000000000004,-0.018971561794251985,-0.005734112800620047,-0.0035817254263283646,0.9997971649471946,0.0,0.0,0.0,0.0,0.0,0.0,0.0,0.0,0.0,0.0,0.0,0.0,0.0,0.0,0.0,0.0,0.0,0.0,0.0,0.0,0.0,0.0,0.0,0.0,0.0,0.0,0.0,0.0,0.0,0.0,0.0,0.0,0.0,0.0,0.0,0.0,-0.3979163780662553
21.547900438308716,21.458433866500854,-0.2336266086592113,1.1472367745448073,1.0579115437982491,-0.03888703384368838,-0.012207903050639927,-0.009138001031804233,1.0000000000000002,-0.019469610132485247,-0.006013866287354572,-0.004686708724634131,0.999781377329513,0.0,0.0,0.0,0.0,0.0,0.0,0.0,0.0,0.0,0.0,0.0,0.0,0.0,0.0,0.0,0.0,0.0,0.0,0.0,0.0,0.0,0.0,0.0,0.0,0.0,0.0,0.0,0.0,0.0,0.0,0.0,0.0,0.0,0.0,0.0,0.0,-0.5235688923085741
21.647457361221313,21.557328939437866,-0.23630510550924613,1.2428935637897571,1.0579074218010676,-0.03560259969614075,-0.012566327174357217,-0.011258111342042904,1.0000000000000007,-0.017835088584244936,-0.006181830517628917,-0.005739863057097462,0.9998053553360926,0.0,0.0,0.0,0.0,0.0,0.0,0.0,0.0,0.0,0.0,0.0,0.0,0.0,0.0,0.0,0.0,0.0,0.0,0.0,0.0,0.0,0.0,0.0,0.0,0.0,0.0,0.0,0.0,0.0,0.0,0.0,0.0,0.0,0.0,0.0,0.0,-0.6450422651874216
21.746692657470703,21.658462285995483,-0.23822289577075573,1.3400018482610958,1.0576019243381745,-0.03442419011110759,-0.012426800702563032,-0.012892895091635876,1.0000000000000007,-0.01725060325089697,-0.00610136245830852,-0.006552261056870547,0.9998111111298356,0.0,0.0,0.0,0.0,0.0,0.0,0.0,0.0,0.0,0.0,0.0,0.0,0.0,0.0,0.0,0.0,0.0,0.0,0.0,0.0,0.0,0.0,0.0,0.0,0.0,0.0,0.0,0.0,0.0,0.0,0.0,0.0,0.0,0.0,0.0,0.0,-0.7387084744556704
21.832366704940796,21.757317781448364,-0.23999775180451433,1.4303290596513345,1.0568101648627148,-0.03417366119166322,-0.012015938503679482,-0.013948652507304881,1.0000000000000007,-0.017127170095421192,-0.005887749781617677,-0.007075774827192639,0.9998109460581174,0.0,0.0,0.0,0.0,0.0,0.0,0.0,0.0,0.0,0.0,0.0,0.0,0.0,0.0,0.0,0.0,0.0,0.0,0.0,0.0,0.0,0.0,0.0,0.0,0.0,0.0,0.0,0.0,0.0,0.0,0.0,0.0,0.0,0.0,0.0,0.0,-0.7991989185631434
21.920554399490356,21.857039213180542,-0.241017000444532,1.523228201915987,1.0571145430052082,-0.03301719978119997,-0.012203157586421891,-0.01593913781536698,1.0000000000000007,-0.016555638038139045,-0.005968959168179055,-0.008068970387901366,0.9998125694811401,0.0,0.0,0.0,0.0,0.0,0.0,0.0,0.0,0.0,0.0,0.0,0.0,0.0,0.0,0.0,0.0,0.0,0.0,0.0,0.0,0.0,0.0,0.0,0.0,0.0,0.0,0.0,0.0,0.0,0.0,0.0,0.0,0.0,0.0,0.0,0.0,-0.9132453258978992
22.045543670654297,21.957162857055664,-0.24004846298393423,1.6140212824569113,1.057812571590811,-0.032314453727817764,-0.012058300067686439,-0.016554504270346652,1.0000000000000009,-0.01620557419090955,-0.005894392383636512,-0.008373333001364988,0.9998162445159714,0.0,0.0,0.0,0.0,0.0,0.0,0.0,0.0,0.0,0.0,0.0,0.0,0.0,0.0,0.0,0.0,0.0,0.0,0.0,0.0,0.0,0.0,0.0,0.0,0.0,0.0,0.0,0.0,0.0,0.0,0.0,0.0,0.0,0.0,0.0,0.0,-0.9485032266221616
22.118963718414307,22.058805227279663,-0.23859337429716085,1.70927602252259,1.057010468445083,-0.031847582997033434,-0.012735612510074075,-0.017204121383638298,1.0000000000000009,-0.01597697487900108,-0.006229753182400575,-0.008702080563064457,0.9998150830242949,0.0,0.0,0.0,0.0,0.0,0.0,0.0,0.0,0.0,0.0,0.0,0.0,0.0,0.0,0.0,0.0,0.0,0.0,0.0,0.0,0.0,0.0,0.0,0.0,0.0,0.0,0.0,0.0,0.0,0.0,0.0,0.0,0.0,0.0,0.0,0.0,-0.9857235455132447
22.220624923706055,22.158721208572388,-0.23775655707343293,1.8062582269544463,1.0566369875513264,-0.03194604244440375,-0.015209070216943947,-0.016115492811780735,1.0000000000000009,-0.01603262802472523,-0.007474548941109175,-0.00817785549801727,0.9998100862844919,0.0,0.0,0.0,0.0,0.0,0.0,0.0,0.0,0.0,0.0,0.0,0.0,0.0,0.0,0.0,0.0,0.0,0.0,0.0,0.0,0.0,0.0,0.0,0.0,0.0,0.0,0.0,0.0,0.0,0.0,0.0,0.0,0.0,0.0,0.0,0.0,-0.9233497228884521
22.328638553619385,22.258777618408203,-0.23477037632046222,1.9061838461687275,1.0560549584968484,-0.034685596673534616,-0.014380588448525662,-0.015348517295180046,1.0000000000000009,-0.017396140895132705,-0.007055857581542288,-0.007797519733488216,0.9997933725734299,0.0,0.0,0.0,0.0,0.0,0.0,0.0,0.0,0.0,0.0,0.0,0.0,0.0,0.0,0.0,0.0,0.0,0.0,0.0,0.0,0.0,0.0,0.0,0.0,0.0,0.0,0.0,0.0,0.0,0.0,0.0,0.0,0.0,0.0,0.0,0.0,-0.8794052627973666
22.45255732536316,22.358705282211304,-0.23089579030518792,2.0069187636838977,1.0560095728595498,-0.035311149923676274,-0.014534814403517369,-0.015715557003429092,1.0000000000000009,-0.017710742159240525,-0.007127264951446809,-0.007984563999512138,0.9997858662954884,0.0,0.0,0.0,0.0,0.0,0.0,0.0,0.0,0.0,0.0,0.0,0.0,0.0,0.0,0.0,0.0,0.0,0.0,0.0,0.0,0.0,0.0,0.0,0.0,0.0,0.0,0.0,0.0,0.0,0.0,0.0,0.0,0.0,0.0,0.0,0.0,-0.90043508899375
22.588090181350708,22.45915389060974,-0.2274946098907925,2.1060999878960884,1.0586311220011426,-0.036924823960802815,-0.013298391576254112,-0.014784617160280419,1.0000000000000009,-0.018509594355032428,-0.0065113641316179235,-0.007513567002931775,0.9997792473165523,0.0,0.0,0.0,0.0,0.0,0.0,0.0,0.0,0.0,0.0,0.0,0.0,0.0,0.0,0.0,0.0,0.0,0.0,0.0,0.0,0.0,0.0,0.0,0.0,0.0,0.0,0.0,0.0,0.0,0.0,0.0,0.0,0.0,0.0,0.0,0.0,-0.8470961650007602
22.63556170463562,22.558703184127808,-0.22365309637493463,2.2056742695696365,1.0596969298671297,-0.03750299305604414,-0.011582866726882142,-0.015390684266384808,1.0000000000000009,-0.018794086567617208,-0.005645924507700782,-0.007802372149742912,0.9997769895508604,0.0,0.0,0.0,0.0,0.0,0.0,0.0,0.0,0.0,0.0,0.0,0.0,0.0,0.0,0.0,0.0,0.0,0.0,0.0,0.0,0.0,0.0,0.0,0.0,0.0,0.0,0.0,0.0,0.0,0.0,0.0,0.0,0.0,0.0,0.0,0.0,-0.8818212522822492
22.755456924438477,22.658790826797485,-0.2193266641632734,2.3064066791426563,1.0598041151644653,-0.03836221801180132,-0.012035552143833199,-0.012544232847660161,1.0000000000000009,-0.01921694508961015,-0.0058962186267745844,-0.006386225568621282,0.9997775551342992,0.0,0.0,0.0,0.0,0.0,0.0,0.0,0.0,0.0,0.0,0.0,0.0,0.0,0.0,0.0,0.0,0.0,0.0,0.0,0.0,0.0,0.0,0.0,0.0,0.0,0.0,0.0,0.0,0.0,0.0,0.0,0.0,0.0,0.0,0.0,0.0,-0.7187315994003014
22.835888147354126,22.757177352905273,-0.21369675976045518,2.4062476470104377,1.0601051633144234,-0.041383491882803526,-0.013075524183249834,-0.014308964754218268,1.0000000000000009,-0.02073606131646562,-0.006388124985336779,-0.007288000588130654,0.9997380120149882,0.0,0.0,0.0,0.0,0.0,0.0,0.0,0.0,0.0,0.0,0.0,0.0,0.0,0.0,0.0,0.0,0.0,0.0,0.0,0.0,0.0,0.0,0.0,0.0,0.0,0.0,0.0,0.0,0.0,0.0,0.0,0.0,0.0,0.0,0.0,0.0,-0.8198432896181561
22.936431407928467,22.858891010284424,-0.2077257303290045,2.5064029340852554,1.062173288571156,-0.03918275863862287,-0.019620422907790366,-0.018630759973712576,1.0000000000000007,-0.01967969899485918,-0.009625267897427544,-0.009505181317380726,0.9997148169320588,0.0,0.0,0.0,0.0,0.0,0.0,0.0,0.0,0.0,0.0,0.0,0.0,0.0,0.0,0.0,0.0,0.0,0.0,0.0,0.0,0.0,0.0,0.0,0.0,0.0,0.0,0.0,0.0,0.0,0.0,0.0,0.0,0.0,0.0,0.0,0.0,-1.0674639156149952
23.021602869033813,22.958733320236206,-0.2026397770529592,2.612856115662043,1.064019786072808,-0.037789493382933075,-0.02001769246040705,-0.021782385752919433,1.0000000000000009,-0.01900054043970976,-0.009800539363533525,-0.011077577096682925,0.9997100660575804,0.0,0.0,0.0,0.0,0.0,0.0,0.0,0.0,0.0,0.0,0.0,0.0,0.0,0.0,0.0,0.0,0.0,0.0,0.0,0.0,0.0,0.0,0.0,0.0,0.0,0.0,0.0,0.0,0.0,0.0,0.0,0.0,0.0,0.0,0.0,0.0,-1.2480387713681775
23.154210567474365,23.058825731277466,-0.19702115836252945,2.7204272404317096,1.0644945609219965,-0.03686966134905315,-0.01792465880350673,-0.023273557284705516,1.0000000000000009,-0.018536069342678856,-0.00874558345817911,-0.011799267784621245,0.999720313979389,0.0,0.0,0.0,0.0,0.0,0.0,0.0,0.0,0.0,0.0,0.0,0.0,0.0,0.0,0.0,0.0,0.0,0.0,0.0,0.0,0.0,0.0,0.0,0.0,0.0,0.0,0.0,0.0,0.0,0.0,0.0,0.0,0.0,0.0,0.0,0.0,-1.3334766066695782
23.25407886505127,23.157422065734863,-0.18890890814380917,2.822254990454214,1.064212337020007,-0.03032066259033608,-0.016302079264307948,-0.020832568624678072,1.0000000000000009,-0.015243315911517228,-0.007991670401540802,-0.010538112659779404,0.9997963406143207,0.0,0.0,0.0,0.0,0.0,0.0,0.0,0.0,0.0,0.0,0.0,0.0,0.0,0.0,0.0,0.0,0.0,0.0,0.0,0.0,0.0,0.0,0.0,0.0,0.0,0.0,0.0,0.0,0.0,0.0,0.0,0.0,0.0,0.0,0.0,0.0,-1.1936182586107116
23.359438180923462,23.259257793426514,-0.18255950614383165,2.9264855775447236,1.064604753246136,-0.02453622990939921,-0.01730161792243529,-0.01573846758062149,1.0000000000000009,-0.012335036920216754,-0.008553248616803762,-0.007974387822426623,0.9998555385360105,0.0,0.0,0.0,0.0,0.0,0.0,0.0,0.0,0.0,0.0,0.0,0.0,0.0,0.0,0.0,0.0,0.0,0.0,0.0,0.0,0.0,0.0,0.0,0.0,0.0,0.0,0.0,0.0,0.0,0.0,0.0,0.0,0.0,0.0,0.0,0.0,-0.9017477683730831
23.429431438446045,23.35706925392151,-0.17616489266611143,3.0227793161123353,1.0642122685626192,-0.027778129945335076,-0.022759268610133474,-0.011225291016450874,1.0000000000000009,-0.01395136241421713,-0.011300165491188443,-0.005769752826333142,0.9998221720381,0.0,0.0,0.0,0.0,0.0,0.0,0.0,0.0,0.0,0.0,0.0,0.0,0.0,0.0,0.0,0.0,0.0,0.0,0.0,0.0,0.0,0.0,0.0,0.0,0.0,0.0,0.0,0.0,0.0,0.0,0.0,0.0,0.0,0.0,0.0,0.0,-0.643161799048753
23.528451919555664,23.458887100219727,-0.1674731117245161,3.126074326131297,1.0624802995631575,-0.031960680687489036,-0.027332761609322947,-0.005282108846742585,1.0000000000000009,-0.016014200118474427,-0.013621963670774952,-0.002858844098647829,0.9997748819162938,0.0,0.0,0.0,0.0,0.0,0.0,0.0,0.0,0.0,0.0,0.0,0.0,0.0,0.0,0.0,0.0,0.0,0.0,0.0,0.0,0.0,0.0,0.0,0.0,0.0,0.0,0.0,0.0,0.0,0.0,0.0,0.0,0.0,0.0,0.0,0.0,-0.3026425438470647
23.68840193748474,23.559043169021606,-0.15904352462585591,3.234304732564577,1.0620378893814606,-0.028863673677612563,-0.03168846373814239,-0.0014576351922979494,1.0000000000000009,-0.014441066526813713,-0.01583139835361472,-0.000957293969307846,0.999769926539099,0.0,0.0,0.0,0.0,0.0,0.0,0.0,0.0,0.0,0.0,0.0,0.0,0.0,0.0,0.0,0.0,0.0,0.0,0.0,0.0,0.0,0.0,0.0,0.0,0.0,0.0,0.0,0.0,0.0,0.0,0.0,0.0,0.0,0.0,0.0,0.0,-0.08351634458841266
23.878779411315918,23.65903615951538,-0.15122537221029458,3.337160261948599,1.0634408043175771,-0.03301463955830945,-0.028352340706350457,0.0032511039509178774,1.0000000000000009,-0.016481849534521458,-0.01420057505979038,0.0013911746734628998,0.9997623502297546,0.0,0.0,0.0,0.0,0.0,0.0,0.0,0.0,0.0,0.0,0.0,0.0,0.0,0.0,0.0,0.0,0.0,0.0,0.0,0.0,0.0,0.0,0.0,0.0,0.0,0.0,0.0,0.0,0.0,0.0,0.0,0.0,0.0,0.0,0.0,0.0,0.1862745351459015
23.92578148841858,23.75889539718628,-0.1433722140369634,3.4377083380396605,1.0656612695915664,-0.03490419637086241,-0.02509394732464601,0.005547252748043349,1.0000000000000007,-0.017414977179907067,-0.012593084824614013,0.002554028840837119,0.9997657774304466,0.0,0.0,0.0,0.0,0.0,0.0,0.0,0.0,0.0,0.0,0.0,0.0,0.0,0.0,0.0,0.0,0.0,0.0,0.0,0.0,0.0,0.0,0.0,0.0,0.0,0.0,0.0,0.0,0.0,0.0,0.0,0.0,0.0,0.0,0.0,0.0,0.31783417035523176
23.97915816307068,23.859114408493042,-0.13771753592911812,3.5384395305274015,1.0674629664304311,-0.03722784394983275,-0.023617048925650006,0.009536994171251508,1.0000000000000009,-0.01855504018558484,-0.01189481899629744,0.004547537897738808,0.9997467397615394,0.0,0.0,0.0,0.0,0.0,0.0,0.0,0.0,0.0,0.0,0.0,0.0,0.0,0.0,0.0,0.0,0.0,0.0,0.0,0.0,0.0,0.0,0.0,0.0,0.0,0.0,0.0,0.0,0.0,0.0,0.0,0.0,0.0,0.0,0.0,0.0,0.5464295152535776
24.03618621826172,23.961324453353882,-0.13230588643538005,3.6432089577269995,1.0702463822063766,-0.04087010961414105,-0.022626016143935685,0.00986115371857365,1.0000000000000009,-0.020376310054841282,-0.011411010043664757,0.004698053881367603,0.9997162212988554,0.0,0.0,0.0,0.0,0.0,0.0,0.0,0.0,0.0,0.0,0.0,0.0,0.0,0.0,0.0,0.0,0.0,0.0,0.0,0.0,0.0,0.0,0.0,0.0,0.0,0.0,0.0,0.0,0.0,0.0,0.0,0.0,0.0,0.0,0.0,0.0,0.5650024892040076
24.143006801605225,24.05898928642273,-0.12640189018085352,3.749387573192704,1.0700499056152415,-0.040291817743355024,-0.022345876570801348,0.008921687741682751,1.0000000000000009,-0.020093258982132645,-0.011260183265680984,0.004234578653781791,0.9997257311682676,0.0,0.0,0.0,0.0,0.0,0.0,0.0,0.0,0.0,0.0,0.0,0.0,0.0,0.0,0.0,0.0,0.0,0.0,0.0,0.0,0.0,0.0,0.0,0.0,0.0,0.0,0.0,0.0,0.0,0.0,0.0,0.0,0.0,0.0,0.0,0.0,0.5111750537320242
24.251951456069946,24.159114837646484,-0.1210955027918322,3.853425343298866,1.0734014506920435,-0.04182251917841194,-0.019455648052884602,0.006871368548355866,1.0000000000000009,-0.020875209030273904,-0.009797322127747126,0.003231362021479714,0.9997288614552226,0.0,0.0,0.0,0.0,0.0,0.0,0.0,0.0,0.0,0.0,0.0,0.0,0.0,0.0,0.0,0.0,0.0,0.0,0.0,0.0,0.0,0.0,0.0,0.0,0.0,0.0,0.0,0.0,0.0,0.0,0.0,0.0,0.0,0.0,0.0,0.0,0.39370041729972627
24.373998641967773,24.25814914703369,-0.11394268955226561,3.950903999267385,1.0774853084055864,-0.04203366911929187,-0.02124655366415073,0.00015203255477140348,1.0000000000000009,-0.02101329415109403,-0.010622328343894292,-0.00014725181470343795,0.9997227545306644,0.0,0.0,0.0,0.0,0.0,0.0,0.0,0.0,0.0,0.0,0.0,0.0,0.0,0.0,0.0,0.0,0.0,0.0,0.0,0.0,0.0,0.0,0.0,0.0,0.0,0.0,0.0,0.0,0.0,0.0,0.0,0.0,0.0,0.0,0.0,0.0,0.008710823736992945
24.42979121208191,24.35900616645813,-0.10648735259103057,4.056675883896062,1.077835109471913,-0.038736134961783034,-0.02652897399248483,-0.010756934440090387,1.0000000000000009,-0.019436199560236178,-0.013157264123496687,-0.005633839639719267,0.9997086477561126,0.0,0.0,0.0,0.0,0.0,0.0,0.0,0.0,0.0,0.0,0.0,0.0,0.0,0.0,0.0,0.0,0.0,0.0,0.0,0.0,0.0,0.0,0.0,0.0,0.0,0.0,0.0,0.0,0.0,0.0,0.0,0.0,0.0,0.0,0.0,0.0,-0.6163269439161004
24.52045202255249,24.459050178527832,-0.09873682919618566,4.161094242605894,1.0781989170137738,-0.03745315078777564,-0.02997370502153006,-0.02607545999974132,1.0000000000000009,-0.018917134136094353,-0.014738286947628809,-0.013314212520455247,0.9996237575602576,0.0,0.0,0.0,0.0,0.0,0.0,0.0,0.0,0.0,0.0,0.0,0.0,0.0,0.0,0.0,0.0,0.0,0.0,0.0,0.0,0.0,0.0,0.0,0.0,0.0,0.0,0.0,0.0,0.0,0.0,0.0,0.0,0.0,0.0,0.0,0.0,-1.4940138068473763
24.630693674087524,24.55911087989807,-0.0922402918704203,4.259569782712793,1.0827375646445911,-0.03632177580817189,-0.027599317605054383,-0.04055845232427475,1.0000000000000009,-0.01843419913135558,-0.013425900190136302,-0.02052310271472662,0.9995292530793848,0.0,0.0,0.0,0.0,0.0,0.0,0.0,0.0,0.0,0.0,0.0,0.0,0.0,0.0,0.0,0.0,0.0,0.0,0.0,0.0,0.0,0.0,0.0,0.0,0.0,0.0,0.0,0.0,0.0,0.0,0.0,0.0,0.0,0.0,0.0,0.0,-2.3238281417635074
24.76165199279785,24.657848834991455,-0.08540071187893714,4.365613743488501,1.0840176618675919,-0.033264177428144304,-0.027504447176179263,-0.0475457798587493,1.000000000000001,-0.01695189410475686,-0.013350702947957425,-0.02399376143822208,0.999479210103494,0.0,0.0,0.0,0.0,0.0,0.0,0.0,0.0,0.0,0.0,0.0,0.0,0.0,0.0,0.0,0.0,0.0,0.0,0.0,0.0,0.0,0.0,0.0,0.0,0.0,0.0,0.0,0.0,0.0,0.0,0.0,0.0,0.0,0.0,0.0,0.0,-2.72417251956445
24.8269681930542,24.75920295715332,-0.07789716879477304,4.465595607970956,1.0826928960224185,-0.028923191196477672,-0.02580121732287785,-0.05304071148095274,1.000000000000001,-0.014796846829351177,-0.012510929641150179,-0.02669875405617498,0.9994557051191779,0.0,0.0,0.0,0.0,0.0,0.0,0.0,0.0,0.0,0.0,0.0,0.0,0.0,0.0,0.0,0.0,0.0,0.0,0.0,0.0,0.0,0.0,0.0,0.0,0.0,0.0,0.0,0.0,0.0,0.0,0.0,0.0,0.0,0.0,0.0,0.0,-3.0390089102296822
24.92874050140381,24.859135627746582,-0.07096281305136033,4.565996235839129,1.0842954786001098,-0.027447316110611603,-0.02647063984524854,-0.05713735807687967,1.000000000000001,-0.014094443488303313,-0.012836320294963328,-0.028741153421711414,0.9994050838594088,0.0,0.0,0.0,0.0,0.0,0.0,0.0,0.0,0.0,0.0,0.0,0.0,0.0,0.0,0.0,0.0,0.0,0.0,0.0,0.0,0.0,0.0,0.0,0.0,0.0,0.0,0.0,0.0,0.0,0.0,0.0,0.0,0.0,0.0,0.0,0.0,-3.2737294703329307
25.058427095413208,24.959105014801025,-0.06219150518371717,4.664570172921627,1.0848541143917547,-0.027296988776728426,-0.03414975976447108,-0.05949306216947596,1.0000000000000009,-0.014147815743449928,-0.016659043435078996,-0.029967963795971296,0.9993118816102623,0.0,0.0,0.0,0.0,0.0,0.0,0.0,0.0,0.0,0.0,0.0,0.0,0.0,0.0,0.0,0.0,0.0,0.0,0.0,0.0,0.0,0.0,0.0,0.0,0.0,0.0,0.0,0.0,0.0,0.0,0.0,0.0,0.0,0.0,0.0,0.0,-3.408701372620394
25.10441303253174,25.059690237045288,-0.05349396496883062,4.767497885086293,1.0853245177661266,-0.022340331442712916,-0.0405034694362325,-0.05439293674014645,1.0000000000000009,-0.011714148899133607,-0.019937915954615585,-0.027411954962473464,0.9993567145659716,0.0,0.0,0.0,0.0,0.0,0.0,0.0,0.0,0.0,0.0,0.0,0.0,0.0,0.0,0.0,0.0,0.0,0.0,0.0,0.0,0.0,0.0,0.0,0.0,0.0,0.0,0.0,0.0,0.0,0.0,0.0,0.0,0.0,0.0,0.0,0.0,-3.1164857105324657
25.233952522277832,25.158266305923462,-0.04843112987547357,4.86046655093801,1.086166133728926,-0.02208218679432437,-0.043752977380024,-0.04236393262997291,1.0000000000000009,-0.011499038199538316,-0.0216347097491605,-0.021415485638468536,0.9994704039787399,0.0,0.0,0.0,0.0,0.0,0.0,0.0,0.0,0.0,0.0,0.0,0.0,0.0,0.0,0.0,0.0,0.0,0.0,0.0,0.0,0.0,0.0,0.0,0.0,0.0,0.0,0.0,0.0,0.0,0.0,0.0,0.0,0.0,0.0,0.0,0.0,-2.4272745432740015
25.328486919403076,25.259127378463745,-0.04059327449296373,4.958521804187539,1.086915378034991,-0.022805085738521913,-0.04313612946018163,-0.03212789371520493,1.0000000000000009,-0.011744576970937596,-0.02137909283358909,-0.016304350620587087,0.9995694910571397,0.0,0.0,0.0,0.0,0.0,0.0,0.0,0.0,0.0,0.0,0.0,0.0,0.0,0.0,0.0,0.0,0.0,0.0,0.0,0.0,0.0,0.0,0.0,0.0,0.0,0.0,0.0,0.0,0.0,0.0,0.0,0.0,0.0,0.0,0.0,0.0,-1.840792714526125
25.42963218688965,25.35936212539673,-0.03581499714750193,5.060062064305967,1.0888298636532099,-0.02291640236285732,-0.04133146495200506,-0.015265276575973966,1.0000000000000007,-0.011612881125078467,-0.02057486830530933,-0.007867196667430227,0.9996899134245536,0.0,0.0,0.0,0.0,0.0,0.0,0.0,0.0,0.0,0.0,0.0,0.0,0.0,0.0,0.0,0.0,0.0,0.0,0.0,0.0,0.0,0.0,0.0,0.0,0.0,0.0,0.0,0.0,0.0,0.0,0.0,0.0,0.0,0.0,0.0,0.0,-0.8746359209032246
25.529780626296997,25.459351062774658,-0.03224075028832174,5.1528221860432275,1.0907547955591361,-0.023825060614919655,-0.04010204695069446,-0.0012043439617471581,1.0000000000000007,-0.01192192435919239,-0.020041081931497205,-0.0008408449090381374,0.999727720799233,0.0,0.0,0.0,0.0,0.0,0.0,0.0,0.0,0.0,0.0,0.0,0.0,0.0,0.0,0.0,0.0,0.0,0.0,0.0,0.0,0.0,0.0,0.0,0.0,0.0,0.0,0.0,0.0,0.0,0.0,0.0,0.0,0.0,0.0,0.0,0.0,-0.06900382609017722
25.65184235572815,25.559237003326416,-0.02764082971469909,5.2463178491651306,1.0926738776511482,-0.023700206401220898,-0.038401059813176736,0.005111074171554651,1.0000000000000007,-0.011798541807319133,-0.019228216530400633,0.0023273756479489927,0.9997427936338805,0.0,0.0,0.0,0.0,0.0,0.0,0.0,0.0,0.0,0.0,0.0,0.0,0.0,0.0,0.0,0.0,0.0,0.0,0.0,0.0,0.0,0.0,0.0,0.0,0.0,0.0,0.0,0.0,0.0,0.0,0.0,0.0,0.0,0.0,0.0,0.0,0.29284297880840515
25.73697805404663,25.65835475921631,-0.025745701615737252,5.33413113778503,1.095604186611051,-0.030458693262328997,-0.036309120941969766,0.013471667423659484,1.0000000000000004,-0.01510363870463274,-0.018253606992755498,0.0064574418598898845,0.9996984482203928,0.0,0.0,0.0,0.0,0.0,0.0,0.0,0.0,0.0,0.0,0.0,0.0,0.0,0.0,0.0,0.0,0.0,0.0,0.0,0.0,0.0,0.0,0.0,0.0,0.0,0.0,0.0,0.0,0.0,0.0,0.0,0.0,0.0,0.0,0.0,0.0,0.7718696863795675
25.841882705688477,25.75832462310791,-0.02940649555984148,5.439194995658743,1.099312278657252,-0.0323215086228211,-0.03162358897146215,0.022276877507852417,1.0000000000000007,-0.01598094376281572,-0.01598806183373903,0.010879868946155547,0.9996852603529603,0.0,0.0,0.0,0.0,0.0,0.0,0.0,0.0,0.0,0.0,0.0,0.0,0.0,0.0,0.0,0.0,0.0,0.0,0.0,0.0,0.0,0.0,0.0,0.0,0.0,0.0,0.0,0.0,0.0,0.0,0.0,0.0,0.0,0.0,0.0,0.0,1.276371061929855
25.94807243347168,25.859276056289673,-0.027658038542966713,5.539156174410693,1.10178558573159,-0.03211293685580213,-0.0292036867399126,0.01830707146229434,1.0000000000000004,-0.015919759680939352,-0.014745780148825324,0.008916826527063156,0.9997247688359987,0.0,0.0,0.0,0.0,0.0,0.0,0.0,0.0,0.0,0.0,0.0,0.0,0.0,0.0,0.0,0.0,0.0,0.0,0.0,0.0,0.0,0.0,0.0,0.0,0.0,0.0,0.0,0.0,0.0,0.0,0.0,0.0,0.0,0.0,0.0,0.0,1.048917930033858
26.044158697128296,25.958468914031982,-0.027472138515138963,5.6337714226927025,1.1016177153170796,-0.029206568155513524,-0.030305555600933603,0.018758701887769937,1.0000000000000007,-0.014458345844238125,-0.015286862640988172,0.00915588247194552,0.9997366842735167,0.0,0.0,0.0,0.0,0.0,0.0,0.0,0.0,0.0,0.0,0.0,0.0,0.0,0.0,0.0,0.0,0.0,0.0,0.0,0.0,0.0,0.0,0.0,0.0,0.0,0.0,0.0,0.0,0.0,0.0,0.0,0.0,0.0,0.0,0.0,0.0,1.0747944473133075
26.1333110332489,26.058305740356445,-0.027688292426775746,5.733761875802584,1.1037289831041321,-0.024201050237640787,-0.03484301609734146,0.012583828805117185,1.0000000000000007,-0.011988553783921876,-0.017495128181598252,0.006079668116233975,0.9997565867268279,0.0,0.0,0.0,0.0,0.0,0.0,0.0,0.0,0.0,0.0,0.0,0.0,0.0,0.0,0.0,0.0,0.0,0.0,0.0,0.0,0.0,0.0,0.0,0.0,0.0,0.0,0.0,0.0,0.0,0.0,0.0,0.0,0.0,0.0,0.0,0.0,0.7210002806483684
26.23997402191162,26.158462047576904,-0.02387729420157984,5.83410561586276,1.1060019028435082,-0.023472091583255344,-0.03563502025402351,-0.0005080917759519464,1.0000000000000007,-0.011738439126481743,-0.017812358912933424,-0.000463079312896266,0.9997723313206773,0.0,0.0,0.0,0.0,0.0,0.0,0.0,0.0,0.0,0.0,0.0,0.0,0.0,0.0,0.0,0.0,0.0,0.0,0.0,0.0,0.0,0.0,0.0,0.0,0.0,0.0,0.0,0.0,0.0,0.0,0.0,0.0,0.0,0.0,0.0,0.0,-0.029111514367353142
26.3607394695282,26.258592128753662,-0.028790775013882792,5.930315926449977,1.1044470518770229,-0.032419802128520955,-0.03392511501127942,-0.0061860388614841475,1.0000000000000007,-0.01625923782385871,-0.016909306515149027,-0.003367098079004289,0.9997191481556666,0.0,0.0,0.0,0.0,0.0,0.0,0.0,0.0,0.0,0.0,0.0,0.0,0.0,0.0,0.0,0.0,0.0,0.0,0.0,0.0,0.0,0.0,0.0,0.0,0.0,0.0,0.0,0.0,0.0,0.0,0.0,0.0,0.0,0.0,0.0,0.0,-0.3544339186669545
26.433303833007812,26.360726833343506,-0.030040515387141503,6.030896267892094,1.105085640007122,-0.03548156172563118,-0.030345630349887475,-0.011416643126148039,1.0000000000000007,-0.017824113218283248,-0.015068345741616402,-0.0059758840931805725,0.9997097252472336,0.0,0.0,0.0,0.0,0.0,0.0,0.0,0.0,0.0,0.0,0.0,0.0,0.0,0.0,0.0,0.0,0.0,0.0,0.0,0.0,0.0,0.0,0.0,0.0,0.0,0.0,0.0,0.0,0.0,0.0,0.0,0.0,0.0,0.0,0.0,0.0,-0.654125467335325
26.53731083869934,26.459475994110107,-0.03013304749753936,6.129849835218941,1.1059513209974887,-0.03313442056945405,-0.02742867076280621,-0.01041142273173168,1.0000000000000007,-0.016636050576708812,-0.013625606014526583,-0.005431671669755189,0.9997540105570066,0.0,0.0,0.0,0.0,0.0,0.0,0.0,0.0,0.0,0.0,0.0,0.0,0.0,0.0,0.0,0.0,0.0,0.0,0.0,0.0,0.0,0.0,0.0,0.0,0.0,0.0,0.0,0.0,0.0,0.0,0.0,0.0,0.0,0.0,0.0,0.0,-0.5965305812547916
26.665231466293335,26.558529376983643,-0.03208059301217163,6.230392737250249,1.1063981246496153,-0.03140377437579616,-0.024143081849712422,0.0007821947360248366,1.0000000000000007,-0.015695376334132705,-0.012075899041007851,0.00020148708737815935,0.9998038743808889,0.0,0.0,0.0,0.0,0.0,0.0,0.0,0.0,0.0,0.0,0.0,0.0,0.0,0.0,0.0,0.0,0.0,0.0,0.0,0.0,0.0,0.0,0.0,0.0,0.0,0.0,0.0,0.0,0.0,0.0,0.0,0.0,0.0,0.0,0.0,0.0,0.044816457131572666
26.73252248764038,26.659446954727173,-0.03443226303673178,6.332016264794394,1.1072875307419847,-0.028679319371492547,-0.024322643478610864,0.010725544986239524,1.0000000000000009,-0.014272691951225581,-0.012236488469851706,0.00518742248187881,0.9998098065444191,0.0,0.0,0.0,0.0,0.0,0.0,0.0,0.0,0.0,0.0,0.0,0.0,0.0,0.0,0.0,0.0,0.0,0.0,0.0,0.0,0.0,0.0,0.0,0.0,0.0,0.0,0.0,0.0,0.0,0.0,0.0,0.0,0.0,0.0,0.0,0.0,0.6145284606892254
26.826162576675415,26.759482860565186,-0.03683142513355221,6.43015219526984,1.1072524757104538,-0.025828954783189136,-0.02762477364327,0.023276216798138176,1.0000000000000007,-0.012751284138366022,-0.013960138731049834,0.011457408107665665,0.9997555936722177,0.0,0.0,0.0,0.0,0.0,0.0,0.0,0.0,0.0,0.0,0.0,0.0,0.0,0.0,0.0,0.0,0.0,0.0,0.0,0.0,0.0,0.0,0.0,0.0,0.0,0.0,0.0,0.0,0.0,0.0,0.0,0.0,0.0,0.0,0.0,0.0,1.333628985564828
26.938567399978638,26.859506607055664,-0.036350303320768156,6.527848707648791,1.1079812556298378,-0.03048075906368817,-0.028344971157143604,0.030914805027242344,1.0000000000000007,-0.015017410328645368,-0.014404206994586497,0.01523748716562725,0.9996673522691221,0.0,0.0,0.0,0.0,0.0,0.0,0.0,0.0,0.0,0.0,0.0,0.0,0.0,0.0,0.0,0.0,0.0,0.0,0.0,0.0,0.0,0.0,0.0,0.0,0.0,0.0,0.0,0.0,0.0,0.0,0.0,0.0,0.0,0.0,0.0,0.0,1.7712878525308062
27.043818473815918,26.95847988128662,-0.03827678505911043,6.627014000120179,1.1125904848354415,-0.03325339380216101,-0.02985205832370007,0.037498532159273124,1.0000000000000007,-0.01634137034873905,-0.015232459987388907,0.018495381827657857,0.9995793378361263,0.0,0.0,0.0,0.0,0.0,0.0,0.0,0.0,0.0,0.0,0.0,0.0,0.0,0.0,0.0,0.0,0.0,0.0,0.0,0.0,0.0,0.0,0.0,0.0,0.0,0.0,0.0,0.0,0.0,0.0,0.0,0.0,0.0,0.0,0.0,0.0,2.1485076306619395
27.12720775604248,27.05947470664978,-0.04255331910164193,6.722972955661539,1.1151046897834778,-0.039986682204351885,-0.03059597206478324,0.04079885796805649,1.0000000000000007,-0.019673536749019588,-0.015698899419069122,0.020085789186861346,0.9994813943148504,0.0,0.0,0.0,0.0,0.0,0.0,0.0,0.0,0.0,0.0,0.0,0.0,0.0,0.0,0.0,0.0,0.0,0.0,0.0,0.0,0.0,0.0,0.0,0.0,0.0,0.0,0.0,0.0,0.0,0.0,0.0,0.0,0.0,0.0,0.0,0.0,2.3376023705233266
27.274721145629883,27.158570766448975,-0.042043901021857955,6.81758225320716,1.1145009863428423,-0.04702567504399147,-0.030624654149446106,0.03212546509791886,1.0000000000000007,-0.023259012631453198,-0.015683106731917463,0.015695777023885932,0.9994832170068005,0.0,0.0,0.0,0.0,0.0,0.0,0.0,0.0,0.0,0.0,0.0,0.0,0.0,0.0,0.0,0.0,0.0,0.0,0.0,0.0,0.0,0.0,0.0,0.0,0.0,0.0,0.0,0.0,0.0,0.0,0.0,0.0,0.0,0.0,0.0,0.0,1.8406535650055806
27.328065633773804,27.25827717781067,-0.046153869669137204,6.911495542938566,1.114161876666468,-0.042538800836879415,-0.031666956928452436,0.024688848973409137,1.0000000000000009,-0.02106811287051123,-0.01609052883497409,0.01200306849452618,0.9995764882431978,0.0,0.0,0.0,0.0,0.0,0.0,0.0,0.0,0.0,0.0,0.0,0.0,0.0,0.0,0.0,0.0,0.0,0.0,0.0,0.0,0.0,0.0,0.0,0.0,0.0,0.0,0.0,0.0,0.0,0.0,0.0,0.0,0.0,0.0,0.0,0.0,1.4145668472122388
27.431360006332397,27.35827660560608,-0.05067010566491171,7.0096064487661875,1.11981972781582,-0.018384066666347603,-0.030679172609293766,0.012264844929967524,1.0000000000000007,-0.00909658908119696,-0.015394409961771646,0.005990411695480889,0.9998221737772858,0.0,0.0,0.0,0.0,0.0,0.0,0.0,0.0,0.0,0.0,0.0,0.0,0.0,0.0,0.0,0.0,0.0,0.0,0.0,0.0,0.0,0.0,0.0,0.0,0.0,0.0,0.0,0.0,0.0,0.0,0.0,0.0,0.0,0.0,0.0,0.0,0.7027238508695648
27.53795075416565,27.45952296257019,-0.049420631124360764,7.104522922419622,1.122244582692463,0.004165707360451899,-0.027901840935761243,-0.003678841220885017,1.0000000000000009,0.002056985255252323,-0.013954244937205585,-0.00181017987175658,0.9998988804417804,0.0,0.0,0.0,0.0,0.0,0.0,0.0,0.0,0.0,0.0,0.0,0.0,0.0,0.0,0.0,0.0,0.0,0.0,0.0,0.0,0.0,0.0,0.0,0.0,0.0,0.0,0.0,0.0,0.0,0.0,0.0,0.0,0.0,0.0,0.0,0.0,-0.2107820754554665
27.634230613708496,27.558444499969482,-0.05361981122511756,7.186872988452385,1.1202614953501102,0.018277909518403208,-0.02605007510205566,-0.010080612183407734,1.0000000000000007,0.00907229097245906,-0.013070018307455512,-0.004920618051826294,0.9998613182216539,0.0,0.0,0.0,0.0,0.0,0.0,0.0,0.0,0.0,0.0,0.0,0.0,0.0,0.0,0.0,0.0,0.0,0.0,0.0,0.0,0.0,0.0,0.0,0.0,0.0,0.0,0.0,0.0,0.0,0.0,0.0,0.0,0.0,0.0,0.0,0.0,-0.577576533017421
27.74458408355713,27.658304452896118,-0.05785362314928638,7.2701685226601045,1.1194496039545607,0.031603522579736046,-0.02174665860184088,-0.010924548987776984,1.0000000000000009,0.015740549686728448,-0.010957899835438552,-0.005289437885369617,0.9998020710988825,0.0,0.0,0.0,0.0,0.0,0.0,0.0,0.0,0.0,0.0,0.0,0.0,0.0,0.0,0.0,0.0,0.0,0.0,0.0,0.0,0.0,0.0,0.0,0.0,0.0,0.0,0.0,0.0,0.0,0.0,0.0,0.0,0.0,0.0,0.0,0.0,-0.6259305500835368
27.845936059951782,27.758365392684937,-0.05905372215637818,7.3488725730999525,1.1237753609424725,0.04386298732940393,-0.018080427301006174,-0.011078325902975143,1.0000000000000009,0.021878440815194137,-0.009159244645950687,-0.005339332502494077,0.999704423113873,0.0,0.0,0.0,0.0,0.0,0.0,0.0,0.0,0.0,0.0,0.0,0.0,0.0,0.0,0.0,0.0,0.0,0.0,0.0,0.0,0.0,0.0,0.0,0.0,0.0,0.0,0.0,0.0,0.0,0.0,0.0,0.0,0.0,0.0,0.0,0.0,-0.6347413183109324
27.95346450805664,27.858205318450928,-0.051500078564318576,7.417584778698722,1.1222516053081264,0.04207214455481174,-0.02164585880882264,-0.013152402820935723,1.0000000000000007,0.020961677988433586,-0.010958407764988446,-0.006346668207112104,0.9997000756015956,0.0,0.0,0.0,0.0,0.0,0.0,0.0,0.0,0.0,0.0,0.0,0.0,0.0,0.0,0.0,0.0,0.0,0.0,0.0,0.0,0.0,0.0,0.0,0.0,0.0,0.0,0.0,0.0,0.0,0.0,0.0,0.0,0.0,0.0,0.0,0.0,-0.7535771720955752
28.068819284439087,27.957968950271606,-0.051278692938743445,7.478960755580373,1.1215727080457714,0.042576801815433885,-0.028304629869877848,-0.007952140277157549,1.0000000000000009,0.021228237199090734,-0.014233153102677197,-0.0036735156867328104,0.9996665867081264,0.0,0.0,0.0,0.0,0.0,0.0,0.0,0.0,0.0,0.0,0.0,0.0,0.0,0.0,0.0,0.0,0.0,0.0,0.0,0.0,0.0,0.0,0.0,0.0,0.0,0.0,0.0,0.0,0.0,0.0,0.0,0.0,0.0,0.0,0.0,0.0,-0.45562407597712024
28.140117406845093,28.057600498199463,-0.04871711121862206,7.536746969498411,1.1253517480286104,0.041730700906370044,-0.03009021077242433,-0.012751522793537978,1.0000000000000007,0.02076515234621484,-0.015173964177456149,-0.006059728560900122,0.9996508585245898,0.0,0.0,0.0,0.0,0.0,0.0,0.0,0.0,0.0,0.0,0.0,0.0,0.0,0.0,0.0,0.0,0.0,0.0,0.0,0.0,0.0,0.0,0.0,0.0,0.0,0.0,0.0,0.0,0.0,0.0,0.0,0.0,0.0,0.0,0.0,0.0,-0.7306084384345956
28.236419439315796,28.156350135803223,-0.050155277044964884,7.587870698361661,1.1239775193543633,0.034261138678439045,-0.031127282029054747,-0.013523863089636053,1.0000000000000007,0.017022045553904318,-0.015676188638044698,-0.00649348492834124,0.9997111291410294,0.0,0.0,0.0,0.0,0.0,0.0,0.0,0.0,0.0,0.0,0.0,0.0,0.0,0.0,0.0,0.0,0.0,0.0,0.0,0.0,0.0,0.0,0.0,0.0,0.0,0.0,0.0,0.0,0.0,0.0,0.0,0.0,0.0,0.0,0.0,0.0,-0.7748602777488995
28.380093812942505,28.258349895477295,-0.04971631118621541,7.6326303399985935,1.123624854096668,0.030536600543885312,-0.029280727951208597,-0.017446386602968603,1.0000000000000007,0.01513780035564874,-0.014770744847672986,-0.008497622896747607,0.9997401975024028,0.0,0.0,0.0,0.0,0.0,0.0,0.0,0.0,0.0,0.0,0.0,0.0,0.0,0.0,0.0,0.0,0.0,0.0,0.0,0.0,0.0,0.0,0.0,0.0,0.0,0.0,0.0,0.0,0.0,0.0,0.0,0.0,0.0,0.0,0.0,0.0,-0.9996043201036824
28.407423734664917,28.358405590057373,-0.046873853706239886,7.671445929599434,1.1243487971915591,0.023951494286630428,-0.028091062126970563,-0.01853376654976415,1.0000000000000004,0.011843622702027793,-0.014154421758965599,-0.009096983205867394,0.9997882905108034,0.0,0.0,0.0,0.0,0.0,0.0,0.0,0.0,0.0,0.0,0.0,0.0,0.0,0.0,0.0,0.0,0.0,0.0,0.0,0.0,0.0,0.0,0.0,0.0,0.0,0.0,0.0,0.0,0.0,0.0,0.0,0.0,0.0,0.0,0.0,0.0,-1.0619066017822274
28.517229557037354,28.458293676376343,-0.04083808488801942,7.70681785830616,1.124477470750054,0.020008544704275967,-0.026848361918423273,-0.016229542822727542,1.0000000000000004,0.009893950480292298,-0.013503836887181755,-0.007979256687738667,0.9998280290109546,0.0,0.0,0.0,0.0,0.0,0.0,0.0,0.0,0.0,0.0,0.0,0.0,0.0,0.0,0.0,0.0,0.0,0.0,0.0,0.0,0.0,0.0,0.0,0.0,0.0,0.0,0.0,0.0,0.0,0.0,0.0,0.0,0.0,0.0,0.0,0.0,-0.929884307169125
28.7010178565979,28.558107614517212,-0.04597509548023985,7.738037410594282,1.1255422610033037,0.017492709660591348,-0.028157894399456932,-0.011035948437399124,1.0000000000000004,0.008667562029816762,-0.0141259857958043,-0.005394056360204231,0.9998481054888988,0.0,0.0,0.0,0.0,0.0,0.0,0.0,0.0,0.0,0.0,0.0,0.0,0.0,0.0,0.0,0.0,0.0,0.0,0.0,0.0,0.0,0.0,0.0,0.0,0.0,0.0,0.0,0.0,0.0,0.0,0.0,0.0,0.0,0.0,0.0,0.0,-0.6323132683869657
28.75817060470581,28.658185482025146,-0.04024992709899281,7.764162025645417,1.1244833531014613,0.00949770201144668,-0.028689608110960732,-0.013256056806564722,1.0000000000000004,0.00465316753464695,-0.014375307212865842,-0.006559105978490902,0.9998643291483071,0.0,0.0,0.0,0.0,0.0,0.0,0.0,0.0,0.0,0.0,0.0,0.0,0.0,0.0,0.0,0.0,0.0,0.0,0.0,0.0,0.0,0.0,0.0,0.0,0.0,0.0,0.0,0.0,0.0,0.0,0.0,0.0,0.0,0.0,0.0,0.0,-0.7595161080018265
28.85291051864624,28.758644104003906,-0.04122155476181031,7.789416992020868,1.1265731021276248,0.006106107289171075,-0.030623626851279256,-0.009805468366011826,1.0000000000000004,0.0029775881568841157,-0.015325926217993554,-0.004855371655108204,0.9998663287262055,0.0,0.0,0.0,0.0,0.0,0.0,0.0,0.0,0.0,0.0,0.0,0.0,0.0,0.0,0.0,0.0,0.0,0.0,0.0,0.0,0.0,0.0,0.0,0.0,0.0,0.0,0.0,0.0,0.0,0.0,0.0,0.0,0.0,0.0,0.0,0.0,-0.5618119535215171
28.9472177028656,28.858206510543823,-0.03761609959998052,7.811356598114349,1.1283376576760893,0.004218764215886997,-0.030887527582174428,-0.011320693589854512,1.0000000000000007,0.0020216822843056215,-0.01545480646979593,-0.0056270540126781236,0.9998626895833558,0.0,0.0,0.0,0.0,0.0,0.0,0.0,0.0,0.0,0.0,0.0,0.0,0.0,0.0,0.0,0.0,0.0,0.0,0.0,0.0,0.0,0.0,0.0,0.0,0.0,0.0,0.0,0.0,0.0,0.0,0.0,0.0,0.0,0.0,0.0,0.0,-0.6486279638594685
29.077636241912842,28.958086013793945,-0.031177820118964937,7.827867779901185,1.1296020833071947,0.00033837130469198764,-0.03047388181434031,-0.015732704811465225,1.0000000000000004,4.930750737496497e-05,-0.015237210416106876,-0.007862780357199381,0.9998529900303146,0.0,0.0,0.0,0.0,0.0,0.0,0.0,0.0,0.0,0.0,0.0,0.0,0.0,0.0,0.0,0.0,0.0,0.0,0.0,0.0,0.0,0.0,0.0,0.0,0.0,0.0,0.0,0.0,0.0,0.0,0.0,0.0,0.0,0.0,0.0,0.0,-0.901417586022121
29.180975675582886,29.056821584701538,-0.03990838859733144,7.847414951474631,1.1308542454819959,-0.00018243118615716397,-0.032211960614883635,-0.005202673153531309,1.0000000000000004,-0.00013309867074989517,-0.016104992184047512,-0.0026024652910875564,0.9998669104865433,0.0,0.0,0.0,0.0,0.0,0.0,0.0,0.0,0.0,0.0,0.0,0.0,0.0,0.0,0.0,0.0,0.0,0.0,0.0,0.0,0.0,0.0,0.0,0.0,0.0,0.0,0.0,0.0,0.0,0.0,0.0,0.0,0.0,0.0,0.0,0.0,-0.29809121388336257
29.241851806640625,29.15783953666687,-0.03677530441099879,7.860992739397855,1.1302522897428704,-0.0018366795700731086,-0.03407138642187295,-0.011813684315287494,1.0000000000000004,-0.0010188120389601504,-0.017029141190168514,-0.005921591740365213,0.9998369392674067,0.0,0.0,0.0,0.0,0.0,0.0,0.0,0.0,0.0,0.0,0.0,0.0,0.0,0.0,0.0,0.0,0.0,0.0,0.0,0.0,0.0,0.0,0.0,0.0,0.0,0.0,0.0,0.0,0.0,0.0,0.0,0.0,0.0,0.0,0.0,0.0,-0.6768742517658711
29.336920976638794,29.256643533706665,-0.03213624859946415,7.873374316535906,1.1324754329125555,-0.002135957881935294,-0.03504152365192913,-0.011720351277312952,1.0000000000000002,-0.001170465326804683,-0.017513297060072246,-0.0058779498366907735,0.9998286673939303,0.0,0.0,0.0,0.0,0.0,0.0,0.0,0.0,0.0,0.0,0.0,0.0,0.0,0.0,0.0,0.0,0.0,0.0,0.0,0.0,0.0,0.0,0.0,0.0,0.0,0.0,0.0,0.0,0.0,0.0,0.0,0.0,0.0,0.0,0.0,0.0,-0.6715266626007957
29.438737392425537,29.356278896331787,-0.03063904385631914,7.883294633362827,1.1346046356032342,-0.004264713816650322,-0.03466919165614295,-0.010871531695530798,1.0000000000000004,-0.0022262248352894185,-0.017321843024130767,-0.005471871175360665,0.9998325141257767,0.0,0.0,0.0,0.0,0.0,0.0,0.0,0.0,0.0,0.0,0.0,0.0,0.0,0.0,0.0,0.0,0.0,0.0,0.0,0.0,0.0,0.0,0.0,0.0,0.0,0.0,0.0,0.0,0.0,0.0,0.0,0.0,0.0,0.0,0.0,0.0,-0.6228928829966186
29.53892207145691,29.458297729492188,-0.035367451824023066,7.892628068767899,1.1352462475457665,-0.004727638454943604,-0.03533949675103643,-0.009300480139238182,1.0000000000000002,-0.0024455862363291204,-0.017657597949478798,-0.00469124981929098,0.9998300958251601,0.0,0.0,0.0,0.0,0.0,0.0,0.0,0.0,0.0,0.0,0.0,0.0,0.0,0.0,0.0,0.0,0.0,0.0,0.0,0.0,0.0,0.0,0.0,0.0,0.0,0.0,0.0,0.0,0.0,0.0,0.0,0.0,0.0,0.0,0.0,0.0,-0.532878259423592
29.632434606552124,29.558439254760742,-0.037390307702372755,7.9004527579409745,1.133634250923913,-0.007005219686165196,-0.036744409134590685,-0.011437459173735069,1.0000000000000002,-0.0036070128450373905,-0.018350730991478922,-0.005782044091966874,0.9998083856902448,0.0,0.0,0.0,0.0,0.0,0.0,0.0,0.0,0.0,0.0,0.0,0.0,0.0,0.0,0.0,0.0,0.0,0.0,0.0,0.0,0.0,0.0,0.0,0.0,0.0,0.0,0.0,0.0,0.0,0.0,0.0,0.0,0.0,0.0,0.0,0.0,-0.6553181390082052
29.783156156539917,29.65824580192566,-0.03548448242156985,7.907609201293347,1.1376147344138683,-0.007566933320328041,-0.0342123614225318,-0.014977616682164158,1.0000000000000002,-0.003910894557433559,-0.017076415196504057,-0.007552304634726077,0.9998180152620286,0.0,0.0,0.0,0.0,0.0,0.0,0.0,0.0,0.0,0.0,0.0,0.0,0.0,0.0,0.0,0.0,0.0,0.0,0.0,0.0,0.0,0.0,0.0,0.0,0.0,0.0,0.0,0.0,0.0,0.0,0.0,0.0,0.0,0.0,0.0,0.0,-0.8581542230527411
29.875713109970093,29.753591537475586,-0.042391763701916454,7.915193618252906,1.1382926933095578,-0.010355273085191092,-0.02999615187787101,-0.0070290203514929974,1.0000000000000002,-0.005229707214459222,-0.014979025323409964,-0.0035917114133451667,0.9998676805317469,0.0,0.0,0.0,0.0,0.0,0.0,0.0,0.0,0.0,0.0,0.0,0.0,0.0,0.0,0.0,0.0,0.0,0.0,0.0,0.0,0.0,0.0,0.0,0.0,0.0,0.0,0.0,0.0,0.0,0.0,0.0,0.0,0.0,0.0,0.0,0.0,-0.4027332002521112
29.98052453994751,29.858242511749268,-0.04093900978433168,7.918079883144648,1.1364648058452214,-0.01334913940578334,-0.010565408645926743,-0.009580149851889227,1.0000000000000004,-0.0066996542116672525,-0.005250530594541064,-0.0048251420218247834,0.9999521311374809,0.0,0.0,0.0,0.0,0.0,0.0,0.0,0.0,0.0,0.0,0.0,0.0,0.0,0.0,0.0,0.0,0.0,0.0,0.0,0.0,0.0,0.0,0.0,0.0,0.0,0.0,0.0,0.0,0.0,0.0,0.0,0.0,0.0,0.0,0.0,0.0,-0.5489021536161335
30.063552618026733,29.95819354057312,-0.03640213556855294,7.9245167344974154,1.1385484965471084,-0.01507938015303719,0.010372033287961806,-0.008736124425060218,1.0000000000000004,-0.0075167933014445385,0.005218729497581786,-0.004328765391149755,0.9999487609228203,0.0,0.0,0.0,0.0,0.0,0.0,0.0,0.0,0.0,0.0,0.0,0.0,0.0,0.0,0.0,0.0,0.0,0.0,0.0,0.0,0.0,0.0,0.0,0.0,0.0,0.0,0.0,0.0,0.0,0.0,0.0,0.0,0.0,0.0,0.0,0.0,-0.5005430588571033
30.17563247680664,30.057379484176636,-0.024219287804908306,7.929717024402729,1.14044941274551,-0.016096081317227007,0.027003220346456764,-0.012839844001110089,1.0000000000000002,-0.00796038116301366,0.01355214667996512,-0.006310430073773518,0.9998565647753627,0.0,0.0,0.0,0.0,0.0,0.0,0.0,0.0,0.0,0.0,0.0,0.0,0.0,0.0,0.0,0.0,0.0,0.0,0.0,0.0,0.0,0.0,0.0,0.0,0.0,0.0,0.0,0.0,0.0,0.0,0.0,0.0,0.0,0.0,0.0,0.0,-0.7356688708699765
30.23440670967102,30.157845497131348,-0.018286794670635154,7.93476645208738,1.141014763847277,-0.017550844836854484,0.03930844784818888,-0.00826611412201344,1.0000000000000002,-0.008692316566540013,0.019688295765811048,-0.0039596286118905475,0.9997605393211925,0.0,0.0,0.0,0.0,0.0,0.0,0.0,0.0,0.0,0.0,0.0,0.0,0.0,0.0,0.0,0.0,0.0,0.0,0.0,0.0,0.0,0.0,0.0,0.0,0.0,0.0,0.0,0.0,0.0,0.0,0.0,0.0,0.0,0.0,0.0,0.0,-0.4736134521648582
30.323466777801514,30.25828194618225,-0.004074849497420744,7.942689264517444,1.1427835340557888,-0.018597893498278173,0.04755298777942704,-0.00826451539241475,1.0000000000000004,-0.009197868264916283,0.02381143699806617,-0.003909828914497998,0.9996665083543255,0.0,0.0,0.0,0.0,0.0,0.0,0.0,0.0,0.0,0.0,0.0,0.0,0.0,0.0,0.0,0.0,0.0,0.0,0.0,0.0,0.0,0.0,0.0,0.0,0.0,0.0,0.0,0.0,0.0,0.0,0.0,0.0,0.0,0.0,0.0,0.0,-0.47352185170627054
30.43617868423462,30.358301639556885,0.02411678485034744,7.947970263123123,1.1445394968884182,-0.019138876483935866,0.04965210648258828,-0.01606861812101825,1.0000000000000004,-0.009366606235431037,0.024898423540882286,-0.007793843438687444,0.9996157217637502,0.0,0.0,0.0,0.0,0.0,0.0,0.0,0.0,0.0,0.0,0.0,0.0,0.0,0.0,0.0,0.0,0.0,0.0,0.0,0.0,0.0,0.0,0.0,0.0,0.0,0.0,0.0,0.0,0.0,0.0,0.0,0.0,0.0,0.0,0.0,0.0,-0.9206640009417809
30.535660982131958,30.457029104232788,0.05534366404538966,7.951612205955592,1.1461514010966913,-0.021553454600091965,0.047016452175709746,-0.01510444780972454,1.0000000000000002,-0.010595722812945395,0.023585389054178715,-0.007296320710562901,0.999639046749037,0.0,0.0,0.0,0.0,0.0,0.0,0.0,0.0,0.0,0.0,0.0,0.0,0.0,0.0,0.0,0.0,0.0,0.0,0.0,0.0,0.0,0.0,0.0,0.0,0.0,0.0,0.0,0.0,0.0,0.0,0.0,0.0,0.0,0.0,0.0,0.0,-0.8654211113728364
30.62799334526062,30.558222770690918,0.08828522867697854,7.955020180569637,1.1463814912399453,-0.02254326959660199,0.0433643755858493,-0.01306123803154154,1.0000000000000002,-0.011126929475802377,0.02175224080981037,-0.0062842586676073574,0.9996817191252383,0.0,0.0,0.0,0.0,0.0,0.0,0.0,0.0,0.0,0.0,0.0,0.0,0.0,0.0,0.0,0.0,0.0,0.0,0.0,0.0,0.0,0.0,0.0,0.0,0.0,0.0,0.0,0.0,0.0,0.0,0.0,0.0,0.0,0.0,0.0,0.0,-0.7483538144230895
30.73318910598755,30.658188343048096,0.13289810439752994,7.960121025596237,1.1498674340678787,-0.019834433361029642,0.04020179250133115,-0.01464608674962363,1.0000000000000004,-0.009767603588917265,0.02017062305228579,-0.007121815618824454,0.9997234715800688,0.0,0.0,0.0,0.0,0.0,0.0,0.0,0.0,0.0,0.0,0.0,0.0,0.0,0.0,0.0,0.0,0.0,0.0,0.0,0.0,0.0,0.0,0.0,0.0,0.0,0.0,0.0,0.0,0.0,0.0,0.0,0.0,0.0,0.0,0.0,0.0,-0.839158957135912
30.82990789413452,30.75810980796814,0.1825743712985109,7.960079292332682,1.1522507240774156,-0.013741917703854318,0.032389128490825946,-0.01596059402891736,1.0000000000000004,-0.006740557694509156,0.01624778257455225,-0.007867714622232142,0.9998143195163796,0.0,0.0,0.0,0.0,0.0,0.0,0.0,0.0,0.0,0.0,0.0,0.0,0.0,0.0,0.0,0.0,0.0,0.0,0.0,0.0,0.0,0.0,0.0,0.0,0.0,0.0,0.0,0.0,0.0,0.0,0.0,0.0,0.0,0.0,0.0,0.0,-0.9144746763786673
30.934559106826782,30.858241081237793,0.23913219175326916,7.958130434966624,1.1539627982349416,0.006952951172244455,0.014224470730599693,-0.015729893955865396,1.0000000000000002,0.003532209105517599,0.00708457119077021,-0.00788934394104116,0.9999375433506127,0.0,0.0,0.0,0.0,0.0,0.0,0.0,0.0,0.0,0.0,0.0,0.0,0.0,0.0,0.0,0.0,0.0,0.0,0.0,0.0,0.0,0.0,0.0,0.0,0.0,0.0,0.0,0.0,0.0,0.0,0.0,0.0,0.0,0.0,0.0,0.0,-0.90125653585943
31.031319856643677,30.95794653892517,0.29679371880087296,7.954774285398187,1.1551137524886665,0.027935519219076457,-0.00936891179478555,-0.014787884818942127,1.0000000000000002,0.01393213761381432,-0.004787125150004512,-0.007327645467005585,0.9998646331310147,0.0,0.0,0.0,0.0,0.0,0.0,0.0,0.0,0.0,0.0,0.0,0.0,0.0,0.0,0.0,0.0,0.0,0.0,0.0,0.0,0.0,0.0,0.0,0.0,0.0,0.0,0.0,0.0,0.0,0.0,0.0,0.0,0.0,0.0,0.0,0.0,-0.8472833880509654
31.159260511398315,31.05653476715088,0.3482009482477898,7.949235507608856,1.1554870153032926,0.05050052078521221,-0.031011746965090698,-0.009936220257590596,1.0000000000000002,0.025167223744581243,-0.01562553537548436,-0.004574443746331029,0.9995506630269583,0.0,0.0,0.0,0.0,0.0,0.0,0.0,0.0,0.0,0.0,0.0,0.0,0.0,0.0,0.0,0.0,0.0,0.0,0.0,0.0,0.0,0.0,0.0,0.0,0.0,0.0,0.0,0.0,0.0,0.0,0.0,0.0,0.0,0.0,0.0,0.0,-0.5693034850723327
31.252004146575928,31.156453371047974,0.4114096994133546,7.936402629132574,1.158459176870668,0.06586519215414752,-0.04683310700472026,-0.012159079563005657,1.0000000000000002,0.032774737398301085,-0.023601407823898454,-0.005303596226251099,0.9991699865409649,0.0,0.0,0.0,0.0,0.0,0.0,0.0,0.0,0.0,0.0,0.0,0.0,0.0,0.0,0.0,0.0,0.0,0.0,0.0,0.0,0.0,0.0,0.0,0.0,0.0,0.0,0.0,0.0,0.0,0.0,0.0,0.0,0.0,0.0,0.0,0.0,-0.6966639417239975
31.328962326049805,31.256330490112305,0.46286611310587816,7.91798642328478,1.1598198443427874,0.07575811221811016,-0.0553355054518212,-0.0027791487599205748,1.0000000000000004,0.0378170541102937,-0.027696954971595272,-0.00034040264128922367,0.9989007123982659,0.0,0.0,0.0,0.0,0.0,0.0,0.0,0.0,0.0,0.0,0.0,0.0,0.0,0.0,0.0,0.0,0.0,0.0,0.0,0.0,0.0,0.0,0.0,0.0,0.0,0.0,0.0,0.0,0.0,0.0,0.0,0.0,0.0,0.0,0.0,0.0,-0.1592334945824654
31.44155716896057,31.358367919921875,0.5121385491351076,7.887130544781957,1.1586478916789462,0.07422023787337086,-0.05966435074183971,0.0019576120144150742,1.0000000000000002,0.037114251244288785,-0.02977090083271833,0.002084353521838477,0.9988652968686924,0.0,0.0,0.0,0.0,0.0,0.0,0.0,0.0,0.0,0.0,0.0,0.0,0.0,0.0,0.0,0.0,0.0,0.0,0.0,0.0,0.0,0.0,0.0,0.0,0.0,0.0,0.0,0.0,0.0,0.0,0.0,0.0,0.0,0.0,0.0,0.0,0.11216290635008702
31.542232513427734,31.45844316482544,0.5579937039627038,7.848013164773314,1.1586995362571706,0.0728599805184599,-0.05794940179185605,0.00491237993549798,1.0000000000000004,0.036477645485557215,-0.028861915998172033,0.0035086913223245186,0.9989114376509811,0.0,0.0,0.0,0.0,0.0,0.0,0.0,0.0,0.0,0.0,0.0,0.0,0.0,0.0,0.0,0.0,0.0,0.0,0.0,0.0,0.0,0.0,0.0,0.0,0.0,0.0,0.0,0.0,0.0,0.0,0.0,0.0,0.0,0.0,0.0,0.0,0.2814586376687818
31.661015033721924,31.55842638015747,0.5892672961241735,7.804799063962914,1.1604078948069536,0.07079757700639412,-0.05826423408283951,0.015609096400649202,1.0000000000000004,0.03560248788538751,-0.02883276830851469,0.008827119318731706,0.9989110152023414,0.0,0.0,0.0,0.0,0.0,0.0,0.0,0.0,0.0,0.0,0.0,0.0,0.0,0.0,0.0,0.0,0.0,0.0,0.0,0.0,0.0,0.0,0.0,0.0,0.0,0.0,0.0,0.0,0.0,0.0,0.0,0.0,0.0,0.0,0.0,0.0,0.8943353457700436
31.737201690673828,31.658637046813965,0.6172578330864027,7.7538321350623765,1.160243454489018,0.06589494501838987,-0.05543730982961806,0.020791443238350037,1.0000000000000004,0.03321503548071341,-0.027356254209274542,0.011298829522730059,0.9990098764402031,0.0,0.0,0.0,0.0,0.0,0.0,0.0,0.0,0.0,0.0,0.0,0.0,0.0,0.0,0.0,0.0,0.0,0.0,0.0,0.0,0.0,0.0,0.0,0.0,0.0,0.0,0.0,0.0,0.0,0.0,0.0,0.0,0.0,0.0,0.0,0.0,1.19126194754327
31.97004270553589,31.758391857147217,0.6577911823400644,7.697280846421714,1.1601844445331497,0.06103144645670172,-0.05242436827524087,0.017718730779644486,1.0000000000000004,0.03073139486419007,-0.025925740764307394,0.009651719657266859,0.9991447751167905,0.0,0.0,0.0,0.0,0.0,0.0,0.0,0.0,0.0,0.0,0.0,0.0,0.0,0.0,0.0,0.0,0.0,0.0,0.0,0.0,0.0,0.0,0.0,0.0,0.0,0.0,0.0,0.0,0.0,0.0,0.0,0.0,0.0,0.0,0.0,0.0,1.0152084920021758
32.02683138847351,31.858428478240967,0.688991696502513,7.635030362365733,1.1603104585375152,0.056103465572219076,-0.051392294420054295,0.0273439792885189,1.0000000000000007,0.02838730365020159,-0.025297476583355086,0.01438225366159391,0.9991733330356654,0.0,0.0,0.0,0.0,0.0,0.0,0.0,0.0,0.0,0.0,0.0,0.0,0.0,0.0,0.0,0.0,0.0,0.0,0.0,0.0,0.0,0.0,0.0,0.0,0.0,0.0,0.0,0.0,0.0,0.0,0.0,0.0,0.0,0.0,0.0,0.0,1.5666946083252686
32.08153533935547,31.95844030380249,0.710420969349524,7.56583110279935,1.160204644551606,0.05044398484945057,-0.048604948922317884,0.035511584880735976,1.0000000000000007,0.02563920450197483,-0.02384089105613368,0.018356706150369727,0.999218331720083,0.0,0.0,0.0,0.0,0.0,0.0,0.0,0.0,0.0,0.0,0.0,0.0,0.0,0.0,0.0,0.0,0.0,0.0,0.0,0.0,0.0,0.0,0.0,0.0,0.0,0.0,0.0,0.0,0.0,0.0,0.0,0.0,0.0,0.0,0.0,0.0,2.0346639374867563
32.126014709472656,32.058549880981445,0.7295190828098665,7.494351578990783,1.1597492199602328,0.04749764451277768,-0.04591729996437009,0.038563037939545096,1.0000000000000007,0.024178405370584344,-0.02248817224518272,0.019814848145551484,0.9992582542144832,0.0,0.0,0.0,0.0,0.0,0.0,0.0,0.0,0.0,0.0,0.0,0.0,0.0,0.0,0.0,0.0,0.0,0.0,0.0,0.0,0.0,0.0,0.0,0.0,0.0,0.0,0.0,0.0,0.0,0.0,0.0,0.0,0.0,0.0,0.0,0.0,2.2094993191388044
32.25911498069763,32.15846109390259,0.7533565562082166,7.419602059256963,1.1623143442978146,0.04867567149413474,-0.043001954842120944,0.034746600775219384,1.0000000000000007,0.0246995214228401,-0.021067042453272254,0.01788638368471058,0.9993128592400077,0.0,0.0,0.0,0.0,0.0,0.0,0.0,0.0,0.0,0.0,0.0,0.0,0.0,0.0,0.0,0.0,0.0,0.0,0.0,0.0,0.0,0.0,0.0,0.0,0.0,0.0,0.0,0.0,0.0,0.0,0.0,0.0,0.0,0.0,0.0,0.0,1.9908335768460652
32.38029766082764,32.25887084007263,0.7731719595070087,7.337736756180335,1.159271158585734,0.04035472394974097,-0.0396107530215613,0.03954606981352537,1.0000000000000007,0.020559574312213513,-0.019397343612478433,0.02016333387786077,0.9993970616986081,0.0,0.0,0.0,0.0,0.0,0.0,0.0,0.0,0.0,0.0,0.0,0.0,0.0,0.0,0.0,0.0,0.0,0.0,0.0,0.0,0.0,0.0,0.0,0.0,0.0,0.0,0.0,0.0,0.0,0.0,0.0,0.0,0.0,0.0,0.0,0.0,2.26582289664471
32.44513511657715,32.35852122306824,0.7871328609342783,7.253155824836625,1.158561511361876,0.035966830354280624,-0.034653525923661936,0.042962531031011865,1.0000000000000007,0.018347691832079894,-0.01693289978098183,0.021784406727768737,0.9994508886048192,0.0,0.0,0.0,0.0,0.0,0.0,0.0,0.0,0.0,0.0,0.0,0.0,0.0,0.0,0.0,0.0,0.0,0.0,0.0,0.0,0.0,0.0,0.0,0.0,0.0,0.0,0.0,0.0,0.0,0.0,0.0,0.0,0.0,0.0,0.0,0.0,2.461571705276813
32.55484628677368,32.45869445800781,0.803785113048556,7.168681373889466,1.1622046690560726,0.033694034877853156,-0.032222063656598715,0.04184132088863867,1.0000000000000007,0.01717731469590541,-0.01575216115549106,0.021184790187796843,0.9995038839061455,0.0,0.0,0.0,0.0,0.0,0.0,0.0,0.0,0.0,0.0,0.0,0.0,0.0,0.0,0.0,0.0,0.0,0.0,0.0,0.0,0.0,0.0,0.0,0.0,0.0,0.0,0.0,0.0,0.0,0.0,0.0,0.0,0.0,0.0,0.0,0.0,2.397331096171567
32.67458629608154,32.55718517303467,0.8167046022600462,7.08233944683085,1.1630021719911168,0.028523364395088933,-0.030441470996858618,0.04472362282245358,1.0000000000000004,0.014596268824101498,-0.014895952377193369,0.022572087391334334,0.999527668656546,0.0,0.0,0.0,0.0,0.0,0.0,0.0,0.0,0.0,0.0,0.0,0.0,0.0,0.0,0.0,0.0,0.0,0.0,0.0,0.0,0.0,0.0,0.0,0.0,0.0,0.0,0.0,0.0,0.0,0.0,0.0,0.0,0.0,0.0,0.0,0.0,2.562474832261557
32.78116965293884,32.66116404533386,0.8229757090172913,6.98452989846347,1.1634016204115316,0.02313787402980647,-0.03250790102206585,0.048014398400834,1.0000000000000007,0.011953948694185238,-0.015969795750886955,0.02418809041802916,0.999508381663817,0.0,0.0,0.0,0.0,0.0,0.0,0.0,0.0,0.0,0.0,0.0,0.0,0.0,0.0,0.0,0.0,0.0,0.0,0.0,0.0,0.0,0.0,0.0,0.0,0.0,0.0,0.0,0.0,0.0,0.0,0.0,0.0,0.0,0.0,0.0,0.0,2.7510223842274772
32.83421087265015,32.756706953048706,0.832623881052865,6.892616303426756,1.164871141429125,0.02601006527117651,-0.03177945691520195,0.04397623192609445,1.0000000000000004,0.013349193939487936,-0.015597986681689963,0.022188291621673354,0.9995429863430368,0.0,0.0,0.0,0.0,0.0,0.0,0.0,0.0,0.0,0.0,0.0,0.0,0.0,0.0,0.0,0.0,0.0,0.0,0.0,0.0,0.0,0.0,0.0,0.0,0.0,0.0,0.0,0.0,0.0,0.0,0.0,0.0,0.0,0.0,0.0,0.0,2.519652488253679
32.95547127723694,32.85869860649109,0.8512911685450255,6.791132080862134,1.1657537864159682,0.025569714607889267,-0.03413713445279344,0.03663630130144316,1.0000000000000004,0.013093108563206118,-0.01682933897365878,0.018531127352455764,0.9996008909444358,0.0,0.0,0.0,0.0,0.0,0.0,0.0,0.0,0.0,0.0,0.0,0.0,0.0,0.0,0.0,0.0,0.0,0.0,0.0,0.0,0.0,0.0,0.0,0.0,0.0,0.0,0.0,0.0,0.0,0.0,0.0,0.0,0.0,0.0,0.0,0.0,2.099105441542338
33.04253315925598,32.95951700210571,0.8670357538960063,6.69484134886385,1.1658504815289503,0.02414933729110243,-0.03368019585583823,0.0382477014444326,1.0000000000000002,0.012392444844021161,-0.016604133778014927,0.01932186671499829,0.9995986172053852,0.0,0.0,0.0,0.0,0.0,0.0,0.0,0.0,0.0,0.0,0.0,0.0,0.0,0.0,0.0,0.0,0.0,0.0,0.0,0.0,0.0,0.0,0.0,0.0,0.0,0.0,0.0,0.0,0.0,0.0,0.0,0.0,0.0,0.0,0.0,0.0,2.19143186884241
33.13567924499512,33.05864691734314,0.8764705967560754,6.5996585566496835,1.1675709596945332,0.021099604580296714,-0.03480523288228093,0.03840955781205746,1.0000000000000002,0.010880221431272633,-0.017195001131326316,0.019383169701594573,0.9996050447301774,0.0,0.0,0.0,0.0,0.0,0.0,0.0,0.0,0.0,0.0,0.0,0.0,0.0,0.0,0.0,0.0,0.0,0.0,0.0,0.0,0.0,0.0,0.0,0.0,0.0,0.0,0.0,0.0,0.0,0.0,0.0,0.0,0.0,0.0,0.0,0.0,2.200705555594633
33.35726261138916,33.15975475311279,0.8814470181052697,6.504094336279372,1.1633717639276173,0.014619819093150988,-0.03438466870663149,0.03875662942361755,1.0000000000000002,0.00764050422070642,-0.017046177768350514,0.019499364154992836,0.9996353461719403,0.0,0.0,0.0,0.0,0.0,0.0,0.0,0.0,0.0,0.0,0.0,0.0,0.0,0.0,0.0,0.0,0.0,0.0,0.0,0.0,0.0,0.0,0.0,0.0,0.0,0.0,0.0,0.0,0.0,0.0,0.0,0.0,0.0,0.0,0.0,0.0,2.22059129412583
33.414833068847656,33.2586932182312,0.8891805009736812,6.405228139211294,1.1618528891473536,0.013265622773606621,-0.03447617112053588,0.030400952851120967,1.0000000000000002,0.006893009456219534,-0.017134059104131707,0.015311615754780232,0.9997121910141095,0.0,0.0,0.0,0.0,0.0,0.0,0.0,0.0,0.0,0.0,0.0,0.0,0.0,0.0,0.0,0.0,0.0,0.0,0.0,0.0,0.0,0.0,0.0,0.0,0.0,0.0,0.0,0.0,0.0,0.0,0.0,0.0,0.0,0.0,0.0,0.0,1.7418462915454382
33.440513134002686,33.35729932785034,0.8970624965317643,6.306820400622511,1.1631092200245352,0.015920867543372633,-0.0363418271907373,0.023961544581610057,1.0000000000000004,0.008176141836553992,-0.018072680863782515,0.012122756816625587,0.99972974732086,0.0,0.0,0.0,0.0,0.0,0.0,0.0,0.0,0.0,0.0,0.0,0.0,0.0,0.0,0.0,0.0,0.0,0.0,0.0,0.0,0.0,0.0,0.0,0.0,0.0,0.0,0.0,0.0,0.0,0.0,0.0,0.0,0.0,0.0,0.0,0.0,1.3728953751408222
33.55009484291077,33.45878338813782,0.9036853173914777,6.2059034588227355,1.1612045388613714,0.01561367998637232,-0.036855221750064865,0.01832697541266708,1.0000000000000007,0.007973951646672688,-0.01835370882947398,0.00930537025356805,0.9997564541185943,0.0,0.0,0.0,0.0,0.0,0.0,0.0,0.0,0.0,0.0,0.0,0.0,0.0,0.0,0.0,0.0,0.0,0.0,0.0,0.0,0.0,0.0,0.0,0.0,0.0,0.0,0.0,0.0,0.0,0.0,0.0,0.0,0.0,0.0,0.0,0.0,1.0500583423858538
33.65719413757324,33.558977365493774,0.9084496875463669,6.1051065369267095,1.1568625565665893,0.017963464414023005,-0.03821438376964019,0.017234498203333153,1.0000000000000007,0.009144271295385597,-0.019027167588174732,0.008786818554431917,0.9997385363262441,0.0,0.0,0.0,0.0,0.0,0.0,0.0,0.0,0.0,0.0,0.0,0.0,0.0,0.0,0.0,0.0,0.0,0.0,0.0,0.0,0.0,0.0,0.0,0.0,0.0,0.0,0.0,0.0,0.0,0.0,0.0,0.0,0.0,0.0,0.0,0.0,0.9874640090767898
33.74820828437805,33.65750479698181,0.9120585273611858,6.004665196459275,1.151934703635368,0.020500237404640614,-0.03651808685363871,0.012607238075533813,1.0000000000000007,0.010363111876480867,-0.0181921065003328,0.006489335421098206,0.9997597419875988,0.0,0.0,0.0,0.0,0.0,0.0,0.0,0.0,0.0,0.0,0.0,0.0,0.0,0.0,0.0,0.0,0.0,0.0,0.0,0.0,0.0,0.0,0.0,0.0,0.0,0.0,0.0,0.0,0.0,0.0,0.0,0.0,0.0,0.0,0.0,0.0,0.7223415330447217
33.837276458740234,33.758827447891235,0.9153497917750475,5.900568673021626,1.1492212409990654,0.01844822954397228,-0.03426037837751075,0.005612206745323961,1.0000000000000007,0.009270658954935137,-0.01710267563854546,0.002963568865983238,0.9998063665671078,0.0,0.0,0.0,0.0,0.0,0.0,0.0,0.0,0.0,0.0,0.0,0.0,0.0,0.0,0.0,0.0,0.0,0.0,0.0,0.0,0.0,0.0,0.0,0.0,0.0,0.0,0.0,0.0,0.0,0.0,0.0,0.0,0.0,0.0,0.0,0.0,0.321555760261915
33.92449736595154,33.85878872871399,0.9162484816766909,5.801108568969875,1.1468166586812085,0.019454911782329904,-0.03242567182135275,-0.0014761966598371228,1.0000000000000007,0.009714055847300566,-0.016218532974773485,-0.0005802661352905612,0.9998211137990413,0.0,0.0,0.0,0.0,0.0,0.0,0.0,0.0,0.0,0.0,0.0,0.0,0.0,0.0,0.0,0.0,0.0,0.0,0.0,0.0,0.0,0.0,0.0,0.0,0.0,0.0,0.0,0.0,0.0,0.0,0.0,0.0,0.0,0.0,0.0,0.0,-0.08457983833997637
34.02212929725647,33.9587926864624,0.9192722330362967,5.699312458831013,1.1434757908482582,0.02127259783728984,-0.03515634790169681,-0.003948767795284941,1.0000000000000007,0.010599732159160017,-0.017597236680974192,-0.0017870127301210495,0.9997873721571261,0.0,0.0,0.0,0.0,0.0,0.0,0.0,0.0,0.0,0.0,0.0,0.0,0.0,0.0,0.0,0.0,0.0,0.0,0.0,0.0,0.0,0.0,0.0,0.0,0.0,0.0,0.0,0.0,0.0,0.0,0.0,0.0,0.0,0.0,0.0,0.0,-0.22624772894700618
34.149495363235474,34.05887770652771,0.9189400679076224,5.598641772974531,1.1391839227475606,0.015488427130088883,-0.036924023544289516,-0.005084997994385225,1.0000000000000007,0.007695855869397321,-0.01848003584609861,-0.002399022994524277,0.9997967327243261,0.0,0.0,0.0,0.0,0.0,0.0,0.0,0.0,0.0,0.0,0.0,0.0,0.0,0.0,0.0,0.0,0.0,0.0,0.0,0.0,0.0,0.0,0.0,0.0,0.0,0.0,0.0,0.0,0.0,0.0,0.0,0.0,0.0,0.0,0.0,0.0,-0.29134892391076167
34.22710466384888,34.15880751609802,0.9184074406676873,5.49793373734327,1.136348316536932,0.014658391432877478,-0.036647512294225595,-0.012647738191627695,1.0000000000000007,0.0072118865271651,-0.018368212652610707,-0.00618830851948698,0.9997861282766114,0.0,0.0,0.0,0.0,0.0,0.0,0.0,0.0,0.0,0.0,0.0,0.0,0.0,0.0,0.0,0.0,0.0,0.0,0.0,0.0,0.0,0.0,0.0,0.0,0.0,0.0,0.0,0.0,0.0,0.0,0.0,0.0,0.0,0.0,0.0,0.0,-0.724662018766691
34.327882051467896,34.2589635848999,0.9183030894659538,5.398379160301371,1.1344139798326756,0.016453555117282394,-0.035890495581516794,-0.021536736183640416,1.0000000000000007,0.008031662887481177,-0.018031209069187225,-0.010618448434022957,0.9997487766652283,0.0,0.0,0.0,0.0,0.0,0.0,0.0,0.0,0.0,0.0,0.0,0.0,0.0,0.0,0.0,0.0,0.0,0.0,0.0,0.0,0.0,0.0,0.0,0.0,0.0,0.0,0.0,0.0,0.0,0.0,0.0,0.0,0.0,0.0,0.0,0.0,-1.2339640878092832
34.44749999046326,34.35895299911499,0.9208656904542828,5.296974036887344,1.1317585331235631,0.01246189713624494,-0.03750463396760866,-0.039783865679434954,1.0000000000000007,0.005855614110028704,-0.018871059172005825,-0.01976992381065354,0.9996092961860867,0.0,0.0,0.0,0.0,0.0,0.0,0.0,0.0,0.0,0.0,0.0,0.0,0.0,0.0,0.0,0.0,0.0,0.0,0.0,0.0,0.0,0.0,0.0,0.0,0.0,0.0,0.0,0.0,0.0,0.0,0.0,0.0,0.0,0.0,0.0,0.0,-2.279447596146988
34.5458619594574,34.458903312683105,0.9193918529803389,5.194519779890948,1.1277166353451114,0.014845942970462699,-0.03894779652766653,-0.05432134751369696,1.0000000000000007,0.006889947426013892,-0.01966649712603029,-0.027006946691181616,0.999418021823541,0.0,0.0,0.0,0.0,0.0,0.0,0.0,0.0,0.0,0.0,0.0,0.0,0.0,0.0,0.0,0.0,0.0,0.0,0.0,0.0,0.0,0.0,0.0,0.0,0.0,0.0,0.0,0.0,0.0,0.0,0.0,0.0,0.0,0.0,0.0,0.0,-3.1123839499983035
34.64413404464722,34.55907154083252,0.9157768215674781,5.0969306793433065,1.1255911996968004,0.02146285263871477,-0.04118081783294505,-0.0737983171355201,1.0000000000000007,0.009962143477092603,-0.02096955368280715,-0.03666004791411892,0.9990580936074848,0.0,0.0,0.0,0.0,0.0,0.0,0.0,0.0,0.0,0.0,0.0,0.0,0.0,0.0,0.0,0.0,0.0,0.0,0.0,0.0,0.0,0.0,0.0,0.0,0.0,0.0,0.0,0.0,0.0,0.0,0.0,0.0,0.0,0.0,0.0,0.0,-4.228332107033284
34.77974891662598,34.65897059440613,0.9116847101982436,4.995282936771856,1.1213507654889572,0.01424581033039739,-0.04273496574866337,-0.09404341981428346,1.0000000000000007,0.006109084287911471,-0.021676428017265475,-0.0468404444306722,0.9986484788568568,0.0,0.0,0.0,0.0,0.0,0.0,0.0,0.0,0.0,0.0,0.0,0.0,0.0,0.0,0.0,0.0,0.0,0.0,0.0,0.0,0.0,0.0,0.0,0.0,0.0,0.0,0.0,0.0,0.0,0.0,0.0,0.0,0.0,0.0,0.0,0.0,-5.388291046335422
34.84409427642822,34.75891160964966,0.9056282174519316,4.894644477151456,1.1162013705647236,0.00997128639705968,-0.04503748099251638,-0.11661733964598453,1.0000000000000007,0.003663721063358728,-0.022768757980466844,-0.058148066091668525,0.9980415638728667,0.0,0.0,0.0,0.0,0.0,0.0,0.0,0.0,0.0,0.0,0.0,0.0,0.0,0.0,0.0,0.0,0.0,0.0,0.0,0.0,0.0,0.0,0.0,0.0,0.0,0.0,0.0,0.0,0.0,0.0,0.0,0.0,0.0,0.0,0.0,0.0,-6.6816813797585635
34.94984793663025,34.8596465587616,0.898152490500535,4.795417027360523,1.1128188106197818,0.017251133131562273,-0.04242407907362859,-0.13857285782323614,1.0000000000000007,0.00713446228558427,-0.02175578544244786,-0.06903034563311146,0.9973517918114211,0.0,0.0,0.0,0.0,0.0,0.0,0.0,0.0,0.0,0.0,0.0,0.0,0.0,0.0,0.0,0.0,0.0,0.0,0.0,0.0,0.0,0.0,0.0,0.0,0.0,0.0,0.0,0.0,0.0,0.0,0.0,0.0,0.0,0.0,0.0,0.0,-7.939639908337843
35.035555362701416,34.959100008010864,0.8866350698232194,4.699516487761073,1.1099069918934967,0.01908411670128447,-0.035251567338554265,-0.1537242210916723,1.0000000000000007,0.00815897416428774,-0.018304610588848802,-0.07660335122171849,0.9968602203686234,0.0,0.0,0.0,0.0,0.0,0.0,0.0,0.0,0.0,0.0,0.0,0.0,0.0,0.0,0.0,0.0,0.0,0.0,0.0,0.0,0.0,0.0,0.0,0.0,0.0,0.0,0.0,0.0,0.0,0.0,0.0,0.0,0.0,0.0,0.0,0.0,-8.807749077488776
35.15437388420105,35.059595823287964,0.875752314288926,4.605472370435301,1.1076630233911824,0.02205196228090022,-0.02504743324143086,-0.1638499896226095,1.0000000000000007,0.00996314684834144,-0.01338283171000916,-0.08168437476472794,0.996518589108902,0.0,0.0,0.0,0.0,0.0,0.0,0.0,0.0,0.0,0.0,0.0,0.0,0.0,0.0,0.0,0.0,0.0,0.0,0.0,0.0,0.0,0.0,0.0,0.0,0.0,0.0,0.0,0.0,0.0,0.0,0.0,0.0,0.0,0.0,0.0,0.0,-9.38791287863786
35.22627520561218,35.15912866592407,0.8606650977505562,4.512786969718953,1.1045678849613558,0.02502284153104763,-0.013578156507771786,-0.16278912029636874,1.0000000000000007,0.011917449756025137,-0.00778320754391067,-0.08121182176630086,0.9965952217811608,0.0,0.0,0.0,0.0,0.0,0.0,0.0,0.0,0.0,0.0,0.0,0.0,0.0,0.0,0.0,0.0,0.0,0.0,0.0,0.0,0.0,0.0,0.0,0.0,0.0,0.0,0.0,0.0,0.0,0.0,0.0,0.0,0.0,0.0,0.0,0.0,-9.327129543629377
35.32872486114502,35.25899362564087,0.844474306725142,4.422234456354257,1.1010288847581,0.02238680282053807,-0.003911644399165626,-0.15446688834933223,1.0000000000000007,0.011008884061511823,-0.0028134945030303398,-0.07712987644290019,0.9969563033956432,0.0,0.0,0.0,0.0,0.0,0.0,0.0,0.0,0.0,0.0,0.0,0.0,0.0,0.0,0.0,0.0,0.0,0.0,0.0,0.0,0.0,0.0,0.0,0.0,0.0,0.0,0.0,0.0,0.0,0.0,0.0,0.0,0.0,0.0,0.0,0.0,-8.850300776935244
35.580087661743164,35.35902142524719,0.8295363114612608,4.3286304119684305,1.0997533299618965,0.0304147746701285,0.0040984155233548866,-0.14331874834546837,1.0000000000000007,0.015314444315583065,0.0009549356443918301,-0.07162071334574163,0.9973139071090247,0.0,0.0,0.0,0.0,0.0,0.0,0.0,0.0,0.0,0.0,0.0,0.0,0.0,0.0,0.0,0.0,0.0,0.0,0.0,0.0,0.0,0.0,0.0,0.0,0.0,0.0,0.0,0.0,0.0,0.0,0.0,0.0,0.0,0.0,0.0,0.0,-8.211559405292888
35.6440052986145,35.45904850959778,0.8145080717448195,4.234417737195786,1.1002572341725434,0.03126988080480151,0.011118538235961777,-0.12178111559735261,1.0000000000000004,0.015943342649699425,0.004596880978332502,-0.06093131376846696,0.9980040348179335,0.0,0.0,0.0,0.0,0.0,0.0,0.0,0.0,0.0,0.0,0.0,0.0,0.0,0.0,0.0,0.0,0.0,0.0,0.0,0.0,0.0,0.0,0.0,0.0,0.0,0.0,0.0,0.0,0.0,0.0,0.0,0.0,0.0,0.0,0.0,0.0,-6.977543948123106
35.69275951385498,35.555357217788696,0.8023018036346176,4.143562803634703,1.0990618357015065,0.0323007976907452,0.016127932935562386,-0.10330266667983388,1.0000000000000007,0.016543905230026947,0.007218319154462599,-0.051750013992067176,0.998496935959318,0.0,0.0,0.0,0.0,0.0,0.0,0.0,0.0,0.0,0.0,0.0,0.0,0.0,0.0,0.0,0.0,0.0,0.0,0.0,0.0,0.0,0.0,0.0,0.0,0.0,0.0,0.0,0.0,0.0,0.0,0.0,0.0,0.0,0.0,0.0,0.0,-5.918806813201198
35.755157232284546,35.65919899940491,0.7894181747158006,4.0402974079062295,1.0995697669848137,0.030143784054599693,0.016915133645058554,-0.08123679348755153,1.0000000000000004,0.015401747042035813,0.0078375476585628,-0.04072852437292541,0.9990207937461352,0.0,0.0,0.0,0.0,0.0,0.0,0.0,0.0,0.0,0.0,0.0,0.0,0.0,0.0,0.0,0.0,0.0,0.0,0.0,0.0,0.0,0.0,0.0,0.0,0.0,0.0,0.0,0.0,0.0,0.0,0.0,0.0,0.0,0.0,0.0,0.0,-4.654525408012554
35.84085130691528,35.75929570198059,0.778201454531662,3.9399762730480283,1.1019179337584761,0.031160335981986823,0.016795519653015543,-0.05821242593978431,1.0000000000000007,0.015816749692203296,0.007939704133800275,-0.029228321628866648,0.9994160778885853,0.0,0.0,0.0,0.0,0.0,0.0,0.0,0.0,0.0,0.0,0.0,0.0,0.0,0.0,0.0,0.0,0.0,0.0,0.0,0.0,0.0,0.0,0.0,0.0,0.0,0.0,0.0,0.0,0.0,0.0,0.0,0.0,0.0,0.0,0.0,0.0,-3.335326321567516
35.9355947971344,35.85954284667969,0.7693394671179167,3.8408805051896002,1.101722552472168,0.03359448691583774,0.014172407636611734,-0.040728479517331675,1.0000000000000004,0.016936822937554195,0.006741661026633293,-0.020478445920029696,0.999624092991003,0.0,0.0,0.0,0.0,0.0,0.0,0.0,0.0,0.0,0.0,0.0,0.0,0.0,0.0,0.0,0.0,0.0,0.0,0.0,0.0,0.0,0.0,0.0,0.0,0.0,0.0,0.0,0.0,0.0,0.0,0.0,0.0,0.0,0.0,0.0,0.0,-2.3335699823281253
36.05849099159241,35.95927619934082,0.7647200403087798,3.740584454767875,1.1014382858648586,0.03513654666988198,0.01390031386153733,-0.030443303704924415,1.0000000000000004,0.0176706818605109,0.006680835825061357,-0.015340428449105686,0.9997038484922733,0.0,0.0,0.0,0.0,0.0,0.0,0.0,0.0,0.0,0.0,0.0,0.0,0.0,0.0,0.0,0.0,0.0,0.0,0.0,0.0,0.0,0.0,0.0,0.0,0.0,0.0,0.0,0.0,0.0,0.0,0.0,0.0,0.0,0.0,0.0,0.0,-1.7442728167271515
36.128201484680176,36.059345960617065,0.7592698031733537,3.639041536378691,1.1036547982365963,0.039950451633330344,0.011219313696200814,-0.019358721396383907,1.0000000000000007,0.020026933459417272,0.005414917090780351,-0.009789167181999554,0.9997368517840063,0.0,0.0,0.0,0.0,0.0,0.0,0.0,0.0,0.0,0.0,0.0,0.0,0.0,0.0,0.0,0.0,0.0,0.0,0.0,0.0,0.0,0.0,0.0,0.0,0.0,0.0,0.0,0.0,0.0,0.0,0.0,0.0,0.0,0.0,0.0,0.0,-1.1091730327824014
36.22838544845581,36.15928912162781,0.7558053200686876,3.536950852209311,1.104865298298661,0.03910032397641303,0.00980658443471033,-0.009483988978414607,1.0000000000000004,0.019571708608844326,0.004809581051168195,-0.004836866129642284,0.9997851873669102,0.0,0.0,0.0,0.0,0.0,0.0,0.0,0.0,0.0,0.0,0.0,0.0,0.0,0.0,0.0,0.0,0.0,0.0,0.0,0.0,0.0,0.0,0.0,0.0,0.0,0.0,0.0,0.0,0.0,0.0,0.0,0.0,0.0,0.0,0.0,0.0,-0.5433925414117462
36.33421492576599,36.25918483734131,0.7548525600751648,3.4368000677226385,1.1044057701535115,0.03924749391073147,0.008029066802993316,-0.003569160291334052,1.0000000000000007,0.019629460975911995,0.003978725671637074,-0.0018629960130071303,0.9997976711563605,0.0,0.0,0.0,0.0,0.0,0.0,0.0,0.0,0.0,0.0,0.0,0.0,0.0,0.0,0.0,0.0,0.0,0.0,0.0,0.0,0.0,0.0,0.0,0.0,0.0,0.0,0.0,0.0,0.0,0.0,0.0,0.0,0.0,0.0,0.0,0.0,-0.2044978210991245
36.448824405670166,36.35942769050598,0.756443799465921,3.3335377683425405,1.1052080560060733,0.037650791887236856,0.003989018221605283,0.0011566458219986083,1.0000000000000007,0.01882309016878268,0.0020050405355278096,0.0005406740793482207,0.9998206733012126,0.0,0.0,0.0,0.0,0.0,0.0,0.0,0.0,0.0,0.0,0.0,0.0,0.0,0.0,0.0,0.0,0.0,0.0,0.0,0.0,0.0,0.0,0.0,0.0,0.0,0.0,0.0,0.0,0.0,0.0,0.0,0.0,0.0,0.0,0.0,0.0,0.06627092399196012
36.52599740028381,36.45919394493103,0.7588950407129332,3.2306998659637385,1.1054898487629987,0.03579630822700019,-0.0004065337590089646,0.007220353415283042,1.0000000000000007,0.017897815244819915,-0.00013862108931133945,0.0036132284425233786,0.9998332828896422,0.0,0.0,0.0,0.0,0.0,0.0,0.0,0.0,0.0,0.0,0.0,0.0,0.0,0.0,0.0,0.0,0.0,0.0,0.0,0.0,0.0,0.0,0.0,0.0,0.0,0.0,0.0,0.0,0.0,0.0,0.0,0.0,0.0,0.0,0.0,0.0,0.4136957772885881
36.63845419883728,36.55934476852417,0.7633808280374186,3.131293507966774,1.1048752842201617,0.031649900098818205,-0.0054544485446900845,0.013568613651573108,1.0000000000000004,0.015842366381205453,-0.002619461043685741,0.006826535426335749,0.9998477665451668,0.0,0.0,0.0,0.0,0.0,0.0,0.0,0.0,0.0,0.0,0.0,0.0,0.0,0.0,0.0,0.0,0.0,0.0,0.0,0.0,0.0,0.0,0.0,0.0,0.0,0.0,0.0,0.0,0.0,0.0,0.0,0.0,0.0,0.0,0.0,0.0,0.7774242960787316
36.75175857543945,36.65934348106384,0.7675745175715951,3.0285559753793816,1.1037942924207051,0.028345329554356914,-0.007935916636877318,0.023489267176844183,1.0000000000000007,0.01421769768075155,-0.003800833725677667,0.01179932228373516,0.9998220775364457,0.0,0.0,0.0,0.0,0.0,0.0,0.0,0.0,0.0,0.0,0.0,0.0,0.0,0.0,0.0,0.0,0.0,0.0,0.0,0.0,0.0,0.0,0.0,0.0,0.0,0.0,0.0,0.0,0.0,0.0,0.0,0.0,0.0,0.0,0.0,0.0,1.345835873088346
36.851003885269165,36.75852608680725,0.7720596624846753,2.9295002341269045,1.100543403167713,0.026161706083252256,-0.011921267058177842,0.035643620477972045,1.0000000000000007,0.013184384375652248,-0.0057260404465503244,0.017896980757110444,0.9997365065602138,0.0,0.0,0.0,0.0,0.0,0.0,0.0,0.0,0.0,0.0,0.0,0.0,0.0,0.0,0.0,0.0,0.0,0.0,0.0,0.0,0.0,0.0,0.0,0.0,0.0,0.0,0.0,0.0,0.0,0.0,0.0,0.0,0.0,0.0,0.0,0.0,2.042229019953872
36.91538381576538,36.8582603931427,0.7778673949553979,2.8266026270273357,1.0996662810843671,0.025951175172405666,-0.01538696815959523,0.04920703141123196,1.0000000000000007,0.013160162492843441,-0.007371237854597756,0.02469802808239582,0.9995811534760425,0.0,0.0,0.0,0.0,0.0,0.0,0.0,0.0,0.0,0.0,0.0,0.0,0.0,0.0,0.0,0.0,0.0,0.0,0.0,0.0,0.0,0.0,0.0,0.0,0.0,0.0,0.0,0.0,0.0,0.0,0.0,0.0,0.0,0.0,0.0,0.0,2.8193552222312626
37.03766965866089,36.95938420295715,0.7853925335067425,2.7230484144458966,1.0996194333230096,0.022794321742388487,-0.01467240168447704,0.057763660212846124,1.0000000000000007,0.011603692268075354,-0.007003490112591657,0.028958736789189466,0.9994887178030408,0.0,0.0,0.0,0.0,0.0,0.0,0.0,0.0,0.0,0.0,0.0,0.0,0.0,0.0,0.0,0.0,0.0,0.0,0.0,0.0,0.0,0.0,0.0,0.0,0.0,0.0,0.0,0.0,0.0,0.0,0.0,0.0,0.0,0.0,0.0,0.0,3.3096139394238375
37.135252237319946,37.0593318939209,0.7929466403406578,2.6240883498170966,1.1004661224464725,0.02295153145606363,-0.015412985190486157,0.06457166544669132,1.0000000000000007,0.011717941353439865,-0.0073314718458202454,0.0323655290112684,0.999380514070008,0.0,0.0,0.0,0.0,0.0,0.0,0.0,0.0,0.0,0.0,0.0,0.0,0.0,0.0,0.0,0.0,0.0,0.0,0.0,0.0,0.0,0.0,0.0,0.0,0.0,0.0,0.0,0.0,0.0,0.0,0.0,0.0,0.0,0.0,0.0,0.0,3.6996839062261424
37.25862002372742,37.15931463241577,0.7999104612125902,2.530057115405666,1.100417333821592,0.027298403432194376,-0.017442440904800235,0.06639871963617137,1.0000000000000007,0.013930193121591765,-0.008262462007374847,0.033307874220161605,0.999313898110152,0.0,0.0,0.0,0.0,0.0,0.0,0.0,0.0,0.0,0.0,0.0,0.0,0.0,0.0,0.0,0.0,0.0,0.0,0.0,0.0,0.0,0.0,0.0,0.0,0.0,0.0,0.0,0.0,0.0,0.0,0.0,0.0,0.0,0.0,0.0,0.0,3.8043664002250446
37.33039665222168,37.25948739051819,0.8066384938247174,2.435353900260084,1.1013115554107429,0.027766728193176403,-0.024529812151198194,0.06656360986502442,1.0000000000000007,0.014282259603570829,-0.011794696746486602,0.03344012576559869,0.9992690629545463,0.0,0.0,0.0,0.0,0.0,0.0,0.0,0.0,0.0,0.0,0.0,0.0,0.0,0.0,0.0,0.0,0.0,0.0,0.0,0.0,0.0,0.0,0.0,0.0,0.0,0.0,0.0,0.0,0.0,0.0,0.0,0.0,0.0,0.0,0.0,0.0,3.813813914421271
37.44874310493469,37.358201026916504,0.8146729268212282,2.3369449537198834,1.1030047888367074,0.026696483706517903,-0.02978487591300991,0.06418446879023129,1.0000000000000009,0.0138172824684675,-0.014454652322412661,0.032278981964027606,0.9992788464962082,0.0,0.0,0.0,0.0,0.0,0.0,0.0,0.0,0.0,0.0,0.0,0.0,0.0,0.0,0.0,0.0,0.0,0.0,0.0,0.0,0.0,0.0,0.0,0.0,0.0,0.0,0.0,0.0,0.0,0.0,0.0,0.0,0.0,0.0,0.0,0.0,3.677499171969406
37.54952049255371,37.458404541015625,0.823050709039265,2.2441824783988706,1.104017526050527,0.027821976440511355,-0.03363642458792015,0.057584886419526006,1.0000000000000009,0.014386908403909965,-0.016408416116091916,0.0290154511978003,0.999340724847601,0.0,0.0,0.0,0.0,0.0,0.0,0.0,0.0,0.0,0.0,0.0,0.0,0.0,0.0,0.0,0.0,0.0,0.0,0.0,0.0,0.0,0.0,0.0,0.0,0.0,0.0,0.0,0.0,0.0,0.0,0.0,0.0,0.0,0.0,0.0,0.0,3.2993709555790507
37.635130405426025,37.55826950073242,0.830584484446534,2.1456949192558543,1.1045546908437707,0.02889465000330506,-0.03350141212012823,0.046172894798699564,1.0000000000000009,0.01482756793467579,-0.016410262249912683,0.023320668071781323,0.9994833630244775,0.0,0.0,0.0,0.0,0.0,0.0,0.0,0.0,0.0,0.0,0.0,0.0,0.0,0.0,0.0,0.0,0.0,0.0,0.0,0.0,0.0,0.0,0.0,0.0,0.0,0.0,0.0,0.0,0.0,0.0,0.0,0.0,0.0,0.0,0.0,0.0,2.645511999867036
37.74594449996948,37.659443616867065,0.8362625425814728,2.051653734577842,1.1038782356547896,0.03133948610167781,-0.0350667966368902,0.03340985723944506,1.0000000000000009,0.015957337065923043,-0.017266202822716657,0.01697421394789918,0.9995794704247893,0.0,0.0,0.0,0.0,0.0,0.0,0.0,0.0,0.0,0.0,0.0,0.0,0.0,0.0,0.0,0.0,0.0,0.0,0.0,0.0,0.0,0.0,0.0,0.0,0.0,0.0,0.0,0.0,0.0,0.0,0.0,0.0,0.0,0.0,0.0,0.0,1.9142438139548015
37.82740831375122,37.75835108757019,0.843737059829167,1.9580501185328982,1.1016297419151908,0.03418496110180868,-0.03684146281442679,0.02108055251428854,1.0000000000000009,0.017281915992024447,-0.018235859216692706,0.010851558905372517,0.9996254460984867,0.0,0.0,0.0,0.0,0.0,0.0,0.0,0.0,0.0,0.0,0.0,0.0,0.0,0.0,0.0,0.0,0.0,0.0,0.0,0.0,0.0,0.0,0.0,0.0,0.0,0.0,0.0,0.0,0.0,0.0,0.0,0.0,0.0,0.0,0.0,0.0,1.2078266888726295
37.93259024620056,37.857799768447876,0.8480301030894357,1.8595805828559326,1.0998362440695624,0.03604095323935354,-0.03506566045380167,0.009978892187451292,1.0000000000000009,0.018103967591807827,-0.017438974085299166,0.005303761295134236,0.9996699448600088,0.0,0.0,0.0,0.0,0.0,0.0,0.0,0.0,0.0,0.0,0.0,0.0,0.0,0.0,0.0,0.0,0.0,0.0,0.0,0.0,0.0,0.0,0.0,0.0,0.0,0.0,0.0,0.0,0.0,0.0,0.0,0.0,0.0,0.0,0.0,0.0,0.571748406557029
38.06075882911682,37.959521532058716,0.8522119132886941,1.760136476381651,1.0977451962089064,0.03127248802044145,-0.030657141082276643,-0.0026621685574519547,1.0000000000000009,0.015613355816831757,-0.015346892804581966,-0.0010911029074879028,0.9997597238816079,0.0,0.0,0.0,0.0,0.0,0.0,0.0,0.0,0.0,0.0,0.0,0.0,0.0,0.0,0.0,0.0,0.0,0.0,0.0,0.0,0.0,0.0,0.0,0.0,0.0,0.0,0.0,0.0,0.0,0.0,0.0,0.0,0.0,0.0,0.0,0.0,-0.15253102269442764
38.135870695114136,38.05839943885803,0.8543776414166574,1.665584133768783,1.0942750200087796,0.03170712921339698,-0.026279575295704783,-0.01285917392109748,1.000000000000001,0.015766734582527683,-0.013239404926863175,-0.006219886279533662,0.9997686938749675,0.0,0.0,0.0,0.0,0.0,0.0,0.0,0.0,0.0,0.0,0.0,0.0,0.0,0.0,0.0,0.0,0.0,0.0,0.0,0.0,0.0,0.0,0.0,0.0,0.0,0.0,0.0,0.0,0.0,0.0,0.0,0.0,0.0,0.0,0.0,0.0,-0.7367763937035794
38.238184690475464,38.158305168151855,0.8560489015702353,1.568829253209915,1.0920861453420931,0.034108968715670394,-0.02406663341120465,-0.024836940080564775,1.000000000000001,0.016901701875154624,-0.012242108259628737,-0.01221025472571299,0.9997076437332159,0.0,0.0,0.0,0.0,0.0,0.0,0.0,0.0,0.0,0.0,0.0,0.0,0.0,0.0,0.0,0.0,0.0,0.0,0.0,0.0,0.0,0.0,0.0,0.0,0.0,0.0,0.0,0.0,0.0,0.0,0.0,0.0,0.0,0.0,0.0,0.0,-1.4230518426356764
38.31220030784607,38.25799202919006,0.8571225529292616,1.4712394755296458,1.0910981606513896,0.032860020174467965,-0.025234727971537304,-0.033840187437592414,1.000000000000001,0.01621216932190361,-0.01289146993547834,-0.016708397323478917,0.9996458397991078,0.0,0.0,0.0,0.0,0.0,0.0,0.0,0.0,0.0,0.0,0.0,0.0,0.0,0.0,0.0,0.0,0.0,0.0,0.0,0.0,0.0,0.0,0.0,0.0,0.0,0.0,0.0,0.0,0.0,0.0,0.0,0.0,0.0,0.0,0.0,0.0,-1.9388999181056732
38.42272901535034,38.35757112503052,0.8569835687120683,1.371009200403716,1.0902695066187773,0.03333230345417773,-0.025604150726742127,-0.04020498453831076,1.000000000000001,0.016403354094829303,-0.013132327258958437,-0.019883397284375683,0.9995814736516665,0.0,0.0,0.0,0.0,0.0,0.0,0.0,0.0,0.0,0.0,0.0,0.0,0.0,0.0,0.0,0.0,0.0,0.0,0.0,0.0,0.0,0.0,0.0,0.0,0.0,0.0,0.0,0.0,0.0,0.0,0.0,0.0,0.0,0.0,0.0,0.0,-2.3035759294339373
38.52426052093506,38.4582245349884,0.8584578701810793,1.2699813124784303,1.0875551095655074,0.02795779573509075,-0.025116131042222652,-0.04747953605754899,1.000000000000001,0.013675341316032368,-0.0128847580551901,-0.02355785931630346,0.999545894551213,0.0,0.0,0.0,0.0,0.0,0.0,0.0,0.0,0.0,0.0,0.0,0.0,0.0,0.0,0.0,0.0,0.0,0.0,0.0,0.0,0.0,0.0,0.0,0.0,0.0,0.0,0.0,0.0,0.0,0.0,0.0,0.0,0.0,0.0,0.0,0.0,-2.7203770293367686
38.645800828933716,38.558019161224365,0.8582307023784855,1.1675001726954493,1.0851818008550516,0.022421502747874255,-0.023571362819507183,-0.055362615824252955,1.0000000000000009,0.010879270124184727,-0.012090413816542505,-0.027542041613635212,0.9994883187506819,0.0,0.0,0.0,0.0,0.0,0.0,0.0,0.0,0.0,0.0,0.0,0.0,0.0,0.0,0.0,0.0,0.0,0.0,0.0,0.0,0.0,0.0,0.0,0.0,0.0,0.0,0.0,0.0,0.0,0.0,0.0,0.0,0.0,0.0,0.0,0.0,-3.1720442295338795
38.72665572166443,38.6578164100647,0.8575340707859265,1.0683045770232253,1.0836514649693172,0.0244041804876929,-0.020644060895753023,-0.06418918412174973,1.000000000000001,0.011863660062799543,-0.010707286832558274,-0.031959104141416395,0.9993614077204902,0.0,0.0,0.0,0.0,0.0,0.0,0.0,0.0,0.0,0.0,0.0,0.0,0.0,0.0,0.0,0.0,0.0,0.0,0.0,0.0,0.0,0.0,0.0,0.0,0.0,0.0,0.0,0.0,0.0,0.0,0.0,0.0,0.0,0.0,0.0,0.0,-3.6777693405644176
38.814871072769165,38.75771880149841,0.8570093200777644,0.9678072227558376,1.08133049635289,0.017290195306161747,-0.02049269962496686,-0.07062134329323147,1.0000000000000009,0.008277437064787596,-0.01054458180461192,-0.03521163910543778,0.9992899660767713,0.0,0.0,0.0,0.0,0.0,0.0,0.0,0.0,0.0,0.0,0.0,0.0,0.0,0.0,0.0,0.0,0.0,0.0,0.0,0.0,0.0,0.0,0.0,0.0,0.0,0.0,0.0,0.0,0.0,0.0,0.0,0.0,0.0,0.0,0.0,0.0,-4.046304914246686
38.942278146743774,38.85887002944946,0.8566053375434987,0.8652904037962661,1.0807017145319144,-0.003455899116847463,-0.017653861748194537,-0.0738113608779594,1.000000000000001,-0.0020523900333266547,-0.00875703840926123,-0.036911052645947566,0.9992780774969598,0.0,0.0,0.0,0.0,0.0,0.0,0.0,0.0,0.0,0.0,0.0,0.0,0.0,0.0,0.0,0.0,0.0,0.0,0.0,0.0,0.0,0.0,0.0,0.0,0.0,0.0,0.0,0.0,0.0,0.0,0.0,0.0,0.0,0.0,0.0,0.0,-4.2290794584241125
39.0143027305603,38.95849657058716,0.8549294255510463,0.7689237522583344,1.0814757904767747,-0.02228482998785632,-0.015576418585033351,-0.07779028481447377,1.000000000000001,-0.01143624498080535,-0.00734850269636334,-0.038968454247135166,0.9991479727159795,0.0,0.0,0.0,0.0,0.0,0.0,0.0,0.0,0.0,0.0,0.0,0.0,0.0,0.0,0.0,0.0,0.0,0.0,0.0,0.0,0.0,0.0,0.0,0.0,0.0,0.0,0.0,0.0,0.0,0.0,0.0,0.0,0.0,0.0,0.0,0.0,-4.457055006989965
39.127997159957886,39.05846858024597,0.8527052873707873,0.6761915219324903,1.0822417887884312,-0.04060873782627935,-0.01856030861833757,-0.08574884967947187,1.000000000000001,-0.020681114278217342,-0.008399407779193334,-0.043038849423341775,0.9988240079721188,0.0,0.0,0.0,0.0,0.0,0.0,0.0,0.0,0.0,0.0,0.0,0.0,0.0,0.0,0.0,0.0,0.0,0.0,0.0,0.0,0.0,0.0,0.0,0.0,0.0,0.0,0.0,0.0,0.0,0.0,0.0,0.0,0.0,0.0,0.0,0.0,-4.91304718473546
39.21428823471069,39.158560276031494,0.8507796048504933,0.5886938709226732,1.0832174673665258,-0.05589524940038364,-0.02449004485927368,-0.09466882709111253,1.0000000000000009,-0.02848974881972033,-0.010904106020053322,-0.04763649908904,0.9983988174265005,0.0,0.0,0.0,0.0,0.0,0.0,0.0,0.0,0.0,0.0,0.0,0.0,0.0,0.0,0.0,0.0,0.0,0.0,0.0,0.0,0.0,0.0,0.0,0.0,0.0,0.0,0.0,0.0,0.0,0.0,0.0,0.0,0.0,0.0,0.0,0.0,-5.424124243774498
39.31820821762085,39.25812101364136,0.8481102518151107,0.5086907690264487,1.085599425936112,-0.06367485529758449,-0.029552371654655595,-0.10648585502209378,1.000000000000001,-0.03256939975663054,-0.013053386868590597,-0.05365467245316715,0.9979428938645224,0.0,0.0,0.0,0.0,0.0,0.0,0.0,0.0,0.0,0.0,0.0,0.0,0.0,0.0,0.0,0.0,0.0,0.0,0.0,0.0,0.0,0.0,0.0,0.0,0.0,0.0,0.0,0.0,0.0,0.0,0.0,0.0,0.0,0.0,0.0,0.0,-6.1011900706079345
39.413793325424194,39.35768103599548,0.8442836081140698,0.4379178686818134,1.088139691681066,-0.06840141782583924,-0.029316230093153275,-0.11567007500985138,1.000000000000001,-0.03497995723783364,-0.012648226646211607,-0.05826315679825575,0.9976080540544215,0.0,0.0,0.0,0.0,0.0,0.0,0.0,0.0,0.0,0.0,0.0,0.0,0.0,0.0,0.0,0.0,0.0,0.0,0.0,0.0,0.0,0.0,0.0,0.0,0.0,0.0,0.0,0.0,0.0,0.0,0.0,0.0,0.0,0.0,0.0,0.0,-6.627407114026139
39.52615189552307,39.45860242843628,0.839967127132582,0.3740924126962854,1.0902231002034748,-0.06703126193828286,-0.028897862745492175,-0.12065618386065609,1.000000000000001,-0.034315533658114857,-0.012393926154746824,-0.06073463214981214,0.9974869117947658,0.0,0.0,0.0,0.0,0.0,0.0,0.0,0.0,0.0,0.0,0.0,0.0,0.0,0.0,0.0,0.0,0.0,0.0,0.0,0.0,0.0,0.0,0.0,0.0,0.0,0.0,0.0,0.0,0.0,0.0,0.0,0.0,0.0,0.0,0.0,0.0,-6.913090107370073
39.635470151901245,39.5584671497345,0.8365819858564032,0.3213478140158987,1.0928529439835752,-0.0559331243719917,-0.02500240523284542,-0.12096778063954523,1.000000000000001,-0.028664948227818034,-0.01078299571510456,-0.06076758224293611,0.9976819877570483,0.0,0.0,0.0,0.0,0.0,0.0,0.0,0.0,0.0,0.0,0.0,0.0,0.0,0.0,0.0,0.0,0.0,0.0,0.0,0.0,0.0,0.0,0.0,0.0,0.0,0.0,0.0,0.0,0.0,0.0,0.0,0.0,0.0,0.0,0.0,0.0,-6.930943287710292
39.74241042137146,39.658058404922485,0.8316647187137355,0.2730632461178264,1.0947346569547398,-0.04303857683498914,-0.018987115253250957,-0.11879389163272441,1.0000000000000013,-0.022042131618450325,-0.008197207009945053,-0.05954952354670857,0.9979482974965757,0.0,0.0,0.0,0.0,0.0,0.0,0.0,0.0,0.0,0.0,0.0,0.0,0.0,0.0,0.0,0.0,0.0,0.0,0.0,0.0,0.0,0.0,0.0,0.0,0.0,0.0,0.0,0.0,0.0,0.0,0.0,0.0,0.0,0.0,0.0,0.0,-6.806388622489573
39.81872510910034,39.757991790771484,0.8264475896529166,0.2317248278768733,1.096191995580245,-0.03455942196688481,-0.01738213522995833,-0.11188049325372867,1.0000000000000013,-0.017737019399769537,-0.007710025283884654,-0.05605055204601215,0.9982405968844756,0.0,0.0,0.0,0.0,0.0,0.0,0.0,0.0,0.0,0.0,0.0,0.0,0.0,0.0,0.0,0.0,0.0,0.0,0.0,0.0,0.0,0.0,0.0,0.0,0.0,0.0,0.0,0.0,0.0,0.0,0.0,0.0,0.0,0.0,0.0,0.0,-6.410280073280532
39.94015955924988,39.85778307914734,0.8221885685616483,0.1966655520342679,1.0981600212253266,-0.030932730619517564,-0.018418505938586106,-0.10343878039151988,1.0000000000000013,-0.015920434703828822,-0.008396220229676175,-0.05183019659631783,0.9984937025166888,0.0,0.0,0.0,0.0,0.0,0.0,0.0,0.0,0.0,0.0,0.0,0.0,0.0,0.0,0.0,0.0,0.0,0.0,0.0,0.0,0.0,0.0,0.0,0.0,0.0,0.0,0.0,0.0,0.0,0.0,0.0,0.0,0.0,0.0,0.0,0.0,-5.9266055544146665
40.018707036972046,39.958590507507324,0.8183260243760633,0.1662876396824407,1.0992298345246734,-0.023011217257825574,-0.015330017345324048,-0.092947120439934,1.0000000000000016,-0.011848659787307684,-0.007121664345182096,-0.046540486172952526,0.9988207418275751,0.0,0.0,0.0,0.0,0.0,0.0,0.0,0.0,0.0,0.0,0.0,0.0,0.0,0.0,0.0,0.0,0.0,0.0,0.0,0.0,0.0,0.0,0.0,0.0,0.0,0.0,0.0,0.0,0.0,0.0,0.0,0.0,0.0,0.0,0.0,0.0,-5.3254777191023654
40.12200355529785,40.058783769607544,0.8132037231148764,0.13771981692748247,1.0990218100243043,-0.013655799756273061,-0.014877013065569359,-0.08395282086349767,1.0000000000000013,-0.007133783541126796,-0.007145195913058265,-0.04201268897183359,0.9990660585132052,0.0,0.0,0.0,0.0,0.0,0.0,0.0,0.0,0.0,0.0,0.0,0.0,0.0,0.0,0.0,0.0,0.0,0.0,0.0,0.0,0.0,0.0,0.0,0.0,0.0,0.0,0.0,0.0,0.0,0.0,0.0,0.0,0.0,0.0,0.0,0.0,-4.81014231369626
40.212641954422,40.15828561782837,0.8089185963866711,0.11048457711059256,1.0992952389455113,-0.011437127128839845,-0.0147712667437496,-0.07840360900363395,1.0000000000000013,-0.006003431685760995,-0.007155658022755916,-0.039232256948880835,0.9991864617682505,0.0,0.0,0.0,0.0,0.0,0.0,0.0,0.0,0.0,0.0,0.0,0.0,0.0,0.0,0.0,0.0,0.0,0.0,0.0,0.0,0.0,0.0,0.0,0.0,0.0,0.0,0.0,0.0,0.0,0.0,0.0,0.0,0.0,0.0,0.0,0.0,-4.492195894502127
40.32320523262024,40.25824427604675,0.805022863152061,0.0871824628196955,1.0989870217503548,-0.010527416980765347,-0.014072845863559403,-0.07350875619208644,1.0000000000000016,-0.005518554462443039,-0.006838100239270768,-0.036781696981171466,0.9992846905206499,0.0,0.0,0.0,0.0,0.0,0.0,0.0,0.0,0.0,0.0,0.0,0.0,0.0,0.0,0.0,0.0,0.0,0.0,0.0,0.0,0.0,0.0,0.0,0.0,0.0,0.0,0.0,0.0,0.0,0.0,0.0,0.0,0.0,0.0,0.0,0.0,-4.211741487062709
40.42522883415222,40.35798716545105,0.8014686383089626,0.06829721852239398,1.0993864195424363,-0.007220202550649515,-0.010052843839771928,-0.06658432942420718,1.0000000000000016,-0.003775355143989609,-0.0049034186180391655,-0.03330351339196238,0.9994261249212708,0.0,0.0,0.0,0.0,0.0,0.0,0.0,0.0,0.0,0.0,0.0,0.0,0.0,0.0,0.0,0.0,0.0,0.0,0.0,0.0,0.0,0.0,0.0,0.0,0.0,0.0,0.0,0.0,0.0,0.0,0.0,0.0,0.0,0.0,0.0,0.0,-3.8150010577158144
40.51897859573364,40.457956314086914,0.7985304486551447,0.050908934188841806,1.098930022952421,-0.002449329190324335,-0.006598859402386728,-0.057512055724913816,1.0000000000000016,-0.0013190164913658474,-0.0032628457382852076,-0.028755925876631682,0.9995802672923093,0.0,0.0,0.0,0.0,0.0,0.0,0.0,0.0,0.0,0.0,0.0,0.0,0.0,0.0,0.0,0.0,0.0,0.0,0.0,0.0,0.0,0.0,0.0,0.0,0.0,0.0,0.0,0.0,0.0,0.0,0.0,0.0,0.0,0.0,0.0,0.0,-3.295198064158766
40.627867460250854,40.558252573013306,0.7950603424235012,0.034486028585951095,1.0987162270904212,-0.0007675131992073275,-0.006944000800711286,-0.04422859489286072,1.0000000000000016,-0.0004604348766087958,-0.0034626584635484414,-0.02211369218566812,0.9997493598967743,0.0,0.0,0.0,0.0,0.0,0.0,0.0,0.0,0.0,0.0,0.0,0.0,0.0,0.0,0.0,0.0,0.0,0.0,0.0,0.0,0.0,0.0,0.0,0.0,0.0,0.0,0.0,0.0,0.0,0.0,0.0,0.0,0.0,0.0,0.0,0.0,-2.5341118211547866
40.72556185722351,40.658198833465576,0.7935192673961122,0.01923338690696158,1.0988827134913763,0.002190900326604975,-0.006846065340529771,-0.02881889194629779,1.0000000000000016,0.001046007632212699,-0.003438452761083452,-0.014405104908745615,0.9998897818575878,0.0,0.0,0.0,0.0,0.0,0.0,0.0,0.0,0.0,0.0,0.0,0.0,0.0,0.0,0.0,0.0,0.0,0.0,0.0,0.0,0.0,0.0,0.0,0.0,0.0,0.0,0.0,0.0,0.0,0.0,0.0,0.0,0.0,0.0,0.0,0.0,-1.651200878766422
40.837140798568726,40.75794744491577,0.7940438355488878,0.003828670258877433,1.09903884044325,0.005652408096266488,-0.005300231461101872,-0.014284724912671,1.0000000000000016,0.002807190446606337,-0.0026702199540711968,-0.007134758567718796,0.9999670418705694,0.0,0.0,0.0,0.0,0.0,0.0,0.0,0.0,0.0,0.0,0.0,0.0,0.0,0.0,0.0,0.0,0.0,0.0,0.0,0.0,0.0,0.0,0.0,0.0,0.0,0.0,0.0,0.0,0.0,0.0,0.0,0.0,0.0,0.0,0.0,0.0,-0.8184544490014317
40.92486786842346,40.85747694969177,0.7964244354677773,-0.010167931367869238,1.0995029720456,0.006528894392770666,-0.00808639514291789,0.0022423058380266433,1.0000000000000018,0.003268945669438629,-0.004039502563735031,0.0011343362836409054,0.9999858547471794,0.0,0.0,0.0,0.0,0.0,0.0,0.0,0.0,0.0,0.0,0.0,0.0,0.0,0.0,0.0,0.0,0.0,0.0,0.0,0.0,0.0,0.0,0.0,0.0,0.0,0.0,0.0,0.0,0.0,0.0,0.0,0.0,0.0,0.0,0.0,0.0,0.12847466089647183
41.035359382629395,40.9564266204834,0.8014595917301554,-0.022135792379707645,1.1009689129785885,0.00911458779122986,-0.010848650457706138,0.0216114767870766,1.0000000000000018,0.004615556821859972,-0.005374682552938444,0.010829975527642812,0.9999162570199335,0.0,0.0,0.0,0.0,0.0,0.0,0.0,0.0,0.0,0.0,0.0,0.0,0.0,0.0,0.0,0.0,0.0,0.0,0.0,0.0,0.0,0.0,0.0,0.0,0.0,0.0,0.0,0.0,0.0,0.0,0.0,0.0,0.0,0.0,0.0,0.0,1.2382464089444376
41.120251178741455,41.058408975601196,0.8067499840842758,-0.036564897210161255,1.1029302086264443,0.008490074050920275,-0.013768421704491258,0.03935215004387853,1.0000000000000018,0.004379545224320952,-0.006799243862408814,0.01970337972446924,0.9997731576182491,0.0,0.0,0.0,0.0,0.0,0.0,0.0,0.0,0.0,0.0,0.0,0.0,0.0,0.0,0.0,0.0,0.0,0.0,0.0,0.0,0.0,0.0,0.0,0.0,0.0,0.0,0.0,0.0,0.0,0.0,0.0,0.0,0.0,0.0,0.0,0.0,2.254712112279797
41.23555779457092,41.15841317176819,0.8140117470752355,-0.05240083433153057,1.1041735612345394,0.005946615898080214,-0.0188566059290968,0.05664297792404137,1.0000000000000018,0.0032389618427661245,-0.009340147292976157,0.028344340742117415,0.999549333010945,0.0,0.0,0.0,0.0,0.0,0.0,0.0,0.0,0.0,0.0,0.0,0.0,0.0,0.0,0.0,0.0,0.0,0.0,0.0,0.0,0.0,0.0,0.0,0.0,0.0,0.0,0.0,0.0,0.0,0.0,0.0,0.0,0.0,0.0,0.0,0.0,3.245403574100264
41.31787824630737,41.2581422328949,0.8214686687131947,-0.06974024718757044,1.1054687219297845,-0.0009264348113932054,-0.022419529713414803,0.0717937225519667,1.0000000000000018,-6.058939838409156e-05,-0.011218930884974386,0.03588170459017163,0.9992930677205913,0.0,0.0,0.0,0.0,0.0,0.0,0.0,0.0,0.0,0.0,0.0,0.0,0.0,0.0,0.0,0.0,0.0,0.0,0.0,0.0,0.0,0.0,0.0,0.0,0.0,0.0,0.0,0.0,0.0,0.0,0.0,0.0,0.0,0.0,0.0,0.0,4.11347729776089
41.43787217140198,41.358020544052124,0.8280138659862389,-0.08439454358118582,1.1067908266401303,-0.008341834657061044,-0.02265482878746765,0.084897572971077,1.0000000000000018,-0.003686204537637933,-0.011493855383926105,0.04238574599873017,0.9990284038607986,0.0,0.0,0.0,0.0,0.0,0.0,0.0,0.0,0.0,0.0,0.0,0.0,0.0,0.0,0.0,0.0,0.0,0.0,0.0,0.0,0.0,0.0,0.0,0.0,0.0,0.0,0.0,0.0,0.0,0.0,0.0,0.0,0.0,0.0,0.0,0.0,4.864272622146645
41.51727247238159,41.45832681655884,0.8353104345058671,-0.09929663566181385,1.1091913927204926,-0.01750702067733928,-0.021353344404246608,0.08947235575923204,1.0000000000000018,-0.008266695567260328,-0.011056819651563219,0.044623633395402575,0.9989084741988064,0.0,0.0,0.0,0.0,0.0,0.0,0.0,0.0,0.0,0.0,0.0,0.0,0.0,0.0,0.0,0.0,0.0,0.0,0.0,0.0,0.0,0.0,0.0,0.0,0.0,0.0,0.0,0.0,0.0,0.0,0.0,0.0,0.0,0.0,0.0,0.0,5.126388368097021
41.593077659606934,41.55839252471924,0.8444228181152964,-0.11109384007924533,1.1116032674240497,-0.02354870271127564,-0.022427257190712792,0.0825928309010275,1.0000000000000018,-0.011300392114598006,-0.011689115222944616,0.04114730665501656,0.9990208030258442,0.0,0.0,0.0,0.0,0.0,0.0,0.0,0.0,0.0,0.0,0.0,0.0,0.0,0.0,0.0,0.0,0.0,0.0,0.0,0.0,0.0,0.0,0.0,0.0,0.0,0.0,0.0,0.0,0.0,0.0,0.0,0.0,0.0,0.0,0.0,0.0,4.732220628666564
41.716267108917236,41.65829396247864,0.8525189552017839,-0.12435043440392186,1.1127301779650625,-0.026829334072398552,-0.02045822697619524,0.06556444837015465,1.0000000000000018,-0.013071118931569849,-0.010662167021288043,0.032634549213197764,0.999324997306653,0.0,0.0,0.0,0.0,0.0,0.0,0.0,0.0,0.0,0.0,0.0,0.0,0.0,0.0,0.0,0.0,0.0,0.0,0.0,0.0,0.0,0.0,0.0,0.0,0.0,0.0,0.0,0.0,0.0,0.0,0.0,0.0,0.0,0.0,0.0,0.0,3.7565661777132506
41.834702253341675,41.758257150650024,0.8632935505856337,-0.1352319713068913,1.113600104598002,-0.029260511172869104,-0.00784463520561452,0.043806043937056914,1.0000000000000018,-0.01454021772516443,-0.004241354361760798,0.021841389825537703,0.999646710929504,0.0,0.0,0.0,0.0,0.0,0.0,0.0,0.0,0.0,0.0,0.0,0.0,0.0,0.0,0.0,0.0,0.0,0.0,0.0,0.0,0.0,0.0,0.0,0.0,0.0,0.0,0.0,0.0,0.0,0.0,0.0,0.0,0.0,0.0,0.0,0.0,2.5099014347580098
41.92409014701843,41.85845637321472,0.876237727998148,-0.1429573555711471,1.112375105508703,-0.03157957629353188,0.012776344862539033,0.01977950136724036,1.0000000000000018,-0.01585120585192261,0.0062308754543170955,0.009989012986310516,0.9998050485388017,0.0,0.0,0.0,0.0,0.0,0.0,0.0,0.0,0.0,0.0,0.0,0.0,0.0,0.0,0.0,0.0,0.0,0.0,0.0,0.0,0.0,0.0,0.0,0.0,0.0,0.0,0.0,0.0,0.0,0.0,0.0,0.0,0.0,0.0,0.0,0.0,1.1332819492161141
42.016971826553345,41.95837378501892,0.8925675014876553,-0.14926255711864322,1.1114856372547137,-0.03743964118815229,0.032054020546580034,-0.005375769221395816,1.0000000000000018,-0.018673186314084836,0.016073765542321847,-0.0023870739776111405,0.999693577078496,0.0,0.0,0.0,0.0,0.0,0.0,0.0,0.0,0.0,0.0,0.0,0.0,0.0,0.0,0.0,0.0,0.0,0.0,0.0,0.0,0.0,0.0,0.0,0.0,0.0,0.0,0.0,0.0,0.0,0.0,0.0,0.0,0.0,0.0,0.0,0.0,-0.30800888802230886
42.12794327735901,42.058308839797974,0.9159060956024229,-0.1511177411172648,1.109939858659536,-0.04091761890444397,0.04344151379738576,-0.024983827516767785,1.0000000000000018,-0.02017971222603802,0.02196829445927156,-0.01204174850502503,0.999482450844421,0.0,0.0,0.0,0.0,0.0,0.0,0.0,0.0,0.0,0.0,0.0,0.0,0.0,0.0,0.0,0.0,0.0,0.0,0.0,0.0,0.0,0.0,0.0,0.0,0.0,0.0,0.0,0.0,0.0,0.0,0.0,0.0,0.0,0.0,0.0,0.0,-1.431467872793606
42.23434638977051,42.158286571502686,0.9453061593840275,-0.15197563562705113,1.1086380187552967,-0.038632859725951055,0.047552995631496606,-0.04106022753667944,1.0000000000000018,-0.018817737113408353,0.024161217178448418,-0.020059932102826614,0.9993296390473067,0.0,0.0,0.0,0.0,0.0,0.0,0.0,0.0,0.0,0.0,0.0,0.0,0.0,0.0,0.0,0.0,0.0,0.0,0.0,0.0,0.0,0.0,0.0,0.0,0.0,0.0,0.0,0.0,0.0,0.0,0.0,0.0,0.0,0.0,0.0,0.0,-2.3525777436985766
42.320918798446655,42.25841975212097,0.9804736371634863,-0.1504769855824706,1.1068342423989868,-0.03816075804986581,0.043493352112099835,-0.05048818496462718,1.000000000000002,-0.01851985891891805,0.022215549495293,-0.02481610481622753,0.9992735587055226,0.0,0.0,0.0,0.0,0.0,0.0,0.0,0.0,0.0,0.0,0.0,0.0,0.0,0.0,0.0,0.0,0.0,0.0,0.0,0.0,0.0,0.0,0.0,0.0,0.0,0.0,0.0,0.0,0.0,0.0,0.0,0.0,0.0,0.0,0.0,0.0,-2.892759913748997
42.41928505897522,42.35828995704651,1.0218362551227076,-0.14727795941835886,1.1045937962076418,-0.03466710565183679,0.040397570141190234,-0.0564769038177479,1.0000000000000018,-0.016752058252875787,0.020675609758225067,-0.027874763147749546,0.9992571667418145,0.0,0.0,0.0,0.0,0.0,0.0,0.0,0.0,0.0,0.0,0.0,0.0,0.0,0.0,0.0,0.0,0.0,0.0,0.0,0.0,0.0,0.0,0.0,0.0,0.0,0.0,0.0,0.0,0.0,0.0,0.0,0.0,0.0,0.0,0.0,0.0,-3.235888228723241
42.534578800201416,42.4584219455719,1.0703914515435142,-0.13881991387455844,1.102558879879397,-0.03094922647451242,0.03838343423566176,-0.05892435473362521,1.0000000000000018,-0.014899186291216844,0.0196356617684203,-0.029152138650924024,0.999271038230798,0.0,0.0,0.0,0.0,0.0,0.0,0.0,0.0,0.0,0.0,0.0,0.0,0.0,0.0,0.0,0.0,0.0,0.0,0.0,0.0,0.0,0.0,0.0,0.0,0.0,0.0,0.0,0.0,0.0,0.0,0.0,0.0,0.0,0.0,0.0,0.0,-3.3761168367684387
42.61770033836365,42.558279037475586,1.1253609618476184,-0.1318879668537503,1.1012199115130812,-0.028582789025112434,0.03874088939827854,-0.05645122236706568,1.0000000000000016,-0.013735955768303304,0.019762781490312863,-0.027936993896506307,0.9993199089175234,0.0,0.0,0.0,0.0,0.0,0.0,0.0,0.0,0.0,0.0,0.0,0.0,0.0,0.0,0.0,0.0,0.0,0.0,0.0,0.0,0.0,0.0,0.0,0.0,0.0,0.0,0.0,0.0,0.0,0.0,0.0,0.0,0.0,0.0,0.0,0.0,-3.2344167899873764
42.714072465896606,42.658408403396606,1.1850388405415109,-0.1223080996747783,1.1007139285688876,-0.029667145027268704,0.03269888373465545,-0.0508068695745062,1.0000000000000018,-0.014411037755300843,0.016718359548304616,-0.02515209102128152,0.999439938546629,0.0,0.0,0.0,0.0,0.0,0.0,0.0,0.0,0.0,0.0,0.0,0.0,0.0,0.0,0.0,0.0,0.0,0.0,0.0,0.0,0.0,0.0,0.0,0.0,0.0,0.0,0.0,0.0,0.0,0.0,0.0,0.0,0.0,0.0,0.0,0.0,-2.911019196890838
42.819345235824585,42.75832223892212,1.2497372146615777,-0.11389901762138986,1.0992422103227553,-0.04077456714219612,0.00448134173942071,-0.03854445608155462,1.0000000000000018,-0.020338863367812262,0.002632643193890632,-0.01922131239784761,0.9996048924332188,0.0,0.0,0.0,0.0,0.0,0.0,0.0,0.0,0.0,0.0,0.0,0.0,0.0,0.0,0.0,0.0,0.0,0.0,0.0,0.0,0.0,0.0,0.0,0.0,0.0,0.0,0.0,0.0,0.0,0.0,0.0,0.0,0.0,0.0,0.0,0.0,-2.2084346571004385
42.91649317741394,42.85828900337219,1.3156900328401413,-0.09848775321766358,1.0977839970341612,-0.04960436611586201,-0.026477869082117578,-0.02265052612888293,1.0000000000000018,-0.024945757478389046,-0.012952795625884103,-0.011648835885817723,0.9995370122670857,0.0,0.0,0.0,0.0,0.0,0.0,0.0,0.0,0.0,0.0,0.0,0.0,0.0,0.0,0.0,0.0,0.0,0.0,0.0,0.0,0.0,0.0,0.0,0.0,0.0,0.0,0.0,0.0,0.0,0.0,0.0,0.0,0.0,0.0,0.0,0.0,-1.2977795509357863
43.02046585083008,42.95824718475342,1.381616068916051,-0.08240742631453418,1.0953458601891493,-0.057979199878057615,-0.05091626118900984,-0.0029586852985559026,1.0000000000000016,-0.02901375684099625,-0.025401791672140944,-0.002216078509828997,0.9992537414940503,0.0,0.0,0.0,0.0,0.0,0.0,0.0,0.0,0.0,0.0,0.0,0.0,0.0,0.0,0.0,0.0,0.0,0.0,0.0,0.0,0.0,0.0,0.0,0.0,0.0,0.0,0.0,0.0,0.0,0.0,0.0,0.0,0.0,0.0,0.0,0.0,-0.16952018051465714
43.12560057640076,43.05834889411926,1.4457671070231286,-0.05654577378006013,1.094100964915363,-0.06698098926166975,-0.06916500893880932,0.014940964563341614,1.0000000000000018,-0.03320513064945135,-0.034805250542546205,0.0063040539794106554,0.9988224430481384,0.0,0.0,0.0,0.0,0.0,0.0,0.0,0.0,0.0,0.0,0.0,0.0,0.0,0.0,0.0,0.0,0.0,0.0,0.0,0.0,0.0,0.0,0.0,0.0,0.0,0.0,0.0,0.0,0.0,0.0,0.0,0.0,0.0,0.0,0.0,0.0,0.8560542113339974
43.22616982460022,43.158334732055664,1.5041077001923575,-0.030855406190199167,1.0939008113419308,-0.0751423187826856,-0.08173340719788984,0.03242823505912115,1.0000000000000018,-0.036864089096464506,-0.0414296354911246,0.014654018348127398,0.9983535866537552,0.0,0.0,0.0,0.0,0.0,0.0,0.0,0.0,0.0,0.0,0.0,0.0,0.0,0.0,0.0,0.0,0.0,0.0,0.0,0.0,0.0,0.0,0.0,0.0,0.0,0.0,0.0,0.0,0.0,0.0,0.0,0.0,0.0,0.0,0.0,0.0,1.8580010059458116
43.3214213848114,43.25830936431885,1.557912212486734,0.0011512672790802907,1.0936568396578137,-0.08280729239467145,-0.0848614349345379,0.047989544656971125,1.0000000000000018,-0.04032581870707435,-0.04336163233819962,0.02219508011832596,0.9979984847709519,0.0,0.0,0.0,0.0,0.0,0.0,0.0,0.0,0.0,0.0,0.0,0.0,0.0,0.0,0.0,0.0,0.0,0.0,0.0,0.0,0.0,0.0,0.0,0.0,0.0,0.0,0.0,0.0,0.0,0.0,0.0,0.0,0.0,0.0,0.0,0.0,2.7495983695990356
43.43804693222046,43.35844540596008,1.6068944929491216,0.04040523865228821,1.095118292120713,-0.08401669344896374,-0.07968941236421317,0.06050570875686474,1.0000000000000018,-0.04073960869236615,-0.041050106849121,0.028525457734027683,0.9979185694596211,0.0,0.0,0.0,0.0,0.0,0.0,0.0,0.0,0.0,0.0,0.0,0.0,0.0,0.0,0.0,0.0,0.0,0.0,0.0,0.0,0.0,0.0,0.0,0.0,0.0,0.0,0.0,0.0,0.0,0.0,0.0,0.0,0.0,0.0,0.0,0.0,3.466721748216097
43.53820443153381,43.458290815353394,1.6486442697593102,0.08475297566274377,1.0962048016700647,-0.08831721722282335,-0.07471268795321033,0.06806299532262848,1.0000000000000018,-0.04281840563125436,-0.03879060199589307,0.03232031562225711,0.9978062289513304,0.0,0.0,0.0,0.0,0.0,0.0,0.0,0.0,0.0,0.0,0.0,0.0,0.0,0.0,0.0,0.0,0.0,0.0,0.0,0.0,0.0,0.0,0.0,0.0,0.0,0.0,0.0,0.0,0.0,0.0,0.0,0.0,0.0,0.0,0.0,0.0,3.899722373005275
43.63327670097351,43.558518171310425,1.684107390167407,0.13378598940142278,1.0976007521285487,-0.08912369388988853,-0.07314578103156927,0.07265224710668394,1.000000000000002,-0.043161297180744636,-0.03812112665331554,0.03463004050493628,0.997739766884626,0.0,0.0,0.0,0.0,0.0,0.0,0.0,0.0,0.0,0.0,0.0,0.0,0.0,0.0,0.0,0.0,0.0,0.0,0.0,0.0,0.0,0.0,0.0,0.0,0.0,0.0,0.0,0.0,0.0,0.0,0.0,0.0,0.0,0.0,0.0,0.0,4.162667131354536
43.72249436378479,43.658467531204224,1.7146018822743632,0.1907014451507752,1.0976785746704323,-0.08738627593898263,-0.06860608422666756,0.07255416018672863,1.0000000000000018,-0.04238210922128309,-0.03582431519583504,0.034716140961453174,0.9978552825011515,0.0,0.0,0.0,0.0,0.0,0.0,0.0,0.0,0.0,0.0,0.0,0.0,0.0,0.0,0.0,0.0,0.0,0.0,0.0,0.0,0.0,0.0,0.0,0.0,0.0,0.0,0.0,0.0,0.0,0.0,0.0,0.0,0.0,0.0,0.0,0.0,4.157047164815659
43.82361698150635,43.7583532333374,1.740631754533389,0.25005389129475053,1.097076024712622,-0.0815575797029109,-0.061450486864894745,0.06918516920572347,1.0000000000000018,-0.03966226597520556,-0.03208581270419174,0.03328897840397823,0.9981429001889692,0.0,0.0,0.0,0.0,0.0,0.0,0.0,0.0,0.0,0.0,0.0,0.0,0.0,0.0,0.0,0.0,0.0,0.0,0.0,0.0,0.0,0.0,0.0,0.0,0.0,0.0,0.0,0.0,0.0,0.0,0.0,0.0,0.0,0.0,0.0,0.0,3.964018200386425
43.91985297203064,43.85850787162781,1.7617888639938677,0.3126081810673575,1.0978077064870937,-0.0718268938156874,-0.05553550264443505,0.06759558582654351,1.0000000000000018,-0.03493380368240755,-0.02894327015849749,0.032760227487477235,0.9984331144186793,0.0,0.0,0.0,0.0,0.0,0.0,0.0,0.0,0.0,0.0,0.0,0.0,0.0,0.0,0.0,0.0,0.0,0.0,0.0,0.0,0.0,0.0,0.0,0.0,0.0,0.0,0.0,0.0,0.0,0.0,0.0,0.0,0.0,0.0,0.0,0.0,3.87294178157527
44.01560401916504,43.95847463607788,1.7795066588637412,0.38136665252731516,1.0961419461039432,-0.05854825535556721,-0.04647682618430055,0.0714049642103905,1.0000000000000018,-0.02841433332299429,-0.02425607013255167,0.034990278116355245,0.9986891153711841,0.0,0.0,0.0,0.0,0.0,0.0,0.0,0.0,0.0,0.0,0.0,0.0,0.0,0.0,0.0,0.0,0.0,0.0,0.0,0.0,0.0,0.0,0.0,0.0,0.0,0.0,0.0,0.0,0.0,0.0,0.0,0.0,0.0,0.0,0.0,0.0,4.091203085538068
44.12421774864197,44.05843472480774,1.7936305592780473,0.45612773143165447,1.0947174170598957,-0.047585695084469797,-0.04113203383554577,0.0765785891200829,1.0000000000000018,-0.022981150575857076,-0.021454188458845825,0.03777212708481625,0.9987916954657133,0.0,0.0,0.0,0.0,0.0,0.0,0.0,0.0,0.0,0.0,0.0,0.0,0.0,0.0,0.0,0.0,0.0,0.0,0.0,0.0,0.0,0.0,0.0,0.0,0.0,0.0,0.0,0.0,0.0,0.0,0.0,0.0,0.0,0.0,0.0,0.0,4.387629957647195
44.243083000183105,44.15844655036926,1.8051145773454027,0.5336898450640098,1.0943791546775241,-0.03938650026334422,-0.03881146363209527,0.08307767150403537,1.0000000000000018,-0.018865633279370613,-0.020201608491624508,0.04112923775882914,0.9987714296558051,0.0,0.0,0.0,0.0,0.0,0.0,0.0,0.0,0.0,0.0,0.0,0.0,0.0,0.0,0.0,0.0,0.0,0.0,0.0,0.0,0.0,0.0,0.0,0.0,0.0,0.0,0.0,0.0,0.0,0.0,0.0,0.0,0.0,0.0,0.0,0.0,4.759999948955493
44.31979966163635,44.25860548019409,1.8151364576194164,0.6120597456344783,1.093947383652049,-0.037460562313046265,-0.03464827116291847,0.08610277402806121,1.0000000000000018,-0.017963594636911676,-0.01811012946682968,0.04269993312555704,0.998762258092231,0.0,0.0,0.0,0.0,0.0,0.0,0.0,0.0,0.0,0.0,0.0,0.0,0.0,0.0,0.0,0.0,0.0,0.0,0.0,0.0,0.0,0.0,0.0,0.0,0.0,0.0,0.0,0.0,0.0,0.0,0.0,0.0,0.0,0.0,0.0,0.0,4.9333255561765466
44.427645206451416,44.35849094390869,1.8208068878511114,0.6897105171477322,1.0940133624281059,-0.034988428080095654,-0.03027084049823629,0.08482734673025896,1.0000000000000018,-0.016833954056100886,-0.01586056603496109,0.04212509350219532,0.9988446009932289,0.0,0.0,0.0,0.0,0.0,0.0,0.0,0.0,0.0,0.0,0.0,0.0,0.0,0.0,0.0,0.0,0.0,0.0,0.0,0.0,0.0,0.0,0.0,0.0,0.0,0.0,0.0,0.0,0.0,0.0,0.0,0.0,0.0,0.0,0.0,0.0,4.8602489549367025
44.53104066848755,44.45857310295105,1.8246794888747069,0.7721990321699483,1.0958939034791275,-0.031586854708916735,-0.025402078787745926,0.08188586253958723,1.0000000000000018,-0.015258469319005988,-0.013334841094045924,0.04072267646030849,0.9989649767378986,0.0,0.0,0.0,0.0,0.0,0.0,0.0,0.0,0.0,0.0,0.0,0.0,0.0,0.0,0.0,0.0,0.0,0.0,0.0,0.0,0.0,0.0,0.0,0.0,0.0,0.0,0.0,0.0,0.0,0.0,0.0,0.0,0.0,0.0,0.0,0.0,4.691714325306757
44.615599393844604,44.558566093444824,1.8282806605195292,0.8588698818396201,1.0966021157431365,-0.032650364962713924,-0.021991613930642476,0.07651078382255741,1.0000000000000018,-0.015891045644992996,-0.011610384823016155,0.03805928780199328,0.9990816604485235,0.0,0.0,0.0,0.0,0.0,0.0,0.0,0.0,0.0,0.0,0.0,0.0,0.0,0.0,0.0,0.0,0.0,0.0,0.0,0.0,0.0,0.0,0.0,0.0,0.0,0.0,0.0,0.0,0.0,0.0,0.0,0.0,0.0,0.0,0.0,0.0,4.3837450002703555
44.72968626022339,44.65856385231018,1.8293834825127377,0.9448322695174002,1.0972394034203337,-0.030384208321011522,-0.021649603838301,0.07297087709481768,1.0000000000000018,-0.014785713328623941,-0.011370252067636179,0.03630666544127798,0.9991666157822834,0.0,0.0,0.0,0.0,0.0,0.0,0.0,0.0,0.0,0.0,0.0,0.0,0.0,0.0,0.0,0.0,0.0,0.0,0.0,0.0,0.0,0.0,0.0,0.0,0.0,0.0,0.0,0.0,0.0,0.0,0.0,0.0,0.0,0.0,0.0,0.0,4.180923284900903
44.83112645149231,44.75855541229248,1.8289433541282452,1.0349691545013635,1.0987058588775334,-0.0298396158726232,-0.01942855538604879,0.0675243699010244,1.0000000000000018,-0.014582177286352813,-0.010211095568122264,0.033605576751068816,0.9992766177811425,0.0,0.0,0.0,0.0,0.0,0.0,0.0,0.0,0.0,0.0,0.0,0.0,0.0,0.0,0.0,0.0,0.0,0.0,0.0,0.0,0.0,0.0,0.0,0.0,0.0,0.0,0.0,0.0,0.0,0.0,0.0,0.0,0.0,0.0,0.0,0.0,3.8688614096089062
44.91703486442566,44.85871911048889,1.8292806724652042,1.1248065853486335,1.1004207028032058,-0.03279159484124929,-0.017866684311996492,0.06007114198281884,1.0000000000000018,-0.016118776143864044,-0.009420335384614665,0.029879425914487414,0.9993791383873738,0.0,0.0,0.0,0.0,0.0,0.0,0.0,0.0,0.0,0.0,0.0,0.0,0.0,0.0,0.0,0.0,0.0,0.0,0.0,0.0,0.0,0.0,0.0,0.0,0.0,0.0,0.0,0.0,0.0,0.0,0.0,0.0,0.0,0.0,0.0,0.0,3.441822906146651
45.02549862861633,44.958560943603516,1.829534506875502,1.2143699956588019,1.101914056021451,-0.033775798175192724,-0.015323911017546864,0.05347081586216058,1.0000000000000016,-0.01667577602395847,-0.008109466621931948,0.02659828588169993,0.9994742048863818,0.0,0.0,0.0,0.0,0.0,0.0,0.0,0.0,0.0,0.0,0.0,0.0,0.0,0.0,0.0,0.0,0.0,0.0,0.0,0.0,0.0,0.0,0.0,0.0,0.0,0.0,0.0,0.0,0.0,0.0,0.0,0.0,0.0,0.0,0.0,0.0,3.063652076022977
45.12313532829285,45.05870580673218,1.8272746336766625,1.3065833051593296,1.1036692587507497,-0.03294357820285927,-0.011772647091663405,0.046502710236764846,1.0000000000000016,-0.01632947353969768,-0.00626683314476575,0.02314877635468416,0.9995790160110085,0.0,0.0,0.0,0.0,0.0,0.0,0.0,0.0,0.0,0.0,0.0,0.0,0.0,0.0,0.0,0.0,0.0,0.0,0.0,0.0,0.0,0.0,0.0,0.0,0.0,0.0,0.0,0.0,0.0,0.0,0.0,0.0,0.0,0.0,0.0,0.0,2.664409032486435
45.220139265060425,45.15873384475708,1.8236662947286213,1.3980016468913927,1.1059260355706755,-0.03331185266344168,-0.005874650650011275,0.0385580759116615,1.0000000000000016,-0.01659537192025507,-0.0032574420074224105,0.019226174132582208,0.9996721147109304,0.0,0.0,0.0,0.0,0.0,0.0,0.0,0.0,0.0,0.0,0.0,0.0,0.0,0.0,0.0,0.0,0.0,0.0,0.0,0.0,0.0,0.0,0.0,0.0,0.0,0.0,0.0,0.0,0.0,0.0,0.0,0.0,0.0,0.0,0.0,0.0,2.209215015883248
45.327935218811035,45.258665323257446,1.8191297411150054,1.494541539096209,1.1066236842026067,-0.034296461630548655,-0.0034076763792337296,0.02838449577466849,1.0000000000000016,-0.01712146170101521,-0.0019467667815980575,0.014160450861756943,0.9997512426997596,0.0,0.0,0.0,0.0,0.0,0.0,0.0,0.0,0.0,0.0,0.0,0.0,0.0,0.0,0.0,0.0,0.0,0.0,0.0,0.0,0.0,0.0,0.0,0.0,0.0,0.0,0.0,0.0,0.0,0.0,0.0,0.0,0.0,0.0,0.0,0.0,1.6263118114954227
45.42836022377014,45.358681440353394,1.814928208100614,1.596787458703121,1.106851131463716,-0.03255432451677208,0.0002599618981177472,0.017871057529566723,1.0000000000000016,-0.016276954866873337,-1.54781507765336e-05,0.008936341650854822,0.9998275862860511,0.0,0.0,0.0,0.0,0.0,0.0,0.0,0.0,0.0,0.0,0.0,0.0,0.0,0.0,0.0,0.0,0.0,0.0,0.0,0.0,0.0,0.0,0.0,0.0,0.0,0.0,0.0,0.0,0.0,0.0,0.0,0.0,0.0,0.0,0.0,0.0,1.0239361718796647
45.52036690711975,45.45884609222412,1.8126107155652509,1.6937754053234582,1.1078355629350132,-0.0301903263512265,0.0061430101189176405,0.0064006360688127015,1.0000000000000016,-0.0151042700476811,0.003022827389136823,0.0032462956650134286,0.9998760848752012,0.0,0.0,0.0,0.0,0.0,0.0,0.0,0.0,0.0,0.0,0.0,0.0,0.0,0.0,0.0,0.0,0.0,0.0,0.0,0.0,0.0,0.0,0.0,0.0,0.0,0.0,0.0,0.0,0.0,0.0,0.0,0.0,0.0,0.0,0.0,0.0,0.3667294329421746
45.62708306312561,45.56046652793884,1.810163814578027,1.798345689375466,1.1080387482598844,-0.029823405674668815,0.009271963204457218,-0.004292782750501351,1.0000000000000013,-0.01490100615240718,0.004667443699437156,-0.002077000623119633,0.9998759228291143,0.0,0.0,0.0,0.0,0.0,0.0,0.0,0.0,0.0,0.0,0.0,0.0,0.0,0.0,0.0,0.0,0.0,0.0,0.0,0.0,0.0,0.0,0.0,0.0,0.0,0.0,0.0,0.0,0.0,0.0,0.0,0.0,0.0,0.0,0.0,0.0,-0.24595833397028852
45.72829246520996,45.65871214866638,1.8087825618999964,1.9029281636089836,1.107635030258253,-0.027267209601502546,0.00920452071596603,-0.013956976400867876,1.0000000000000013,-0.013600592646835689,0.004696841567487063,-0.006914967407512469,0.9998725652725454,0.0,0.0,0.0,0.0,0.0,0.0,0.0,0.0,0.0,0.0,0.0,0.0,0.0,0.0,0.0,0.0,0.0,0.0,0.0,0.0,0.0,0.0,0.0,0.0,0.0,0.0,0.0,0.0,0.0,0.0,0.0,0.0,0.0,0.0,0.0,0.0,-0.7996758425334192
45.82466435432434,45.75878429412842,1.8091288562926233,2.007562412533709,1.1079859719019984,-0.025123823304049116,0.009839939483215359,-0.022773931337371496,1.0000000000000013,-0.012504597202674234,0.005062276243157027,-0.011323885036035188,0.9998448769862905,0.0,0.0,0.0,0.0,0.0,0.0,0.0,0.0,0.0,0.0,0.0,0.0,0.0,0.0,0.0,0.0,0.0,0.0,0.0,0.0,0.0,0.0,0.0,0.0,0.0,0.0,0.0,0.0,0.0,0.0,0.0,0.0,0.0,0.0,0.0,0.0,-1.3048501485521133
45.91951084136963,45.85877227783203,1.8119689223231126,2.1133987139656316,1.1061637267680449,-0.02346184023971987,0.012639627325100199,-0.02927483893359039,1.0000000000000013,-0.011636664701696145,0.0064903566929601,-0.014561470299974639,0.9998051944690647,0.0,0.0,0.0,0.0,0.0,0.0,0.0,0.0,0.0,0.0,0.0,0.0,0.0,0.0,0.0,0.0,0.0,0.0,0.0,0.0,0.0,0.0,0.0,0.0,0.0,0.0,0.0,0.0,0.0,0.0,0.0,0.0,0.0,0.0,0.0,0.0,-1.677324716819993
46.01085448265076,45.958757400512695,1.8139203008065097,2.217220031801026,1.1053919970627695,-0.022305330734903612,0.0126549190420062,-0.03766081413905448,1.0000000000000016,-0.011031100384211795,0.006535890357870306,-0.018757192760134957,0.9997418490196884,0.0,0.0,0.0,0.0,0.0,0.0,0.0,0.0,0.0,0.0,0.0,0.0,0.0,0.0,0.0,0.0,0.0,0.0,0.0,0.0,0.0,0.0,0.0,0.0,0.0,0.0,0.0,0.0,0.0,0.0,0.0,0.0,0.0,0.0,0.0,0.0,-2.1578057031944384
46.137129068374634,46.058917760849,1.817749399308426,2.3193390122090984,1.1056634401440717,-0.02333276092242886,0.009280187231978557,-0.04470706822306935,1.0000000000000013,-0.011559369298170013,0.004899356444422377,-0.022295792734518267,0.999672583856435,0.0,0.0,0.0,0.0,0.0,0.0,0.0,0.0,0.0,0.0,0.0,0.0,0.0,0.0,0.0,0.0,0.0,0.0,0.0,0.0,0.0,0.0,0.0,0.0,0.0,0.0,0.0,0.0,0.0,0.0,0.0,0.0,0.0,0.0,0.0,0.0,-2.5615263235853107
46.2252676486969,46.15879583358765,1.8227998951561362,2.424964722754637,1.1046344015238947,-0.022802864091155655,0.006927439918812446,-0.05356570254382783,1.0000000000000013,-0.011304276759818413,0.003767563671418248,-0.026738271940359097,0.9995714499747206,0.0,0.0,0.0,0.0,0.0,0.0,0.0,0.0,0.0,0.0,0.0,0.0,0.0,0.0,0.0,0.0,0.0,0.0,0.0,0.0,0.0,0.0,0.0,0.0,0.0,0.0,0.0,0.0,0.0,0.0,0.0,0.0,0.0,0.0,0.0,0.0,-3.0690886824145123
46.35473823547363,46.25882148742676,1.827632828286804,2.5287747432265215,1.1040475276291377,-0.021548281624760992,0.004663155560506976,-0.06019760448608548,1.0000000000000013,-0.010698860239264743,0.0026546169688708393,-0.030067320499749105,0.9994870902799582,0.0,0.0,0.0,0.0,0.0,0.0,0.0,0.0,0.0,0.0,0.0,0.0,0.0,0.0,0.0,0.0,0.0,0.0,0.0,0.0,0.0,0.0,0.0,0.0,0.0,0.0,0.0,0.0,0.0,0.0,0.0,0.0,0.0,0.0,0.0,0.0,-3.4490686738504888
46.43027973175049,46.357922315597534,1.8336997868286808,2.629829603453862,1.102197767293563,-0.01964322390618191,0.005380030192760074,-0.06706333029925678,1.000000000000001,-0.009725718239344448,0.0030176368410109954,-0.03349723856962421,0.9993869317140568,0.0,0.0,0.0,0.0,0.0,0.0,0.0,0.0,0.0,0.0,0.0,0.0,0.0,0.0,0.0,0.0,0.0,0.0,0.0,0.0,0.0,0.0,0.0,0.0,0.0,0.0,0.0,0.0,0.0,0.0,0.0,0.0,0.0,0.0,0.0,0.0,-3.8424457862392294
46.55244064331055,46.45885753631592,1.8399781696579216,2.7369879780314905,1.100872514795392,-0.01683212199385895,0.004039644027802952,-0.07123624789451685,1.0000000000000013,-0.008338682131546211,0.002318164842007401,-0.03559227153302503,0.9993289161728467,0.0,0.0,0.0,0.0,0.0,0.0,0.0,0.0,0.0,0.0,0.0,0.0,0.0,0.0,0.0,0.0,0.0,0.0,0.0,0.0,0.0,0.0,0.0,0.0,0.0,0.0,0.0,0.0,0.0,0.0,0.0,0.0,0.0,0.0,0.0,0.0,-4.0815363527035124
46.644514083862305,46.559017181396484,1.8480675894474168,2.841861525879125,1.09931316439696,-0.01846524346523739,-0.0013360281037463637,-0.0735057574416448,1.000000000000001,-0.009250798569723688,-0.00032829028857574323,-0.03674919414219347,0.9992816478256822,0.0,0.0,0.0,0.0,0.0,0.0,0.0,0.0,0.0,0.0,0.0,0.0,0.0,0.0,0.0,0.0,0.0,0.0,0.0,0.0,0.0,0.0,0.0,0.0,0.0,0.0,0.0,0.0,0.0,0.0,0.0,0.0,0.0,0.0,0.0,0.0,-4.21156967131859
46.73943376541138,46.6589457988739,1.8561725595256153,2.9478142294641336,1.0963467126768118,-0.019627552554361265,-0.007187563098106303,-0.0698918898784756,1.0000000000000013,-0.009933119952022819,-0.003248532524021688,-0.03497217091055289,0.999333641696438,0.0,0.0,0.0,0.0,0.0,0.0,0.0,0.0,0.0,0.0,0.0,0.0,0.0,0.0,0.0,0.0,0.0,0.0,0.0,0.0,0.0,0.0,0.0,0.0,0.0,0.0,0.0,0.0,0.0,0.0,0.0,0.0,0.0,0.0,0.0,0.0,-4.004510312229768
46.86711621284485,46.75892090797424,1.8631367523472913,3.0526911957191034,1.0936081257658317,-0.01953723002571574,-0.010599184769488235,-0.06447262226613955,1.0000000000000013,-0.009934048164456701,-0.004981721343332311,-0.03228047952056001,0.9994170639835249,0.0,0.0,0.0,0.0,0.0,0.0,0.0,0.0,0.0,0.0,0.0,0.0,0.0,0.0,0.0,0.0,0.0,0.0,0.0,0.0,0.0,0.0,0.0,0.0,0.0,0.0,0.0,0.0,0.0,0.0,0.0,0.0,0.0,0.0,0.0,0.0,-3.6940091499909737
46.95350742340088,46.85904121398926,1.874666496775984,3.1562982003988567,1.0927133277668952,-0.0211590329147221,-0.012454797797581003,-0.06010169334772077,1.0000000000000016,-0.010761436340742704,-0.005906335214420361,-0.03010991138722732,0.9994712101548876,0.0,0.0,0.0,0.0,0.0,0.0,0.0,0.0,0.0,0.0,0.0,0.0,0.0,0.0,0.0,0.0,0.0,0.0,0.0,0.0,0.0,0.0,0.0,0.0,0.0,0.0,0.0,0.0,0.0,0.0,0.0,0.0,0.0,0.0,0.0,0.0,-3.4435733704138958
47.04105615615845,46.95600366592407,1.8842194821696854,3.2611813916396057,1.09140936262463,-0.023596574074898694,-0.01198387619009975,-0.053900318847429365,1.0000000000000016,-0.011954969284752589,-0.005671395355712922,-0.02701520486412889,0.9995474439416431,0.0,0.0,0.0,0.0,0.0,0.0,0.0,0.0,0.0,0.0,0.0,0.0,0.0,0.0,0.0,0.0,0.0,0.0,0.0,0.0,0.0,0.0,0.0,0.0,0.0,0.0,0.0,0.0,0.0,0.0,0.0,0.0,0.0,0.0,0.0,0.0,-3.0882607843671486
47.128159523010254,47.058985471725464,1.893493875581456,3.3719314055117007,1.0906719090016792,-0.023189826092321984,-0.01425031084562091,-0.045884415093347244,1.0000000000000013,-0.011754747826900095,-0.00685676440896043,-0.023020661964776843,0.9996423659529803,0.0,0.0,0.0,0.0,0.0,0.0,0.0,0.0,0.0,0.0,0.0,0.0,0.0,0.0,0.0,0.0,0.0,0.0,0.0,0.0,0.0,0.0,0.0,0.0,0.0,0.0,0.0,0.0,0.0,0.0,0.0,0.0,0.0,0.0,0.0,0.0,-2.62898333027517
47.23255252838135,47.15906047821045,1.9012759419566327,3.4772118867748407,1.0921793052063005,-0.027564908842408472,-0.015507895512382653,-0.038066755443400706,1.0000000000000013,-0.013926666930211724,-0.007489434669449771,-0.019136693460007775,0.9996918241538076,0.0,0.0,0.0,0.0,0.0,0.0,0.0,0.0,0.0,0.0,0.0,0.0,0.0,0.0,0.0,0.0,0.0,0.0,0.0,0.0,0.0,0.0,0.0,0.0,0.0,0.0,0.0,0.0,0.0,0.0,0.0,0.0,0.0,0.0,0.0,0.0,-2.181064426663513
47.34896969795227,47.25901746749878,1.9112197520352696,3.585919751956003,1.0924719572877815,-0.030313347161053657,-0.015849238567974027,-0.035988472599145366,1.0000000000000013,-0.015295735715849024,-0.007649644312338878,-0.0181107191899872,0.9996897144920668,0.0,0.0,0.0,0.0,0.0,0.0,0.0,0.0,0.0,0.0,0.0,0.0,0.0,0.0,0.0,0.0,0.0,0.0,0.0,0.0,0.0,0.0,0.0,0.0,0.0,0.0,0.0,0.0,0.0,0.0,0.0,0.0,0.0,0.0,0.0,0.0,-2.0619875910532377
47.434070348739624,47.35897421836853,1.9161642367930982,3.6937997845754076,1.0940070430074482,-0.032079300587254674,-0.01717114869030921,-0.029006917390660695,1.0000000000000013,-0.01616118322135906,-0.008350857950465444,-0.014638237764798277,0.9997273634964289,0.0,0.0,0.0,0.0,0.0,0.0,0.0,0.0,0.0,0.0,0.0,0.0,0.0,0.0,0.0,0.0,0.0,0.0,0.0,0.0,0.0,0.0,0.0,0.0,0.0,0.0,0.0,0.0,0.0,0.0,0.0,0.0,0.0,0.0,0.0,0.0,-1.6619739431694884
47.53109860420227,47.45911431312561,1.9213972284116325,3.802526941341452,1.096236790793102,-0.030406923814817563,-0.014755334705862226,-0.027402949480381657,1.0000000000000013,-0.015302104669878502,-0.007167765745744324,-0.013811240000758045,0.9997618308259876,0.0,0.0,0.0,0.0,0.0,0.0,0.0,0.0,0.0,0.0,0.0,0.0,0.0,0.0,0.0,0.0,0.0,0.0,0.0,0.0,0.0,0.0,0.0,0.0,0.0,0.0,0.0,0.0,0.0,0.0,0.0,0.0,0.0,0.0,0.0,0.0,-1.5700733514360812
47.63397264480591,47.55902862548828,1.9273320969910457,3.9105481450515405,1.097170317022413,-0.027064060505043386,-0.01233932915760287,-0.028806140900512773,1.0000000000000013,-0.013618806566509347,-0.005973534309181186,-0.014484456085103925,0.999784499543518,0.0,0.0,0.0,0.0,0.0,0.0,0.0,0.0,0.0,0.0,0.0,0.0,0.0,0.0,0.0,0.0,0.0,0.0,0.0,0.0,0.0,0.0,0.0,0.0,0.0,0.0,0.0,0.0,0.0,0.0,0.0,0.0,0.0,0.0,0.0,0.0,-1.6504702976585626
47.72919964790344,47.6581244468689,1.931992679328004,4.015230131546721,1.097196763208545,-0.02624213865746704,-0.012204198197902187,-0.02980413290376455,1.0000000000000013,-0.013209913878281134,-0.005905343928259352,-0.01498000915400088,0.9997830886818232,0.0,0.0,0.0,0.0,0.0,0.0,0.0,0.0,0.0,0.0,0.0,0.0,0.0,0.0,0.0,0.0,0.0,0.0,0.0,0.0,0.0,0.0,0.0,0.0,0.0,0.0,0.0,0.0,0.0,0.0,0.0,0.0,0.0,0.0,0.0,0.0,-1.7076510274326957
47.84129047393799,47.757943630218506,1.934470553598197,4.123603491243524,1.09828329887743,-0.02495618744920163,-0.014842762483809611,-0.031292584624458934,1.0000000000000016,-0.012592001309179313,-0.007224609568134515,-0.01573659519555267,0.9997707767739923,0.0,0.0,0.0,0.0,0.0,0.0,0.0,0.0,0.0,0.0,0.0,0.0,0.0,0.0,0.0,0.0,0.0,0.0,0.0,0.0,0.0,0.0,0.0,0.0,0.0,0.0,0.0,0.0,0.0,0.0,0.0,0.0,0.0,0.0,0.0,0.0,-1.7929330290374692
47.964162826538086,47.85760140419006,1.9402128554445885,4.227766512871396,1.0986312829098013,-0.022509284444099026,-0.01482343825734877,-0.034656309323035185,1.0000000000000016,-0.011380821620101102,-0.007215066289811088,-0.017409115422593487,0.9997576418402067,0.0,0.0,0.0,0.0,0.0,0.0,0.0,0.0,0.0,0.0,0.0,0.0,0.0,0.0,0.0,0.0,0.0,0.0,0.0,0.0,0.0,0.0,0.0,0.0,0.0,0.0,0.0,0.0,0.0,0.0,0.0,0.0,0.0,0.0,0.0,0.0,-1.9856602577098033
48.0772225856781,47.95755887031555,1.9433720055543926,4.333677172802751,1.098814614070918,-0.022791177930062575,-0.015536514882377487,-0.029754948875318273,1.0000000000000013,-0.011509296565446667,-0.007597292755952871,-0.014964022088701418,0.9997929261993609,0.0,0.0,0.0,0.0,0.0,0.0,0.0,0.0,0.0,0.0,0.0,0.0,0.0,0.0,0.0,0.0,0.0,0.0,0.0,0.0,0.0,0.0,0.0,0.0,0.0,0.0,0.0,0.0,0.0,0.0,0.0,0.0,0.0,0.0,0.0,0.0,-1.7048329901832726
48.186623096466064,48.056872606277466,1.9488706255531403,4.434269468906415,1.0994375874065014,-0.022556744888842236,-0.017517459823173747,-0.03217025076543738,1.0000000000000013,-0.011417110258253194,-0.008575532498540284,-0.01618155996237141,0.9997671063567277,0.0,0.0,0.0,0.0,0.0,0.0,0.0,0.0,0.0,0.0,0.0,0.0,0.0,0.0,0.0,0.0,0.0,0.0,0.0,0.0,0.0,0.0,0.0,0.0,0.0,0.0,0.0,0.0,0.0,0.0,0.0,0.0,0.0,0.0,0.0,0.0,-1.8432195947370678
48.25279903411865,48.15568971633911,1.952823232711243,4.528250558036575,1.100812445729015,-0.021104441174996248,-0.017989235616572365,-0.034088108337813124,1.0000000000000013,-0.010703352062744175,-0.008812856121063592,-0.01713648707997344,0.9997570267980972,0.0,0.0,0.0,0.0,0.0,0.0,0.0,0.0,0.0,0.0,0.0,0.0,0.0,0.0,0.0,0.0,0.0,0.0,0.0,0.0,0.0,0.0,0.0,0.0,0.0,0.0,0.0,0.0,0.0,0.0,0.0,0.0,0.0,0.0,0.0,0.0,-1.9531047393414038
48.36249017715454,48.255417346954346,1.9551183212470742,4.628057267135257,1.100658128305808,-0.020669842328945264,-0.017943987531792802,-0.023378666812072613,1.0000000000000013,-0.010438482427321646,-0.00884998275944317,-0.011780688130888737,0.9998369523462001,0.0,0.0,0.0,0.0,0.0,0.0,0.0,0.0,0.0,0.0,0.0,0.0,0.0,0.0,0.0,0.0,0.0,0.0,0.0,0.0,0.0,0.0,0.0,0.0,0.0,0.0,0.0,0.0,0.0,0.0,0.0,0.0,0.0,0.0,0.0,0.0,-1.3394989389743277
48.46290969848633,48.35510063171387,1.9552738095970594,4.730267030531393,1.1011952337072108,-0.02385086614738666,-0.020092493889266143,-0.01806642943804626,1.0000000000000013,-0.012014802811208104,-0.009937238221797278,-0.009151789849426037,0.9998365569194226,0.0,0.0,0.0,0.0,0.0,0.0,0.0,0.0,0.0,0.0,0.0,0.0,0.0,0.0,0.0,0.0,0.0,0.0,0.0,0.0,0.0,0.0,0.0,0.0,0.0,0.0,0.0,0.0,0.0,0.0,0.0,0.0,0.0,0.0,0.0,0.0,-1.0351301576709584
48.564496755599976,48.45935773849487,1.9626007502374878,4.82801613440488,1.1007733884108954,-0.025996979946590216,-0.01890623794328593,-0.03333419985968599,1.0000000000000013,-0.013153271037736954,-0.009234245439733618,-0.016787029638505233,0.9997299214328265,0.0,0.0,0.0,0.0,0.0,0.0,0.0,0.0,0.0,0.0,0.0,0.0,0.0,0.0,0.0,0.0,0.0,0.0,0.0,0.0,0.0,0.0,0.0,0.0,0.0,0.0,0.0,0.0,0.0,0.0,0.0,0.0,0.0,0.0,0.0,0.0,-1.9099089654055883
48.65981364250183,48.558244705200195,1.967500442574499,4.9249682472978975,1.102195270796047,-0.027583439471958217,-0.02225509319070013,-0.0367746104804468,1.0000000000000013,-0.013992667920000137,-0.010870823366080815,-0.018536816377711134,0.9996711543714791,0.0,0.0,0.0,0.0,0.0,0.0,0.0,0.0,0.0,0.0,0.0,0.0,0.0,0.0,0.0,0.0,0.0,0.0,0.0,0.0,0.0,0.0,0.0,0.0,0.0,0.0,0.0,0.0,0.0,0.0,0.0,0.0,0.0,0.0,0.0,0.0,-2.1070299737671663
48.747968435287476,48.6588499546051,1.9693999502901847,5.023293070984421,1.1017370165632956,-0.030992849116803316,-0.025703760758106778,-0.044083620803428036,1.0000000000000013,-0.015773974817943046,-0.012505362421732096,-0.022234655783361056,0.9995501076541096,0.0,0.0,0.0,0.0,0.0,0.0,0.0,0.0,0.0,0.0,0.0,0.0,0.0,0.0,0.0,0.0,0.0,0.0,0.0,0.0,0.0,0.0,0.0,0.0,0.0,0.0,0.0,0.0,0.0,0.0,0.0,0.0,0.0,0.0,0.0,0.0,-2.525805417691542
48.87112045288086,48.757962465286255,1.975248891529374,5.116491622553528,1.1014937789437402,-0.03572101342715658,-0.0310764213954854,-0.05498736058316654,1.000000000000001,-0.01827771588932665,-0.015038332325133023,-0.027759903679302613,0.9993343591663734,0.0,0.0,0.0,0.0,0.0,0.0,0.0,0.0,0.0,0.0,0.0,0.0,0.0,0.0,0.0,0.0,0.0,0.0,0.0,0.0,0.0,0.0,0.0,0.0,0.0,0.0,0.0,0.0,0.0,0.0,0.0,0.0,0.0,0.0,0.0,0.0,-3.150543687979464
48.96595478057861,48.857632875442505,1.9832049323353425,5.210181455303222,1.102084094725652,-0.03786518840209437,-0.03266039852581561,-0.0637877551774809,1.0000000000000013,-0.019439940944387103,-0.015714628904331313,-0.032187488282188294,0.9991692072579922,0.0,0.0,0.0,0.0,0.0,0.0,0.0,0.0,0.0,0.0,0.0,0.0,0.0,0.0,0.0,0.0,0.0,0.0,0.0,0.0,0.0,0.0,0.0,0.0,0.0,0.0,0.0,0.0,0.0,0.0,0.0,0.0,0.0,0.0,0.0,0.0,-3.6547691562834212
49.05774283409119,48.957266092300415,1.9874840415329835,5.30651767000816,1.1018311383703203,-0.03590389290533526,-0.03210474592752223,-0.06370795495600229,1.0000000000000013,-0.01845070534628704,-0.015469315684458218,-0.03212735372893526,0.9991937274056807,0.0,0.0,0.0,0.0,0.0,0.0,0.0,0.0,0.0,0.0,0.0,0.0,0.0,0.0,0.0,0.0,0.0,0.0,0.0,0.0,0.0,0.0,0.0,0.0,0.0,0.0,0.0,0.0,0.0,0.0,0.0,0.0,0.0,0.0,0.0,0.0,-3.6501969403884873
49.15097713470459,49.05817890167236,1.991247962216804,5.406202388579827,1.1008446404163086,-0.037181194758889806,-0.031113513449348307,-0.06408160227448749,1.0000000000000013,-0.019075996440149543,-0.014950008786935434,-0.03231494038264132,0.9991838410548657,0.0,0.0,0.0,0.0,0.0,0.0,0.0,0.0,0.0,0.0,0.0,0.0,0.0,0.0,0.0,0.0,0.0,0.0,0.0,0.0,0.0,0.0,0.0,0.0,0.0,0.0,0.0,0.0,0.0,0.0,0.0,0.0,0.0,0.0,0.0,0.0,-3.6716053547640697
49.26335430145264,49.15769982337952,1.9938055331962135,5.5006798191406014,1.1000010343847655,-0.040559117584715816,-0.03390696582579823,-0.061411169799743856,1.000000000000001,-0.02078605020113227,-0.01631872970525258,-0.031033643370951835,0.9991689307404279,0.0,0.0,0.0,0.0,0.0,0.0,0.0,0.0,0.0,0.0,0.0,0.0,0.0,0.0,0.0,0.0,0.0,0.0,0.0,0.0,0.0,0.0,0.0,0.0,0.0,0.0,0.0,0.0,0.0,0.0,0.0,0.0,0.0,0.0,0.0,0.0,-3.518600844486584
49.313894510269165,49.25832152366638,1.9913474718822557,5.59995580355563,1.0992964773485299,-0.0405275154877621,-0.04108846464493213,-0.06244827824896078,1.000000000000001,-0.020889415591659428,-0.01989611969380955,-0.03162211238270772,0.9990834893770523,0.0,0.0,0.0,0.0,0.0,0.0,0.0,0.0,0.0,0.0,0.0,0.0,0.0,0.0,0.0,0.0,0.0,0.0,0.0,0.0,0.0,0.0,0.0,0.0,0.0,0.0,0.0,0.0,0.0,0.0,0.0,0.0,0.0,0.0,0.0,0.0,-3.5780227815240715
49.460936069488525,49.35796523094177,2.0001004670567175,5.697530642377433,1.0990270073661932,-0.04055050512971387,-0.04571517346384581,-0.07433185400458979,1.0000000000000013,-0.021103649836711213,-0.02208199182703891,-0.037603081039449746,0.9988258256056776,0.0,0.0,0.0,0.0,0.0,0.0,0.0,0.0,0.0,0.0,0.0,0.0,0.0,0.0,0.0,0.0,0.0,0.0,0.0,0.0,0.0,0.0,0.0,0.0,0.0,0.0,0.0,0.0,0.0,0.0,0.0,0.0,0.0,0.0,0.0,0.0,-4.258901517845602
49.56671857833862,49.4584698677063,2.00099335482386,5.793926357415439,1.098988757539946,-0.039697513151662644,-0.04539288526281286,-0.07254958873615473,1.0000000000000013,-0.02065218351399433,-0.02195547788776748,-0.03670048840931934,0.9988716226109061,0.0,0.0,0.0,0.0,0.0,0.0,0.0,0.0,0.0,0.0,0.0,0.0,0.0,0.0,0.0,0.0,0.0,0.0,0.0,0.0,0.0,0.0,0.0,0.0,0.0,0.0,0.0,0.0,0.0,0.0,0.0,0.0,0.0,0.0,0.0,0.0,-4.156785239991522
49.650837421417236,49.55831694602966,2.002683846258154,5.891270670208752,1.0967609543333978,-0.0398539262851506,-0.04290513206950206,-0.06780660866145835,1.0000000000000016,-0.020636585090626595,-0.02075907690256185,-0.034309459823636604,0.9989825088801927,0.0,0.0,0.0,0.0,0.0,0.0,0.0,0.0,0.0,0.0,0.0,0.0,0.0,0.0,0.0,0.0,0.0,0.0,0.0,0.0,0.0,0.0,0.0,0.0,0.0,0.0,0.0,0.0,0.0,0.0,0.0,0.0,0.0,0.0,0.0,0.0,-3.8850324993967758
49.72641587257385,49.658350706100464,2.003407585548287,5.98984775835166,1.0953838518078467,-0.03770186049184815,-0.04018885295158252,-0.06332005550118229,1.0000000000000016,-0.01947249185966947,-0.019482871126220734,-0.03202128607827746,0.9991075402734935,0.0,0.0,0.0,0.0,0.0,0.0,0.0,0.0,0.0,0.0,0.0,0.0,0.0,0.0,0.0,0.0,0.0,0.0,0.0,0.0,0.0,0.0,0.0,0.0,0.0,0.0,0.0,0.0,0.0,0.0,0.0,0.0,0.0,0.0,0.0,0.0,-3.627971938751876
49.85054326057434,49.75787281990051,2.006365774090023,6.088110153245565,1.0944858533391058,-0.037619950953480454,-0.03859384252900692,-0.05590898305517777,1.0000000000000013,-0.01933725365969373,-0.01875914675649802,-0.028303492167417014,0.9992362470231956,0.0,0.0,0.0,0.0,0.0,0.0,0.0,0.0,0.0,0.0,0.0,0.0,0.0,0.0,0.0,0.0,0.0,0.0,0.0,0.0,0.0,0.0,0.0,0.0,0.0,0.0,0.0,0.0,0.0,0.0,0.0,0.0,0.0,0.0,0.0,0.0,-3.203348765930121
49.94921588897705,49.85750961303711,2.010670607374408,6.187889796731922,1.0934594975642544,-0.03930231425688392,-0.042001300431591344,-0.043625317298076324,1.0000000000000016,-0.020098807643636005,-0.02056156980174405,-0.022214441292882903,0.9993396711712392,0.0,0.0,0.0,0.0,0.0,0.0,0.0,0.0,0.0,0.0,0.0,0.0,0.0,0.0,0.0,0.0,0.0,0.0,0.0,0.0,0.0,0.0,0.0,0.0,0.0,0.0,0.0,0.0,0.0,0.0,0.0,0.0,0.0,0.0,0.0,0.0,-2.499546561098837
50.05755162239075,49.959288597106934,2.0141049967570193,6.2874584663554,1.0924059080385478,-0.03970201420691025,-0.04667617442305926,-0.02918412372735993,1.0000000000000018,-0.020182625943454543,-0.02303932807060419,-0.015047859073659976,0.9994175368230159,0.0,0.0,0.0,0.0,0.0,0.0,0.0,0.0,0.0,0.0,0.0,0.0,0.0,0.0,0.0,0.0,0.0,0.0,0.0,0.0,0.0,0.0,0.0,0.0,0.0,0.0,0.0,0.0,0.0,0.0,0.0,0.0,0.0,0.0,0.0,0.0,-1.6721271183653288
50.13369870185852,50.056034564971924,2.0129943684650717,6.389783219259945,1.0935498282876204,-0.04209297022121122,-0.0493411882862682,-0.01810384639539173,1.0000000000000016,-0.021260906577777936,-0.024471181500981785,-0.009566158030923455,0.9994286486528029,0.0,0.0,0.0,0.0,0.0,0.0,0.0,0.0,0.0,0.0,0.0,0.0,0.0,0.0,0.0,0.0,0.0,0.0,0.0,0.0,0.0,0.0,0.0,0.0,0.0,0.0,0.0,0.0,0.0,0.0,0.0,0.0,0.0,0.0,0.0,0.0,-1.0372739914090747
50.24166464805603,50.15848183631897,2.0138173546674305,6.494777495865201,1.0943380350344134,-0.04315260974222947,-0.04810764592198167,-0.009708965592106131,1.0000000000000018,-0.021684865557706993,-0.023940918979914225,-0.005370826032465217,0.9994637328246954,0.0,0.0,0.0,0.0,0.0,0.0,0.0,0.0,0.0,0.0,0.0,0.0,0.0,0.0,0.0,0.0,0.0,0.0,0.0,0.0,0.0,0.0,0.0,0.0,0.0,0.0,0.0,0.0,0.0,0.0,0.0,0.0,0.0,0.0,0.0,0.0,-0.5562827518654156
50.3160240650177,50.25845980644226,2.0166349672689936,6.598003135593034,1.0965325115111844,-0.039826004287841166,-0.04398355579544122,-0.003413169473410439,1.0000000000000018,-0.01994436268803375,-0.021951640822277834,-0.0021436904252754817,0.99955777844682,0.0,0.0,0.0,0.0,0.0,0.0,0.0,0.0,0.0,0.0,0.0,0.0,0.0,0.0,0.0,0.0,0.0,0.0,0.0,0.0,0.0,0.0,0.0,0.0,0.0,0.0,0.0,0.0,0.0,0.0,0.0,0.0,0.0,0.0,0.0,0.0,-0.1955602055893078
50.423583030700684,50.35860061645508,2.021853796444602,6.701063991355081,1.096736712075027,-0.03781984492947918,-0.040682881424891786,0.0047018192810384055,1.000000000000002,-0.018857022409591234,-0.020380788842909055,0.0019653963388104926,0.9996125116109843,0.0,0.0,0.0,0.0,0.0,0.0,0.0,0.0,0.0,0.0,0.0,0.0,0.0,0.0,0.0,0.0,0.0,0.0,0.0,0.0,0.0,0.0,0.0,0.0,0.0,0.0,0.0,0.0,0.0,0.0,0.0,0.0,0.0,0.0,0.0,0.0,0.2693944008367357
50.555264472961426,50.45846223831177,2.0211118191857453,6.803846871583513,1.0967732171715738,-0.035737934610147654,-0.03934122323910878,0.015631035745327787,1.0000000000000018,-0.01771031404486047,-0.019805221720622865,0.007461237459780785,0.9996191414256741,0.0,0.0,0.0,0.0,0.0,0.0,0.0,0.0,0.0,0.0,0.0,0.0,0.0,0.0,0.0,0.0,0.0,0.0,0.0,0.0,0.0,0.0,0.0,0.0,0.0,0.0,0.0,0.0,0.0,0.0,0.0,0.0,0.0,0.0,0.0,0.0,0.8955923776254093
50.6297562122345,50.55869746208191,2.014899872426701,6.906956909763674,1.0964214113123236,-0.03546263849515668,-0.04009353334294979,0.01959847046086329,1.0000000000000018,-0.01752958067360794,-0.02021501723623652,0.00944017328924564,0.999597393958097,0.0,0.0,0.0,0.0,0.0,0.0,0.0,0.0,0.0,0.0,0.0,0.0,0.0,0.0,0.0,0.0,0.0,0.0,0.0,0.0,0.0,0.0,0.0,0.0,0.0,0.0,0.0,0.0,0.0,0.0,0.0,0.0,0.0,0.0,0.0,0.0,1.12290964231928
50.7167592048645,50.65808033943176,2.0041412545271045,7.009957051393485,1.0955882626107418,-0.0275248111376389,-0.03922968793393335,0.023347774931734205,1.0000000000000018,-0.013529446348719576,-0.019771013625381386,0.011400368221244147,0.99964798439558,0.0,0.0,0.0,0.0,0.0,0.0,0.0,0.0,0.0,0.0,0.0,0.0,0.0,0.0,0.0,0.0,0.0,0.0,0.0,0.0,0.0,0.0,0.0,0.0,0.0,0.0,0.0,0.0,0.0,0.0,0.0,0.0,0.0,0.0,0.0,0.0,1.3377289646097137
50.85427379608154,50.757824659347534,2.0029740095757917,7.1117761359761795,1.0960418090569135,-0.00991020183923309,-0.03607659237055992,0.016916648694814275,1.0000000000000018,-0.004801535506839762,-0.018078355697828525,0.00836737047170137,0.999790030668156,0.0,0.0,0.0,0.0,0.0,0.0,0.0,0.0,0.0,0.0,0.0,0.0,0.0,0.0,0.0,0.0,0.0,0.0,0.0,0.0,0.0,0.0,0.0,0.0,0.0,0.0,0.0,0.0,0.0,0.0,0.0,0.0,0.0,0.0,0.0,0.0,0.9692525737183506
50.962015867233276,50.857951641082764,2.0039498114053584,7.208712157299914,1.0978692500444867,0.014000957966288592,-0.033833484291442506,0.020436521329313683,1.0000000000000016,0.007171898933231634,-0.0168431170542494,0.01033478295464038,0.9997790083487812,0.0,0.0,0.0,0.0,0.0,0.0,0.0,0.0,0.0,0.0,0.0,0.0,0.0,0.0,0.0,0.0,0.0,0.0,0.0,0.0,0.0,0.0,0.0,0.0,0.0,0.0,0.0,0.0,0.0,0.0,0.0,0.0,0.0,0.0,0.0,0.0,1.1709264200987608
51.030927896499634,50.95744204521179,1.999825662112752,7.30238684477476,1.0992599654361161,0.03334535718833695,-0.035412689100356866,0.026000115760404948,1.0000000000000016,0.01689801724538658,-0.017484767002014068,0.013291005625125283,0.99961597081356,0.0,0.0,0.0,0.0,0.0,0.0,0.0,0.0,0.0,0.0,0.0,0.0,0.0,0.0,0.0,0.0,0.0,0.0,0.0,0.0,0.0,0.0,0.0,0.0,0.0,0.0,0.0,0.0,0.0,0.0,0.0,0.0,0.0,0.0,0.0,0.0,1.4896968999227787
51.18699908256531,51.05634355545044,1.997469376761852,7.388445580612574,1.0997326299798045,0.04710312151932587,-0.03390767804765904,0.03315569193221993,1.0000000000000018,0.023823717640085906,-0.01655567242556142,0.01696928619194916,0.9994350321629126,0.0,0.0,0.0,0.0,0.0,0.0,0.0,0.0,0.0,0.0,0.0,0.0,0.0,0.0,0.0,0.0,0.0,0.0,0.0,0.0,0.0,0.0,0.0,0.0,0.0,0.0,0.0,0.0,0.0,0.0,0.0,0.0,0.0,0.0,0.0,0.0,1.8996812145521553
51.26317834854126,51.15618395805359,1.9929688598182935,7.467880617958727,1.0990516906971288,0.05245053745945394,-0.033020893605841,0.03948417358896929,1.0000000000000016,0.026539382174210598,-0.015983225511861255,0.02016416388770406,0.9993165685561114,0.0,0.0,0.0,0.0,0.0,0.0,0.0,0.0,0.0,0.0,0.0,0.0,0.0,0.0,0.0,0.0,0.0,0.0,0.0,0.0,0.0,0.0,0.0,0.0,0.0,0.0,0.0,0.0,0.0,0.0,0.0,0.0,0.0,0.0,0.0,0.0,2.2622765042098525
51.33825945854187,51.25841403007507,1.9945598715971051,7.540408262069296,1.1017650067962161,0.05276614779895973,-0.03059750408564407,0.03833214118963755,1.0000000000000013,0.026665167253128584,-0.014784511493548457,0.019559477029314338,0.999343691596441,0.0,0.0,0.0,0.0,0.0,0.0,0.0,0.0,0.0,0.0,0.0,0.0,0.0,0.0,0.0,0.0,0.0,0.0,0.0,0.0,0.0,0.0,0.0,0.0,0.0,0.0,0.0,0.0,0.0,0.0,0.0,0.0,0.0,0.0,0.0,0.0,2.1962699098658143
51.43177342414856,51.35829973220825,1.9919796588810592,7.601565281850346,1.1058182079757815,0.04438347420108469,-0.028973533324847596,0.04022407891290028,1.0000000000000016,0.022474356889291947,-0.01403355652154381,0.020425005988707376,0.9994402341831821,0.0,0.0,0.0,0.0,0.0,0.0,0.0,0.0,0.0,0.0,0.0,0.0,0.0,0.0,0.0,0.0,0.0,0.0,0.0,0.0,0.0,0.0,0.0,0.0,0.0,0.0,0.0,0.0,0.0,0.0,0.0,0.0,0.0,0.0,0.0,0.0,2.3046699565103586
51.548407554626465,51.45867085456848,1.9864305772868942,7.658668008838025,1.1063987401195983,0.033625084459103054,-0.02823318596552708,0.03770958104439605,1.0000000000000016,0.017073190369908786,-0.013794688736563188,0.019086405148300692,0.9995768714169874,0.0,0.0,0.0,0.0,0.0,0.0,0.0,0.0,0.0,0.0,0.0,0.0,0.0,0.0,0.0,0.0,0.0,0.0,0.0,0.0,0.0,0.0,0.0,0.0,0.0,0.0,0.0,0.0,0.0,0.0,0.0,0.0,0.0,0.0,0.0,0.0,2.160599841050425
51.65182161331177,51.55870819091797,1.9857270977212196,7.707855569775384,1.1094407145637173,0.025299767824378757,-0.0294095552554411,0.02349670599807421,1.0000000000000018,0.012820038991804403,-0.014553464700477947,0.011931862000294441,0.9997407033499587,0.0,0.0,0.0,0.0,0.0,0.0,0.0,0.0,0.0,0.0,0.0,0.0,0.0,0.0,0.0,0.0,0.0,0.0,0.0,0.0,0.0,0.0,0.0,0.0,0.0,0.0,0.0,0.0,0.0,0.0,0.0,0.0,0.0,0.0,0.0,0.0,1.3462620861493788
51.762054204940796,51.65807223320007,1.9832114276494266,7.753623418981519,1.1121099642870067,0.0194033666071539,-0.02850521700186235,0.014344154054457485,1.0000000000000018,0.009802507928279776,-0.014181516247308668,0.007309213502067416,0.9998246700463177,0.0,0.0,0.0,0.0,0.0,0.0,0.0,0.0,0.0,0.0,0.0,0.0,0.0,0.0,0.0,0.0,0.0,0.0,0.0,0.0,0.0,0.0,0.0,0.0,0.0,0.0,0.0,0.0,0.0,0.0,0.0,0.0,0.0,0.0,0.0,0.0,0.8218594880058819
51.84985017776489,51.758026123046875,1.9863497521675573,7.789908185216103,1.1143662915414194,0.015835985367814085,-0.025399944662588218,0.0018961698378873481,1.0000000000000016,0.007929307810832275,-0.01269172089004382,0.001048533091583975,0.9998874671065987,0.0,0.0,0.0,0.0,0.0,0.0,0.0,0.0,0.0,0.0,0.0,0.0,0.0,0.0,0.0,0.0,0.0,0.0,0.0,0.0,0.0,0.0,0.0,0.0,0.0,0.0,0.0,0.0,0.0,0.0,0.0,0.0,0.0,0.0,0.0,0.0,0.10864252895095054
51.94881892204285,51.8583083152771,1.9770846998420166,7.828094548391476,1.1153746356154852,0.014911273303473744,-0.020882174722556334,0.0036062121295665937,1.0000000000000016,0.007473974587629811,-0.010427148057674737,0.0018807993850190386,0.9999159349069918,0.0,0.0,0.0,0.0,0.0,0.0,0.0,0.0,0.0,0.0,0.0,0.0,0.0,0.0,0.0,0.0,0.0,0.0,0.0,0.0,0.0,0.0,0.0,0.0,0.0,0.0,0.0,0.0,0.0,0.0,0.0,0.0,0.0,0.0,0.0,0.0,0.20662073505305062
52.06117248535156,51.95828890800476,1.9782977604517904,7.859609901734522,1.115447998181008,0.011615815433480635,-0.02070395749838481,-0.004258788617767978,1.0000000000000016,0.005785508042546562,-0.010363962381420299,-0.002069120902919266,0.9999274148252655,0.0,0.0,0.0,0.0,0.0,0.0,0.0,0.0,0.0,0.0,0.0,0.0,0.0,0.0,0.0,0.0,0.0,0.0,0.0,0.0,0.0,0.0,0.0,0.0,0.0,0.0,0.0,0.0,0.0,0.0,0.0,0.0,0.0,0.0,0.0,0.0,-0.24401061363645868
52.13563370704651,52.0583758354187,1.9805095190539237,7.889298787174391,1.1160276144434536,0.010134842046725597,-0.02307384399688962,-0.006657441509195381,1.0000000000000016,0.005028632254473704,-0.011553320837553333,-0.003269989777109483,0.9999152668112107,0.0,0.0,0.0,0.0,0.0,0.0,0.0,0.0,0.0,0.0,0.0,0.0,0.0,0.0,0.0,0.0,0.0,0.0,0.0,0.0,0.0,0.0,0.0,0.0,0.0,0.0,0.0,0.0,0.0,0.0,0.0,0.0,0.0,0.0,0.0,0.0,-0.3814433008321006
52.243966817855835,52.15832567214966,1.9735276401869812,7.917105544030228,1.1169223612069248,0.011284784212727581,-0.02350053679080077,-0.009269954783148468,1.0000000000000018,0.005587452138322588,-0.011775835078520293,-0.0045682700205086375,0.9999046159488557,0.0,0.0,0.0,0.0,0.0,0.0,0.0,0.0,0.0,0.0,0.0,0.0,0.0,0.0,0.0,0.0,0.0,0.0,0.0,0.0,0.0,0.0,0.0,0.0,0.0,0.0,0.0,0.0,0.0,0.0,0.0,0.0,0.0,0.0,0.0,0.0,-0.5311292853515175
52.34857964515686,52.258116722106934,1.9799393393884668,7.941908441995376,1.1172938250741966,0.012216085791090793,-0.024695238562190434,-0.012300831255433464,1.0000000000000016,0.006031484615086789,-0.012384405334643989,-0.0060743773062044825,0.9998866683970691,0.0,0.0,0.0,0.0,0.0,0.0,0.0,0.0,0.0,0.0,0.0,0.0,0.0,0.0,0.0,0.0,0.0,0.0,0.0,0.0,0.0,0.0,0.0,0.0,0.0,0.0,0.0,0.0,0.0,0.0,0.0,0.0,0.0,0.0,0.0,0.0,-0.7047857154389474
52.45811986923218,52.35844087600708,1.9853402017724373,7.9668447105701325,1.116330572504296,0.012475959553770797,-0.024779122348163027,-0.005470747350833405,1.0000000000000018,0.0062035487156205825,-0.012406018576174863,-0.002657824045507014,0.9999002663554837,0.0,0.0,0.0,0.0,0.0,0.0,0.0,0.0,0.0,0.0,0.0,0.0,0.0,0.0,0.0,0.0,0.0,0.0,0.0,0.0,0.0,0.0,0.0,0.0,0.0,0.0,0.0,0.0,0.0,0.0,0.0,0.0,0.0,0.0,0.0,0.0,-0.31345073398512996
52.55196499824524,52.459226846694946,1.9859234195213151,7.990345780386889,1.1166003250291856,0.016870237961913347,-0.026171296703013047,0.004440338053750881,1.0000000000000016,0.008463326459313757,-0.01306605159143003,0.0023302724145958962,0.9998761024404625,0.0,0.0,0.0,0.0,0.0,0.0,0.0,0.0,0.0,0.0,0.0,0.0,0.0,0.0,0.0,0.0,0.0,0.0,0.0,0.0,0.0,0.0,0.0,0.0,0.0,0.0,0.0,0.0,0.0,0.0,0.0,0.0,0.0,0.0,0.0,0.0,0.25441263009125953
52.61281728744507,52.55841565132141,1.996785543688819,8.005503390658186,1.117888926535874,0.02194801510637506,-0.025394012973365028,0.009128526772970314,1.0000000000000018,0.01103073567573342,-0.01264568553117661,0.004702933878453408,0.9998481344288427,0.0,0.0,0.0,0.0,0.0,0.0,0.0,0.0,0.0,0.0,0.0,0.0,0.0,0.0,0.0,0.0,0.0,0.0,0.0,0.0,0.0,0.0,0.0,0.0,0.0,0.0,0.0,0.0,0.0,0.0,0.0,0.0,0.0,0.0,0.0,0.0,0.523026057263376
52.7418897151947,52.65819811820984,2.00339363404001,8.020414808876485,1.118273895520372,0.02091428657887922,-0.02900869357049199,0.022982639192914427,1.0000000000000018,0.01062181789639893,-0.01438193876810026,0.011640885714837164,0.9997723873970634,0.0,0.0,0.0,0.0,0.0,0.0,0.0,0.0,0.0,0.0,0.0,0.0,0.0,0.0,0.0,0.0,0.0,0.0,0.0,0.0,0.0,0.0,0.0,0.0,0.0,0.0,0.0,0.0,0.0,0.0,0.0,0.0,0.0,0.0,0.0,0.0,1.3168082278259492
52.84641218185425,52.75845813751221,2.005193900143698,8.034105280666855,1.120384006953683,0.018495311164303807,-0.03623507179039001,0.03631503573320835,1.0000000000000018,0.0095734012918372,-0.017944908538702783,0.01832026965781123,0.9996252787744574,0.0,0.0,0.0,0.0,0.0,0.0,0.0,0.0,0.0,0.0,0.0,0.0,0.0,0.0,0.0,0.0,0.0,0.0,0.0,0.0,0.0,0.0,0.0,0.0,0.0,0.0,0.0,0.0,0.0,0.0,0.0,0.0,0.0,0.0,0.0,0.0,2.0806982803796115
52.934375524520874,52.85838222503662,2.0018175598143713,8.044327642910803,1.1223094747221458,0.014281001825399629,-0.04008030331266366,0.04538400307349681,1.0000000000000018,0.007591838599278579,-0.01987115609712342,0.02282796879762706,0.9995130739428196,0.0,0.0,0.0,0.0,0.0,0.0,0.0,0.0,0.0,0.0,0.0,0.0,0.0,0.0,0.0,0.0,0.0,0.0,0.0,0.0,0.0,0.0,0.0,0.0,0.0,0.0,0.0,0.0,0.0,0.0,0.0,0.0,0.0,0.0,0.0,0.0,2.6003118335201236
53.047725677490234,52.9583523273468,2.0043772870173577,8.054085505419373,1.124789400854408,0.01012875413128575,-0.03297856329619411,0.048158777621947514,1.0000000000000018,0.005459189387400829,-0.01636162488467387,0.024156959650343493,0.999559370814371,0.0,0.0,0.0,0.0,0.0,0.0,0.0,0.0,0.0,0.0,0.0,0.0,0.0,0.0,0.0,0.0,0.0,0.0,0.0,0.0,0.0,0.0,0.0,0.0,0.0,0.0,0.0,0.0,0.0,0.0,0.0,0.0,0.0,0.0,0.0,0.0,2.759294704246668
53.11985206604004,53.05807423591614,2.01109121256396,8.060746568755732,1.1271771468504912,0.005120412344303191,-0.010259509210320504,0.04746799708766212,1.0000000000000018,0.002681185874333566,-0.005067513213084967,0.02374450980924187,0.999701620387836,0.0,0.0,0.0,0.0,0.0,0.0,0.0,0.0,0.0,0.0,0.0,0.0,0.0,0.0,0.0,0.0,0.0,0.0,0.0,0.0,0.0,0.0,0.0,0.0,0.0,0.0,0.0,0.0,0.0,0.0,0.0,0.0,0.0,0.0,0.0,0.0,2.7197158950623224
53.23091530799866,53.158474922180176,2.0229736422813116,8.06632814350084,1.1290302883946495,0.0017888543286076273,0.014912509901967151,0.047186635648461636,1.0000000000000018,0.0007182534890260515,0.007475207710776826,0.023583796661641315,0.9996936580356165,0.0,0.0,0.0,0.0,0.0,0.0,0.0,0.0,0.0,0.0,0.0,0.0,0.0,0.0,0.0,0.0,0.0,0.0,0.0,0.0,0.0,0.0,0.0,0.0,0.0,0.0,0.0,0.0,0.0,0.0,0.0,0.0,0.0,0.0,0.0,0.0,2.703595072078408
53.32666301727295,53.25842356681824,2.038340184746007,8.071413945099415,1.1327287147043623,0.002752118192734702,0.03204744556825279,0.04579083436173035,1.000000000000002,0.0010086996833826164,0.01605032110396417,0.02286841341379371,0.99960912630155,0.0,0.0,0.0,0.0,0.0,0.0,0.0,0.0,0.0,0.0,0.0,0.0,0.0,0.0,0.0,0.0,0.0,0.0,0.0,0.0,0.0,0.0,0.0,0.0,0.0,0.0,0.0,0.0,0.0,0.0,0.0,0.0,0.0,0.0,0.0,0.0,2.623621549309776
53.445393085479736,53.35833191871643,2.0563634103532604,8.07755551776851,1.1358339369359156,0.0044498453605228885,0.04194608427101289,0.04142562536760405,1.000000000000002,0.0017896076671998478,0.02101302520576463,0.020660075532905216,0.9995641106777885,0.0,0.0,0.0,0.0,0.0,0.0,0.0,0.0,0.0,0.0,0.0,0.0,0.0,0.0,0.0,0.0,0.0,0.0,0.0,0.0,0.0,0.0,0.0,0.0,0.0,0.0,0.0,0.0,0.0,0.0,0.0,0.0,0.0,0.0,0.0,0.0,2.3735134972537915
53.556471824645996,53.45840835571289,2.0787770684590843,8.0821159574687,1.139779260042197,0.006574617249512926,0.0437755147767026,0.03989223307309886,1.0000000000000018,0.002849351963007501,0.021947086924226075,0.019867977284931844,0.9995576371813386,0.0,0.0,0.0,0.0,0.0,0.0,0.0,0.0,0.0,0.0,0.0,0.0,0.0,0.0,0.0,0.0,0.0,0.0,0.0,0.0,0.0,0.0,0.0,0.0,0.0,0.0,0.0,0.0,0.0,0.0,0.0,0.0,0.0,0.0,0.0,0.0,2.285656590440763
53.65430283546448,53.55711579322815,2.108947107638156,8.086789102833132,1.1431360371768913,0.0018230139402952942,0.04189298248722916,0.03913560944747165,1.000000000000002,0.0005013118696477814,0.02095877220986067,0.019543167743210927,0.9995891871906324,0.0,0.0,0.0,0.0,0.0,0.0,0.0,0.0,0.0,0.0,0.0,0.0,0.0,0.0,0.0,0.0,0.0,0.0,0.0,0.0,0.0,0.0,0.0,0.0,0.0,0.0,0.0,0.0,0.0,0.0,0.0,0.0,0.0,0.0,0.0,0.0,2.2423052500124374
53.735294342041016,53.658398389816284,2.1489174748864226,8.09065950211957,1.1469155871281471,-0.0006332756668216387,0.03865918195325105,0.039633276390457474,1.000000000000002,-0.000699515089258205,0.01931831822364545,0.019817757410019392,0.9996167114203781,0.0,0.0,0.0,0.0,0.0,0.0,0.0,0.0,0.0,0.0,0.0,0.0,0.0,0.0,0.0,0.0,0.0,0.0,0.0,0.0,0.0,0.0,0.0,0.0,0.0,0.0,0.0,0.0,0.0,0.0,0.0,0.0,0.0,0.0,0.0,0.0,2.2708194654487026
53.85522508621216,53.758344888687134,2.1959305875336423,8.093631561489394,1.1505420145361096,-0.0010474388076029,0.035852858365576556,0.03850417297095869,1.000000000000002,-0.0008686195094343821,0.017912064291421583,0.019257187647881986,0.9996537221342529,0.0,0.0,0.0,0.0,0.0,0.0,0.0,0.0,0.0,0.0,0.0,0.0,0.0,0.0,0.0,0.0,0.0,0.0,0.0,0.0,0.0,0.0,0.0,0.0,0.0,0.0,0.0,0.0,0.0,0.0,0.0,0.0,0.0,0.0,0.0,0.0,2.206126604877633
53.95677065849304,53.860984563827515,2.2429186636467233,8.101845594736304,1.1519909064530318,-0.002669409021230314,0.0329657408135463,0.04192497985139729,1.000000000000002,-0.0016797103559080982,0.01645051530471248,0.020980082649230177,0.9996431339489934,0.0,0.0,0.0,0.0,0.0,0.0,0.0,0.0,0.0,0.0,0.0,0.0,0.0,0.0,0.0,0.0,0.0,0.0,0.0,0.0,0.0,0.0,0.0,0.0,0.0,0.0,0.0,0.0,0.0,0.0,0.0,0.0,0.0,0.0,0.0,0.0,2.402124401656078
54.0372428894043,53.958364725112915,2.298628403016803,8.107576266269552,1.1540912740571745,0.011807087905435845,0.018596027450476293,0.03927977754758818,1.000000000000002,0.00571952159135889,0.00941185641206054,0.019582555552208357,0.9997475819174024,0.0,0.0,0.0,0.0,0.0,0.0,0.0,0.0,0.0,0.0,0.0,0.0,0.0,0.0,0.0,0.0,0.0,0.0,0.0,0.0,0.0,0.0,0.0,0.0,0.0,0.0,0.0,0.0,0.0,0.0,0.0,0.0,0.0,0.0,0.0,0.0,2.2505654736895337
54.15998029708862,54.05835175514221,2.3518215311187336,8.109544167890185,1.1533716470208395,0.035491882466194585,-0.009464182188180445,0.03876459393606841,1.0000000000000018,0.017833176394856102,-0.004386525989855832,0.01946176972632268,0.9996419237549681,0.0,0.0,0.0,0.0,0.0,0.0,0.0,0.0,0.0,0.0,0.0,0.0,0.0,0.0,0.0,0.0,0.0,0.0,0.0,0.0,0.0,0.0,0.0,0.0,0.0,0.0,0.0,0.0,0.0,0.0,0.0,0.0,0.0,0.0,0.0,0.0,2.221047627075144
54.25710391998291,54.158397912979126,2.4069019992088903,8.110865774956274,1.1544046962358734,0.06466890963571079,-0.036591785608476,0.033890994387374196,1.000000000000002,0.032628608128483304,-0.01773497383824265,0.017524361272485085,0.9991565149647728,0.0,0.0,0.0,0.0,0.0,0.0,0.0,0.0,0.0,0.0,0.0,0.0,0.0,0.0,0.0,0.0,0.0,0.0,0.0,0.0,0.0,0.0,0.0,0.0,0.0,0.0,0.0,0.0,0.0,0.0,0.0,0.0,0.0,0.0,0.0,0.0,1.9418109418981024
54.36422681808472,54.258305311203,2.463115955215775,8.105807984654307,1.1543476893204736,0.08515316448957147,-0.057392217811603606,0.029182313973054447,1.000000000000002,0.04295992487378842,-0.028042340842795214,0.01579253045778652,0.998558294721264,0.0,0.0,0.0,0.0,0.0,0.0,0.0,0.0,0.0,0.0,0.0,0.0,0.0,0.0,0.0,0.0,0.0,0.0,0.0,0.0,0.0,0.0,0.0,0.0,0.0,0.0,0.0,0.0,0.0,0.0,0.0,0.0,0.0,0.0,0.0,0.0,1.672023427081669
54.468379497528076,54.358129024505615,2.5154263423695875,8.09696686677701,1.150802308910801,0.09762561551853748,-0.06999026574734009,0.030456975146053538,1.0000000000000018,0.04929005593395197,-0.0341996974657459,0.01690743442842433,0.9980556145527821,0.0,0.0,0.0,0.0,0.0,0.0,0.0,0.0,0.0,0.0,0.0,0.0,0.0,0.0,0.0,0.0,0.0,0.0,0.0,0.0,0.0,0.0,0.0,0.0,0.0,0.0,0.0,0.0,0.0,0.0,0.0,0.0,0.0,0.0,0.0,0.0,1.7450561326037117
54.55061888694763,54.45832896232605,2.566407999214967,8.080308330506243,1.1461321762917263,0.10543176001883861,-0.07390703626681079,0.024774962783088772,1.0000000000000018,0.05310846428907324,-0.03623870272712988,0.014308054430251231,0.9978284056008505,0.0,0.0,0.0,0.0,0.0,0.0,0.0,0.0,0.0,0.0,0.0,0.0,0.0,0.0,0.0,0.0,0.0,0.0,0.0,0.0,0.0,0.0,0.0,0.0,0.0,0.0,0.0,0.0,0.0,0.0,0.0,0.0,0.0,0.0,0.0,0.0,1.4195008050646747
54.64724087715149,54.558340072631836,2.612358597257771,8.056840330180725,1.1427904998284435,0.1103868446222004,-0.0733845661283438,0.028222002448507765,1.0000000000000018,0.05563962753062935,-0.035846652997939786,0.016103051662135926,0.9976772729917567,0.0,0.0,0.0,0.0,0.0,0.0,0.0,0.0,0.0,0.0,0.0,0.0,0.0,0.0,0.0,0.0,0.0,0.0,0.0,0.0,0.0,0.0,0.0,0.0,0.0,0.0,0.0,0.0,0.0,0.0,0.0,0.0,0.0,0.0,0.0,0.0,1.6170016297073704
54.757232427597046,54.658324003219604,2.6525867641242646,8.026567440912864,1.1413182496560468,0.11120521407631573,-0.07179949058398626,0.027968535315784825,1.0000000000000018,0.05603385442305495,-0.03505642694193575,0.015947672183163578,0.9976857851250075,0.0,0.0,0.0,0.0,0.0,0.0,0.0,0.0,0.0,0.0,0.0,0.0,0.0,0.0,0.0,0.0,0.0,0.0,0.0,0.0,0.0,0.0,0.0,0.0,0.0,0.0,0.0,0.0,0.0,0.0,0.0,0.0,0.0,0.0,0.0,0.0,1.6024790327570635
54.83950138092041,54.758500814437866,2.696226365132711,7.982574043900866,1.140813311650806,0.1132379935879827,-0.06910240282091829,0.02058710928209603,1.0000000000000018,0.056906988574166845,-0.033905003968200856,0.01222546167262077,0.9977287123483171,0.0,0.0,0.0,0.0,0.0,0.0,0.0,0.0,0.0,0.0,0.0,0.0,0.0,0.0,0.0,0.0,0.0,0.0,0.0,0.0,0.0,0.0,0.0,0.0,0.0,0.0,0.0,0.0,0.0,0.0,0.0,0.0,0.0,0.0,0.0,0.0,1.1795544742387047
54.95035910606384,54.858407735824585,2.7292421122011628,7.935399713759435,1.1390768706702823,0.11119337928270323,-0.06643118486069677,0.01889873388753099,1.0000000000000018,0.05584824158102561,-0.032631907378032225,0.01127472635110861,0.997842178442508,0.0,0.0,0.0,0.0,0.0,0.0,0.0,0.0,0.0,0.0,0.0,0.0,0.0,0.0,0.0,0.0,0.0,0.0,0.0,0.0,0.0,0.0,0.0,0.0,0.0,0.0,0.0,0.0,0.0,0.0,0.0,0.0,0.0,0.0,0.0,0.0,1.0828176898963928
55.053699254989624,54.95850729942322,2.7606457028494638,7.875715234459363,1.1388194129383327,0.11239236301575749,-0.06426070170814818,0.014055491108370448,1.0000000000000016,0.05636163912703372,-0.03167880116702982,0.008817270132934072,0.9978687663911222,0.0,0.0,0.0,0.0,0.0,0.0,0.0,0.0,0.0,0.0,0.0,0.0,0.0,0.0,0.0,0.0,0.0,0.0,0.0,0.0,0.0,0.0,0.0,0.0,0.0,0.0,0.0,0.0,0.0,0.0,0.0,0.0,0.0,0.0,0.0,0.0,0.8053203194932823
55.113349199295044,55.058459758758545,2.7865667848956397,7.812139975556905,1.1397383300194832,0.10816953330033056,-0.0645113973102235,0.00393919649463655,1.0000000000000016,0.05409360519625848,-0.03209646840651753,0.0037090797711324588,0.9980129965686596,0.0,0.0,0.0,0.0,0.0,0.0,0.0,0.0,0.0,0.0,0.0,0.0,0.0,0.0,0.0,0.0,0.0,0.0,0.0,0.0,0.0,0.0,0.0,0.0,0.0,0.0,0.0,0.0,0.0,0.0,0.0,0.0,0.0,0.0,0.0,0.0,0.22569933381540255
55.23352074623108,55.158422231674194,2.8166436810731725,7.738945952304594,1.1423068997277914,0.10004367558696649,-0.062586214849167,-0.012768567712952011,1.0000000000000016,0.04977598105502185,-0.03156728948277865,-0.004808734343740052,0.998249835471429,0.0,0.0,0.0,0.0,0.0,0.0,0.0,0.0,0.0,0.0,0.0,0.0,0.0,0.0,0.0,0.0,0.0,0.0,0.0,0.0,0.0,0.0,0.0,0.0,0.0,0.0,0.0,0.0,0.0,0.0,0.0,0.0,0.0,0.0,0.0,0.0,-0.7315850403791603
55.31600880622864,55.25841498374939,2.8408535340000083,7.660806268223626,1.1427256018849772,0.08959432187752406,-0.06174972709702956,-0.02169834222563078,1.0000000000000016,0.04442363146497701,-0.031322782509234995,-0.009450566347569257,0.9984768956060308,0.0,0.0,0.0,0.0,0.0,0.0,0.0,0.0,0.0,0.0,0.0,0.0,0.0,0.0,0.0,0.0,0.0,0.0,0.0,0.0,0.0,0.0,0.0,0.0,0.0,0.0,0.0,0.0,0.0,0.0,0.0,0.0,0.0,0.0,0.0,0.0,-1.243223431959145
55.42330622673035,55.35849332809448,2.8606852754750958,7.576710769652747,1.1425096794074852,0.08154316873397882,-0.06305858414600247,-0.02950375410662449,1.0000000000000016,0.04027096258097342,-0.03209541347258387,-0.013446967200175722,0.9985826521024419,0.0,0.0,0.0,0.0,0.0,0.0,0.0,0.0,0.0,0.0,0.0,0.0,0.0,0.0,0.0,0.0,0.0,0.0,0.0,0.0,0.0,0.0,0.0,0.0,0.0,0.0,0.0,0.0,0.0,0.0,0.0,0.0,0.0,0.0,0.0,0.0,-1.690440590101354
55.54580307006836,55.45846700668335,2.8831106786604876,7.486732047597329,1.144440340353045,0.07462799058705766,-0.06344045593596385,-0.04411869164775821,1.0000000000000018,0.03657843255110448,-0.03250757244646585,-0.020848267123137802,0.9985843107938898,0.0,0.0,0.0,0.0,0.0,0.0,0.0,0.0,0.0,0.0,0.0,0.0,0.0,0.0,0.0,0.0,0.0,0.0,0.0,0.0,0.0,0.0,0.0,0.0,0.0,0.0,0.0,0.0,0.0,0.0,0.0,0.0,0.0,0.0,0.0,0.0,-2.527814829055621
55.65092349052429,55.558422327041626,2.89679170855888,7.396959938543816,1.1458505557504115,0.06648732493908859,-0.06242169642130153,-0.05155249738456036,1.0000000000000016,0.03240648203765004,-0.032034406004297196,-0.024709750083230418,0.9986556188219854,0.0,0.0,0.0,0.0,0.0,0.0,0.0,0.0,0.0,0.0,0.0,0.0,0.0,0.0,0.0,0.0,0.0,0.0,0.0,0.0,0.0,0.0,0.0,0.0,0.0,0.0,0.0,0.0,0.0,0.0,0.0,0.0,0.0,0.0,0.0,0.0,-2.9537405234945235
55.73863863945007,55.658581495285034,2.910144491245516,7.301111996617545,1.1459906122668095,0.06137909613351388,-0.058821096633548765,-0.05815038970173034,1.0000000000000013,0.029804026371911735,-0.030271691749453728,-0.02814289985030509,0.9987008170011011,0.0,0.0,0.0,0.0,0.0,0.0,0.0,0.0,0.0,0.0,0.0,0.0,0.0,0.0,0.0,0.0,0.0,0.0,0.0,0.0,0.0,0.0,0.0,0.0,0.0,0.0,0.0,0.0,0.0,0.0,0.0,0.0,0.0,0.0,0.0,0.0,-3.3317719069501543
55.85010123252869,55.758511781692505,2.9165475436574995,7.206430077101665,1.145256393860316,0.05837239515474483,-0.054185343694389376,-0.06662120885973061,1.0000000000000013,0.028253350287635707,-0.028034334671088592,-0.03248795907521505,0.9986793062801509,0.0,0.0,0.0,0.0,0.0,0.0,0.0,0.0,0.0,0.0,0.0,0.0,0.0,0.0,0.0,0.0,0.0,0.0,0.0,0.0,0.0,0.0,0.0,0.0,0.0,0.0,0.0,0.0,0.0,0.0,0.0,0.0,0.0,0.0,0.0,0.0,-3.8171140937221315
55.93581008911133,55.85868501663208,2.93001776597771,7.1044688625058585,1.1450679714153875,0.05112873138239591,-0.050292224168297595,-0.07757214075382901,1.000000000000001,0.02455962859191392,-0.026107213951325484,-0.038109197925495684,0.9986305257985082,0.0,0.0,0.0,0.0,0.0,0.0,0.0,0.0,0.0,0.0,0.0,0.0,0.0,0.0,0.0,0.0,0.0,0.0,0.0,0.0,0.0,0.0,0.0,0.0,0.0,0.0,0.0,0.0,0.0,0.0,0.0,0.0,0.0,0.0,0.0,0.0,-4.444556272989175
56.05073833465576,55.958640575408936,2.9396520955530216,6.99945305549371,1.1444059290942863,0.045430858770983976,-0.04839960081928562,-0.08239571590630224,1.000000000000001,0.02169121485709092,-0.02510587735063395,-0.04061438177875023,0.9986238822065147,0.0,0.0,0.0,0.0,0.0,0.0,0.0,0.0,0.0,0.0,0.0,0.0,0.0,0.0,0.0,0.0,0.0,0.0,0.0,0.0,0.0,0.0,0.0,0.0,0.0,0.0,0.0,0.0,0.0,0.0,0.0,0.0,0.0,0.0,0.0,0.0,-4.720926771390063
56.17615795135498,56.05860877037048,2.942750545489636,6.896646682005381,1.1421010317477671,0.04139101354822371,-0.0450467994901788,-0.08601049032415022,1.000000000000001,0.01970161555608132,-0.02338530589914,-0.0425062521024629,0.9986281551932573,0.0,0.0,0.0,0.0,0.0,0.0,0.0,0.0,0.0,0.0,0.0,0.0,0.0,0.0,0.0,0.0,0.0,0.0,0.0,0.0,0.0,0.0,0.0,0.0,0.0,0.0,0.0,0.0,0.0,0.0,0.0,0.0,0.0,0.0,0.0,0.0,-4.928038089424612
56.264779806137085,56.1585373878479,2.94508602303393,6.790837002248088,1.1405119038407614,0.03446507712632637,-0.04092503165471332,-0.09844363071510517,1.0000000000000013,0.016200636670998084,-0.02128092703484203,-0.04883218586398143,0.9984488365157927,0.0,0.0,0.0,0.0,0.0,0.0,0.0,0.0,0.0,0.0,0.0,0.0,0.0,0.0,0.0,0.0,0.0,0.0,0.0,0.0,0.0,0.0,0.0,0.0,0.0,0.0,0.0,0.0,0.0,0.0,0.0,0.0,0.0,0.0,0.0,0.0,-5.640404559919965
56.31452178955078,56.258718729019165,2.9448170922030603,6.686328480305867,1.1380927833361036,0.02882175063356279,-0.03673889690670077,-0.10348651096526701,1.000000000000001,0.013438743037124685,-0.019087108038807685,-0.05144173245135521,0.9984031403469756,0.0,0.0,0.0,0.0,0.0,0.0,0.0,0.0,0.0,0.0,0.0,0.0,0.0,0.0,0.0,0.0,0.0,0.0,0.0,0.0,0.0,0.0,0.0,0.0,0.0,0.0,0.0,0.0,0.0,0.0,0.0,0.0,0.0,0.0,0.0,0.0,-5.929340314844115
56.426860094070435,56.35865497589111,2.94346076020889,6.581687037845565,1.1359739805907298,0.024783349743859238,-0.03444625305744923,-0.11357935474556469,1.0000000000000013,0.011392100010355604,-0.017896409591298037,-0.05653331858392125,0.9981752964639958,0.0,0.0,0.0,0.0,0.0,0.0,0.0,0.0,0.0,0.0,0.0,0.0,0.0,0.0,0.0,0.0,0.0,0.0,0.0,0.0,0.0,0.0,0.0,0.0,0.0,0.0,0.0,0.0,0.0,0.0,0.0,0.0,0.0,0.0,0.0,0.0,-6.5076176667400345
56.5294930934906,56.45664668083191,2.937895334186884,6.476683757611034,1.1348891408888635,0.01890742902403777,-0.03258423036611558,-0.12406033429447524,1.0000000000000013,0.008424275011569912,-0.016845288358643466,-0.06182568305906779,0.9979092407453325,0.0,0.0,0.0,0.0,0.0,0.0,0.0,0.0,0.0,0.0,0.0,0.0,0.0,0.0,0.0,0.0,0.0,0.0,0.0,0.0,0.0,0.0,0.0,0.0,0.0,0.0,0.0,0.0,0.0,0.0,0.0,0.0,0.0,0.0,0.0,0.0,-7.108133560055539
56.640135765075684,56.55872106552124,2.9327212159751856,6.366620281335615,1.1346273340098414,0.015346104887746768,-0.03257485760577109,-0.13676799869607414,1.0000000000000013,0.006541178285625019,-0.016772394318629626,-0.06819496375502473,0.9975095722317203,0.0,0.0,0.0,0.0,0.0,0.0,0.0,0.0,0.0,0.0,0.0,0.0,0.0,0.0,0.0,0.0,0.0,0.0,0.0,0.0,0.0,0.0,0.0,0.0,0.0,0.0,0.0,0.0,0.0,0.0,0.0,0.0,0.0,0.0,0.0,0.0,-7.836229097735795
56.73901391029358,56.65498089790344,2.9267805976728702,6.263025964854244,1.1335114833700106,0.01577241575319639,-0.028831167303018757,-0.15260480289034684,1.000000000000001,0.006763559116706838,-0.014973779252464407,-0.07610474461621881,0.9969644467331198,0.0,0.0,0.0,0.0,0.0,0.0,0.0,0.0,0.0,0.0,0.0,0.0,0.0,0.0,0.0,0.0,0.0,0.0,0.0,0.0,0.0,0.0,0.0,0.0,0.0,0.0,0.0,0.0,0.0,0.0,0.0,0.0,0.0,0.0,0.0,0.0,-8.7436111390427
56.84582018852234,56.75887656211853,2.9233424770506247,6.147906831355322,1.1299377978118215,0.013704163663196264,-0.025585867019267433,-0.16310053385405002,1.000000000000001,0.005786639214664604,-0.013307890525986287,-0.08136396431117716,0.9965788078059454,0.0,0.0,0.0,0.0,0.0,0.0,0.0,0.0,0.0,0.0,0.0,0.0,0.0,0.0,0.0,0.0,0.0,0.0,0.0,0.0,0.0,0.0,0.0,0.0,0.0,0.0,0.0,0.0,0.0,0.0,0.0,0.0,0.0,0.0,0.0,0.0,-9.344972226167668
56.91692900657654,56.858763217926025,2.914172291947803,6.043386800665304,1.1285458028943947,0.014459551433828856,-0.022721640967328417,-0.16341355810865865,1.000000000000001,0.006277949005685893,-0.011912401097045503,-0.081526637501257,0.9965801971914383,0.0,0.0,0.0,0.0,0.0,0.0,0.0,0.0,0.0,0.0,0.0,0.0,0.0,0.0,0.0,0.0,0.0,0.0,0.0,0.0,0.0,0.0,0.0,0.0,0.0,0.0,0.0,0.0,0.0,0.0,0.0,0.0,0.0,0.0,0.0,0.0,-9.362907194841972
56.99966526031494,56.958707332611084,2.9063121033720045,5.938252713945589,1.127823543551232,0.01536271453852406,-0.020122215986360572,-0.16401025747369335,1.000000000000001,0.0068309812258017235,-0.010655999174144918,-0.08182966425448072,0.9965659503640963,0.0,0.0,0.0,0.0,0.0,0.0,0.0,0.0,0.0,0.0,0.0,0.0,0.0,0.0,0.0,0.0,0.0,0.0,0.0,0.0,0.0,0.0,0.0,0.0,0.0,0.0,0.0,0.0,0.0,0.0,0.0,0.0,0.0,0.0,0.0,0.0,-9.397095550096596
57.14602017402649,57.0588595867157,2.89593254697317,5.8319666796792795,1.126786522471183,0.01723919716298596,-0.017747608510437385,-0.15531933133051196,1.000000000000001,0.007904764812768281,-0.009515301761076253,-0.07749943537086243,0.9969156490109132,0.0,0.0,0.0,0.0,0.0,0.0,0.0,0.0,0.0,0.0,0.0,0.0,0.0,0.0,0.0,0.0,0.0,0.0,0.0,0.0,0.0,0.0,0.0,0.0,0.0,0.0,0.0,0.0,0.0,0.0,0.0,0.0,0.0,0.0,0.0,0.0,-8.899142162032392
57.26407480239868,57.15883278846741,2.886997925163903,5.726190681499409,1.1253317183978218,0.017054293089236852,-0.014138151747839887,-0.14580663364626026,1.000000000000001,0.007989300910481794,-0.0076710671557943585,-0.07277416940046977,0.9972869426938904,0.0,0.0,0.0,0.0,0.0,0.0,0.0,0.0,0.0,0.0,0.0,0.0,0.0,0.0,0.0,0.0,0.0,0.0,0.0,0.0,0.0,0.0,0.0,0.0,0.0,0.0,0.0,0.0,0.0,0.0,0.0,0.0,0.0,0.0,0.0,0.0,-8.354104732940899
57.33242726325989,57.25774598121643,2.8759180858353424,5.623495702873409,1.1257749801348387,0.016888712984131565,-0.009248335020661374,-0.1303294944510951,1.0000000000000009,0.008125135679878034,-0.00516404446132019,-0.0650766547475665,0.9978338257554978,0.0,0.0,0.0,0.0,0.0,0.0,0.0,0.0,0.0,0.0,0.0,0.0,0.0,0.0,0.0,0.0,0.0,0.0,0.0,0.0,0.0,0.0,0.0,0.0,0.0,0.0,0.0,0.0,0.0,0.0,0.0,0.0,0.0,0.0,0.0,0.0,-7.46732997812143
57.44367074966431,57.35720777511597,2.8635127694204985,5.522060524185239,1.1250783312359642,0.018544213075244502,-0.0016859920729746757,-0.11129697912682136,1.000000000000001,0.009210732357155254,-0.0013573596996613653,-0.05560955764077887,0.9984091831924874,0.0,0.0,0.0,0.0,0.0,0.0,0.0,0.0,0.0,0.0,0.0,0.0,0.0,0.0,0.0,0.0,0.0,0.0,0.0,0.0,0.0,0.0,0.0,0.0,0.0,0.0,0.0,0.0,0.0,0.0,0.0,0.0,0.0,0.0,0.0,0.0,-6.376847176522483
57.566890239715576,57.456955671310425,2.8553043193087415,5.421661096981492,1.1247180715876515,0.01880784990129706,0.0015219861766423046,-0.09202291962924056,1.000000000000001,0.0094288317178884,0.0003276248522633194,-0.046000328311844425,0.9988968713483874,0.0,0.0,0.0,0.0,0.0,0.0,0.0,0.0,0.0,0.0,0.0,0.0,0.0,0.0,0.0,0.0,0.0,0.0,0.0,0.0,0.0,0.0,0.0,0.0,0.0,0.0,0.0,0.0,0.0,0.0,0.0,0.0,0.0,0.0,0.0,0.0,-5.272524913227063
57.66076898574829,57.55681920051575,2.8456588572665837,5.320604810169811,1.1231205215863804,0.016894609249493642,0.003739017602870074,-0.06561280141546523,1.000000000000001,0.00850396275339997,0.0015913629258103089,-0.03281507235446631,0.999423994712905,0.0,0.0,0.0,0.0,0.0,0.0,0.0,0.0,0.0,0.0,0.0,0.0,0.0,0.0,0.0,0.0,0.0,0.0,0.0,0.0,0.0,0.0,0.0,0.0,0.0,0.0,0.0,0.0,0.0,0.0,0.0,0.0,0.0,0.0,0.0,0.0,-3.7593366031361515
57.74255299568176,57.65550184249878,2.834266255558703,5.225783663573743,1.1206097550360907,0.016123711040628128,0.0053256832885834,-0.04248793460713729,1.000000000000001,0.008116483683654288,0.00249090067770778,-0.02126306614640287,0.9997378657050472,0.0,0.0,0.0,0.0,0.0,0.0,0.0,0.0,0.0,0.0,0.0,0.0,0.0,0.0,0.0,0.0,0.0,0.0,0.0,0.0,0.0,0.0,0.0,0.0,0.0,0.0,0.0,0.0,0.0,0.0,0.0,0.0,0.0,0.0,0.0,0.0,-2.434379333216798
57.81230163574219,57.75808334350586,2.82484254707797,5.126102154304477,1.1186917387005524,0.017732874334629042,0.002024663062550083,-0.023777628487590248,1.000000000000001,0.00887772452439922,0.0009068125210980777,-0.01189703580831259,0.9998894060031333,0.0,0.0,0.0,0.0,0.0,0.0,0.0,0.0,0.0,0.0,0.0,0.0,0.0,0.0,0.0,0.0,0.0,0.0,0.0,0.0,0.0,0.0,0.0,0.0,0.0,0.0,0.0,0.0,0.0,0.0,0.0,0.0,0.0,0.0,0.0,0.0,-1.362357759168956
57.94553232192993,57.85852289199829,2.821039516844718,5.0273846352552,1.1160813342650067,0.01964955537441601,0.001096905724722695,-0.0065753732884495306,1.000000000000001,0.009826368106435682,0.0005161231933979972,-0.0032929098659664983,0.9999461649765466,0.0,0.0,0.0,0.0,0.0,0.0,0.0,0.0,0.0,0.0,0.0,0.0,0.0,0.0,0.0,0.0,0.0,0.0,0.0,0.0,0.0,0.0,0.0,0.0,0.0,0.0,0.0,0.0,0.0,0.0,0.0,0.0,0.0,0.0,0.0,0.0,-0.37674113815121535
58.040262937545776,57.95578598976135,2.8205745508496447,4.931988966167601,1.1138011003204142,0.020935990365061677,0.001996082633422383,0.005042828279893838,1.000000000000001,0.010465249182373125,0.0010243769249423326,0.002510824801120497,0.9999415607775721,0.0,0.0,0.0,0.0,0.0,0.0,0.0,0.0,0.0,0.0,0.0,0.0,0.0,0.0,0.0,0.0,0.0,0.0,0.0,0.0,0.0,0.0,0.0,0.0,0.0,0.0,0.0,0.0,0.0,0.0,0.0,0.0,0.0,0.0,0.0,0.0,0.28893277724713357
58.14446687698364,58.05899238586426,2.820411010433149,4.836069462624585,1.1111665162447417,0.02430421810842013,-0.0012198706683328427,0.017046306312799617,1.0000000000000009,0.012156564453824277,-0.000506297644622441,0.008529830619611581,0.9998895957019344,0.0,0.0,0.0,0.0,0.0,0.0,0.0,0.0,0.0,0.0,0.0,0.0,0.0,0.0,0.0,0.0,0.0,0.0,0.0,0.0,0.0,0.0,0.0,0.0,0.0,0.0,0.0,0.0,0.0,0.0,0.0,0.0,0.0,0.0,0.0,0.0,0.9766814080106302
58.25075435638428,58.157957792282104,2.8233458875146322,4.738637135399835,1.1106622001795918,0.02977923682594964,-0.0066242662514811,0.02201677529631583,1.0000000000000009,0.014924540829608297,-0.0031476588355704577,0.011056196195351975,0.9998225396792033,0.0,0.0,0.0,0.0,0.0,0.0,0.0,0.0,0.0,0.0,0.0,0.0,0.0,0.0,0.0,0.0,0.0,0.0,0.0,0.0,0.0,0.0,0.0,0.0,0.0,0.0,0.0,0.0,0.0,0.0,0.0,0.0,0.0,0.0,0.0,0.0,1.2614683029667895
58.379414558410645,58.2575957775116,2.8260935074684927,4.641074519580069,1.1079880763758452,0.03288648645733591,-0.011222638517305617,0.02739877453414154,1.0000000000000009,0.016517558965511187,-0.005384763158397563,0.013789146196157214,0.9997539867481058,0.0,0.0,0.0,0.0,0.0,0.0,0.0,0.0,0.0,0.0,0.0,0.0,0.0,0.0,0.0,0.0,0.0,0.0,0.0,0.0,0.0,0.0,0.0,0.0,0.0,0.0,0.0,0.0,0.0,0.0,0.0,0.0,0.0,0.0,0.0,0.0,1.5698341446368285
58.44995474815369,58.35939288139343,2.828968511904863,4.542360779206784,1.1062340728976443,0.036789801431627266,-0.01534071871205381,0.030266671406415903,1.0000000000000009,0.01850726900987355,-0.0073897666267152004,0.015270822811446821,0.9996847874773638,0.0,0.0,0.0,0.0,0.0,0.0,0.0,0.0,0.0,0.0,0.0,0.0,0.0,0.0,0.0,0.0,0.0,0.0,0.0,0.0,0.0,0.0,0.0,0.0,0.0,0.0,0.0,0.0,0.0,0.0,0.0,0.0,0.0,0.0,0.0,0.0,1.7341525314969188
58.57524919509888,58.459123611450195,2.831901893916786,4.449304455813119,1.1053198148743006,0.0403975777063539,-0.018403505917511775,0.024023539089116475,1.0000000000000009,0.020305605903032195,-0.008956491809412753,0.012194357677892504,0.9996793292172267,0.0,0.0,0.0,0.0,0.0,0.0,0.0,0.0,0.0,0.0,0.0,0.0,0.0,0.0,0.0,0.0,0.0,0.0,0.0,0.0,0.0,0.0,0.0,0.0,0.0,0.0,0.0,0.0,0.0,0.0,0.0,0.0,0.0,0.0,0.0,0.0,1.376447398773932
58.63415551185608,58.55340385437012,2.836922338929238,4.358843266472102,1.1042301963773153,0.040334681165436266,-0.02068766738008498,0.025281353006864044,1.0000000000000009,0.020294004344068188,-0.0100858284808299,0.012845666417677268,0.9996606515742359,0.0,0.0,0.0,0.0,0.0,0.0,0.0,0.0,0.0,0.0,0.0,0.0,0.0,0.0,0.0,0.0,0.0,0.0,0.0,0.0,0.0,0.0,0.0,0.0,0.0,0.0,0.0,0.0,0.0,0.0,0.0,0.0,0.0,0.0,0.0,0.0,1.448514827673683
58.75472164154053,58.65777039527893,2.8427234771569125,4.257741001240422,1.1034043886166995,0.039589518830644585,-0.02436574657424654,0.027785773644786512,1.0000000000000009,0.019959300329508975,-0.011904050650097994,0.014129799545975418,0.9996300659110193,0.0,0.0,0.0,0.0,0.0,0.0,0.0,0.0,0.0,0.0,0.0,0.0,0.0,0.0,0.0,0.0,0.0,0.0,0.0,0.0,0.0,0.0,0.0,0.0,0.0,0.0,0.0,0.0,0.0,0.0,0.0,0.0,0.0,0.0,0.0,0.0,1.5920075603521018
58.880399227142334,58.752803802490234,2.846651771078784,4.16438771883263,1.103024172322129,0.039999274381782156,-0.026356807025853975,0.024932421124318996,1.0000000000000007,0.0201592565388056,-0.012925087925770944,0.012725830040670193,0.999632232237282,0.0,0.0,0.0,0.0,0.0,0.0,0.0,0.0,0.0,0.0,0.0,0.0,0.0,0.0,0.0,0.0,0.0,0.0,0.0,0.0,0.0,0.0,0.0,0.0,0.0,0.0,0.0,0.0,0.0,0.0,0.0,0.0,0.0,0.0,0.0,0.0,1.4285225034662972
58.936076164245605,58.8572096824646,2.8509534066103814,4.057455892741634,1.1017936389595473,0.03815254482986379,-0.02722888307649663,0.025220607342144357,1.0000000000000007,0.01924347231287638,-0.013369947368792604,0.012866175075217322,0.9996426335544292,0.0,0.0,0.0,0.0,0.0,0.0,0.0,0.0,0.0,0.0,0.0,0.0,0.0,0.0,0.0,0.0,0.0,0.0,0.0,0.0,0.0,0.0,0.0,0.0,0.0,0.0,0.0,0.0,0.0,0.0,0.0,0.0,0.0,0.0,0.0,0.0,1.4450343574615283
59.050320863723755,58.95914936065674,2.855582662609768,3.959849498768416,1.1005057101515046,0.041136092877096256,-0.0273193494453005,0.026605994291407486,1.0000000000000007,0.02074452310692443,-0.013381588665745632,0.013579449738775614,0.9996030193985214,0.0,0.0,0.0,0.0,0.0,0.0,0.0,0.0,0.0,0.0,0.0,0.0,0.0,0.0,0.0,0.0,0.0,0.0,0.0,0.0,0.0,0.0,0.0,0.0,0.0,0.0,0.0,0.0,0.0,0.0,0.0,0.0,0.0,0.0,0.0,0.0,1.5244111826468103
59.16464900970459,59.05898427963257,2.8611091809204803,3.8571644158760896,1.1005152620020273,0.03914704306506611,-0.02765623517481253,0.025721753033472267,1.0000000000000007,0.019746579076232895,-0.013572199238256857,0.01312744583149547,0.9996266994176205,0.0,0.0,0.0,0.0,0.0,0.0,0.0,0.0,0.0,0.0,0.0,0.0,0.0,0.0,0.0,0.0,0.0,0.0,0.0,0.0,0.0,0.0,0.0,0.0,0.0,0.0,0.0,0.0,0.0,0.0,0.0,0.0,0.0,0.0,0.0,0.0,1.4737478904957835
59.22441387176514,59.15792632102966,2.864535688917303,3.753989260094321,1.099218305362482,0.034304842342014794,-0.02733768928642175,0.029310842606839544,1.0000000000000009,0.017348415962672198,-0.013413609619690795,0.014885781957365982,0.9996486988117756,0.0,0.0,0.0,0.0,0.0,0.0,0.0,0.0,0.0,0.0,0.0,0.0,0.0,0.0,0.0,0.0,0.0,0.0,0.0,0.0,0.0,0.0,0.0,0.0,0.0,0.0,0.0,0.0,0.0,0.0,0.0,0.0,0.0,0.0,0.0,0.0,1.6793875753441376
59.33880829811096,59.25750946998596,2.8672839610226863,3.655734946721886,1.0991888350305559,0.025291699651183542,-0.025622430204993298,0.03550752424660439,1.0000000000000009,0.0128698932762469,-0.01258334637104755,0.017911927707633887,0.9996775420539179,0.0,0.0,0.0,0.0,0.0,0.0,0.0,0.0,0.0,0.0,0.0,0.0,0.0,0.0,0.0,0.0,0.0,0.0,0.0,0.0,0.0,0.0,0.0,0.0,0.0,0.0,0.0,0.0,0.0,0.0,0.0,0.0,0.0,0.0,0.0,0.0,2.0344312802888695
59.46891760826111,59.35901927947998,2.8684035246040454,3.573225840859156,1.1013001198735668,-0.15243624221614752,-0.04110682477465697,0.054823677855009106,1.0000000000000009,-0.07553800419133574,-0.022571154795555836,0.0257587338649312,0.9965545848189463,0.0,0.0,0.0,0.0,0.0,0.0,0.0,0.0,0.0,0.0,0.0,0.0,0.0,0.0,0.0,0.0,0.0,0.0,0.0,0.0,0.0,0.0,0.0,0.0,0.0,0.0,0.0,0.0,0.0,0.0,0.0,0.0,0.0,0.0,0.0,0.0,3.1411653584768557
59.5448055267334,59.456332206726074,2.8690199995811567,3.5006644892540466,1.1073774631828328,-0.20276052352399915,-0.03786470093818661,0.0755766563387861,1.000000000000001,-0.10040477541844564,-0.022643406335008456,0.03566402053705963,0.9940494126862375,0.0,0.0,0.0,0.0,0.0,0.0,0.0,0.0,0.0,0.0,0.0,0.0,0.0,0.0,0.0,0.0,0.0,0.0,0.0,0.0,0.0,0.0,0.0,0.0,0.0,0.0,0.0,0.0,0.0,0.0,0.0,0.0,0.0,0.0,0.0,0.0,4.330223437923084
59.64810371398926,59.557640075683594,2.866912523582101,3.440426005956332,1.1148226389535372,-0.16386411861899824,-0.02749857472671444,0.08171063113877294,1.000000000000001,-0.08120472803464705,-0.01703366876957963,0.03957881690440159,0.9957656167620559,0.0,0.0,0.0,0.0,0.0,0.0,0.0,0.0,0.0,0.0,0.0,0.0,0.0,0.0,0.0,0.0,0.0,0.0,0.0,0.0,0.0,0.0,0.0,0.0,0.0,0.0,0.0,0.0,0.0,0.0,0.0,0.0,0.0,0.0,0.0,0.0,4.681674305601933
59.748265743255615,59.65807890892029,2.8663315213752973,3.3972577421269197,1.1182219502172988,-0.10773524721778092,-0.019214948274420288,0.06864934488117884,1.0000000000000013,-0.053478152673563685,-0.011435386291091596,0.03374960379751198,0.9979330054520243,0.0,0.0,0.0,0.0,0.0,0.0,0.0,0.0,0.0,0.0,0.0,0.0,0.0,0.0,0.0,0.0,0.0,0.0,0.0,0.0,0.0,0.0,0.0,0.0,0.0,0.0,0.0,0.0,0.0,0.0,0.0,0.0,0.0,0.0,0.0,0.0,3.9333177280295692
59.84888410568237,59.75752925872803,2.8648393625639006,3.366761526702993,1.118314057594647,-0.06266462146107518,-0.02543883050740549,0.04659324557437015,1.000000000000001,-0.031020011069212188,-0.013439072434671604,0.02288285421531606,0.9991664151823382,0.0,0.0,0.0,0.0,0.0,0.0,0.0,0.0,0.0,0.0,0.0,0.0,0.0,0.0,0.0,0.0,0.0,0.0,0.0,0.0,0.0,0.0,0.0,0.0,0.0,0.0,0.0,0.0,0.0,0.0,0.0,0.0,0.0,0.0,0.0,0.0,2.6695963252280106
59.93789577484131,59.855618715286255,2.8614665258501604,3.343452637012759,1.116891752796007,-0.03449112632873627,-0.03259691611116094,0.026397250008448253,1.000000000000001,-0.017025846649930072,-0.016521463258535946,0.012913501285151204,0.9996351350778997,0.0,0.0,0.0,0.0,0.0,0.0,0.0,0.0,0.0,0.0,0.0,0.0,0.0,0.0,0.0,0.0,0.0,0.0,0.0,0.0,0.0,0.0,0.0,0.0,0.0,0.0,0.0,0.0,0.0,0.0,0.0,0.0,0.0,0.0,0.0,0.0,1.5124510162357616
60.044402837753296,59.95862293243408,2.8580287584929036,3.325877923805928,1.1111718472854852,-0.01673672936934123,-0.03579757639652635,0.014900752202521312,1.000000000000001,-0.008233354695909589,-0.01795904528868225,0.007299083280323025,0.999778179370824,0.0,0.0,0.0,0.0,0.0,0.0,0.0,0.0,0.0,0.0,0.0,0.0,0.0,0.0,0.0,0.0,0.0,0.0,0.0,0.0,0.0,0.0,0.0,0.0,0.0,0.0,0.0,0.0,0.0,0.0,0.0,0.0,0.0,0.0,0.0,0.0,0.8537502127747368
60.15533638000488,60.05496001243591,2.8523875935436247,3.315317767819422,1.1041493223807186,-0.006558798979553303,-0.032354220340618925,0.016095709504753173,1.000000000000001,-0.0031486750796783656,-0.016202182101250944,0.007993624506828232,0.9998318244123092,0.0,0.0,0.0,0.0,0.0,0.0,0.0,0.0,0.0,0.0,0.0,0.0,0.0,0.0,0.0,0.0,0.0,0.0,0.0,0.0,0.0,0.0,0.0,0.0,0.0,0.0,0.0,0.0,0.0,0.0,0.0,0.0,0.0,0.0,0.0,0.0,0.9222162228909613
60.22245717048645,60.15419149398804,2.8458889988434484,3.308901597753699,1.0973783059183138,0.0007423283365483251,-0.02797468824650077,0.024754727184219266,1.000000000000001,0.0005442157906179396,-0.013981222227237975,0.01238102700347991,0.9998254544792042,0.0,0.0,0.0,0.0,0.0,0.0,0.0,0.0,0.0,0.0,0.0,0.0,0.0,0.0,0.0,0.0,0.0,0.0,0.0,0.0,0.0,0.0,0.0,0.0,0.0,0.0,0.0,0.0,0.0,0.0,0.0,0.0,0.0,0.0,0.0,0.0,1.4183413906535323
60.3262255191803,60.258304595947266,2.836262048708683,3.3017373922016704,1.0921990565388764,0.009659473213777432,-0.020048402668455825,0.03592175274707833,1.000000000000001,0.00500872486551331,-0.00993556282100239,0.018007204359327865,0.9997759438283236,0.0,0.0,0.0,0.0,0.0,0.0,0.0,0.0,0.0,0.0,0.0,0.0,0.0,0.0,0.0,0.0,0.0,0.0,0.0,0.0,0.0,0.0,0.0,0.0,0.0,0.0,0.0,0.0,0.0,0.0,0.0,0.0,0.0,0.0,0.0,0.0,2.0581648251200595
60.43483018875122,60.358352184295654,2.8301074842689427,3.2913543507246157,1.0895691894395432,0.016987729344321814,-0.012192648870965358,0.033929489377502876,1.000000000000001,0.008595795748639144,-0.005951104629996823,0.017014776755928454,0.9998005771257981,0.0,0.0,0.0,0.0,0.0,0.0,0.0,0.0,0.0,0.0,0.0,0.0,0.0,0.0,0.0,0.0,0.0,0.0,0.0,0.0,0.0,0.0,0.0,0.0,0.0,0.0,0.0,0.0,0.0,0.0,0.0,0.0,0.0,0.0,0.0,0.0,1.9440165423648736
60.554001808166504,60.45801138877869,2.8250441780008337,3.276871717422793,1.0888112733448012,0.019439611858869093,-0.012690055682660207,0.027025098430031425,1.000000000000001,0.00980430017874387,-0.006212775675690122,0.013572893182414414,0.9998405141256628,0.0,0.0,0.0,0.0,0.0,0.0,0.0,0.0,0.0,0.0,0.0,0.0,0.0,0.0,0.0,0.0,0.0,0.0,0.0,0.0,0.0,0.0,0.0,0.0,0.0,0.0,0.0,0.0,0.0,0.0,0.0,0.0,0.0,0.0,0.0,0.0,1.5484240809664278
60.638927936553955,60.558677673339844,2.819790869471754,3.2658888271665485,1.0850349931365149,0.020838182531952347,-0.01832178274750816,0.022825591173590985,1.000000000000001,0.010522329040037737,-0.009040768209668482,0.011506888412307867,0.9998375551162404,0.0,0.0,0.0,0.0,0.0,0.0,0.0,0.0,0.0,0.0,0.0,0.0,0.0,0.0,0.0,0.0,0.0,0.0,0.0,0.0,0.0,0.0,0.0,0.0,0.0,0.0,0.0,0.0,0.0,0.0,0.0,0.0,0.0,0.0,0.0,0.0,1.3078100391378271
60.776145219802856,60.65742230415344,2.814422556676923,3.255855023247954,1.0826774585769043,0.01256911126346553,-0.03169791184449359,0.022867936695176696,1.0000000000000009,0.006464515576049247,-0.015775097163905225,0.01153164977419242,0.999788166263896,0.0,0.0,0.0,0.0,0.0,0.0,0.0,0.0,0.0,0.0,0.0,0.0,0.0,0.0,0.0,0.0,0.0,0.0,0.0,0.0,0.0,0.0,0.0,0.0,0.0,0.0,0.0,0.0,0.0,0.0,0.0,0.0,0.0,0.0,0.0,0.0,1.3102362588059684
60.86079478263855,60.75730609893799,2.8099739071197187,3.240509193043152,1.0838510989438217,0.016614938728745175,-0.02992382095290989,0.02932271408487463,1.000000000000001,0.008524889545903672,-0.014837448682680984,0.014782961190198248,0.9997442875221995,0.0,0.0,0.0,0.0,0.0,0.0,0.0,0.0,0.0,0.0,0.0,0.0,0.0,0.0,0.0,0.0,0.0,0.0,0.0,0.0,0.0,0.0,0.0,0.0,0.0,0.0,0.0,0.0,0.0,0.0,0.0,0.0,0.0,0.0,0.0,0.0,1.6800677609321304
60.95792007446289,60.85589098930359,2.805484080491359,3.2300358384225207,1.081807974644985,0.021598527123249178,-0.016379422341144225,0.03159503628207842,1.0000000000000009,0.01092670680056886,-0.008017534817047424,0.015883839316892794,0.9997819911673289,0.0,0.0,0.0,0.0,0.0,0.0,0.0,0.0,0.0,0.0,0.0,0.0,0.0,0.0,0.0,0.0,0.0,0.0,0.0,0.0,0.0,0.0,0.0,0.0,0.0,0.0,0.0,0.0,0.0,0.0,0.0,0.0,0.0,0.0,0.0,0.0,1.8102622325258015
61.04101228713989,60.95649552345276,2.8019374423351375,3.216993963758926,1.0798833084432586,0.020618394567235996,-0.010084090892869416,0.033135031299344114,1.000000000000001,0.010390994417062508,-0.004870279454382965,0.016617637994974302,0.9997960600645168,0.0,0.0,0.0,0.0,0.0,0.0,0.0,0.0,0.0,0.0,0.0,0.0,0.0,0.0,0.0,0.0,0.0,0.0,0.0,0.0,0.0,0.0,0.0,0.0,0.0,0.0,0.0,0.0,0.0,0.0,0.0,0.0,0.0,0.0,0.0,0.0,1.8984974474863021
61.10404992103577,61.05625319480896,2.8003354632950432,3.2052774818718497,1.0828849282078066,0.009201745500937653,-0.020640414448551383,0.035104086210861876,1.0000000000000009,0.004781029152162715,-0.010237579208541858,0.01759749513357744,0.999781307035304,0.0,0.0,0.0,0.0,0.0,0.0,0.0,0.0,0.0,0.0,0.0,0.0,0.0,0.0,0.0,0.0,0.0,0.0,0.0,0.0,0.0,0.0,0.0,0.0,0.0,0.0,0.0,0.0,0.0,0.0,0.0,0.0,0.0,0.0,0.0,0.0,2.0113159835457757
61.23896360397339,61.15636348724365,2.795257519109046,3.1921447321285394,1.0844146075027368,0.006711158964328181,-0.030571812180504053,0.0405222481646125,1.0000000000000009,0.003664167160192766,-0.01521411238384559,0.02030853738321543,0.9996712799579422,0.0,0.0,0.0,0.0,0.0,0.0,0.0,0.0,0.0,0.0,0.0,0.0,0.0,0.0,0.0,0.0,0.0,0.0,0.0,0.0,0.0,0.0,0.0,0.0,0.0,0.0,0.0,0.0,0.0,0.0,0.0,0.0,0.0,0.0,0.0,0.0,2.321753796214043
61.332974433898926,61.257185220718384,2.7908709995453904,3.185101629908292,1.0816390637254103,0.008953964378210026,-0.03169103298880868,0.04804612502553858,1.0000000000000009,0.004855715063513496,-0.01573259618235544,0.024088412147908675,0.999574237287446,0.0,0.0,0.0,0.0,0.0,0.0,0.0,0.0,0.0,0.0,0.0,0.0,0.0,0.0,0.0,0.0,0.0,0.0,0.0,0.0,0.0,0.0,0.0,0.0,0.0,0.0,0.0,0.0,0.0,0.0,0.0,0.0,0.0,0.0,0.0,0.0,2.7528401859212455
61.400094747543335,61.35849618911743,2.7912758277402037,3.1744565916209018,1.0816404852193633,0.01722884668630493,-0.016109929273779112,0.05613677021815626,1.000000000000001,0.00883669367999361,-0.007809655665873154,0.028132107926065807,0.999534645035791,0.0,0.0,0.0,0.0,0.0,0.0,0.0,0.0,0.0,0.0,0.0,0.0,0.0,0.0,0.0,0.0,0.0,0.0,0.0,0.0,0.0,0.0,0.0,0.0,0.0,0.0,0.0,0.0,0.0,0.0,0.0,0.0,0.0,0.0,0.0,0.0,3.216400008996047
61.54138803482056,61.458452463150024,2.7909609426855586,3.162679860634688,1.0841012029702772,0.013052855575502387,-0.005649565179963628,0.06306587919063791,1.000000000000001,0.006612167946672484,-0.0026175533759112087,0.031545343372079614,0.9994770227278409,0.0,0.0,0.0,0.0,0.0,0.0,0.0,0.0,0.0,0.0,0.0,0.0,0.0,0.0,0.0,0.0,0.0,0.0,0.0,0.0,0.0,0.0,0.0,0.0,0.0,0.0,0.0,0.0,0.0,0.0,0.0,0.0,0.0,0.0,0.0,0.0,3.6134087089054767
61.64232516288757,61.558507204055786,2.7912093421591027,3.1508368889350464,1.0847830325217025,0.0008760754247904973,-0.012431361881736254,0.06595972479312154,1.0000000000000009,0.0006427448464135034,-0.006197816815331937,0.03297596525516146,0.9994367211891299,0.0,0.0,0.0,0.0,0.0,0.0,0.0,0.0,0.0,0.0,0.0,0.0,0.0,0.0,0.0,0.0,0.0,0.0,0.0,0.0,0.0,0.0,0.0,0.0,0.0,0.0,0.0,0.0,0.0,0.0,0.0,0.0,0.0,0.0,0.0,0.0,3.779213848490281
61.7525372505188,61.65853190422058,2.792457001366302,3.1458428675205803,1.0845999618322528,0.0029249963837811844,-0.02412502363158508,0.06654789956347046,1.000000000000001,0.001862864992369752,-0.012006879083905521,0.03328298556786044,0.9993721066051307,0.0,0.0,0.0,0.0,0.0,0.0,0.0,0.0,0.0,0.0,0.0,0.0,0.0,0.0,0.0,0.0,0.0,0.0,0.0,0.0,0.0,0.0,0.0,0.0,0.0,0.0,0.0,0.0,0.0,0.0,0.0,0.0,0.0,0.0,0.0,0.0,3.8129137804473507
61.855188608169556,61.75830364227295,2.7980004201943562,3.1331854470781733,1.086966415292547,0.012976440940617574,-0.02211137270608603,0.06297725723911775,1.0000000000000009,0.006832618730752238,-0.010845490584749849,0.03155253271455574,0.9994198959068982,0.0,0.0,0.0,0.0,0.0,0.0,0.0,0.0,0.0,0.0,0.0,0.0,0.0,0.0,0.0,0.0,0.0,0.0,0.0,0.0,0.0,0.0,0.0,0.0,0.0,0.0,0.0,0.0,0.0,0.0,0.0,0.0,0.0,0.0,0.0,0.0,3.608331045111158
61.9461452960968,61.85879635810852,2.8022223965658517,3.122884658392596,1.0896325093934112,0.007377447455712175,-0.020038124627089718,0.05674361037415418,1.000000000000001,0.003971259826605236,-0.009910158205786,0.028403324171380143,0.9995395285008711,0.0,0.0,0.0,0.0,0.0,0.0,0.0,0.0,0.0,0.0,0.0,0.0,0.0,0.0,0.0,0.0,0.0,0.0,0.0,0.0,0.0,0.0,0.0,0.0,0.0,0.0,0.0,0.0,0.0,0.0,0.0,0.0,0.0,0.0,0.0,0.0,3.2511693887737887
62.04317855834961,61.95974278450012,2.8056752503569204,3.115665509957052,1.090406916442365,0.0021189383294578285,-0.018494371768441924,0.048562191094277285,1.000000000000001,0.0012836177973795046,-0.009218601701981806,0.02428745212925925,0.9996616874608537,0.0,0.0,0.0,0.0,0.0,0.0,0.0,0.0,0.0,0.0,0.0,0.0,0.0,0.0,0.0,0.0,0.0,0.0,0.0,0.0,0.0,0.0,0.0,0.0,0.0,0.0,0.0,0.0,0.0,0.0,0.0,0.0,0.0,0.0,0.0,0.0,2.7824085936098815
62.13831639289856,62.05943322181702,2.8113527618974175,3.1093090020001934,1.0896600789425384,0.0028061889545459642,-0.01617119960442544,0.03903826329254599,1.000000000000001,0.0015605928729785275,-0.008056578973672584,0.01952857757046042,0.9997756201984536,0.0,0.0,0.0,0.0,0.0,0.0,0.0,0.0,0.0,0.0,0.0,0.0,0.0,0.0,0.0,0.0,0.0,0.0,0.0,0.0,0.0,0.0,0.0,0.0,0.0,0.0,0.0,0.0,0.0,0.0,0.0,0.0,0.0,0.0,0.0,0.0,2.2367277261833705
62.279993534088135,62.15864682197571,2.816038830950717,3.1030152931407917,1.0905190434794931,0.0033304458183424455,-0.017534011628578847,0.029599816505015718,1.0000000000000009,0.0017947200857374931,-0.008741277946118871,0.014813375938908382,0.9998504552846776,0.0,0.0,0.0,0.0,0.0,0.0,0.0,0.0,0.0,0.0,0.0,0.0,0.0,0.0,0.0,0.0,0.0,0.0,0.0,0.0,0.0,0.0,0.0,0.0,0.0,0.0,0.0,0.0,0.0,0.0,0.0,0.0,0.0,0.0,0.0,0.0,1.6959445600990755
62.343998193740845,62.25839853286743,2.8219960259175267,3.094253232577433,1.090182454353997,0.007597061649745568,-0.019861639610451173,0.01979013966561287,1.0000000000000009,0.0038964106616615805,-0.009892514600257508,0.009932069024103098,0.9998941494697035,0.0,0.0,0.0,0.0,0.0,0.0,0.0,0.0,0.0,0.0,0.0,0.0,0.0,0.0,0.0,0.0,0.0,0.0,0.0,0.0,0.0,0.0,0.0,0.0,0.0,0.0,0.0,0.0,0.0,0.0,0.0,0.0,0.0,0.0,0.0,0.0,1.1338914788140597
62.44204878807068,62.358301639556885,2.829793630144963,3.0921522930869263,1.0879852674522026,0.00911947254055947,-0.020771395767713974,0.01658458075471683,1.0000000000000009,0.004645435593816325,-0.010347238103879407,0.008339015342093812,0.999900902797318,0.0,0.0,0.0,0.0,0.0,0.0,0.0,0.0,0.0,0.0,0.0,0.0,0.0,0.0,0.0,0.0,0.0,0.0,0.0,0.0,0.0,0.0,0.0,0.0,0.0,0.0,0.0,0.0,0.0,0.0,0.0,0.0,0.0,0.0,0.0,0.0,0.9502264822391638
62.508378744125366,62.458452463150024,2.839005388084555,3.0859307898873074,1.0876276476984466,0.007094495920511572,-0.020882587303350235,0.008857984861685235,1.0000000000000009,0.0035932555005277604,-0.010425226044296632,0.004465745408673536,0.9999292276430268,0.0,0.0,0.0,0.0,0.0,0.0,0.0,0.0,0.0,0.0,0.0,0.0,0.0,0.0,0.0,0.0,0.0,0.0,0.0,0.0,0.0,0.0,0.0,0.0,0.0,0.0,0.0,0.0,0.0,0.0,0.0,0.0,0.0,0.0,0.0,0.0,0.5075251475653382
62.655845403671265,62.55836582183838,2.8473351119977743,3.081509362896747,1.0879179498393885,0.00663805875469499,-0.020544449214863765,0.003624100345400808,1.0000000000000009,0.003337456073391077,-0.010265956598171923,0.001846036696342392,0.9999400300371019,0.0,0.0,0.0,0.0,0.0,0.0,0.0,0.0,0.0,0.0,0.0,0.0,0.0,0.0,0.0,0.0,0.0,0.0,0.0,0.0,0.0,0.0,0.0,0.0,0.0,0.0,0.0,0.0,0.0,0.0,0.0,0.0,0.0,0.0,0.0,0.0,0.2076456543233702
62.74391198158264,62.65797185897827,2.8536334309047886,3.082087873899659,1.0849916534516721,-0.0017130506906767465,-0.025407968798426103,-0.002054525394370486,1.0000000000000009,-0.0008695056429809901,-0.012702751515311002,-0.001038060230128937,0.9999183999181321,0.0,0.0,0.0,0.0,0.0,0.0,0.0,0.0,0.0,0.0,0.0,0.0,0.0,0.0,0.0,0.0,0.0,0.0,0.0,0.0,0.0,0.0,0.0,0.0,0.0,0.0,0.0,0.0,0.0,0.0,0.0,0.0,0.0,0.0,0.0,0.0,-0.11771563399987987
62.852529525756836,62.75792360305786,2.8610131039511257,3.0806160660300637,1.082050902879191,-0.0019352498382437674,-0.03021714521905781,-0.002769741630303682,1.000000000000001,-0.0009884360118544869,-0.015106636370764787,-0.0013993305246385254,0.9998844205236408,0.0,0.0,0.0,0.0,0.0,0.0,0.0,0.0,0.0,0.0,0.0,0.0,0.0,0.0,0.0,0.0,0.0,0.0,0.0,0.0,0.0,0.0,0.0,0.0,0.0,0.0,0.0,0.0,0.0,0.0,0.0,0.0,0.0,0.0,0.0,0.0,-0.15869450575808494
62.935240030288696,62.858311891555786,2.8673654747504127,3.0807013279915383,1.081915203095153,0.00018772514993171046,-0.032397152577481554,-0.003574364294957772,1.000000000000001,6.490158594066497e-05,-0.016198009684755404,-0.0017854263494936848,0.9998672074444634,0.0,0.0,0.0,0.0,0.0,0.0,0.0,0.0,0.0,0.0,0.0,0.0,0.0,0.0,0.0,0.0,0.0,0.0,0.0,0.0,0.0,0.0,0.0,0.0,0.0,0.0,0.0,0.0,0.0,0.0,0.0,0.0,0.0,0.0,0.0,0.0,-0.20479598854333447
63.01967263221741,62.95820355415344,2.8746560060074944,3.0802816107925883,1.079833854374868,0.005570190397599934,-0.03172598041141552,-0.003280605605456652,1.000000000000001,0.0027587185433197593,-0.015866809892164414,-0.001595911363851621,0.9998690348654496,0.0,0.0,0.0,0.0,0.0,0.0,0.0,0.0,0.0,0.0,0.0,0.0,0.0,0.0,0.0,0.0,0.0,0.0,0.0,0.0,0.0,0.0,0.0,0.0,0.0,0.0,0.0,0.0,0.0,0.0,0.0,0.0,0.0,0.0,0.0,0.0,-0.18796485543962627
63.113447189331055,63.05886268615723,2.879459162757371,3.0824221690923697,1.077000571343109,0.011199996036903746,-0.030112016996280112,0.0011178918417163067,1.000000000000001,0.005607748220764713,-0.015052071535022667,0.0006431837563697901,0.9998707789594888,0.0,0.0,0.0,0.0,0.0,0.0,0.0,0.0,0.0,0.0,0.0,0.0,0.0,0.0,0.0,0.0,0.0,0.0,0.0,0.0,0.0,0.0,0.0,0.0,0.0,0.0,0.0,0.0,0.0,0.0,0.0,0.0,0.0,0.0,0.0,0.0,0.06405048448245103
63.21591806411743,63.1585373878479,2.885350310686415,3.0857011274810207,1.0766517936519382,0.0130049597041386,-0.030418851827463504,0.0011361837819052272,1.000000000000001,0.006510320736472393,-0.015204821992117966,0.000666908605344912,0.9998629827856468,0.0,0.0,0.0,0.0,0.0,0.0,0.0,0.0,0.0,0.0,0.0,0.0,0.0,0.0,0.0,0.0,0.0,0.0,0.0,0.0,0.0,0.0,0.0,0.0,0.0,0.0,0.0,0.0,0.0,0.0,0.0,0.0,0.0,0.0,0.0,0.0,0.0650985354543819
63.300822019577026,63.25842905044556,2.89165669045896,3.0869496438750246,1.0774562646947021,0.014112132907835482,-0.027002885699424498,0.0011084413261664935,1.0000000000000009,0.00706284607739374,-0.013496784263450298,0.0006494197043623061,0.9998837588809424,0.0,0.0,0.0,0.0,0.0,0.0,0.0,0.0,0.0,0.0,0.0,0.0,0.0,0.0,0.0,0.0,0.0,0.0,0.0,0.0,0.0,0.0,0.0,0.0,0.0,0.0,0.0,0.0,0.0,0.0,0.0,0.0,0.0,0.0,0.0,0.0,0.06350900982722398
63.401076316833496,63.35840582847595,2.8971203832552233,3.089528175603005,1.0780618528916035,0.014639708707362182,-0.026997772663116787,-0.0021400072204314697,1.0000000000000009,0.007304674873013799,-0.013505938508413707,-0.000971071314604418,0.9998816371803767,0.0,0.0,0.0,0.0,0.0,0.0,0.0,0.0,0.0,0.0,0.0,0.0,0.0,0.0,0.0,0.0,0.0,0.0,0.0,0.0,0.0,0.0,0.0,0.0,0.0,0.0,0.0,0.0,0.0,0.0,0.0,0.0,0.0,0.0,0.0,0.0,-0.12261338185824565
63.505131244659424,63.458882331848145,2.9028068344764524,3.0920245389829404,1.0775341040697015,0.016254422972816228,-0.028842094436563704,-0.00790482479482484,1.000000000000001,0.008069219555197496,-0.014452076809106033,-0.003834663980696433,0.9998556498434317,0.0,0.0,0.0,0.0,0.0,0.0,0.0,0.0,0.0,0.0,0.0,0.0,0.0,0.0,0.0,0.0,0.0,0.0,0.0,0.0,0.0,0.0,0.0,0.0,0.0,0.0,0.0,0.0,0.0,0.0,0.0,0.0,0.0,0.0,0.0,0.0,-0.4529130985338302
63.601892709732056,63.55838346481323,2.90891192188786,3.094433505515728,1.0789611993175858,0.016985352949905597,-0.029845473646238505,-0.017565582140444805,1.000000000000001,0.008360249292216066,-0.014995648582519928,-0.00865466072449974,0.9998151497167401,0.0,0.0,0.0,0.0,0.0,0.0,0.0,0.0,0.0,0.0,0.0,0.0,0.0,0.0,0.0,0.0,0.0,0.0,0.0,0.0,0.0,0.0,0.0,0.0,0.0,0.0,0.0,0.0,0.0,0.0,0.0,0.0,0.0,0.0,0.0,0.0,-1.0064337213378622
63.71412110328674,63.65846800804138,2.9140530290036675,3.092603793206337,1.0794265151052491,0.017520317249627087,-0.031734531897765636,-0.028802431580753806,1.0000000000000009,0.008529553914260487,-0.01599048118446398,-0.01425937497957025,0.9997340753653978,0.0,0.0,0.0,0.0,0.0,0.0,0.0,0.0,0.0,0.0,0.0,0.0,0.0,0.0,0.0,0.0,0.0,0.0,0.0,0.0,0.0,0.0,0.0,0.0,0.0,0.0,0.0,0.0,0.0,0.0,0.0,0.0,0.0,0.0,0.0,0.0,-1.6502577692915092
63.80293607711792,63.75845265388489,2.9177292541755087,3.094497867213244,1.0796137859121926,0.018065589523008522,-0.03056240359813823,-0.040468196593261875,1.0000000000000009,0.008720612927764044,-0.015459590009133035,-0.02009153358259242,0.9996405765399958,0.0,0.0,0.0,0.0,0.0,0.0,0.0,0.0,0.0,0.0,0.0,0.0,0.0,0.0,0.0,0.0,0.0,0.0,0.0,0.0,0.0,0.0,0.0,0.0,0.0,0.0,0.0,0.0,0.0,0.0,0.0,0.0,0.0,0.0,0.0,0.0,-2.3186568692996015
63.912296295166016,63.85800743103027,2.9235251699985163,3.095231841358236,1.0798478673872292,0.01942618094215665,-0.028081148547856462,-0.05505180383947822,1.000000000000001,0.009321901590710287,-0.014301429586832552,-0.027382096057113742,0.9994792604541763,0.0,0.0,0.0,0.0,0.0,0.0,0.0,0.0,0.0,0.0,0.0,0.0,0.0,0.0,0.0,0.0,0.0,0.0,0.0,0.0,0.0,0.0,0.0,0.0,0.0,0.0,0.0,0.0,0.0,0.0,0.0,0.0,0.0,0.0,0.0,0.0,-3.1542360145842028
64.02590370178223,63.95830035209656,2.9265282335245906,3.095555565508595,1.0799069930855179,0.02037155182150462,-0.026721652016361234,-0.06929558417759651,1.0000000000000009,0.009715785350192331,-0.01370452370556899,-0.034499969259647975,0.9992634996166516,0.0,0.0,0.0,0.0,0.0,0.0,0.0,0.0,0.0,0.0,0.0,0.0,0.0,0.0,0.0,0.0,0.0,0.0,0.0,0.0,0.0,0.0,0.0,0.0,0.0,0.0,0.0,0.0,0.0,0.0,0.0,0.0,0.0,0.0,0.0,0.0,-3.970344512269806
64.14919567108154,64.05841279029846,2.9291340684150837,3.093278408570474,1.078414550318473,0.020709504635131774,-0.02342376057408348,-0.079361849751442,1.0000000000000009,0.00988112596913361,-0.012112508789507858,-0.03954449171591348,0.9990955327972086,0.0,0.0,0.0,0.0,0.0,0.0,0.0,0.0,0.0,0.0,0.0,0.0,0.0,0.0,0.0,0.0,0.0,0.0,0.0,0.0,0.0,0.0,0.0,0.0,0.0,0.0,0.0,0.0,0.0,0.0,0.0,0.0,0.0,0.0,0.0,0.0,-4.547099045108988
64.23157739639282,64.15846920013428,2.932272748590803,3.09546118968283,1.0767470908339878,0.022585884091501987,-0.021860270482885177,-0.08825363442019597,1.0000000000000009,0.010798920238845716,-0.011416701376800651,-0.0439837423699032,0.9989086407967888,0.0,0.0,0.0,0.0,0.0,0.0,0.0,0.0,0.0,0.0,0.0,0.0,0.0,0.0,0.0,0.0,0.0,0.0,0.0,0.0,0.0,0.0,0.0,0.0,0.0,0.0,0.0,0.0,0.0,0.0,0.0,0.0,0.0,0.0,0.0,0.0,-5.056560778967722
64.3315942287445,64.2583396434784,2.9352289302293926,3.0948511252815822,1.075158664923045,0.01943187837574117,-0.020235022039837108,-0.09286501231394048,1.0000000000000009,0.009235235536964455,-0.010556900114637943,-0.04631306510782133,0.9988284949303694,0.0,0.0,0.0,0.0,0.0,0.0,0.0,0.0,0.0,0.0,0.0,0.0,0.0,0.0,0.0,0.0,0.0,0.0,0.0,0.0,0.0,0.0,0.0,0.0,0.0,0.0,0.0,0.0,0.0,0.0,0.0,0.0,0.0,0.0,0.0,0.0,-5.320773270019209
64.47855758666992,64.35834670066833,2.9381351272110154,3.0890386628266304,1.0739232365148976,0.021135260830848594,-0.02150225525981627,-0.09913129390598736,1.0000000000000009,0.010021217198694424,-0.011260654469356965,-0.04942625457372142,0.9986640166870908,0.0,0.0,0.0,0.0,0.0,0.0,0.0,0.0,0.0,0.0,0.0,0.0,0.0,0.0,0.0,0.0,0.0,0.0,0.0,0.0,0.0,0.0,0.0,0.0,0.0,0.0,0.0,0.0,0.0,0.0,0.0,0.0,0.0,0.0,0.0,0.0,-5.679804758484013
64.54768919944763,64.45833683013916,2.938764976052432,3.085178438680949,1.073893227876525,0.028022518629636842,-0.014197677763339758,-0.09716011995594763,1.0000000000000009,0.013649228967794953,-0.007770069014189265,-0.048455621646821996,0.9987018460516239,0.0,0.0,0.0,0.0,0.0,0.0,0.0,0.0,0.0,0.0,0.0,0.0,0.0,0.0,0.0,0.0,0.0,0.0,0.0,0.0,0.0,0.0,0.0,0.0,0.0,0.0,0.0,0.0,0.0,0.0,0.0,0.0,0.0,0.0,0.0,0.0,-5.566864810460605
64.64397168159485,64.55842733383179,2.940836879715352,3.085092510566933,1.0728629257514077,0.030613329818698166,-0.008945277065507753,-0.09435315597425815,1.0000000000000009,0.01507798451540926,-0.005188936814088324,-0.04708470214910988,0.9987636157476022,0.0,0.0,0.0,0.0,0.0,0.0,0.0,0.0,0.0,0.0,0.0,0.0,0.0,0.0,0.0,0.0,0.0,0.0,0.0,0.0,0.0,0.0,0.0,0.0,0.0,0.0,0.0,0.0,0.0,0.0,0.0,0.0,0.0,0.0,0.0,0.0,-5.406037621064561
64.74479150772095,64.65828657150269,2.941975451034001,3.0822576882104284,1.0729205596097204,0.025163404873069305,-0.009821133843461841,-0.09519426417377198,1.0000000000000009,0.012333348969399175,-0.005503201475361917,-0.047513111467449666,0.9987793087140943,0.0,0.0,0.0,0.0,0.0,0.0,0.0,0.0,0.0,0.0,0.0,0.0,0.0,0.0,0.0,0.0,0.0,0.0,0.0,0.0,0.0,0.0,0.0,0.0,0.0,0.0,0.0,0.0,0.0,0.0,0.0,0.0,0.0,0.0,0.0,0.0,-5.4542295710105515
64.81255888938904,64.7582631111145,2.944879183004101,3.0775875243435156,1.0748891734176478,0.021422154013025628,-0.010427967659824145,-0.09129307483254652,1.0000000000000009,0.010461667135593183,-0.005696968270135564,-0.04557166188002591,0.9988900448531698,0.0,0.0,0.0,0.0,0.0,0.0,0.0,0.0,0.0,0.0,0.0,0.0,0.0,0.0,0.0,0.0,0.0,0.0,0.0,0.0,0.0,0.0,0.0,0.0,0.0,0.0,0.0,0.0,0.0,0.0,0.0,0.0,0.0,0.0,0.0,0.0,-5.23070788667691
64.91399097442627,64.8584668636322,2.9492094595364495,3.0737450450966586,1.0758105010824839,0.013931898483142949,-0.015388902296478948,-0.08499290045365468,1.0000000000000009,0.006632520519012174,-0.00798316980197352,-0.04242782219246602,0.9990456238708441,0.0,0.0,0.0,0.0,0.0,0.0,0.0,0.0,0.0,0.0,0.0,0.0,0.0,0.0,0.0,0.0,0.0,0.0,0.0,0.0,0.0,0.0,0.0,0.0,0.0,0.0,0.0,0.0,0.0,0.0,0.0,0.0,0.0,0.0,0.0,0.0,-4.869734484569953
65.03673768043518,64.95842742919922,2.9541165033524797,3.0662234647614826,1.0772583313806785,0.003638299309911838,-0.021971068255292176,-0.07724197469480429,1.0000000000000009,0.001393524954107874,-0.011047338898619053,-0.03858902428467778,0.9991931252746987,0.0,0.0,0.0,0.0,0.0,0.0,0.0,0.0,0.0,0.0,0.0,0.0,0.0,0.0,0.0,0.0,0.0,0.0,0.0,0.0,0.0,0.0,0.0,0.0,0.0,0.0,0.0,0.0,0.0,0.0,0.0,0.0,0.0,0.0,0.0,0.0,-4.425639151268591
65.14274382591248,65.05827188491821,2.9565662361682037,3.058171671753053,1.0803417557484007,0.0009355849238656871,-0.023806731427750173,-0.0715556492171182,1.000000000000001,4.168438040306101e-05,-0.011912197680944356,-0.03576208954546075,0.9992893328561889,0.0,0.0,0.0,0.0,0.0,0.0,0.0,0.0,0.0,0.0,0.0,0.0,0.0,0.0,0.0,0.0,0.0,0.0,0.0,0.0,0.0,0.0,0.0,0.0,0.0,0.0,0.0,0.0,0.0,0.0,0.0,0.0,0.0,0.0,0.0,0.0,-4.099836700459466
65.21420192718506,65.15831136703491,2.9593537479768535,3.0596432424122977,1.0818210316610641,0.0003767361817018924,-0.019424907070022895,-0.06051784153017525,1.0000000000000009,-0.00010556591076009838,-0.00971355337808022,-0.030251047307301535,0.9994951274885852,0.0,0.0,0.0,0.0,0.0,0.0,0.0,0.0,0.0,0.0,0.0,0.0,0.0,0.0,0.0,0.0,0.0,0.0,0.0,0.0,0.0,0.0,0.0,0.0,0.0,0.0,0.0,0.0,0.0,0.0,0.0,0.0,0.0,0.0,0.0,0.0,-3.4674169049205776
65.32462072372437,65.25842356681824,2.963660764429115,3.0509570034189286,1.0856485644111709,-0.0016607944267519295,-0.016455634708101758,-0.0514105801200717,1.0000000000000009,-0.0010415673691890738,-0.008203661025865708,-0.025708410483054556,0.9996352798464172,0.0,0.0,0.0,0.0,0.0,0.0,0.0,0.0,0.0,0.0,0.0,0.0,0.0,0.0,0.0,0.0,0.0,0.0,0.0,0.0,0.0,0.0,0.0,0.0,0.0,0.0,0.0,0.0,0.0,0.0,0.0,0.0,0.0,0.0,0.0,0.0,-2.9456092631992816
65.41093587875366,65.35843467712402,2.9666774541144694,3.0441178591501608,1.0900510548786158,0.00058942539003859,-0.01600226792453824,-0.04271636900348222,1.0000000000000009,0.00012376116963274127,-0.008005517235555454,-0.021353518704088147,0.9997399279892346,0.0,0.0,0.0,0.0,0.0,0.0,0.0,0.0,0.0,0.0,0.0,0.0,0.0,0.0,0.0,0.0,0.0,0.0,0.0,0.0,0.0,0.0,0.0,0.0,0.0,0.0,0.0,0.0,0.0,0.0,0.0,0.0,0.0,0.0,0.0,0.0,-2.447467660022981
65.50052380561829,65.4582667350769,2.968822248609447,3.0432767849059257,1.092002009332072,0.0037307232575160684,-0.013739527673419214,-0.03222843087374532,1.0000000000000009,0.0017543793540126611,-0.006898862760883244,-0.016100296973328997,0.9998450421355607,0.0,0.0,0.0,0.0,0.0,0.0,0.0,0.0,0.0,0.0,0.0,0.0,0.0,0.0,0.0,0.0,0.0,0.0,0.0,0.0,0.0,0.0,0.0,0.0,0.0,0.0,0.0,0.0,0.0,0.0,0.0,0.0,0.0,0.0,0.0,0.0,-1.846553069394727
65.61883354187012,65.55843162536621,2.9702368195408884,3.03946685018258,1.095562403422539,0.00735980373205168,-0.013063296485491437,-0.024855832638294495,1.0000000000000009,0.0035983593271845,-0.006576784429076049,-0.012403213418522758,0.9998949734915275,0.0,0.0,0.0,0.0,0.0,0.0,0.0,0.0,0.0,0.0,0.0,0.0,0.0,0.0,0.0,0.0,0.0,0.0,0.0,0.0,0.0,0.0,0.0,0.0,0.0,0.0,0.0,0.0,0.0,0.0,0.0,0.0,0.0,0.0,0.0,0.0,-1.4241343064577967
65.75710010528564,65.65849423408508,2.9706854960218023,3.038887633616455,1.1008729130750028,0.00886218330378844,-0.013627206902757611,-0.018658476956526848,1.0000000000000009,0.0043672177786646315,-0.0068545243542350405,-0.009298604959760636,0.9999237365172182,0.0,0.0,0.0,0.0,0.0,0.0,0.0,0.0,0.0,0.0,0.0,0.0,0.0,0.0,0.0,0.0,0.0,0.0,0.0,0.0,0.0,0.0,0.0,0.0,0.0,0.0,0.0,0.0,0.0,0.0,0.0,0.0,0.0,0.0,0.0,0.0,-1.0690519817510895
65.80960416793823,65.75854659080505,2.9739193799237102,3.0385467943135733,1.1031179719885498,0.010782067168560137,-0.013762942495900817,-0.019623786424800435,1.0000000000000009,0.005323102666441755,-0.006933879586317998,-0.009774264900219085,0.9999140211225899,0.0,0.0,0.0,0.0,0.0,0.0,0.0,0.0,0.0,0.0,0.0,0.0,0.0,0.0,0.0,0.0,0.0,0.0,0.0,0.0,0.0,0.0,0.0,0.0,0.0,0.0,0.0,0.0,0.0,0.0,0.0,0.0,0.0,0.0,0.0,0.0,-1.1243601402071837
65.93280792236328,65.85840249061584,2.9749694016629076,3.0392507000587177,1.1026045845057355,0.011913753611276175,-0.015046878114511927,-0.021027892913217206,1.0000000000000009,0.00587724633224511,-0.007585445773194819,-0.01046845563536459,0.9998991601279522,0.0,0.0,0.0,0.0,0.0,0.0,0.0,0.0,0.0,0.0,0.0,0.0,0.0,0.0,0.0,0.0,0.0,0.0,0.0,0.0,0.0,0.0,0.0,0.0,0.0,0.0,0.0,0.0,0.0,0.0,0.0,0.0,0.0,0.0,0.0,0.0,-1.2048095159803993
66.05372357368469,65.95877575874329,2.977379967520221,3.033985511907648,1.1033065066373842,0.012008834756693846,-0.015772768783323995,-0.019262159066980318,1.0000000000000009,0.005927965048301076,-0.007943620714117368,-0.009583107366637362,0.999904956570142,0.0,0.0,0.0,0.0,0.0,0.0,0.0,0.0,0.0,0.0,0.0,0.0,0.0,0.0,0.0,0.0,0.0,0.0,0.0,0.0,0.0,0.0,0.0,0.0,0.0,0.0,0.0,0.0,0.0,0.0,0.0,0.0,0.0,0.0,0.0,0.0,-1.1036404188476239
66.13986396789551,66.05999660491943,2.975349503607655,3.032600806174734,1.1022281550657598,0.013286041442057705,-0.0157645585503342,-0.02163141986016558,1.0000000000000009,0.006557128947600523,-0.007953407545612839,-0.010762566289410394,0.9998889511016941,0.0,0.0,0.0,0.0,0.0,0.0,0.0,0.0,0.0,0.0,0.0,0.0,0.0,0.0,0.0,0.0,0.0,0.0,0.0,0.0,0.0,0.0,0.0,0.0,0.0,0.0,0.0,0.0,0.0,0.0,0.0,0.0,0.0,0.0,0.0,0.0,-1.2393890628629571
66.24111580848694,66.15846490859985,2.9748236188267296,3.0346373470649546,1.1004141492267625,0.013317499850693259,-0.014745538293582015,-0.02205689060531665,1.0000000000000009,0.006576808827032813,-0.007445522192469059,-0.010978587896786981,0.9998903841885513,0.0,0.0,0.0,0.0,0.0,0.0,0.0,0.0,0.0,0.0,0.0,0.0,0.0,0.0,0.0,0.0,0.0,0.0,0.0,0.0,0.0,0.0,0.0,0.0,0.0,0.0,0.0,0.0,0.0,0.0,0.0,0.0,0.0,0.0,0.0,0.0,-1.2637667408663997
66.34894943237305,66.25839495658875,2.976657639019544,3.0355956258604486,1.0979019200220272,0.013616981290488534,-0.01320365628947102,-0.025095549534447772,1.0000000000000009,0.006724920152702576,-0.0066865341234654,-0.01250193698113603,0.9998768760612863,0.0,0.0,0.0,0.0,0.0,0.0,0.0,0.0,0.0,0.0,0.0,0.0,0.0,0.0,0.0,0.0,0.0,0.0,0.0,0.0,0.0,0.0,0.0,0.0,0.0,0.0,0.0,0.0,0.0,0.0,0.0,0.0,0.0,0.0,0.0,0.0,-1.4378690728853554
66.41932916641235,66.35849237442017,2.978853401398418,3.035577783951522,1.0965815972032742,0.011667568824277256,-0.014111090724710422,-0.021558055684600355,1.0000000000000007,0.005757218703659381,-0.007117836281236637,-0.010737209847274238,0.9999004466266473,0.0,0.0,0.0,0.0,0.0,0.0,0.0,0.0,0.0,0.0,0.0,0.0,0.0,0.0,0.0,0.0,0.0,0.0,0.0,0.0,0.0,0.0,0.0,0.0,0.0,0.0,0.0,0.0,0.0,0.0,0.0,0.0,0.0,0.0,0.0,0.0,-1.235185605235613
66.54758071899414,66.45855188369751,2.9800206147878145,3.0345777255665216,1.0948215479272394,0.013649008925021517,-0.0162752501361831,-0.02729533252467364,1.0000000000000009,0.0067125376713420785,-0.008229719804383927,-0.01359094390240469,0.9998512388319553,0.0,0.0,0.0,0.0,0.0,0.0,0.0,0.0,0.0,0.0,0.0,0.0,0.0,0.0,0.0,0.0,0.0,0.0,0.0,0.0,0.0,0.0,0.0,0.0,0.0,0.0,0.0,0.0,0.0,0.0,0.0,0.0,0.0,0.0,0.0,0.0,-1.5639073540699655
66.62463808059692,66.55856990814209,2.9830319068974367,3.0345841694478315,1.0916729006847432,0.0158842594643544,-0.01659983528115659,-0.02961285184709144,1.0000000000000009,0.007818019819399917,-0.00841623581325841,-0.014738997663667515,0.9998253884997677,0.0,0.0,0.0,0.0,0.0,0.0,0.0,0.0,0.0,0.0,0.0,0.0,0.0,0.0,0.0,0.0,0.0,0.0,0.0,0.0,0.0,0.0,0.0,0.0,0.0,0.0,0.0,0.0,0.0,0.0,0.0,0.0,0.0,0.0,0.0,0.0,-1.6966914301845237
66.75167655944824,66.65857267379761,2.985946017942437,3.029976965342438,1.0890612139834404,0.014674771270449409,-0.014835652209391634,-0.031194724828046142,1.0000000000000009,0.007220535817765982,-0.00753109120583217,-0.01554146123832445,0.9998247894057904,0.0,0.0,0.0,0.0,0.0,0.0,0.0,0.0,0.0,0.0,0.0,0.0,0.0,0.0,0.0,0.0,0.0,0.0,0.0,0.0,0.0,0.0,0.0,0.0,0.0,0.0,0.0,0.0,0.0,0.0,0.0,0.0,0.0,0.0,0.0,0.0,-1.7873260757190066
66.82644248008728,66.75849485397339,2.9863814146049132,3.0253728207944626,1.0886592330808156,0.012822474923701048,-0.016596847963590847,-0.033834993104019585,1.0000000000000009,0.006269678032207806,-0.00840542318363724,-0.016862564886579032,0.9998028275134674,0.0,0.0,0.0,0.0,0.0,0.0,0.0,0.0,0.0,0.0,0.0,0.0,0.0,0.0,0.0,0.0,0.0,0.0,0.0,0.0,0.0,0.0,0.0,0.0,0.0,0.0,0.0,0.0,0.0,0.0,0.0,0.0,0.0,0.0,0.0,0.0,-1.938602304714567
66.93665909767151,66.85858750343323,2.987240876001192,3.027257308687318,1.0856069803305826,0.014796432395331318,-0.0165305111550978,-0.03536591492412173,1.0000000000000009,0.007250598545116697,-0.008394453009753387,-0.01761981075615104,0.9997832286292484,0.0,0.0,0.0,0.0,0.0,0.0,0.0,0.0,0.0,0.0,0.0,0.0,0.0,0.0,0.0,0.0,0.0,0.0,0.0,0.0,0.0,0.0,0.0,0.0,0.0,0.0,0.0,0.0,0.0,0.0,0.0,0.0,0.0,0.0,0.0,0.0,-2.026317663770906
67.04289174079895,66.95852756500244,2.989401219670864,3.0268111614095154,1.08407131310959,0.014944326301439312,-0.015619763742407129,-0.03944458033238042,1.0000000000000009,0.007316399722327124,-0.007955418414628579,-0.01966151545004221,0.9997482715279687,0.0,0.0,0.0,0.0,0.0,0.0,0.0,0.0,0.0,0.0,0.0,0.0,0.0,0.0,0.0,0.0,0.0,0.0,0.0,0.0,0.0,0.0,0.0,0.0,0.0,0.0,0.0,0.0,0.0,0.0,0.0,0.0,0.0,0.0,0.0,0.0,-2.2600079777101323
67.12499237060547,67.05852341651917,2.99006544305216,3.023581886764323,1.0852520343266918,0.014327587684261822,-0.0171835584376239,-0.043686146637025726,1.0000000000000009,0.006974110496295364,-0.008745863275408307,-0.02177843606112177,0.9997002407627433,0.0,0.0,0.0,0.0,0.0,0.0,0.0,0.0,0.0,0.0,0.0,0.0,0.0,0.0,0.0,0.0,0.0,0.0,0.0,0.0,0.0,0.0,0.0,0.0,0.0,0.0,0.0,0.0,0.0,0.0,0.0,0.0,0.0,0.0,0.0,0.0,-2.5030318254912087
67.24856925010681,67.15713286399841,2.9918299175982144,3.0158778329656077,1.0845036540790431,0.014251633573453559,-0.01837838490476207,-0.04647977255139125,1.0000000000000009,0.006910003376588263,-0.009351928408001748,-0.0231707619844679,0.9996638980564659,0.0,0.0,0.0,0.0,0.0,0.0,0.0,0.0,0.0,0.0,0.0,0.0,0.0,0.0,0.0,0.0,0.0,0.0,0.0,0.0,0.0,0.0,0.0,0.0,0.0,0.0,0.0,0.0,0.0,0.0,0.0,0.0,0.0,0.0,0.0,0.0,-2.6630947999227286
67.33873105049133,67.25859212875366,2.994682985150951,3.0126619792986564,1.0817693323297106,0.014257602489832207,-0.018291738284879233,-0.04712191570919285,1.0000000000000009,0.006911007220676379,-0.009310908343142776,-0.023492014631983627,0.9996567762054904,0.0,0.0,0.0,0.0,0.0,0.0,0.0,0.0,0.0,0.0,0.0,0.0,0.0,0.0,0.0,0.0,0.0,0.0,0.0,0.0,0.0,0.0,0.0,0.0,0.0,0.0,0.0,0.0,0.0,0.0,0.0,0.0,0.0,0.0,0.0,0.0,-2.699886892707964
67.42700147628784,67.35649752616882,2.994899852793838,3.0080369806267857,1.082744441240388,0.011842427438413693,-0.019047820393923966,-0.049981411124379815,1.0000000000000009,0.005681085075715745,-0.009668577839434596,-0.024930158770242707,0.9996262957018577,0.0,0.0,0.0,0.0,0.0,0.0,0.0,0.0,0.0,0.0,0.0,0.0,0.0,0.0,0.0,0.0,0.0,0.0,0.0,0.0,0.0,0.0,0.0,0.0,0.0,0.0,0.0,0.0,0.0,0.0,0.0,0.0,0.0,0.0,0.0,0.0,-2.863723911535186
67.53067755699158,67.4560284614563,2.9953948251388702,3.0038478106527475,1.0843881932491521,0.008866995790647881,-0.017948138013296474,-0.05154585114144191,1.0000000000000009,0.004200575502401067,-0.009085126695840362,-0.025729008844412857,0.9996188442312677,0.0,0.0,0.0,0.0,0.0,0.0,0.0,0.0,0.0,0.0,0.0,0.0,0.0,0.0,0.0,0.0,0.0,0.0,0.0,0.0,0.0,0.0,0.0,0.0,0.0,0.0,0.0,0.0,0.0,0.0,0.0,0.0,0.0,0.0,0.0,0.0,-2.9533597218142185
67.67436480522156,67.55877685546875,2.9936660871135876,3.0024900232189924,1.0830003606053915,0.010139609787460497,-0.015593692323486053,-0.05453695354332853,1.000000000000001,0.004855167497989055,-0.007931992394132139,-0.027224405222768713,0.9995860856401987,0.0,0.0,0.0,0.0,0.0,0.0,0.0,0.0,0.0,0.0,0.0,0.0,0.0,0.0,0.0,0.0,0.0,0.0,0.0,0.0,0.0,0.0,0.0,0.0,0.0,0.0,0.0,0.0,0.0,0.0,0.0,0.0,0.0,0.0,0.0,0.0,-3.124737265533765
67.76673460006714,67.65472722053528,2.993225438097192,2.9992749740235305,1.0834982530795019,0.008531144412502143,-0.01497809588593341,-0.06024285335659327,1.000000000000001,0.0040379622432911,-0.007613974418736872,-0.0300838232899775,0.9995102229745988,0.0,0.0,0.0,0.0,0.0,0.0,0.0,0.0,0.0,0.0,0.0,0.0,0.0,0.0,0.0,0.0,0.0,0.0,0.0,0.0,0.0,0.0,0.0,0.0,0.0,0.0,0.0,0.0,0.0,0.0,0.0,0.0,0.0,0.0,0.0,0.0,-3.4516612431583193
67.84656882286072,67.75833058357239,2.9919438410517927,2.9971028489943743,1.0845452126257142,0.008361631502767496,-0.015898413210795992,-0.06377635620981316,1.0000000000000009,0.003925108215804747,-0.008078303641189761,-0.03184827131054519,0.9994523611209826,0.0,0.0,0.0,0.0,0.0,0.0,0.0,0.0,0.0,0.0,0.0,0.0,0.0,0.0,0.0,0.0,0.0,0.0,0.0,0.0,0.0,0.0,0.0,0.0,0.0,0.0,0.0,0.0,0.0,0.0,0.0,0.0,0.0,0.0,0.0,0.0,-3.6541160435452533
67.94188189506531,67.85849833488464,2.990245507025438,2.9956465381373043,1.0836438109700584,0.008787488583081565,-0.014802130526338417,-0.0710104151760085,1.000000000000001,0.0041281245579864855,-0.007552225127459787,-0.03546393596896611,0.9993338940158335,0.0,0.0,0.0,0.0,0.0,0.0,0.0,0.0,0.0,0.0,0.0,0.0,0.0,0.0,0.0,0.0,0.0,0.0,0.0,0.0,0.0,0.0,0.0,0.0,0.0,0.0,0.0,0.0,0.0,0.0,0.0,0.0,0.0,0.0,0.0,0.0,-4.068597091057018
68.02157211303711,67.95854020118713,2.9899981686864616,2.991937748329419,1.0819441233371379,0.009324236049692836,-0.011775789913091956,-0.07640166040221805,1.0000000000000009,0.004433755056174618,-0.0060615511657681875,-0.03816303295960234,0.9992433048706871,0.0,0.0,0.0,0.0,0.0,0.0,0.0,0.0,0.0,0.0,0.0,0.0,0.0,0.0,0.0,0.0,0.0,0.0,0.0,0.0,0.0,0.0,0.0,0.0,0.0,0.0,0.0,0.0,0.0,0.0,0.0,0.0,0.0,0.0,0.0,0.0,-4.377492688838878
68.1443862915039,68.05761241912842,2.989881275936488,2.9867691998180645,1.0832367768890203,0.0076657249053749725,-0.011575364079392813,-0.08041042818586065,1.0000000000000009,0.003597062214219119,-0.005936986714703623,-0.04017124956415023,0.9991686964875516,0.0,0.0,0.0,0.0,0.0,0.0,0.0,0.0,0.0,0.0,0.0,0.0,0.0,0.0,0.0,0.0,0.0,0.0,0.0,0.0,0.0,0.0,0.0,0.0,0.0,0.0,0.0,0.0,0.0,0.0,0.0,0.0,0.0,0.0,0.0,0.0,-4.607178163889612
68.22576689720154,68.15709280967712,2.9899543431574855,2.9816732556591066,1.0848605993164426,0.006733189625252951,-0.011402767457935184,-0.08123917246890164,1.0000000000000009,0.0031322352086874806,-0.00583332733529687,-0.04058834870130801,0.9991540158276399,0.0,0.0,0.0,0.0,0.0,0.0,0.0,0.0,0.0,0.0,0.0,0.0,0.0,0.0,0.0,0.0,0.0,0.0,0.0,0.0,0.0,0.0,0.0,0.0,0.0,0.0,0.0,0.0,0.0,0.0,0.0,0.0,0.0,0.0,0.0,0.0,-4.654661713603456
68.34383463859558,68.25691366195679,2.9888389124047916,2.978981806461295,1.0821112457011277,0.008867963761024234,-0.012596616766836833,-0.0785812874552199,1.0000000000000009,0.004183060579068803,-0.00646750917052138,-0.03925146534151322,0.9991996776409943,0.0,0.0,0.0,0.0,0.0,0.0,0.0,0.0,0.0,0.0,0.0,0.0,0.0,0.0,0.0,0.0,0.0,0.0,0.0,0.0,0.0,0.0,0.0,0.0,0.0,0.0,0.0,0.0,0.0,0.0,0.0,0.0,0.0,0.0,0.0,0.0,-4.502376119888422
68.44096183776855,68.35661888122559,2.988908994843381,2.975013044006306,1.0827893066397067,0.006515176218778189,-0.015222564813195083,-0.0809070366005061,1.0000000000000009,0.002947008360932643,-0.00773668250387519,-0.0404163257149697,0.99914862733292,0.0,0.0,0.0,0.0,0.0,0.0,0.0,0.0,0.0,0.0,0.0,0.0,0.0,0.0,0.0,0.0,0.0,0.0,0.0,0.0,0.0,0.0,0.0,0.0,0.0,0.0,0.0,0.0,0.0,0.0,0.0,0.0,0.0,0.0,0.0,0.0,-4.63563173011948
68.54077863693237,68.45696115493774,2.9889519861061444,2.969734518546426,1.0832835836632337,0.006219609728056145,-0.01554369901930139,-0.07864123792331931,1.0000000000000009,0.0028017916285108103,-0.007887970539418214,-0.03928496015152404,0.999192985258771,0.0,0.0,0.0,0.0,0.0,0.0,0.0,0.0,0.0,0.0,0.0,0.0,0.0,0.0,0.0,0.0,0.0,0.0,0.0,0.0,0.0,0.0,0.0,0.0,0.0,0.0,0.0,0.0,0.0,0.0,0.0,0.0,0.0,0.0,0.0,0.0,-4.505811028690351
68.64023089408875,68.55884075164795,2.9855535184537305,2.970200837568824,1.0812535271472277,0.00703631655299199,-0.01611732076533314,-0.08117869830966222,1.0000000000000009,0.003188138795486374,-0.008194641625863388,-0.04054830829324402,0.9991388884005077,0.0,0.0,0.0,0.0,0.0,0.0,0.0,0.0,0.0,0.0,0.0,0.0,0.0,0.0,0.0,0.0,0.0,0.0,0.0,0.0,0.0,0.0,0.0,0.0,0.0,0.0,0.0,0.0,0.0,0.0,0.0,0.0,0.0,0.0,0.0,0.0,-4.651196799509435
68.73448467254639,68.6587131023407,2.983966871968594,2.9687263032837925,1.0786098035955858,0.007190470128917732,-0.01868934885403821,-0.0795902330933975,1.0000000000000009,0.0032204576046911348,-0.009480108298835138,-0.03974905048610025,0.9991595313987222,0.0,0.0,0.0,0.0,0.0,0.0,0.0,0.0,0.0,0.0,0.0,0.0,0.0,0.0,0.0,0.0,0.0,0.0,0.0,0.0,0.0,0.0,0.0,0.0,0.0,0.0,0.0,0.0,0.0,0.0,0.0,0.0,0.0,0.0,0.0,0.0,-4.560184446714131
68.835284948349,68.75893235206604,2.981023981175583,2.965613692724468,1.0779337655047048,0.005679633257699563,-0.0209193219085946,-0.07763153564249184,1.0000000000000009,0.002431629742990743,-0.010561745434607986,-0.038774061713511686,0.9991892257467582,0.0,0.0,0.0,0.0,0.0,0.0,0.0,0.0,0.0,0.0,0.0,0.0,0.0,0.0,0.0,0.0,0.0,0.0,0.0,0.0,0.0,0.0,0.0,0.0,0.0,0.0,0.0,0.0,0.0,0.0,0.0,0.0,0.0,0.0,0.0,0.0,-4.447959349434204
68.9290041923523,68.85897827148438,2.980229791345014,2.960170345066323,1.076283293101909,0.0076186525418445675,-0.0183873977248125,-0.07091160116823327,1.0000000000000007,0.0034808673438817537,-0.009322752993079277,-0.035411617884139795,0.9993232645935917,0.0,0.0,0.0,0.0,0.0,0.0,0.0,0.0,0.0,0.0,0.0,0.0,0.0,0.0,0.0,0.0,0.0,0.0,0.0,0.0,0.0,0.0,0.0,0.0,0.0,0.0,0.0,0.0,0.0,0.0,0.0,0.0,0.0,0.0,0.0,0.0,-4.062935465454724
69.05937767028809,68.95879554748535,2.978260127951647,2.957334083557033,1.0738379439684835,0.010646598790215601,-0.017046712489331057,-0.06165431872726974,1.0000000000000007,0.005057849450827121,-0.00868315225084433,-0.030775370688168983,0.999475811405623,0.0,0.0,0.0,0.0,0.0,0.0,0.0,0.0,0.0,0.0,0.0,0.0,0.0,0.0,0.0,0.0,0.0,0.0,0.0,0.0,0.0,0.0,0.0,0.0,0.0,0.0,0.0,0.0,0.0,0.0,0.0,0.0,0.0,0.0,0.0,0.0,-3.5325322518269493
69.1490113735199,69.05750060081482,2.9759392004186807,2.9515116533577306,1.0737456484616492,0.008651236430154998,-0.016430284232219816,-0.053734847929397644,1.0000000000000007,0.004103209066104167,-0.008328207963793924,-0.026827511609034647,0.9995969634049215,0.0,0.0,0.0,0.0,0.0,0.0,0.0,0.0,0.0,0.0,0.0,0.0,0.0,0.0,0.0,0.0,0.0,0.0,0.0,0.0,0.0,0.0,0.0,0.0,0.0,0.0,0.0,0.0,0.0,0.0,0.0,0.0,0.0,0.0,0.0,0.0,-3.0787799991317755
69.25853419303894,69.15898633003235,2.9751791092652278,2.9465731090531952,1.0760777962927524,0.010516351956779784,-0.0160524404102997,-0.043448105289243505,1.0000000000000004,0.005082397687012243,-0.008138344973535874,-0.021679151331728545,0.9997189359877005,0.0,0.0,0.0,0.0,0.0,0.0,0.0,0.0,0.0,0.0,0.0,0.0,0.0,0.0,0.0,0.0,0.0,0.0,0.0,0.0,0.0,0.0,0.0,0.0,0.0,0.0,0.0,0.0,0.0,0.0,0.0,0.0,0.0,0.0,0.0,0.0,-2.489393060913682
69.33026504516602,69.25878095626831,2.9738501543420304,2.9467250215279064,1.0748760239303627,0.011719531640299553,-0.013529154741606908,-0.032593525882141296,1.0000000000000007,0.005748587024315215,-0.006858999659368378,-0.01625575592465129,0.9998278143111523,0.0,0.0,0.0,0.0,0.0,0.0,0.0,0.0,0.0,0.0,0.0,0.0,0.0,0.0,0.0,0.0,0.0,0.0,0.0,0.0,0.0,0.0,0.0,0.0,0.0,0.0,0.0,0.0,0.0,0.0,0.0,0.0,0.0,0.0,0.0,0.0,-1.8674714724971098
69.42589139938354,69.35726642608643,2.972880669600554,2.9407991997143275,1.0759359656605845,0.008779289010767407,-0.010434085933459658,-0.0234725076792102,1.0000000000000004,0.004328042097907524,-0.005268125683038786,-0.011712812427029732,0.9999081582467646,0.0,0.0,0.0,0.0,0.0,0.0,0.0,0.0,0.0,0.0,0.0,0.0,0.0,0.0,0.0,0.0,0.0,0.0,0.0,0.0,0.0,0.0,0.0,0.0,0.0,0.0,0.0,0.0,0.0,0.0,0.0,0.0,0.0,0.0,0.0,0.0,-1.3448756246071591
69.53558611869812,69.45902562141418,2.971086574503361,2.937854383881977,1.0781438811796813,0.004415232606439032,-0.010294934658784144,-0.011437801589304837,1.0000000000000004,0.00217811167002617,-0.005159972771653968,-0.005707416533500989,0.9999680274424093,0.0,0.0,0.0,0.0,0.0,0.0,0.0,0.0,0.0,0.0,0.0,0.0,0.0,0.0,0.0,0.0,0.0,0.0,0.0,0.0,0.0,0.0,0.0,0.0,0.0,0.0,0.0,0.0,0.0,0.0,0.0,0.0,0.0,0.0,0.0,0.0,-0.6553377579751924
69.63007616996765,69.55896258354187,2.969995322346696,2.9385644933267447,1.0785658789692276,0.003907953472497802,-0.011840751539707189,0.00016098541342302654,1.0000000000000007,0.0019544177857567014,-0.005920172585013626,9.205934384685798e-05,0.9999805614774525,0.0,0.0,0.0,0.0,0.0,0.0,0.0,0.0,0.0,0.0,0.0,0.0,0.0,0.0,0.0,0.0,0.0,0.0,0.0,0.0,0.0,0.0,0.0,0.0,0.0,0.0,0.0,0.0,0.0,0.0,0.0,0.0,0.0,0.0,0.0,0.0,0.009223784752308133
69.73860764503479,69.65779447555542,2.969264859749532,2.9359376986570824,1.0779916169084276,0.005994850157771318,-0.013389201972177217,0.010532356613925056,1.0000000000000007,0.003032566237659728,-0.006678643553606366,0.005286078408419429,0.9999591274833985,0.0,0.0,0.0,0.0,0.0,0.0,0.0,0.0,0.0,0.0,0.0,0.0,0.0,0.0,0.0,0.0,0.0,0.0,0.0,0.0,0.0,0.0,0.0,0.0,0.0,0.0,0.0,0.0,0.0,0.0,0.0,0.0,0.0,0.0,0.0,0.0,0.6034595823046044
69.84163475036621,69.75832676887512,2.966373622301776,2.9339937070672066,1.0814530452044633,0.003986416713388271,-0.01557837825823798,0.011999728655654804,1.0000000000000009,0.0020398439291057506,-0.007776996158960463,0.006015159434278308,0.9999495863414667,0.0,0.0,0.0,0.0,0.0,0.0,0.0,0.0,0.0,0.0,0.0,0.0,0.0,0.0,0.0,0.0,0.0,0.0,0.0,0.0,0.0,0.0,0.0,0.0,0.0,0.0,0.0,0.0,0.0,0.0,0.0,0.0,0.0,0.0,0.0,0.0,0.6875338072712134
69.93803191184998,69.85900974273682,2.9657475454665065,2.9318508727407386,1.0829973009786524,0.005394673000493277,-0.016951034664226382,0.010241462865306916,1.0000000000000007,0.00274060096698275,-0.008461462145591224,0.005143367226665265,0.9999472178761596,0.0,0.0,0.0,0.0,0.0,0.0,0.0,0.0,0.0,0.0,0.0,0.0,0.0,0.0,0.0,0.0,0.0,0.0,0.0,0.0,0.0,0.0,0.0,0.0,0.0,0.0,0.0,0.0,0.0,0.0,0.0,0.0,0.0,0.0,0.0,0.0,0.5867925982220454
70.04369163513184,69.95857810974121,2.9656566156570965,2.9311694115201585,1.0832551357959805,0.007672743054490539,-0.01868615051513,0.009515532642789301,1.0000000000000007,0.003880602282764887,-0.009324513180841579,0.004793348196716561,0.9999375071437864,0.0,0.0,0.0,0.0,0.0,0.0,0.0,0.0,0.0,0.0,0.0,0.0,0.0,0.0,0.0,0.0,0.0,0.0,0.0,0.0,0.0,0.0,0.0,0.0,0.0,0.0,0.0,0.0,0.0,0.0,0.0,0.0,0.0,0.0,0.0,0.0,0.5451998602507934
70.14010834693909,70.05724668502808,2.964950376160403,2.924893143003608,1.086493108958436,0.009784123200746786,-0.01977076498617045,0.001491493971463489,1.0000000000000007,0.004899173487196629,-0.009881452409209238,0.0007940604623022388,0.9999388603636777,0.0,0.0,0.0,0.0,0.0,0.0,0.0,0.0,0.0,0.0,0.0,0.0,0.0,0.0,0.0,0.0,0.0,0.0,0.0,0.0,0.0,0.0,0.0,0.0,0.0,0.0,0.0,0.0,0.0,0.0,0.0,0.0,0.0,0.0,0.0,0.0,0.08545630973406357
70.22105932235718,70.15910053253174,2.9663437675039286,2.9219930307648805,1.0878624703199857,0.011270043413568574,-0.015869403158775344,0.002372403833675474,1.0000000000000009,0.005644222441258798,-0.007927802734956234,0.0012308569435441753,0.9999518876866104,0.0,0.0,0.0,0.0,0.0,0.0,0.0,0.0,0.0,0.0,0.0,0.0,0.0,0.0,0.0,0.0,0.0,0.0,0.0,0.0,0.0,0.0,0.0,0.0,0.0,0.0,0.0,0.0,0.0,0.0,0.0,0.0,0.0,0.0,0.0,0.0,0.13592872697026118
70.3116397857666,70.25794339179993,2.9671798521148616,2.918169029028932,1.0869776804856037,0.01127876867370017,-0.01257497572575899,0.007618950707634484,1.0000000000000009,0.005663153491986068,-0.0062658183313608175,0.0038447871488105066,0.999956941985477,0.0,0.0,0.0,0.0,0.0,0.0,0.0,0.0,0.0,0.0,0.0,0.0,0.0,0.0,0.0,0.0,0.0,0.0,0.0,0.0,0.0,0.0,0.0,0.0,0.0,0.0,0.0,0.0,0.0,0.0,0.0,0.0,0.0,0.0,0.0,0.0,0.43653371986566797
70.43774676322937,70.35600876808167,2.9683938867008277,2.9120639892680886,1.0876325267468956,0.007520809946300622,-0.01080872488073178,0.014370673427761663,1.0000000000000009,0.003799075490773948,-0.005377139328418543,0.00720544107350528,0.999952366374017,0.0,0.0,0.0,0.0,0.0,0.0,0.0,0.0,0.0,0.0,0.0,0.0,0.0,0.0,0.0,0.0,0.0,0.0,0.0,0.0,0.0,0.0,0.0,0.0,0.0,0.0,0.0,0.0,0.0,0.0,0.0,0.0,0.0,0.0,0.0,0.0,0.8233789361715432
70.52431535720825,70.45901703834534,2.968963461613578,2.9067356349002464,1.0896745750429886,0.004258345514406786,-0.012947660719734091,0.020951161737935767,1.0000000000000009,0.002196824975295723,-0.006451111831060816,0.010488929058278662,0.9999217666814657,0.0,0.0,0.0,0.0,0.0,0.0,0.0,0.0,0.0,0.0,0.0,0.0,0.0,0.0,0.0,0.0,0.0,0.0,0.0,0.0,0.0,0.0,0.0,0.0,0.0,0.0,0.0,0.0,0.0,0.0,0.0,0.0,0.0,0.0,0.0,0.0,1.2004131434796943
70.6309597492218,70.55901980400085,2.967457581015943,2.9046799526458758,1.089718523406381,0.005126722870699456,-0.01606794799834807,0.024473296660512314,1.0000000000000009,0.002661389079176167,-0.008001894586827077,0.01225650005513444,0.9998893263244643,0.0,0.0,0.0,0.0,0.0,0.0,0.0,0.0,0.0,0.0,0.0,0.0,0.0,0.0,0.0,0.0,0.0,0.0,0.0,0.0,0.0,0.0,0.0,0.0,0.0,0.0,0.0,0.0,0.0,0.0,0.0,0.0,0.0,0.0,0.0,0.0,1.4022166094189674
70.73306012153625,70.65868306159973,2.967544969776134,2.9040826104454034,1.0893231296141868,0.007054198480588877,-0.015361822846916912,0.025312587671086993,1.000000000000001,0.003623913125198505,-0.007635535566689101,0.012682592751787155,0.9998838521005154,0.0,0.0,0.0,0.0,0.0,0.0,0.0,0.0,0.0,0.0,0.0,0.0,0.0,0.0,0.0,0.0,0.0,0.0,0.0,0.0,0.0,0.0,0.0,0.0,0.0,0.0,0.0,0.0,0.0,0.0,0.0,0.0,0.0,0.0,0.0,0.0,1.4503044421081663
70.82945799827576,70.75772786140442,2.967373578913528,2.9013285410281844,1.0928045594082443,0.0061849887418049115,-0.015447323033260879,0.022811672936276634,1.000000000000001,0.0031802876664529154,-0.007687774795391698,0.01142907798153798,0.9999000750402753,0.0,0.0,0.0,0.0,0.0,0.0,0.0,0.0,0.0,0.0,0.0,0.0,0.0,0.0,0.0,0.0,0.0,0.0,0.0,0.0,0.0,0.0,0.0,0.0,0.0,0.0,0.0,0.0,0.0,0.0,0.0,0.0,0.0,0.0,0.0,0.0,1.3070125828814532
70.92759466171265,70.85721111297607,2.9675513314005513,2.8986822502677536,1.0941030253546744,0.004339953556320869,-0.016177381622407755,0.021914374408100526,1.000000000000001,0.002258400181068502,-0.008064322442507155,0.01097413472995264,0.9999047128097239,0.0,0.0,0.0,0.0,0.0,0.0,0.0,0.0,0.0,0.0,0.0,0.0,0.0,0.0,0.0,0.0,0.0,0.0,0.0,0.0,0.0,0.0,0.0,0.0,0.0,0.0,0.0,0.0,0.0,0.0,0.0,0.0,0.0,0.0,0.0,0.0,1.2556011642536618
71.06134057044983,70.95886564254761,2.9667938758431176,2.9047499803951813,1.0927085500012679,-0.0652499054417716,-0.03130723552759849,0.027266775511507867,1.0000000000000009,-0.032398855092800834,-0.01608783637537202,0.013113501682642992,0.9992594917152683,0.0,0.0,0.0,0.0,0.0,0.0,0.0,0.0,0.0,0.0,0.0,0.0,0.0,0.0,0.0,0.0,0.0,0.0,0.0,0.0,0.0,0.0,0.0,0.0,0.0,0.0,0.0,0.0,0.0,0.0,0.0,0.0,0.0,0.0,0.0,0.0,1.5622711577400672
71.13920283317566,71.0579924583435,2.9634793702682916,2.923391384912406,1.091913942447467,-0.16713188096908227,-0.055512988019763884,0.03708479818097803,1.000000000000001,-0.08290943891550485,-0.029198354598334902,0.01615341456613125,0.9959982671798797,0.0,0.0,0.0,0.0,0.0,0.0,0.0,0.0,0.0,0.0,0.0,0.0,0.0,0.0,0.0,0.0,0.0,0.0,0.0,0.0,0.0,0.0,0.0,0.0,0.0,0.0,0.0,0.0,0.0,0.0,0.0,0.0,0.0,0.0,0.0,0.0,2.1248024198644737
71.25035762786865,71.15754699707031,2.958349440499959,2.9489238115118583,1.0948790125242749,-0.16121563256311935,-0.055775101054394774,0.03689486328197373,1.000000000000001,-0.0799628596181012,-0.029273401898972307,0.01613449186126385,0.9962372645084795,0.0,0.0,0.0,0.0,0.0,0.0,0.0,0.0,0.0,0.0,0.0,0.0,0.0,0.0,0.0,0.0,0.0,0.0,0.0,0.0,0.0,0.0,0.0,0.0,0.0,0.0,0.0,0.0,0.0,0.0,0.0,0.0,0.0,0.0,0.0,0.0,2.1139199517692835
71.31481194496155,71.2574074268341,2.9505112605947397,2.984243232342445,1.095008308607046,-0.12047861199879496,-0.040388373846212376,0.022359004825002676,1.000000000000001,-0.059961512264229265,-0.02082781533771175,0.00994112726596233,0.9979338621090724,0.0,0.0,0.0,0.0,0.0,0.0,0.0,0.0,0.0,0.0,0.0,0.0,0.0,0.0,0.0,0.0,0.0,0.0,0.0,0.0,0.0,0.0,0.0,0.0,0.0,0.0,0.0,0.0,0.0,0.0,0.0,0.0,0.0,0.0,0.0,0.0,1.281076610585297
71.45452952384949,71.35743308067322,2.9399472566616174,3.0287566509814736,1.0931906155557702,-0.08299927606045576,-0.030949086870660506,-0.004884907968353865,1.000000000000001,-0.04152039792056003,-0.015359237262996957,-0.003082032557760076,0.9990148404616083,0.0,0.0,0.0,0.0,0.0,0.0,0.0,0.0,0.0,0.0,0.0,0.0,0.0,0.0,0.0,0.0,0.0,0.0,0.0,0.0,0.0,0.0,0.0,0.0,0.0,0.0,0.0,0.0,0.0,0.0,0.0,0.0,0.0,0.0,0.0,0.0,-0.279884609896502
71.54651761054993,71.45906257629395,2.928202433134086,3.082481742803307,1.0876576993140008,-0.04415731761860963,-0.026952285808776094,-0.03542868353071412,1.000000000000001,-0.0223100401449172,-0.013079315730155989,-0.0180049454357369,0.999503384460814,0.0,0.0,0.0,0.0,0.0,0.0,0.0,0.0,0.0,0.0,0.0,0.0,0.0,0.0,0.0,0.0,0.0,0.0,0.0,0.0,0.0,0.0,0.0,0.0,0.0,0.0,0.0,0.0,0.0,0.0,0.0,0.0,0.0,0.0,0.0,0.0,-2.0299140400145674
71.63586592674255,71.55907559394836,2.915796015317357,3.138289674613669,1.0841809345403977,-0.016145802004898846,-0.02030748988212218,-0.059494444618613085,1.000000000000001,-0.008370811947006849,-0.0099086516730803,-0.029822264563578914,0.9994710504390167,0.0,0.0,0.0,0.0,0.0,0.0,0.0,0.0,0.0,0.0,0.0,0.0,0.0,0.0,0.0,0.0,0.0,0.0,0.0,0.0,0.0,0.0,0.0,0.0,0.0,0.0,0.0,0.0,0.0,0.0,0.0,0.0,0.0,0.0,0.0,0.0,-3.4087805811213423
71.75602340698242,71.65896558761597,2.9012662980519965,3.198933168695292,1.0768017224085573,0.007430812837019253,-0.010780720618399854,-0.07017544133917965,1.0000000000000013,0.003523962629205613,-0.005517315415189614,-0.03505975473194636,0.9993637748668578,0.0,0.0,0.0,0.0,0.0,0.0,0.0,0.0,0.0,0.0,0.0,0.0,0.0,0.0,0.0,0.0,0.0,0.0,0.0,0.0,0.0,0.0,0.0,0.0,0.0,0.0,0.0,0.0,0.0,0.0,0.0,0.0,0.0,0.0,0.0,0.0,-4.020756614202879
71.8300576210022,71.75915598869324,2.887206424649501,3.259384118268335,1.0720140557867883,0.02182722348262488,-0.004023238235644087,-0.06800047469578958,1.000000000000001,0.010838687371662013,-0.0023813211989481926,-0.03396965283428393,0.9993612534272717,0.0,0.0,0.0,0.0,0.0,0.0,0.0,0.0,0.0,0.0,0.0,0.0,0.0,0.0,0.0,0.0,0.0,0.0,0.0,0.0,0.0,0.0,0.0,0.0,0.0,0.0,0.0,0.0,0.0,0.0,0.0,0.0,0.0,0.0,0.0,0.0,-3.896140204954894
71.93078541755676,71.85913467407227,2.8733664110049593,3.316704527436012,1.069902567677086,0.02763851706596772,-0.0010457235140160276,-0.06620550175295134,1.000000000000001,0.013793942867519565,-0.000979882698821318,-0.033086319468530405,0.9993568243796072,0.0,0.0,0.0,0.0,0.0,0.0,0.0,0.0,0.0,0.0,0.0,0.0,0.0,0.0,0.0,0.0,0.0,0.0,0.0,0.0,0.0,0.0,0.0,0.0,0.0,0.0,0.0,0.0,0.0,0.0,0.0,0.0,0.0,0.0,0.0,0.0,-3.7932958309900853
72.03591704368591,71.9590380191803,2.8581646265173983,3.367485295987362,1.0669813128587324,0.032561116106625654,0.005280103866857668,-0.07121193198832843,1.000000000000001,0.01636343275131821,0.0020584909887420727,-0.03563655361089345,0.999228720929389,0.0,0.0,0.0,0.0,0.0,0.0,0.0,0.0,0.0,0.0,0.0,0.0,0.0,0.0,0.0,0.0,0.0,0.0,0.0,0.0,0.0,0.0,0.0,0.0,0.0,0.0,0.0,0.0,0.0,0.0,0.0,0.0,0.0,0.0,0.0,0.0,-4.0801431539038795
72.1366240978241,72.05906772613525,2.845646363784753,3.411513402978191,1.0636109501243483,0.034413065126041864,0.0119188198010664,-0.07399747941332285,1.000000000000001,0.017414009491183494,0.00531798254597618,-0.03708663154677998,0.9991461620281576,0.0,0.0,0.0,0.0,0.0,0.0,0.0,0.0,0.0,0.0,0.0,0.0,0.0,0.0,0.0,0.0,0.0,0.0,0.0,0.0,0.0,0.0,0.0,0.0,0.0,0.0,0.0,0.0,0.0,0.0,0.0,0.0,0.0,0.0,0.0,0.0,-4.2397432649895945
72.24379229545593,72.1591215133667,2.8337988178237326,3.4519193640432366,1.0628319585214616,0.03449999084788748,0.010564009200160533,-0.07495031060627443,1.000000000000001,0.017434655925586167,0.004631232321464557,-0.03755133323429833,0.9991318640861526,0.0,0.0,0.0,0.0,0.0,0.0,0.0,0.0,0.0,0.0,0.0,0.0,0.0,0.0,0.0,0.0,0.0,0.0,0.0,0.0,0.0,0.0,0.0,0.0,0.0,0.0,0.0,0.0,0.0,0.0,0.0,0.0,0.0,0.0,0.0,0.0,-4.294336470934135
72.35612988471985,72.25901627540588,2.8252619560471275,3.483012940167554,1.0647530953149944,0.0332338267807327,0.009845421083299274,-0.07629838045829627,1.000000000000001,0.016791582916818065,0.004284698635221933,-0.03821594650359008,0.999119224884393,0.0,0.0,0.0,0.0,0.0,0.0,0.0,0.0,0.0,0.0,0.0,0.0,0.0,0.0,0.0,0.0,0.0,0.0,0.0,0.0,0.0,0.0,0.0,0.0,0.0,0.0,0.0,0.0,0.0,0.0,0.0,0.0,0.0,0.0,0.0,0.0,-4.371575183943812
72.41115236282349,72.35825276374817,2.818256030859878,3.5130192913733453,1.0645047744367067,0.03339521603543358,0.011516747663909851,-0.07023655629991042,1.000000000000001,0.01688841378451709,0.0051677555262914015,-0.035201670274635735,0.999224158130968,0.0,0.0,0.0,0.0,0.0,0.0,0.0,0.0,0.0,0.0,0.0,0.0,0.0,0.0,0.0,0.0,0.0,0.0,0.0,0.0,0.0,0.0,0.0,0.0,0.0,0.0,0.0,0.0,0.0,0.0,0.0,0.0,0.0,0.0,0.0,0.0,-4.024258243517861
72.53707242012024,72.45900774002075,2.8142019943190912,3.5418950467018093,1.0646195756423786,0.034058061178077574,0.01368988165292837,-0.06028250655575673,1.000000000000001,0.017226326736135174,0.0063276245604699894,-0.030248117416004985,0.9993739371363413,0.0,0.0,0.0,0.0,0.0,0.0,0.0,0.0,0.0,0.0,0.0,0.0,0.0,0.0,0.0,0.0,0.0,0.0,0.0,0.0,0.0,0.0,0.0,0.0,0.0,0.0,0.0,0.0,0.0,0.0,0.0,0.0,0.0,0.0,0.0,0.0,-3.4539332041145774
72.63478899002075,72.55905270576477,2.810139468177937,3.5658929307007075,1.0670685198919125,0.03186376806079292,0.011889473816434749,-0.05065101281036251,1.0000000000000013,0.01607633731290863,0.005538625680696715,-0.02541381409384515,0.9995323972025003,0.0,0.0,0.0,0.0,0.0,0.0,0.0,0.0,0.0,0.0,0.0,0.0,0.0,0.0,0.0,0.0,0.0,0.0,0.0,0.0,0.0,0.0,0.0,0.0,0.0,0.0,0.0,0.0,0.0,0.0,0.0,0.0,0.0,0.0,0.0,0.0,-2.9020892620968386
72.77873015403748,72.65910291671753,2.808106725767241,3.5849757218741916,1.0691805053968846,0.041986354254717265,0.00472527352649047,-0.04341363366968301,1.0000000000000013,0.021037901252489333,0.0019059329610805861,-0.021749852837915352,0.9995402533324859,0.0,0.0,0.0,0.0,0.0,0.0,0.0,0.0,0.0,0.0,0.0,0.0,0.0,0.0,0.0,0.0,0.0,0.0,0.0,0.0,0.0,0.0,0.0,0.0,0.0,0.0,0.0,0.0,0.0,0.0,0.0,0.0,0.0,0.0,0.0,0.0,-2.487417982599885
72.84909248352051,72.75906896591187,2.8063320530393057,3.594170330502742,1.0705126742663813,0.07155068982942657,-0.0007191145855112847,-0.03511702302672537,1.0000000000000013,0.03575588935923265,-0.000987267335156901,-0.017533515037616375,0.999206243740384,0.0,0.0,0.0,0.0,0.0,0.0,0.0,0.0,0.0,0.0,0.0,0.0,0.0,0.0,0.0,0.0,0.0,0.0,0.0,0.0,0.0,0.0,0.0,0.0,0.0,0.0,0.0,0.0,0.0,0.0,0.0,0.0,0.0,0.0,0.0,0.0,-2.0120572084950914
72.92774081230164,72.85899066925049,2.808690003747217,3.600188678321253,1.071873919610334,0.09075287845510362,0.003323241428264254,-0.033924240635182325,1.0000000000000013,0.045382435302045075,0.0008902922434930414,-0.017019186399171403,0.9988243034889018,0.0,0.0,0.0,0.0,0.0,0.0,0.0,0.0,0.0,0.0,0.0,0.0,0.0,0.0,0.0,0.0,0.0,0.0,0.0,0.0,0.0,0.0,0.0,0.0,0.0,0.0,0.0,0.0,0.0,0.0,0.0,0.0,0.0,0.0,0.0,0.0,-1.9437158115821542
73.02790069580078,72.95909833908081,2.8141202368499267,3.598772525623988,1.0725396540186694,0.10010962647668675,0.009694423344607649,-0.030311610592040288,1.0000000000000013,0.05010094825820769,0.0040822993678884065,-0.015378561818683871,0.998617409047074,0.0,0.0,0.0,0.0,0.0,0.0,0.0,0.0,0.0,0.0,0.0,0.0,0.0,0.0,0.0,0.0,0.0,0.0,0.0,0.0,0.0,0.0,0.0,0.0,0.0,0.0,0.0,0.0,0.0,0.0,0.0,0.0,0.0,0.0,0.0,0.0,-1.7367273571679511
73.14390850067139,73.05914902687073,2.8194165916899947,3.588909544858457,1.073964645361,0.09776975796223489,0.012448669016539002,-0.024949202562045678,1.0000000000000013,0.04893821327381151,0.005606825987391413,-0.012763263307480408,0.9987045178097779,0.0,0.0,0.0,0.0,0.0,0.0,0.0,0.0,0.0,0.0,0.0,0.0,0.0,0.0,0.0,0.0,0.0,0.0,0.0,0.0,0.0,0.0,0.0,0.0,0.0,0.0,0.0,0.0,0.0,0.0,0.0,0.0,0.0,0.0,0.0,0.0,-1.4294840090221976
73.20288801193237,73.15898966789246,2.827138910602909,3.5702026359675503,1.0751866715470042,0.09410265397701957,0.01096457431116671,-0.018360944408728916,1.0000000000000013,0.04708155284512349,0.005044180171846949,-0.009427887031289271,0.9988338192983925,0.0,0.0,0.0,0.0,0.0,0.0,0.0,0.0,0.0,0.0,0.0,0.0,0.0,0.0,0.0,0.0,0.0,0.0,0.0,0.0,0.0,0.0,0.0,0.0,0.0,0.0,0.0,0.0,0.0,0.0,0.0,0.0,0.0,0.0,0.0,0.0,-1.0520046224944937
73.36485004425049,73.25909900665283,2.837274305979429,3.547290898819156,1.0749223328096478,0.08814074280936134,0.009845697137678843,-0.01312330609428015,1.0000000000000013,0.04408689528132528,0.004628867719042504,-0.006772031593482817,0.9989940234236604,0.0,0.0,0.0,0.0,0.0,0.0,0.0,0.0,0.0,0.0,0.0,0.0,0.0,0.0,0.0,0.0,0.0,0.0,0.0,0.0,0.0,0.0,0.0,0.0,0.0,0.0,0.0,0.0,0.0,0.0,0.0,0.0,0.0,0.0,0.0,0.0,-0.751910052460565
73.44045495986938,73.35905957221985,2.8502161199187594,3.514335284976072,1.0778592263162943,0.0799244249039277,0.005316350874437693,-0.012566771188988529,1.0000000000000013,0.03996733590879318,0.0024049690121925554,-0.0063845016317509665,0.9991776950689607,0.0,0.0,0.0,0.0,0.0,0.0,0.0,0.0,0.0,0.0,0.0,0.0,0.0,0.0,0.0,0.0,0.0,0.0,0.0,0.0,0.0,0.0,0.0,0.0,0.0,0.0,0.0,0.0,0.0,0.0,0.0,0.0,0.0,0.0,0.0,0.0,-0.7200229512356421
73.5175518989563,73.45905613899231,2.862826314006123,3.472630049890119,1.0823954553657515,0.07302594806703815,-0.0006584844931046558,-0.008139552556228453,1.0000000000000013,0.03650321806804214,-0.0004775862685685408,-0.004055033381750448,0.9993251941616947,0.0,0.0,0.0,0.0,0.0,0.0,0.0,0.0,0.0,0.0,0.0,0.0,0.0,0.0,0.0,0.0,0.0,0.0,0.0,0.0,0.0,0.0,0.0,0.0,0.0,0.0,0.0,0.0,0.0,0.0,0.0,0.0,0.0,0.0,0.0,0.0,-0.4663620085968111
73.65426969528198,73.55916261672974,2.8804582881978944,3.422757601716718,1.0833684020165815,0.06728627374901011,-0.006872224317491921,-0.004942169614196436,1.0000000000000016,0.033628003312895886,-0.0035172692864671785,-0.0023540901790290694,0.99942545718497,0.0,0.0,0.0,0.0,0.0,0.0,0.0,0.0,0.0,0.0,0.0,0.0,0.0,0.0,0.0,0.0,0.0,0.0,0.0,0.0,0.0,0.0,0.0,0.0,0.0,0.0,0.0,0.0,0.0,0.0,0.0,0.0,0.0,0.0,0.0,0.0,-0.2831654605312541
73.76000905036926,73.65913820266724,2.8964852647077346,3.368048580092807,1.0856917059305384,0.06509990112386878,-0.01314756515928562,-0.0010522953775367126,1.0000000000000016,0.032540038473574,-0.006587374883117451,-0.0003119206551285238,0.9994486755675829,0.0,0.0,0.0,0.0,0.0,0.0,0.0,0.0,0.0,0.0,0.0,0.0,0.0,0.0,0.0,0.0,0.0,0.0,0.0,0.0,0.0,0.0,0.0,0.0,0.0,0.0,0.0,0.0,0.0,0.0,0.0,0.0,0.0,0.0,0.0,0.0,-0.0602920839339792
73.84736633300781,73.75900340080261,2.9132063526430017,3.310954880600903,1.089846350527817,0.05918039316722262,-0.016201545598248816,0.002950598608158478,1.0000000000000016,0.02959682143385149,-0.008053482671866303,0.0017142701593665533,0.999528004037751,0.0,0.0,0.0,0.0,0.0,0.0,0.0,0.0,0.0,0.0,0.0,0.0,0.0,0.0,0.0,0.0,0.0,0.0,0.0,0.0,0.0,0.0,0.0,0.0,0.0,0.0,0.0,0.0,0.0,0.0,0.0,0.0,0.0,0.0,0.0,0.0,0.16905684728465575
73.93642735481262,73.85912108421326,2.9308904745561493,3.2495993265481755,1.0916117148568996,0.05693427262933576,-0.020638776956428004,0.00486599334712033,1.0000000000000018,0.02848678825890916,-0.010245746514264825,0.0027255967077203023,0.9995379425993032,0.0,0.0,0.0,0.0,0.0,0.0,0.0,0.0,0.0,0.0,0.0,0.0,0.0,0.0,0.0,0.0,0.0,0.0,0.0,0.0,0.0,0.0,0.0,0.0,0.0,0.0,0.0,0.0,0.0,0.0,0.0,0.0,0.0,0.0,0.0,0.0,0.27880088192873187
74.0364420413971,73.95899820327759,2.9498238115598467,3.184837881609637,1.091887922102231,0.05989158370833521,-0.025056244040070345,0.006034588848673175,1.0000000000000016,0.02997661348904273,-0.01243178602531589,0.0033907973363089617,0.9994675361578167,0.0,0.0,0.0,0.0,0.0,0.0,0.0,0.0,0.0,0.0,0.0,0.0,0.0,0.0,0.0,0.0,0.0,0.0,0.0,0.0,0.0,0.0,0.0,0.0,0.0,0.0,0.0,0.0,0.0,0.0,0.0,0.0,0.0,0.0,0.0,0.0,0.3457564721256835
74.14583849906921,74.05908489227295,2.9663906972116996,3.1163971668185617,1.0958621715110952,0.05607267854368168,-0.03232277006338652,0.010406436475195296,1.0000000000000016,0.028112680341708017,-0.01600827143087994,0.005653491575399796,0.9994605797543044,0.0,0.0,0.0,0.0,0.0,0.0,0.0,0.0,0.0,0.0,0.0,0.0,0.0,0.0,0.0,0.0,0.0,0.0,0.0,0.0,0.0,0.0,0.0,0.0,0.0,0.0,0.0,0.0,0.0,0.0,0.0,0.0,0.0,0.0,0.0,0.0,0.5962448897996873
74.23087453842163,74.15922141075134,2.979331821398115,3.045066086965372,1.0990526114861667,0.05377623340034687,-0.037520269675187755,0.012225729759078633,1.0000000000000013,0.02699427316534609,-0.018587589697478403,0.006613866892663175,0.9994408774361002,0.0,0.0,0.0,0.0,0.0,0.0,0.0,0.0,0.0,0.0,0.0,0.0,0.0,0.0,0.0,0.0,0.0,0.0,0.0,0.0,0.0,0.0,0.0,0.0,0.0,0.0,0.0,0.0,0.0,0.0,0.0,0.0,0.0,0.0,0.0,0.0,0.7004827166626985
74.35150122642517,74.25907015800476,2.9927332446750787,2.971234127787182,1.1008007003672329,0.05582833303668579,-0.038331108841232184,0.012210312755114106,1.0000000000000016,0.028021850844217242,-0.01898619228289395,0.006636497546552356,0.9994049515977891,0.0,0.0,0.0,0.0,0.0,0.0,0.0,0.0,0.0,0.0,0.0,0.0,0.0,0.0,0.0,0.0,0.0,0.0,0.0,0.0,0.0,0.0,0.0,0.0,0.0,0.0,0.0,0.0,0.0,0.0,0.0,0.0,0.0,0.0,0.0,0.0,0.6995993874027946
74.4318106174469,74.35917115211487,3.0052356649591574,2.893745759496472,1.1022534700245539,0.055733144277667686,-0.037947508432955274,0.013906966782623957,1.0000000000000013,0.027989150447115616,-0.018771082998284245,0.007478097161718716,0.999403988366648,0.0,0.0,0.0,0.0,0.0,0.0,0.0,0.0,0.0,0.0,0.0,0.0,0.0,0.0,0.0,0.0,0.0,0.0,0.0,0.0,0.0,0.0,0.0,0.0,0.0,0.0,0.0,0.0,0.0,0.0,0.0,0.0,0.0,0.0,0.0,0.0,0.7968105024729821
74.54597043991089,74.458327293396,3.015925449505629,2.8090467029706203,1.105800262834942,0.05138300464341178,-0.037467956952918796,0.01166223679855265,1.0000000000000013,0.025792928714878097,-0.01857661571709849,0.006309352944474694,0.9994747751905665,0.0,0.0,0.0,0.0,0.0,0.0,0.0,0.0,0.0,0.0,0.0,0.0,0.0,0.0,0.0,0.0,0.0,0.0,0.0,0.0,0.0,0.0,0.0,0.0,0.0,0.0,0.0,0.0,0.0,0.0,0.0,0.0,0.0,0.0,0.0,0.0,0.6681969482392277
74.61052465438843,74.5591332912445,3.025574622072313,2.7243142281807495,1.1057772576513605,0.04817634416617079,-0.037736746231456904,0.014996609398404696,1.0000000000000013,0.02422230838852187,-0.01868068066751862,0.007949145760514784,0.9995004367321759,0.0,0.0,0.0,0.0,0.0,0.0,0.0,0.0,0.0,0.0,0.0,0.0,0.0,0.0,0.0,0.0,0.0,0.0,0.0,0.0,0.0,0.0,0.0,0.0,0.0,0.0,0.0,0.0,0.0,0.0,0.0,0.0,0.0,0.0,0.0,0.0,0.8592424255348136
74.71543526649475,74.65924429893494,3.033049479758205,2.6405602014821166,1.103804756397149,0.05010276593166194,-0.037400311113481154,0.020971528243491314,1.0000000000000013,0.02523901525506912,-0.01842956614197862,0.010948811875776284,0.9994515829790278,0.0,0.0,0.0,0.0,0.0,0.0,0.0,0.0,0.0,0.0,0.0,0.0,0.0,0.0,0.0,0.0,0.0,0.0,0.0,0.0,0.0,0.0,0.0,0.0,0.0,0.0,0.0,0.0,0.0,0.0,0.0,0.0,0.0,0.0,0.0,0.0,1.2015800582914569
74.8008382320404,74.75910186767578,3.0393087327361137,2.55509727888555,1.1059910568312425,0.04696077987027069,-0.04007904108420311,0.026658734808498702,1.0000000000000013,0.023738447819904234,-0.019717998277565648,0.013793042269654231,0.9994285560378879,0.0,0.0,0.0,0.0,0.0,0.0,0.0,0.0,0.0,0.0,0.0,0.0,0.0,0.0,0.0,0.0,0.0,0.0,0.0,0.0,0.0,0.0,0.0,0.0,0.0,0.0,0.0,0.0,0.0,0.0,0.0,0.0,0.0,0.0,0.0,0.0,1.5274329916854745
74.90464997291565,74.85912990570068,3.0415981897128566,2.4673503786621223,1.1058737321569803,0.04461281665425302,-0.04055848067743655,0.02394016359709711,1.000000000000001,0.02254103609241147,-0.020004427253480686,0.012416613652600068,0.9994686349693748,0.0,0.0,0.0,0.0,0.0,0.0,0.0,0.0,0.0,0.0,0.0,0.0,0.0,0.0,0.0,0.0,0.0,0.0,0.0,0.0,0.0,0.0,0.0,0.0,0.0,0.0,0.0,0.0,0.0,0.0,0.0,0.0,0.0,0.0,0.0,0.0,1.3716703349663957
75.03375196456909,74.95920276641846,3.043707012773918,2.3767459384765313,1.1059741301238832,0.05057618309809006,-0.03741207228626179,0.0214844997480995,1.000000000000001,0.025480379089819257,-0.018426316583971213,0.011209664671407457,0.999442626945911,0.0,0.0,0.0,0.0,0.0,0.0,0.0,0.0,0.0,0.0,0.0,0.0,0.0,0.0,0.0,0.0,0.0,0.0,0.0,0.0,0.0,0.0,0.0,0.0,0.0,0.0,0.0,0.0,0.0,0.0,0.0,0.0,0.0,0.0,0.0,0.0,1.2309711605159817
75.10664105415344,75.05903339385986,3.045131650040768,2.2824982786764263,1.1069272637146412,0.05264962450584969,-0.03285340123506359,0.023597715695539687,1.000000000000001,0.02651012469906556,-0.016108609957305987,0.012225235211670024,0.9994439802198547,0.0,0.0,0.0,0.0,0.0,0.0,0.0,0.0,0.0,0.0,0.0,0.0,0.0,0.0,0.0,0.0,0.0,0.0,0.0,0.0,0.0,0.0,0.0,0.0,0.0,0.0,0.0,0.0,0.0,0.0,0.0,0.0,0.0,0.0,0.0,0.0,1.352049515504044
75.25627589225769,75.15906739234924,3.04400089411895,2.193480873726889,1.1048273371480433,0.047282741038234835,-0.026338377558615837,0.03060617364433956,1.0000000000000013,0.023835810085910965,-0.01280187992275488,0.015608150022152784,0.9995120567961551,0.0,0.0,0.0,0.0,0.0,0.0,0.0,0.0,0.0,0.0,0.0,0.0,0.0,0.0,0.0,0.0,0.0,0.0,0.0,0.0,0.0,0.0,0.0,0.0,0.0,0.0,0.0,0.0,0.0,0.0,0.0,0.0,0.0,0.0,0.0,0.0,1.7536045768651907
75.29928374290466,75.2594997882843,3.0455091931862794,2.0995356830486718,1.1030223713388536,0.04486179220949275,-0.021863529179194877,0.043511737360535936,1.0000000000000013,0.022660114207889364,-0.010438315541679975,0.02199250626169469,0.999446792211106,0.0,0.0,0.0,0.0,0.0,0.0,0.0,0.0,0.0,0.0,0.0,0.0,0.0,0.0,0.0,0.0,0.0,0.0,0.0,0.0,0.0,0.0,0.0,0.0,0.0,0.0,0.0,0.0,0.0,0.0,0.0,0.0,0.0,0.0,0.0,0.0,2.4930389100404136
75.43992018699646,75.35907363891602,3.0462965106059445,2.0033438862829653,1.1025801130251556,0.03767850688797666,-0.022189905369679637,0.0641692492046608,1.000000000000001,0.019183130691419505,-0.010482773449272493,0.03228034989742361,0.9992397600016673,0.0,0.0,0.0,0.0,0.0,0.0,0.0,0.0,0.0,0.0,0.0,0.0,0.0,0.0,0.0,0.0,0.0,0.0,0.0,0.0,0.0,0.0,0.0,0.0,0.0,0.0,0.0,0.0,0.0,0.0,0.0,0.0,0.0,0.0,0.0,0.0,3.6766271539502786
75.53524231910706,75.45832395553589,3.0479631605107693,1.9116653457555952,1.1026683481592499,0.03135072231267951,-0.025712282227400577,0.09001179490578957,1.000000000000001,0.016235872914946704,-0.01213603306473049,0.045182767413555466,0.998773062642859,0.0,0.0,0.0,0.0,0.0,0.0,0.0,0.0,0.0,0.0,0.0,0.0,0.0,0.0,0.0,0.0,0.0,0.0,0.0,0.0,0.0,0.0,0.0,0.0,0.0,0.0,0.0,0.0,0.0,0.0,0.0,0.0,0.0,0.0,0.0,0.0,5.157295954498906
75.67295241355896,75.55901670455933,3.052307267921979,1.8176598295681732,1.106751063303174,0.01710658244381491,-0.030342792399317753,0.11696553876879373,1.000000000000001,0.009424274623217037,-0.014644452307579324,0.05857011024542175,0.9981313867674328,0.0,0.0,0.0,0.0,0.0,0.0,0.0,0.0,0.0,0.0,0.0,0.0,0.0,0.0,0.0,0.0,0.0,0.0,0.0,0.0,0.0,0.0,0.0,0.0,0.0,0.0,0.0,0.0,0.0,0.0,0.0,0.0,0.0,0.0,0.0,0.0,6.701631719925688
75.7446300983429,75.65906596183777,3.0540220432549234,1.742690391491476,1.1133723572898804,-0.15190169826586386,-0.025753219507778913,0.15610231036183686,1.000000000000001,-0.074639480089877,-0.018715897192427146,0.07676665452751387,0.994075220472199,0.0,0.0,0.0,0.0,0.0,0.0,0.0,0.0,0.0,0.0,0.0,0.0,0.0,0.0,0.0,0.0,0.0,0.0,0.0,0.0,0.0,0.0,0.0,0.0,0.0,0.0,0.0,0.0,0.0,0.0,0.0,0.0,0.0,0.0,0.0,0.0,8.94400355597455
75.86585450172424,75.75914812088013,3.0602155234715487,1.6765000057422268,1.1237828670641459,-0.24134777392573398,0.030352452831683422,0.18981452663752896,1.000000000000001,-0.12125332638680235,0.0035908894858215075,0.09588350251474546,0.9879732234723487,0.0,0.0,0.0,0.0,0.0,0.0,0.0,0.0,0.0,0.0,0.0,0.0,0.0,0.0,0.0,0.0,0.0,0.0,0.0,0.0,0.0,0.0,0.0,0.0,0.0,0.0,0.0,0.0,0.0,0.0,0.0,0.0,0.0,0.0,0.0,0.0,10.87557126660395
75.98147463798523,75.8591537475586,3.0687383525969687,1.6246825846416906,1.1400978813583806,-0.2140125383648535,0.06021228516291251,0.20855978557243696,1.0000000000000013,-0.10928925155573473,0.018654731585683204,0.10664618218456058,0.9880963780468551,0.0,0.0,0.0,0.0,0.0,0.0,0.0,0.0,0.0,0.0,0.0,0.0,0.0,0.0,0.0,0.0,0.0,0.0,0.0,0.0,0.0,0.0,0.0,0.0,0.0,0.0,0.0,0.0,0.0,0.0,0.0,0.0,0.0,0.0,0.0,0.0,11.949595489454076
76.0659749507904,75.95909023284912,3.083319201131769,1.5970531188597241,1.1586012226944622,-0.14795274538448938,0.03733291902902761,0.20282443672335224,1.000000000000001,-0.0754008645211029,0.011037565694262163,0.10231645316716276,0.9918287277470386,0.0,0.0,0.0,0.0,0.0,0.0,0.0,0.0,0.0,0.0,0.0,0.0,0.0,0.0,0.0,0.0,0.0,0.0,0.0,0.0,0.0,0.0,0.0,0.0,0.0,0.0,0.0,0.0,0.0,0.0,0.0,0.0,0.0,0.0,0.0,0.0,11.620984206366307
76.14848828315735,76.05960297584534,3.0952434253594263,1.5849651666883768,1.1728906497905902,-0.06930526636815798,-0.022641237744746055,0.16677314648588906,1.0000000000000009,-0.0335807967486812,-0.014159724598915081,0.0828437953190985,0.995895947308822,0.0,0.0,0.0,0.0,0.0,0.0,0.0,0.0,0.0,0.0,0.0,0.0,0.0,0.0,0.0,0.0,0.0,0.0,0.0,0.0,0.0,0.0,0.0,0.0,0.0,0.0,0.0,0.0,0.0,0.0,0.0,0.0,0.0,0.0,0.0,0.0,9.55539742975848
76.23422050476074,76.1601767539978,3.1064739776263144,1.580719000572221,1.1765633839461986,0.006786335461245961,-0.0760346821451805,0.12663373517894363,1.000000000000001,0.005788852595888532,-0.03771725738608808,0.06335719460917333,0.9972611310846082,0.0,0.0,0.0,0.0,0.0,0.0,0.0,0.0,0.0,0.0,0.0,0.0,0.0,0.0,0.0,0.0,0.0,0.0,0.0,0.0,0.0,0.0,0.0,0.0,0.0,0.0,0.0,0.0,0.0,0.0,0.0,0.0,0.0,0.0,0.0,0.0,7.255578569730811
76.33874297142029,76.25904202461243,3.1156704998871443,1.581937198453392,1.1711659972186719,0.037596598961364386,-0.08167641325698197,0.09801509970907007,1.000000000000001,0.020758640296442164,-0.03985056563794725,0.049704951377024555,0.997752689337387,0.0,0.0,0.0,0.0,0.0,0.0,0.0,0.0,0.0,0.0,0.0,0.0,0.0,0.0,0.0,0.0,0.0,0.0,0.0,0.0,0.0,0.0,0.0,0.0,0.0,0.0,0.0,0.0,0.0,0.0,0.0,0.0,0.0,0.0,0.0,0.0,5.615851541883658
76.45182204246521,76.35912942886353,3.1244466451668997,1.57792898268214,1.1616988515135327,0.040924134080518614,-0.061171675417373915,0.08336279115726136,1.000000000000001,0.021707332698516383,-0.029695929512311117,0.042266284093250964,0.9984290183615793,0.0,0.0,0.0,0.0,0.0,0.0,0.0,0.0,0.0,0.0,0.0,0.0,0.0,0.0,0.0,0.0,0.0,0.0,0.0,0.0,0.0,0.0,0.0,0.0,0.0,0.0,0.0,0.0,0.0,0.0,0.0,0.0,0.0,0.0,0.0,0.0,4.776336101741576
76.54751443862915,76.45820903778076,3.1287148619875222,1.5757327269418622,1.15197312040564,0.03751590286970071,-0.04344804232892109,0.08834276905989152,1.0000000000000013,0.019693158433501674,-0.02086925556627975,0.04454588114985438,0.998595172307381,0.0,0.0,0.0,0.0,0.0,0.0,0.0,0.0,0.0,0.0,0.0,0.0,0.0,0.0,0.0,0.0,0.0,0.0,0.0,0.0,0.0,0.0,0.0,0.0,0.0,0.0,0.0,0.0,0.0,0.0,0.0,0.0,0.0,0.0,0.0,0.0,5.0616678176306955
76.62994289398193,76.55915093421936,3.130191353094108,1.5733819661657518,1.1427116608140142,0.03344358394027803,-0.031789281126446245,0.09594276109657214,1.0000000000000013,0.01746172381036235,-0.01507174610327358,0.0482056806281851,0.9985710505648284,0.0,0.0,0.0,0.0,0.0,0.0,0.0,0.0,0.0,0.0,0.0,0.0,0.0,0.0,0.0,0.0,0.0,0.0,0.0,0.0,0.0,0.0,0.0,0.0,0.0,0.0,0.0,0.0,0.0,0.0,0.0,0.0,0.0,0.0,0.0,0.0,5.497115285665529
76.7239122390747,76.65963840484619,3.1303974503093177,1.5687190648476896,1.1359276894687886,0.02894861893829201,-0.02269497190007992,0.10035606313966514,1.0000000000000013,0.01502373965018723,-0.010605857514587265,0.05031252573691477,0.9985641956265399,0.0,0.0,0.0,0.0,0.0,0.0,0.0,0.0,0.0,0.0,0.0,0.0,0.0,0.0,0.0,0.0,0.0,0.0,0.0,0.0,0.0,0.0,0.0,0.0,0.0,0.0,0.0,0.0,0.0,0.0,0.0,0.0,0.0,0.0,0.0,0.0,5.7499788664512215
76.82802414894104,76.75914525985718,3.1300598431824103,1.560264775430057,1.1327317374811696,0.012073922492014704,-0.007258739662685666,0.08546556273012688,1.000000000000001,0.006186416409735361,-0.0033680881481088975,0.04274060726866661,0.9990613718508689,0.0,0.0,0.0,0.0,0.0,0.0,0.0,0.0,0.0,0.0,0.0,0.0,0.0,0.0,0.0,0.0,0.0,0.0,0.0,0.0,0.0,0.0,0.0,0.0,0.0,0.0,0.0,0.0,0.0,0.0,0.0,0.0,0.0,0.0,0.0,0.0,4.896816038146856
76.93947243690491,76.85905981063843,3.1296032835772944,1.5556951293072037,1.1280372332135093,0.007255907840430472,0.0006003473820329466,0.06467135264752873,1.0000000000000013,0.0036163447168306296,0.0004173064341827073,0.03232873894385216,0.9994706601719392,0.0,0.0,0.0,0.0,0.0,0.0,0.0,0.0,0.0,0.0,0.0,0.0,0.0,0.0,0.0,0.0,0.0,0.0,0.0,0.0,0.0,0.0,0.0,0.0,0.0,0.0,0.0,0.0,0.0,0.0,0.0,0.0,0.0,0.0,0.0,0.0,3.7053955621055987
77.05709314346313,76.95920777320862,3.132162977264007,1.5471557858222789,1.1240285868836666,0.01694751352879903,-0.01065065828602788,0.047431423748762795,1.0000000000000013,0.008597429411177653,-0.005122678256154702,0.023757413349871356,0.9996676586175677,0.0,0.0,0.0,0.0,0.0,0.0,0.0,0.0,0.0,0.0,0.0,0.0,0.0,0.0,0.0,0.0,0.0,0.0,0.0,0.0,0.0,0.0,0.0,0.0,0.0,0.0,0.0,0.0,0.0,0.0,0.0,0.0,0.0,0.0,0.0,0.0,2.71762039710069
77.17358136177063,77.0571677684784,3.134154179711776,1.5350983974325851,1.1212776488397822,0.023663279665764855,-0.024364665847133152,0.04276124248291856,1.0000000000000013,0.012088203249825919,-0.011925470982734037,0.02152000675712219,0.9996242032850181,0.0,0.0,0.0,0.0,0.0,0.0,0.0,0.0,0.0,0.0,0.0,0.0,0.0,0.0,0.0,0.0,0.0,0.0,0.0,0.0,0.0,0.0,0.0,0.0,0.0,0.0,0.0,0.0,0.0,0.0,0.0,0.0,0.0,0.0,0.0,0.0,2.4500387210067505
77.24329614639282,77.15906929969788,3.13698803426886,1.5251776718272811,1.115899204802103,0.027107650801715153,-0.027773244931101754,0.041570065137547144,1.0000000000000013,0.013837753696012457,-0.013600240902561402,0.020967787692726964,0.9995918676636563,0.0,0.0,0.0,0.0,0.0,0.0,0.0,0.0,0.0,0.0,0.0,0.0,0.0,0.0,0.0,0.0,0.0,0.0,0.0,0.0,0.0,0.0,0.0,0.0,0.0,0.0,0.0,0.0,0.0,0.0,0.0,0.0,0.0,0.0,0.0,0.0,2.3817892864653714
77.36550235748291,77.25918960571289,3.1378841389755316,1.512926360312715,1.108776279827461,0.0191932911325545,-0.022104170320221477,0.046427647823032846,1.0000000000000013,0.009849847839264592,-0.010825635891470006,0.0233152832297769,0.9996210200235921,0.0,0.0,0.0,0.0,0.0,0.0,0.0,0.0,0.0,0.0,0.0,0.0,0.0,0.0,0.0,0.0,0.0,0.0,0.0,0.0,0.0,0.0,0.0,0.0,0.0,0.0,0.0,0.0,0.0,0.0,0.0,0.0,0.0,0.0,0.0,0.0,2.6601082729795262
77.44135475158691,77.35915040969849,3.1379740766982582,1.5056776949225226,1.106138317598793,0.007179719883363693,-0.015036537661479039,0.043103867898702714,1.0000000000000013,0.003750935232191856,-0.007439043507589751,0.021576500601316263,0.999732487087611,0.0,0.0,0.0,0.0,0.0,0.0,0.0,0.0,0.0,0.0,0.0,0.0,0.0,0.0,0.0,0.0,0.0,0.0,0.0,0.0,0.0,0.0,0.0,0.0,0.0,0.0,0.0,0.0,0.0,0.0,0.0,0.0,0.0,0.0,0.0,0.0,2.4696697112850976
77.56086015701294,77.45702147483826,3.1386612662348394,1.4899881525722012,1.103014317633488,0.0023950015215630015,-0.011103457246985127,0.03126668089709516,1.0000000000000013,0.001284123710296935,-0.005532297835298198,0.015639098884806225,0.9998615720653696,0.0,0.0,0.0,0.0,0.0,0.0,0.0,0.0,0.0,0.0,0.0,0.0,0.0,0.0,0.0,0.0,0.0,0.0,0.0,0.0,0.0,0.0,0.0,0.0,0.0,0.0,0.0,0.0,0.0,0.0,0.0,0.0,0.0,0.0,0.0,0.0,1.7914488547858674
77.63852262496948,77.55734276771545,3.138852846071406,1.4805980520794102,1.0981191243330028,0.0028260141627823544,-0.009614485376696829,0.015762148048816576,1.0000000000000016,0.0014508320626485322,-0.0047959343174182835,0.007887685938749719,0.9999563383022699,0.0,0.0,0.0,0.0,0.0,0.0,0.0,0.0,0.0,0.0,0.0,0.0,0.0,0.0,0.0,0.0,0.0,0.0,0.0,0.0,0.0,0.0,0.0,0.0,0.0,0.0,0.0,0.0,0.0,0.0,0.0,0.0,0.0,0.0,0.0,0.0,0.9031045592575553
77.7661988735199,77.65712285041809,3.1390434368510873,1.4711221935347865,1.093352988661251,0.004751379903471827,-0.01310622309509814,-0.006475851666170538,1.0000000000000013,0.0023544060137044433,-0.006560703923670693,-0.0032222735614396538,0.9999705150100411,0.0,0.0,0.0,0.0,0.0,0.0,0.0,0.0,0.0,0.0,0.0,0.0,0.0,0.0,0.0,0.0,0.0,0.0,0.0,0.0,0.0,0.0,0.0,0.0,0.0,0.0,0.0,0.0,0.0,0.0,0.0,0.0,0.0,0.0,0.0,0.0,-0.37103896922433394
77.83576273918152,77.75916385650635,3.1395118061498306,1.4599436537220856,1.0870127733587123,0.00305790805381708,-0.013166672816250759,-0.024456789679154597,1.0000000000000013,0.001448305032518562,-0.006601484729644615,-0.012217746016739408,0.9999025199959096,0.0,0.0,0.0,0.0,0.0,0.0,0.0,0.0,0.0,0.0,0.0,0.0,0.0,0.0,0.0,0.0,0.0,0.0,0.0,0.0,0.0,0.0,0.0,0.0,0.0,0.0,0.0,0.0,0.0,0.0,0.0,0.0,0.0,0.0,0.0,0.0,-1.4012708290546692
77.92188239097595,77.8587760925293,3.1423819166382136,1.4455857255525355,1.078065799570646,-0.0006691124017021018,-0.006979516946479542,-0.03471572888549853,1.0000000000000013,-0.0003950753452830519,-0.003483418630657252,-0.017358053495416845,0.9998431915500392,0.0,0.0,0.0,0.0,0.0,0.0,0.0,0.0,0.0,0.0,0.0,0.0,0.0,0.0,0.0,0.0,0.0,0.0,0.0,0.0,0.0,0.0,0.0,0.0,0.0,0.0,0.0,0.0,0.0,0.0,0.0,0.0,0.0,0.0,0.0,0.0,-1.989064747859467
78.03652811050415,77.95774245262146,3.1457730555369734,1.4369087754057568,1.0689918157401022,-0.0064177813504155195,-0.005301019329732039,-0.032528346631259517,1.0000000000000016,-0.003251555670707248,-0.0025979549841593317,-0.016271819470333397,0.9998589430048364,0.0,0.0,0.0,0.0,0.0,0.0,0.0,0.0,0.0,0.0,0.0,0.0,0.0,0.0,0.0,0.0,0.0,0.0,0.0,0.0,0.0,0.0,0.0,0.0,0.0,0.0,0.0,0.0,0.0,0.0,0.0,0.0,0.0,0.0,0.0,0.0,-1.8637369765097593
78.15145587921143,78.058997631073,3.1492375903351415,1.4254901609984703,1.0656055125006079,-0.008219965461394651,-0.011873881143056656,-0.03119003213554985,1.0000000000000016,-0.00420198056940784,-0.0058720422926897215,-0.015618374953594699,0.999851953462321,0.0,0.0,0.0,0.0,0.0,0.0,0.0,0.0,0.0,0.0,0.0,0.0,0.0,0.0,0.0,0.0,0.0,0.0,0.0,0.0,0.0,0.0,0.0,0.0,0.0,0.0,0.0,0.0,0.0,0.0,0.0,0.0,0.0,0.0,0.0,0.0,-1.7870572042444164
78.21915602684021,78.15800452232361,3.152749564297918,1.412123726970644,1.062102875561773,-0.01160245884294925,-0.013447185231424953,-0.031143119308703518,1.0000000000000016,-0.005905052510203242,-0.006632285718541354,-0.015609316280963483,0.9998387331896297,0.0,0.0,0.0,0.0,0.0,0.0,0.0,0.0,0.0,0.0,0.0,0.0,0.0,0.0,0.0,0.0,0.0,0.0,0.0,0.0,0.0,0.0,0.0,0.0,0.0,0.0,0.0,0.0,0.0,0.0,0.0,0.0,0.0,0.0,0.0,0.0,-1.7843692972610936
78.35167646408081,78.25872564315796,3.158937910085936,1.4036404104947007,1.0576658490450341,-0.016659836709462854,-0.008313670007654254,-0.04048077590401774,1.0000000000000016,-0.008412170924045934,-0.003987241545238725,-0.02027274747817195,0.9997511455331742,0.0,0.0,0.0,0.0,0.0,0.0,0.0,0.0,0.0,0.0,0.0,0.0,0.0,0.0,0.0,0.0,0.0,0.0,0.0,0.0,0.0,0.0,0.0,0.0,0.0,0.0,0.0,0.0,0.0,0.0,0.0,0.0,0.0,0.0,0.0,0.0,-2.319377610715096
78.43806576728821,78.35911536216736,3.1634916865752007,1.3989266732301482,1.055553365434508,-0.02079357138088208,-0.007313823325216606,-0.0566075854033472,1.0000000000000016,-0.010495849621740992,-0.0033610193557598186,-0.02833629920960952,0.9995376905533452,0.0,0.0,0.0,0.0,0.0,0.0,0.0,0.0,0.0,0.0,0.0,0.0,0.0,0.0,0.0,0.0,0.0,0.0,0.0,0.0,0.0,0.0,0.0,0.0,0.0,0.0,0.0,0.0,0.0,0.0,0.0,0.0,0.0,0.0,0.0,0.0,-3.2433757320381584
78.55244851112366,78.45825552940369,3.1708327442380795,1.3940102895869695,1.0550671694562175,-0.019276544897163066,-0.009796706337197324,-0.07389783638981316,1.0000000000000016,-0.009812367874193527,-0.004538730010801316,-0.03698553108267743,0.9992573181403908,0.0,0.0,0.0,0.0,0.0,0.0,0.0,0.0,0.0,0.0,0.0,0.0,0.0,0.0,0.0,0.0,0.0,0.0,0.0,0.0,0.0,0.0,0.0,0.0,0.0,0.0,0.0,0.0,0.0,0.0,0.0,0.0,0.0,0.0,0.0,0.0,-4.2340341402845665
78.64733386039734,78.55780839920044,3.1754832105128017,1.392432629997912,1.0544144426971522,-0.016091472879815168,-0.006077415760911376,-0.08166177427035073,1.0000000000000016,-0.008162941214606626,-0.0027076540572687417,-0.040842461117049374,0.9991285845025848,0.0,0.0,0.0,0.0,0.0,0.0,0.0,0.0,0.0,0.0,0.0,0.0,0.0,0.0,0.0,0.0,0.0,0.0,0.0,0.0,0.0,0.0,0.0,0.0,0.0,0.0,0.0,0.0,0.0,0.0,0.0,0.0,0.0,0.0,0.0,0.0,-4.6788750132411145
78.73206067085266,78.659339427948,3.1830044354221463,1.3956357826599948,1.0544414755723817,-0.011098689136661235,-0.0035722825753554247,-0.08709418266615455,1.0000000000000016,-0.005621801791656464,-0.0015428397377675377,-0.043542491934881696,0.99903456716285,0.0,0.0,0.0,0.0,0.0,0.0,0.0,0.0,0.0,0.0,0.0,0.0,0.0,0.0,0.0,0.0,0.0,0.0,0.0,0.0,0.0,0.0,0.0,0.0,0.0,0.0,0.0,0.0,0.0,0.0,0.0,0.0,0.0,0.0,0.0,0.0,-4.990129086912107
78.87002992630005,78.75905919075012,3.189747377869763,1.3933555709077272,1.0573173912156393,-0.009500381798906886,-0.007918453203876514,-0.09309452680047993,1.0000000000000016,-0.004929212860314732,-0.0037338573109518603,-0.04654835357407981,0.9988968975573529,0.0,0.0,0.0,0.0,0.0,0.0,0.0,0.0,0.0,0.0,0.0,0.0,0.0,0.0,0.0,0.0,0.0,0.0,0.0,0.0,0.0,0.0,0.0,0.0,0.0,0.0,0.0,0.0,0.0,0.0,0.0,0.0,0.0,0.0,0.0,0.0,-5.333923481435031
78.95289206504822,78.85775518417358,3.1950762247179916,1.3910457423374554,1.0592463045336258,-0.008268385445258476,-0.010980811761888466,-0.09706509605161247,1.0000000000000016,-0.004395606001698076,-0.005283306104580159,-0.04853502364751386,0.9987978358026322,0.0,0.0,0.0,0.0,0.0,0.0,0.0,0.0,0.0,0.0,0.0,0.0,0.0,0.0,0.0,0.0,0.0,0.0,0.0,0.0,0.0,0.0,0.0,0.0,0.0,0.0,0.0,0.0,0.0,0.0,0.0,0.0,0.0,0.0,0.0,0.0,-5.561420341789345
79.01387286186218,78.95912909507751,3.2006518287116017,1.3987025113514147,1.061064476209075,-0.00439613980696974,-0.007906063970866547,-0.10530997944535705,1.0000000000000016,-0.002403054207209953,-0.0038318485723500403,-0.05263880029324038,0.998603374203536,0.0,0.0,0.0,0.0,0.0,0.0,0.0,0.0,0.0,0.0,0.0,0.0,0.0,0.0,0.0,0.0,0.0,0.0,0.0,0.0,0.0,0.0,0.0,0.0,0.0,0.0,0.0,0.0,0.0,0.0,0.0,0.0,0.0,0.0,0.0,0.0,-6.033817362828409
79.1344428062439,79.05919408798218,3.207189385135198,1.3998390975846786,1.0641218333881965,-0.007157775534836256,-0.0033870745254797417,-0.11817644524690529,1.0000000000000016,-0.0036726383371132165,-0.0014792237352945893,-0.05905943251914441,0.9982466163505417,0.0,0.0,0.0,0.0,0.0,0.0,0.0,0.0,0.0,0.0,0.0,0.0,0.0,0.0,0.0,0.0,0.0,0.0,0.0,0.0,0.0,0.0,0.0,0.0,0.0,0.0,0.0,0.0,0.0,0.0,0.0,0.0,0.0,0.0,0.0,0.0,-6.771011550506531
79.24170255661011,79.15916967391968,3.215698226954798,1.398813857538659,1.066936973456552,-0.009956281191164429,0.00029810612694547645,-0.13037849324946443,1.0000000000000016,-0.004957836464821552,0.0004730247125157338,-0.06514153631837588,0.9978636060861696,0.0,0.0,0.0,0.0,0.0,0.0,0.0,0.0,0.0,0.0,0.0,0.0,0.0,0.0,0.0,0.0,0.0,0.0,0.0,0.0,0.0,0.0,0.0,0.0,0.0,0.0,0.0,0.0,0.0,0.0,0.0,0.0,0.0,0.0,0.0,0.0,-7.470137402469206
79.36953282356262,79.25778102874756,3.2227824022108833,1.3983146007143006,1.0670072939361939,-0.011881969413246585,0.0002958393358028551,-0.1337650983681482,1.0000000000000016,-0.005917781198364982,0.0005446360301331089,-0.0668306393392868,0.9977466356158704,0.0,0.0,0.0,0.0,0.0,0.0,0.0,0.0,0.0,0.0,0.0,0.0,0.0,0.0,0.0,0.0,0.0,0.0,0.0,0.0,0.0,0.0,0.0,0.0,0.0,0.0,0.0,0.0,0.0,0.0,0.0,0.0,0.0,0.0,0.0,0.0,-7.664175582647188
79.4377932548523,79.3572199344635,3.2326873907211713,1.4067663254871985,1.067694051878069,-0.012003092805057401,-0.0034664338899428903,-0.14003774815694725,1.0000000000000016,-0.00610805227779724,-0.001309062916956611,-0.06997068656964481,0.9975294888235771,0.0,0.0,0.0,0.0,0.0,0.0,0.0,0.0,0.0,0.0,0.0,0.0,0.0,0.0,0.0,0.0,0.0,0.0,0.0,0.0,0.0,0.0,0.0,0.0,0.0,0.0,0.0,0.0,0.0,0.0,0.0,0.0,0.0,0.0,0.0,0.0,-8.023571941909
79.55311942100525,79.45815396308899,3.2430618191388123,1.4091862489424682,1.0706826627358552,-0.013938397373483917,-0.00866993719149194,-0.1467955141606765,1.0000000000000018,-0.007268195854511261,-0.0038121231139633263,-0.07335953277790189,0.9972717884293109,0.0,0.0,0.0,0.0,0.0,0.0,0.0,0.0,0.0,0.0,0.0,0.0,0.0,0.0,0.0,0.0,0.0,0.0,0.0,0.0,0.0,0.0,0.0,0.0,0.0,0.0,0.0,0.0,0.0,0.0,0.0,0.0,0.0,0.0,0.0,0.0,-8.410763412859675
79.64622354507446,79.55787420272827,3.25091038483815,1.408752378638934,1.0708725104615537,-0.013687268594583602,-0.014776019357676156,-0.15147734272553712,1.0000000000000018,-0.007382780493103027,-0.00684877600129932,-0.07571285972568303,0.9970788091678799,0.0,0.0,0.0,0.0,0.0,0.0,0.0,0.0,0.0,0.0,0.0,0.0,0.0,0.0,0.0,0.0,0.0,0.0,0.0,0.0,0.0,0.0,0.0,0.0,0.0,0.0,0.0,0.0,0.0,0.0,0.0,0.0,0.0,0.0,0.0,0.0,-8.67901243002998
79.74242782592773,79.65914511680603,3.259617399926735,1.4175732538238741,1.0692819354583638,-0.007604337168176297,-0.02531047364730556,-0.15165305562304426,1.0000000000000018,-0.004749581351650494,-0.012330439259946605,-0.07579524993644983,0.9970358478167751,0.0,0.0,0.0,0.0,0.0,0.0,0.0,0.0,0.0,0.0,0.0,0.0,0.0,0.0,0.0,0.0,0.0,0.0,0.0,0.0,0.0,0.0,0.0,0.0,0.0,0.0,0.0,0.0,0.0,0.0,0.0,0.0,0.0,0.0,0.0,0.0,-8.689080037463153
79.83316659927368,79.75814151763916,3.2671313922033134,1.4214259027618596,1.0713054390486014,-0.004570936783710637,-0.02647780712379032,-0.150155761936571,1.0000000000000018,-0.003271812203524243,-0.013029777387860876,-0.07503077103002478,0.9970907198167934,0.0,0.0,0.0,0.0,0.0,0.0,0.0,0.0,0.0,0.0,0.0,0.0,0.0,0.0,0.0,0.0,0.0,0.0,0.0,0.0,0.0,0.0,0.0,0.0,0.0,0.0,0.0,0.0,0.0,0.0,0.0,0.0,0.0,0.0,0.0,0.0,-8.60329142853665
79.95088601112366,79.85811710357666,3.276498571840277,1.419110596110844,1.0709691690325736,-0.007676622095416473,-0.02055733304923404,-0.14775980608295003,1.000000000000002,-0.004586306302928037,-0.00996707107438925,-0.07384761379070129,0.9972091822812891,0.0,0.0,0.0,0.0,0.0,0.0,0.0,0.0,0.0,0.0,0.0,0.0,0.0,0.0,0.0,0.0,0.0,0.0,0.0,0.0,0.0,0.0,0.0,0.0,0.0,0.0,0.0,0.0,0.0,0.0,0.0,0.0,0.0,0.0,0.0,0.0,-8.466013270224504
80.03434181213379,79.95720410346985,3.284020904885125,1.4214118817796766,1.0691288167111792,-0.01016736011190718,-0.015705250565848684,-0.14356867782114194,1.0000000000000018,-0.005633607878974184,-0.007467617542397737,-0.07175938286113781,0.9973781068992335,0.0,0.0,0.0,0.0,0.0,0.0,0.0,0.0,0.0,0.0,0.0,0.0,0.0,0.0,0.0,0.0,0.0,0.0,0.0,0.0,0.0,0.0,0.0,0.0,0.0,0.0,0.0,0.0,0.0,0.0,0.0,0.0,0.0,0.0,0.0,0.0,-8.2258793094249
80.15128898620605,80.05834794044495,3.293115094001548,1.4292575314700198,1.0679254694140288,-0.008521482400279355,-0.0164434085642575,-0.13864424691149158,1.0000000000000018,-0.004819829202719753,-0.007906674154896234,-0.06929859102998208,0.9975529855759683,0.0,0.0,0.0,0.0,0.0,0.0,0.0,0.0,0.0,0.0,0.0,0.0,0.0,0.0,0.0,0.0,0.0,0.0,0.0,0.0,0.0,0.0,0.0,0.0,0.0,0.0,0.0,0.0,0.0,0.0,0.0,0.0,0.0,0.0,0.0,0.0,-7.943730201798166
80.22968649864197,80.15807056427002,3.303134938062854,1.429613109320272,1.0692113051463155,-0.010625944565414732,-0.018760145200966347,-0.1396756169401023,1.0000000000000018,-0.005954295419640571,-0.008986211069241244,-0.0698267110345751,0.997500889625053,0.0,0.0,0.0,0.0,0.0,0.0,0.0,0.0,0.0,0.0,0.0,0.0,0.0,0.0,0.0,0.0,0.0,0.0,0.0,0.0,0.0,0.0,0.0,0.0,0.0,0.0,0.0,0.0,0.0,0.0,0.0,0.0,0.0,0.0,0.0,0.0,-8.002823351553848
80.34839916229248,80.25743293762207,3.3112712601243652,1.42987621988645,1.0680948017072331,-0.013307774019387063,-0.021912858446627267,-0.13400747656184966,1.0000000000000018,-0.0073720504349231285,-0.010485911509853556,-0.06702085054637152,0.9976692358313135,0.0,0.0,0.0,0.0,0.0,0.0,0.0,0.0,0.0,0.0,0.0,0.0,0.0,0.0,0.0,0.0,0.0,0.0,0.0,0.0,0.0,0.0,0.0,0.0,0.0,0.0,0.0,0.0,0.0,0.0,0.0,0.0,0.0,0.0,0.0,0.0,-7.678062830192285
80.4430992603302,80.35739207267761,3.320656513552699,1.4375833149545865,1.0653978598462943,-0.008605238012539011,-0.02234304719013028,-0.1237185361066748,1.0000000000000018,-0.004984709140481468,-0.010883851241244477,-0.06186336807661538,0.9980128346605388,0.0,0.0,0.0,0.0,0.0,0.0,0.0,0.0,0.0,0.0,0.0,0.0,0.0,0.0,0.0,0.0,0.0,0.0,0.0,0.0,0.0,0.0,0.0,0.0,0.0,0.0,0.0,0.0,0.0,0.0,0.0,0.0,0.0,0.0,0.0,0.0,-7.088549966449354
80.53744912147522,80.45702028274536,3.3288022088509175,1.4438545670216836,1.0668763309993905,-0.006740639038596934,-0.020306299039846494,-0.11664527657599336,1.0000000000000018,-0.0039562185197766775,-0.009939210571666782,-0.058320404619384585,0.9982405976683532,0.0,0.0,0.0,0.0,0.0,0.0,0.0,0.0,0.0,0.0,0.0,0.0,0.0,0.0,0.0,0.0,0.0,0.0,0.0,0.0,0.0,0.0,0.0,0.0,0.0,0.0,0.0,0.0,0.0,0.0,0.0,0.0,0.0,0.0,0.0,0.0,-6.683282047940621
80.62524247169495,80.55698823928833,3.336908638632978,1.4475153324146715,1.0683195230555806,-0.00700831024060292,-0.015644522193536396,-0.10659947456370394,1.000000000000002,-0.003915784951208846,-0.007624349095788675,-0.05329991888536753,0.9985417640619237,0.0,0.0,0.0,0.0,0.0,0.0,0.0,0.0,0.0,0.0,0.0,0.0,0.0,0.0,0.0,0.0,0.0,0.0,0.0,0.0,0.0,0.0,0.0,0.0,0.0,0.0,0.0,0.0,0.0,0.0,0.0,0.0,0.0,0.0,0.0,0.0,-6.107699990812408
80.73411250114441,80.65715670585632,3.345864563964251,1.4492527180540151,1.0686532246700722,-0.005456016856519906,-0.013066887901161294,-0.09123594594817742,1.000000000000002,-0.0030230447664502066,-0.006402176116901193,-0.0456188144269175,0.9989338301967727,0.0,0.0,0.0,0.0,0.0,0.0,0.0,0.0,0.0,0.0,0.0,0.0,0.0,0.0,0.0,0.0,0.0,0.0,0.0,0.0,0.0,0.0,0.0,0.0,0.0,0.0,0.0,0.0,0.0,0.0,0.0,0.0,0.0,0.0,0.0,0.0,-5.22743464271427
80.83933591842651,80.75687074661255,3.353299989515496,1.4578196847135023,1.0691974680230418,-0.0025473680818434495,-0.014146007101185704,-0.0755534484343608,1.000000000000002,-0.0015398720567308386,-0.007019789660712184,-0.03777576671105164,0.9992603978926438,0.0,0.0,0.0,0.0,0.0,0.0,0.0,0.0,0.0,0.0,0.0,0.0,0.0,0.0,0.0,0.0,0.0,0.0,0.0,0.0,0.0,0.0,0.0,0.0,0.0,0.0,0.0,0.0,0.0,0.0,0.0,0.0,0.0,0.0,0.0,0.0,-4.328893722948171
80.93585515022278,80.8578691482544,3.3593910399483926,1.4679102754538782,1.0708632032399141,0.00046770279923365453,-0.020313766723048927,-0.06367522406353235,1.0000000000000022,-8.958988535057035e-05,-0.010159004923163966,-0.03182821693646632,0.9994417197612241,0.0,0.0,0.0,0.0,0.0,0.0,0.0,0.0,0.0,0.0,0.0,0.0,0.0,0.0,0.0,0.0,0.0,0.0,0.0,0.0,0.0,0.0,0.0,0.0,0.0,0.0,0.0,0.0,0.0,0.0,0.0,0.0,0.0,0.0,0.0,0.0,-3.6483215983902633
81.07147812843323,80.95568943023682,3.3640940899641114,1.4757689196817674,1.071597321205524,0.0070798569430784355,-0.02429395727772302,-0.05622634480522069,1.0000000000000022,0.003196826643951773,-0.012241302064251825,-0.028064238195744596,0.9995260523656586,0.0,0.0,0.0,0.0,0.0,0.0,0.0,0.0,0.0,0.0,0.0,0.0,0.0,0.0,0.0,0.0,0.0,0.0,0.0,0.0,0.0,0.0,0.0,0.0,0.0,0.0,0.0,0.0,0.0,0.0,0.0,0.0,0.0,0.0,0.0,0.0,-3.2215322547864664
81.13891744613647,81.05837941169739,3.3676980998161725,1.4856362507897165,1.0707417541881528,0.012415601741058309,-0.02052163728141006,-0.04834613663105881,1.0000000000000022,0.005957618498665866,-0.010407481370842998,-0.02410529910394361,0.9996374971300616,0.0,0.0,0.0,0.0,0.0,0.0,0.0,0.0,0.0,0.0,0.0,0.0,0.0,0.0,0.0,0.0,0.0,0.0,0.0,0.0,0.0,0.0,0.0,0.0,0.0,0.0,0.0,0.0,0.0,0.0,0.0,0.0,0.0,0.0,0.0,0.0,-2.770029584722498
81.25045537948608,81.15908455848694,3.3759711797523155,1.497529859575427,1.0722398724951268,0.010776411913181143,-0.016106197398824365,-0.05045980251388516,1.0000000000000022,0.005183138210957508,-0.008186256281715681,-0.02518266318886396,0.9996359106000028,0.0,0.0,0.0,0.0,0.0,0.0,0.0,0.0,0.0,0.0,0.0,0.0,0.0,0.0,0.0,0.0,0.0,0.0,0.0,0.0,0.0,0.0,0.0,0.0,0.0,0.0,0.0,0.0,0.0,0.0,0.0,0.0,0.0,0.0,0.0,0.0,-2.8911337191092414
81.3376739025116,81.25912189483643,3.380300259965944,1.502510387785271,1.072733139220707,0.007929664072850957,-0.01414964149970311,-0.04496096697318584,1.0000000000000022,0.003804691216790936,-0.007162039888938077,-0.022449807716946123,0.9997150772309332,0.0,0.0,0.0,0.0,0.0,0.0,0.0,0.0,0.0,0.0,0.0,0.0,0.0,0.0,0.0,0.0,0.0,0.0,0.0,0.0,0.0,0.0,0.0,0.0,0.0,0.0,0.0,0.0,0.0,0.0,0.0,0.0,0.0,0.0,0.0,0.0,-2.5760736503906325
81.44065642356873,81.35911512374878,3.3864568812533546,1.5094797987107609,1.072268960546777,0.0070862731855024464,-0.010838512325645214,-0.040268546348646246,1.0000000000000022,0.0034332548206822302,-0.005489429680666621,-0.02011329368955891,0.9997767422480277,0.0,0.0,0.0,0.0,0.0,0.0,0.0,0.0,0.0,0.0,0.0,0.0,0.0,0.0,0.0,0.0,0.0,0.0,0.0,0.0,0.0,0.0,0.0,0.0,0.0,0.0,0.0,0.0,0.0,0.0,0.0,0.0,0.0,0.0,0.0,0.0,-2.3072177529043714
81.57048296928406,81.45930886268616,3.394765522136233,1.5171394557775941,1.0721007611449136,0.007058033878465817,-0.009937877370470052,-0.04057942335348562,1.000000000000002,0.0034274293105421784,-0.005039461345662461,-0.020270411039769794,0.9997759583996556,0.0,0.0,0.0,0.0,0.0,0.0,0.0,0.0,0.0,0.0,0.0,0.0,0.0,0.0,0.0,0.0,0.0,0.0,0.0,0.0,0.0,0.0,0.0,0.0,0.0,0.0,0.0,0.0,0.0,0.0,0.0,0.0,0.0,0.0,0.0,0.0,-2.3250296932293355
81.63486742973328,81.5560131072998,3.40374805074832,1.517847147160523,1.0731586086535898,0.006067156549739755,-0.011913579545033477,-0.04207468797753876,1.0000000000000022,0.002907544079463273,-0.006019221543114432,-0.021017256019975738,0.9997567654729006,0.0,0.0,0.0,0.0,0.0,0.0,0.0,0.0,0.0,0.0,0.0,0.0,0.0,0.0,0.0,0.0,0.0,0.0,0.0,0.0,0.0,0.0,0.0,0.0,0.0,0.0,0.0,0.0,0.0,0.0,0.0,0.0,0.0,0.0,0.0,0.0,-2.4107020454427963
81.76028966903687,81.65912580490112,3.410683006479759,1.516599215967759,1.0743830288982497,0.004858623305971413,-0.010671707175737543,-0.03351731025466532,1.0000000000000024,0.0023395166985299017,-0.0053757727235570875,-0.01674462212284785,0.9998426102938451,0.0,0.0,0.0,0.0,0.0,0.0,0.0,0.0,0.0,0.0,0.0,0.0,0.0,0.0,0.0,0.0,0.0,0.0,0.0,0.0,0.0,0.0,0.0,0.0,0.0,0.0,0.0,0.0,0.0,0.0,0.0,0.0,0.0,0.0,0.0,0.0,-1.920400418222877
81.87989377975464,81.75921702384949,3.4151206106184353,1.527957001419212,1.071692817979749,-0.001028841262469773,-0.01109100242106605,-0.027206707169616994,1.0000000000000022,-0.0005897997936129138,-0.005537961441446004,-0.01360557551536709,0.9998919298775127,0.0,0.0,0.0,0.0,0.0,0.0,0.0,0.0,0.0,0.0,0.0,0.0,0.0,0.0,0.0,0.0,0.0,0.0,0.0,0.0,0.0,0.0,0.0,0.0,0.0,0.0,0.0,0.0,0.0,0.0,0.0,0.0,0.0,0.0,0.0,0.0,-1.5588294952673714
81.9416093826294,81.85921001434326,3.42117351248704,1.531880376742623,1.0714773060006764,-0.004100303221667942,-0.01840653336257825,-0.03231130386774401,1.0000000000000022,-0.002198471712668851,-0.009168797747934353,-0.016173096401300897,0.999824750055121,0.0,0.0,0.0,0.0,0.0,0.0,0.0,0.0,0.0,0.0,0.0,0.0,0.0,0.0,0.0,0.0,0.0,0.0,0.0,0.0,0.0,0.0,0.0,0.0,0.0,0.0,0.0,0.0,0.0,0.0,0.0,0.0,0.0,0.0,0.0,0.0,-1.8513013421864648
82.07263040542603,81.95931339263916,3.4303284830442347,1.52974343650308,1.0705005394918692,-0.005865217871460394,-0.025173142658071322,-0.040540311142395376,1.0000000000000024,-0.003186876491305727,-0.012524163690948227,-0.020303977746975347,0.9997103268595992,0.0,0.0,0.0,0.0,0.0,0.0,0.0,0.0,0.0,0.0,0.0,0.0,0.0,0.0,0.0,0.0,0.0,0.0,0.0,0.0,0.0,0.0,0.0,0.0,0.0,0.0,0.0,0.0,0.0,0.0,0.0,0.0,0.0,0.0,0.0,0.0,-2.32278872860644
82.13818430900574,82.05848979949951,3.4332040515638753,1.5360918820650027,1.0669152851989343,-0.0008913771141659915,-0.029875754225716564,-0.03705941809876289,1.0000000000000024,-0.0007223306714985639,-0.014926498718379198,-0.018533235910287778,0.9997165583509707,0.0,0.0,0.0,0.0,0.0,0.0,0.0,0.0,0.0,0.0,0.0,0.0,0.0,0.0,0.0,0.0,0.0,0.0,0.0,0.0,0.0,0.0,0.0,0.0,0.0,0.0,0.0,0.0,0.0,0.0,0.0,0.0,0.0,0.0,0.0,0.0,-2.123348248269851
82.23370218276978,82.15932130813599,3.4366773976828418,1.5465508123078457,1.065092132690542,0.008242939050226132,-0.030136948127576165,-0.04678058153408813,1.0000000000000024,0.003767455179308948,-0.015160036575477973,-0.02332321944180849,0.9996059258564728,0.0,0.0,0.0,0.0,0.0,0.0,0.0,0.0,0.0,0.0,0.0,0.0,0.0,0.0,0.0,0.0,0.0,0.0,0.0,0.0,0.0,0.0,0.0,0.0,0.0,0.0,0.0,0.0,0.0,0.0,0.0,0.0,0.0,0.0,0.0,0.0,-2.6803298850708837
82.30812573432922,82.2589681148529,3.440139125807064,1.5444919351896502,1.06626282159776,0.01579380859486762,-0.02372046939971388,-0.05696498057889222,1.0000000000000024,0.007555319211167049,-0.012079651552259048,-0.028382130517116327,0.999495599708827,0.0,0.0,0.0,0.0,0.0,0.0,0.0,0.0,0.0,0.0,0.0,0.0,0.0,0.0,0.0,0.0,0.0,0.0,0.0,0.0,0.0,0.0,0.0,0.0,0.0,0.0,0.0,0.0,0.0,0.0,0.0,0.0,0.0,0.0,0.0,0.0,-3.263852967215225
82.4495644569397,82.35922980308533,3.4435429247266796,1.5493246576501771,1.0651345829327854,0.01757873862176458,-0.015237482874720125,-0.05432173654644378,1.0000000000000022,0.008578863180746856,-0.007854251089087936,-0.027088754043842887,0.9995653621703348,0.0,0.0,0.0,0.0,0.0,0.0,0.0,0.0,0.0,0.0,0.0,0.0,0.0,0.0,0.0,0.0,0.0,0.0,0.0,0.0,0.0,0.0,0.0,0.0,0.0,0.0,0.0,0.0,0.0,0.0,0.0,0.0,0.0,0.0,0.0,0.0,-3.1124062399327888
82.53471946716309,82.45838189125061,3.4448340102641786,1.5528366027619886,1.0647687076323935,0.018467686053968757,-0.012307080001595588,-0.05326027725735605,1.0000000000000024,0.009066420896960303,-0.006396918440652533,-0.026568552447695133,0.9995854097911903,0.0,0.0,0.0,0.0,0.0,0.0,0.0,0.0,0.0,0.0,0.0,0.0,0.0,0.0,0.0,0.0,0.0,0.0,0.0,0.0,0.0,0.0,0.0,0.0,0.0,0.0,0.0,0.0,0.0,0.0,0.0,0.0,0.0,0.0,0.0,0.0,-3.051589102543105
82.64053750038147,82.55910611152649,3.4511239913559923,1.5586468343441238,1.0650245416495132,0.02109407130834463,-0.007769034021593577,-0.052817484897156014,1.0000000000000024,0.010440515661807015,-0.00416143108046454,-0.02636305001094386,0.9995892495011156,0.0,0.0,0.0,0.0,0.0,0.0,0.0,0.0,0.0,0.0,0.0,0.0,0.0,0.0,0.0,0.0,0.0,0.0,0.0,0.0,0.0,0.0,0.0,0.0,0.0,0.0,0.0,0.0,0.0,0.0,0.0,0.0,0.0,0.0,0.0,0.0,-3.0262189691030064
82.74829649925232,82.65936017036438,3.452710005921054,1.5628528688860606,1.0636464952515767,0.015872250269947003,-0.009643117034773711,-0.04205219522167252,1.0000000000000024,0.007832827913960306,-0.004987172036618755,-0.02098538644285995,0.9997366595648057,0.0,0.0,0.0,0.0,0.0,0.0,0.0,0.0,0.0,0.0,0.0,0.0,0.0,0.0,0.0,0.0,0.0,0.0,0.0,0.0,0.0,0.0,0.0,0.0,0.0,0.0,0.0,0.0,0.0,0.0,0.0,0.0,0.0,0.0,0.0,0.0,-2.4094133054620426
82.85385489463806,82.75912523269653,3.458395271755235,1.5735196217307417,1.0630206101363566,0.015038221151205644,-0.013810158221499674,-0.041357864066568155,1.0000000000000024,0.007374478612670823,-0.007058823705487165,-0.02062447277810523,0.9997351755318586,0.0,0.0,0.0,0.0,0.0,0.0,0.0,0.0,0.0,0.0,0.0,0.0,0.0,0.0,0.0,0.0,0.0,0.0,0.0,0.0,0.0,0.0,0.0,0.0,0.0,0.0,0.0,0.0,0.0,0.0,0.0,0.0,0.0,0.0,0.0,0.0,-2.369631060690119
82.93131399154663,82.85941123962402,3.4653026586881155,1.5781111172133833,1.0628805583673264,0.015307721431306816,-0.018719615983394795,-0.03793490137258098,1.0000000000000024,0.007474560792658354,-0.009502871386587902,-0.01889330308301541,0.9997484030869893,0.0,0.0,0.0,0.0,0.0,0.0,0.0,0.0,0.0,0.0,0.0,0.0,0.0,0.0,0.0,0.0,0.0,0.0,0.0,0.0,0.0,0.0,0.0,0.0,0.0,0.0,0.0,0.0,0.0,0.0,0.0,0.0,0.0,0.0,0.0,0.0,-2.173509744893924
83.0348949432373,82.95923948287964,3.472900197418731,1.5807823658165514,1.0625092096222393,0.02223690121837918,-0.02432860063838679,-0.03277289163405196,1.0000000000000024,0.010916602904247516,-0.0123437820088479,-0.016248263598586908,0.9997321905174329,0.0,0.0,0.0,0.0,0.0,0.0,0.0,0.0,0.0,0.0,0.0,0.0,0.0,0.0,0.0,0.0,0.0,0.0,0.0,0.0,0.0,0.0,0.0,0.0,0.0,0.0,0.0,0.0,0.0,0.0,0.0,0.0,0.0,0.0,0.0,0.0,-1.8777483730707816
83.13317108154297,83.0584225654602,3.477195587111538,1.5849799581430468,1.0629087796291503,0.02193546686362618,-0.025646247794812678,-0.026044613261749797,1.0000000000000022,0.010798714689475514,-0.012963720632570775,-0.01287946283230987,0.999774699192559,0.0,0.0,0.0,0.0,0.0,0.0,0.0,0.0,0.0,0.0,0.0,0.0,0.0,0.0,0.0,0.0,0.0,0.0,0.0,0.0,0.0,0.0,0.0,0.0,0.0,0.0,0.0,0.0,0.0,0.0,0.0,0.0,0.0,0.0,0.0,0.0,-1.4922464189487161
83.20662879943848,83.15931940078735,3.479869336764708,1.5887549113323773,1.065219458563964,0.020563347558453744,-0.02631897293401608,-0.024690252814937495,1.0000000000000022,0.01011738090292401,-0.013284320564327465,-0.012207806577323899,0.9997860445562263,0.0,0.0,0.0,0.0,0.0,0.0,0.0,0.0,0.0,0.0,0.0,0.0,0.0,0.0,0.0,0.0,0.0,0.0,0.0,0.0,0.0,0.0,0.0,0.0,0.0,0.0,0.0,0.0,0.0,0.0,0.0,0.0,0.0,0.0,0.0,0.0,-1.4146472814069189
83.34132647514343,83.25939726829529,3.4834963690323923,1.5907789668951369,1.0686842385127115,0.024855538312616592,-0.02686451024975074,-0.02396266847207642,1.0000000000000024,0.012264521026317567,-0.013578730378471298,-0.011812129947162785,0.999762808465798,0.0,0.0,0.0,0.0,0.0,0.0,0.0,0.0,0.0,0.0,0.0,0.0,0.0,0.0,0.0,0.0,0.0,0.0,0.0,0.0,0.0,0.0,0.0,0.0,0.0,0.0,0.0,0.0,0.0,0.0,0.0,0.0,0.0,0.0,0.0,0.0,-1.3729597693211797
83.39988613128662,83.35920810699463,3.4870415673219677,1.58901725575088,1.070837028779946,0.02797949189114791,-0.026838463374702852,-0.025784802881329564,1.0000000000000022,0.013813888377830678,-0.013596735075533004,-0.012701917818983584,0.9997314472231505,0.0,0.0,0.0,0.0,0.0,0.0,0.0,0.0,0.0,0.0,0.0,0.0,0.0,0.0,0.0,0.0,0.0,0.0,0.0,0.0,0.0,0.0,0.0,0.0,0.0,0.0,0.0,0.0,0.0,0.0,0.0,0.0,0.0,0.0,0.0,0.0,-1.4773603806769484
83.52620673179626,83.45832872390747,3.484323256665061,1.5948481369832501,1.0736145729917117,0.02574122312397616,-0.023562426694606946,-0.032032229001208716,1.0000000000000024,0.012679051290897879,-0.011984562596173415,-0.015861387675051023,0.9997219755005727,0.0,0.0,0.0,0.0,0.0,0.0,0.0,0.0,0.0,0.0,0.0,0.0,0.0,0.0,0.0,0.0,0.0,0.0,0.0,0.0,0.0,0.0,0.0,0.0,0.0,0.0,0.0,0.0,0.0,0.0,0.0,0.0,0.0,0.0,0.0,0.0,-1.8353115301658158
83.63146328926086,83.55924224853516,3.4841542694469174,1.5968148220269722,1.0773462341209286,0.027124096882787493,-0.018643934842502055,-0.039271360539194514,1.0000000000000022,0.013375417319688618,-0.009585441507948746,-0.019505364943222137,0.9996743260987841,0.0,0.0,0.0,0.0,0.0,0.0,0.0,0.0,0.0,0.0,0.0,0.0,0.0,0.0,0.0,0.0,0.0,0.0,0.0,0.0,0.0,0.0,0.0,0.0,0.0,0.0,0.0,0.0,0.0,0.0,0.0,0.0,0.0,0.0,0.0,0.0,-2.2500832146324505
83.75123357772827,83.65832757949829,3.4834927779483458,1.6023793946619904,1.0777177038293515,0.02924865918983639,-0.010393880941885836,-0.034669301913709524,1.0000000000000022,0.014531341163489104,-0.0054490631387434495,-0.017255707904978233,0.9997306579172227,0.0,0.0,0.0,0.0,0.0,0.0,0.0,0.0,0.0,0.0,0.0,0.0,0.0,0.0,0.0,0.0,0.0,0.0,0.0,0.0,0.0,0.0,0.0,0.0,0.0,0.0,0.0,0.0,0.0,0.0,0.0,0.0,0.0,0.0,0.0,0.0,-1.986404678320384
83.83478498458862,83.75928568840027,3.482534252434734,1.6062309082496313,1.0786403086739074,0.03137676196359593,-0.0036621352968131413,-0.03158763708364097,1.0000000000000022,0.015656839798899314,-0.0020783715142604596,-0.01576247024516738,0.9997510131383389,0.0,0.0,0.0,0.0,0.0,0.0,0.0,0.0,0.0,0.0,0.0,0.0,0.0,0.0,0.0,0.0,0.0,0.0,0.0,0.0,0.0,0.0,0.0,0.0,0.0,0.0,0.0,0.0,0.0,0.0,0.0,0.0,0.0,0.0,0.0,0.0,-1.8098382896835559
83.97744917869568,83.86049270629883,3.4816495148586477,1.605971203293707,1.0820762929664576,0.03247996932984309,-0.0013602069649338027,-0.03187604955093869,1.000000000000002,0.016226366943012473,-0.0009387382641912712,-0.015924201764029984,0.9997410882746016,0.0,0.0,0.0,0.0,0.0,0.0,0.0,0.0,0.0,0.0,0.0,0.0,0.0,0.0,0.0,0.0,0.0,0.0,0.0,0.0,0.0,0.0,0.0,0.0,0.0,0.0,0.0,0.0,0.0,0.0,0.0,0.0,0.0,0.0,0.0,0.0,-1.8263631068186699
84.07302498817444,83.95920300483704,3.482001755230949,1.604614825344016,1.08284904086404,0.0320220429553119,-0.0008007830108600694,-0.016209211957984013,1.0000000000000022,0.0160065657471555,-0.0005300830724329939,-0.008097067626966468,0.9998389602134771,0.0,0.0,0.0,0.0,0.0,0.0,0.0,0.0,0.0,0.0,0.0,0.0,0.0,0.0,0.0,0.0,0.0,0.0,0.0,0.0,0.0,0.0,0.0,0.0,0.0,0.0,0.0,0.0,0.0,0.0,0.0,0.0,0.0,0.0,0.0,0.0,-0.9287194344254694
84.1297721862793,84.05833172798157,3.479305387565486,1.603577829185697,1.0842550627878478,0.02425556968318869,-0.00267758367782786,-0.00496556777255328,1.0000000000000022,0.012124115616392971,-0.0013687987300915053,-0.002466360398791443,0.999922521637024,0.0,0.0,0.0,0.0,0.0,0.0,0.0,0.0,0.0,0.0,0.0,0.0,0.0,0.0,0.0,0.0,0.0,0.0,0.0,0.0,0.0,0.0,0.0,0.0,0.0,0.0,0.0,0.0,0.0,0.0,0.0,0.0,0.0,0.0,0.0,0.0,-0.28450607625348
84.24258923530579,84.15918493270874,3.4767786161118295,1.5983315425131082,1.0858270215319998,0.01837260199480091,-0.001981792726384047,0.0020771631487972106,1.000000000000002,0.00918719141424449,-0.0009813132746327603,0.0010476395939946544,0.9999567665601651,0.0,0.0,0.0,0.0,0.0,0.0,0.0,0.0,0.0,0.0,0.0,0.0,0.0,0.0,0.0,0.0,0.0,0.0,0.0,0.0,0.0,0.0,0.0,0.0,0.0,0.0,0.0,0.0,0.0,0.0,0.0,0.0,0.0,0.0,0.0,0.0,0.11901268178618479
84.35368180274963,84.2555832862854,3.474880100440402,1.597158043639787,1.0870774218253578,0.017587724815195015,-0.0025772677610476935,0.007771321724192908,1.0000000000000022,0.008798682366687465,-0.0012544045579207638,0.003896829450819512,0.9999529110803422,0.0,0.0,0.0,0.0,0.0,0.0,0.0,0.0,0.0,0.0,0.0,0.0,0.0,0.0,0.0,0.0,0.0,0.0,0.0,0.0,0.0,0.0,0.0,0.0,0.0,0.0,0.0,0.0,0.0,0.0,0.0,0.0,0.0,0.0,0.0,0.0,0.44526393603458364
84.44156217575073,84.35917782783508,3.4740346912093574,1.5889763994925414,1.0894391851906713,0.018483359154698,-0.00460287160282811,0.005106039546105589,1.000000000000002,0.009247368781215917,-0.002277734222643589,0.002574169956103992,0.999951334689082,0.0,0.0,0.0,0.0,0.0,0.0,0.0,0.0,0.0,0.0,0.0,0.0,0.0,0.0,0.0,0.0,0.0,0.0,0.0,0.0,0.0,0.0,0.0,0.0,0.0,0.0,0.0,0.0,0.0,0.0,0.0,0.0,0.0,0.0,0.0,0.0,0.29255451601874477
84.5029525756836,84.45822978019714,3.4699419933131717,1.5812138708290626,1.0894358360864127,0.020006929418233198,-0.006449926867823116,0.0025167019998254382,1.0000000000000022,0.010007295855945134,-0.0032122063412231795,0.0012905413522628845,0.9999439335598249,0.0,0.0,0.0,0.0,0.0,0.0,0.0,0.0,0.0,0.0,0.0,0.0,0.0,0.0,0.0,0.0,0.0,0.0,0.0,0.0,0.0,0.0,0.0,0.0,0.0,0.0,0.0,0.0,0.0,0.0,0.0,0.0,0.0,0.0,0.0,0.0,0.14419640288213165
84.63415193557739,84.55972480773926,3.47029059959332,1.5727583441412496,1.0890598373917546,0.01693480435247877,-0.007413257412946968,-0.0026530594116537113,1.000000000000002,0.008462318615110721,-0.003717716127790598,-0.0012950876092712614,0.9999564443007196,0.0,0.0,0.0,0.0,0.0,0.0,0.0,0.0,0.0,0.0,0.0,0.0,0.0,0.0,0.0,0.0,0.0,0.0,0.0,0.0,0.0,0.0,0.0,0.0,0.0,0.0,0.0,0.0,0.0,0.0,0.0,0.0,0.0,0.0,0.0,0.0,-0.15200910708521895
84.76845455169678,84.65943717956543,3.466628263553,1.564749504049566,1.087962873147372,0.012414847041319472,-0.007317842361303888,-0.005549862257100056,1.000000000000002,0.006197165183301101,-0.003676053361726546,-0.0027521433415555853,0.9999702532987691,0.0,0.0,0.0,0.0,0.0,0.0,0.0,0.0,0.0,0.0,0.0,0.0,0.0,0.0,0.0,0.0,0.0,0.0,0.0,0.0,0.0,0.0,0.0,0.0,0.0,0.0,0.0,0.0,0.0,0.0,0.0,0.0,0.0,0.0,0.0,0.0,-0.3179836842107822
84.86544466018677,84.7608106136322,3.463733840084239,1.5502905395709041,1.0854060129331775,0.0025500262238216174,-0.0006147109909699455,-0.00547351531857604,1.000000000000002,0.0012741667756527005,-0.000310843486231479,-0.0027363600084880603,0.9999953960940335,0.0,0.0,0.0,0.0,0.0,0.0,0.0,0.0,0.0,0.0,0.0,0.0,0.0,0.0,0.0,0.0,0.0,0.0,0.0,0.0,0.0,0.0,0.0,0.0,0.0,0.0,0.0,0.0,0.0,0.0,0.0,0.0,0.0,0.0,0.0,0.0,-0.3136093268546113
84.94559288024902,84.85828137397766,3.459644082325077,1.5435989398948151,1.0826939896127696,-0.01152903853781632,0.0005508240379404911,0.0039962039297306105,1.0000000000000022,-0.0057650259094954,0.0002638888644181288,0.0019996549674217165,0.9999813479355232,0.0,0.0,0.0,0.0,0.0,0.0,0.0,0.0,0.0,0.0,0.0,0.0,0.0,0.0,0.0,0.0,0.0,0.0,0.0,0.0,0.0,0.0,0.0,0.0,0.0,0.0,0.0,0.0,0.0,0.0,0.0,0.0,0.0,0.0,0.0,0.0,0.2289656192471582
85.0537314414978,84.959303855896,3.4531132382952117,1.5318927108027138,1.0801934485327385,-0.017026095174898122,0.0039641333781223025,0.04666228618686334,1.0000000000000022,-0.008556849152049606,0.0017828558291515444,0.0233450039156126,0.9996892579946361,0.0,0.0,0.0,0.0,0.0,0.0,0.0,0.0,0.0,0.0,0.0,0.0,0.0,0.0,0.0,0.0,0.0,0.0,0.0,0.0,0.0,0.0,0.0,0.0,0.0,0.0,0.0,0.0,0.0,0.0,0.0,0.0,0.0,0.0,0.0,0.0,2.673552060938869
85.16768503189087,85.06036114692688,3.4441150810976446,1.5159812684558254,1.0813589201401275,-0.012448505910091822,-0.0008215615893057446,0.09641125688754118,1.0000000000000022,-0.0061971878888896345,-0.0007102215157797828,0.04818346942000813,0.9988190245096075,0.0,0.0,0.0,0.0,0.0,0.0,0.0,0.0,0.0,0.0,0.0,0.0,0.0,0.0,0.0,0.0,0.0,0.0,0.0,0.0,0.0,0.0,0.0,0.0,0.0,0.0,0.0,0.0,0.0,0.0,0.0,0.0,0.0,0.0,0.0,0.0,5.523958117207699
85.23082447052002,85.15936136245728,3.4388072191431607,1.5127992831463812,1.0865229017556475,-0.0071274164465634235,-0.019442327985417937,0.13621583834193876,1.0000000000000022,-0.0028937085516223707,-0.00994092881515185,0.06801706593572013,0.9976304341421279,0.0,0.0,0.0,0.0,0.0,0.0,0.0,0.0,0.0,0.0,0.0,0.0,0.0,0.0,0.0,0.0,0.0,0.0,0.0,0.0,0.0,0.0,0.0,0.0,0.0,0.0,0.0,0.0,0.0,0.0,0.0,0.0,0.0,0.0,0.0,0.0,7.804592639829388
85.31719923019409,85.25927710533142,3.4332819417510616,1.5099672739104781,1.077426883051233,0.016757954940926523,-0.026197887252371876,0.19390850606117135,1.000000000000002,0.009606742319840777,-0.01222556921314973,0.0968999607726638,0.9951726702244567,0.0,0.0,0.0,0.0,0.0,0.0,0.0,0.0,0.0,0.0,0.0,0.0,0.0,0.0,0.0,0.0,0.0,0.0,0.0,0.0,0.0,0.0,0.0,0.0,0.0,0.0,0.0,0.0,0.0,0.0,0.0,0.0,0.0,0.0,0.0,0.0,11.11013900899206
85.43123459815979,85.36129784584045,3.431660601830745,1.5093819863289695,1.0351928970795798,0.025467027121084784,-0.008528379687219874,0.22709013405712108,1.0000000000000018,0.013134158888124893,-0.002793704225497789,0.11334497613063008,0.9934649492926022,0.0,0.0,0.0,0.0,0.0,0.0,0.0,0.0,0.0,0.0,0.0,0.0,0.0,0.0,0.0,0.0,0.0,0.0,0.0,0.0,0.0,0.0,0.0,0.0,0.0,0.0,0.0,0.0,0.0,0.0,0.0,0.0,0.0,0.0,0.0,0.0,13.011306250533117
85.53535890579224,85.45834851264954,3.430894873984111,1.5078624356868506,0.9763828292470116,-0.0017584578953254162,0.013779531990557077,0.23572799592821322,1.0000000000000018,-0.0016832778683405546,0.006738521347278898,0.11759447374327807,0.9930374104990786,0.0,0.0,0.0,0.0,0.0,0.0,0.0,0.0,0.0,0.0,0.0,0.0,0.0,0.0,0.0,0.0,0.0,0.0,0.0,0.0,0.0,0.0,0.0,0.0,0.0,0.0,0.0,0.0,0.0,0.0,0.0,0.0,0.0,0.0,0.0,0.0,13.506219279763673
85.6187903881073,85.55933427810669,3.434888615825814,1.5046680769168306,0.904675480038203,-0.016337717593954058,0.028334668785116115,0.23586806121876952,1.000000000000002,-0.009778041384896836,0.013106938125919605,0.11776002975455002,0.9929074344931909,0.0,0.0,0.0,0.0,0.0,0.0,0.0,0.0,0.0,0.0,0.0,0.0,0.0,0.0,0.0,0.0,0.0,0.0,0.0,0.0,0.0,0.0,0.0,0.0,0.0,0.0,0.0,0.0,0.0,0.0,0.0,0.0,0.0,0.0,0.0,0.0,13.514244429768821
85.71164870262146,85.65837931632996,3.436642975812306,1.5036145549593318,0.8291679012606876,-0.0007411911470200888,0.01637354308068782,0.24685461523246968,1.000000000000002,-0.001375660098120563,0.008078775455086512,0.12311303481270935,0.9923588169637277,0.0,0.0,0.0,0.0,0.0,0.0,0.0,0.0,0.0,0.0,0.0,0.0,0.0,0.0,0.0,0.0,0.0,0.0,0.0,0.0,0.0,0.0,0.0,0.0,0.0,0.0,0.0,0.0,0.0,0.0,0.0,0.0,0.0,0.0,0.0,0.0,14.143727606146356
85.85080933570862,85.7594063282013,3.437027028638291,1.500814756382083,0.7556508187060844,0.026674905672403784,-0.01512045086927136,0.2523384433565491,1.0000000000000018,0.01418191128820918,-0.0058211750372308135,0.1259199877556062,0.9919219445082517,0.0,0.0,0.0,0.0,0.0,0.0,0.0,0.0,0.0,0.0,0.0,0.0,0.0,0.0,0.0,0.0,0.0,0.0,0.0,0.0,0.0,0.0,0.0,0.0,0.0,0.0,0.0,0.0,0.0,0.0,0.0,0.0,0.0,0.0,0.0,0.0,14.45792781323125
85.91169238090515,85.85833501815796,3.4416955978021906,1.4993139130704503,0.6877319557896912,0.03627126167237851,-0.02509802244473564,0.24930449588278195,1.000000000000002,0.019552429721351138,-0.010194772425357714,0.12452525380516079,0.9919713858130945,0.0,0.0,0.0,0.0,0.0,0.0,0.0,0.0,0.0,0.0,0.0,0.0,0.0,0.0,0.0,0.0,0.0,0.0,0.0,0.0,0.0,0.0,0.0,0.0,0.0,0.0,0.0,0.0,0.0,0.0,0.0,0.0,0.0,0.0,0.0,0.0,14.284095427720015
86.0305962562561,85.95796847343445,3.4445256397646613,1.5001910810937331,0.6240137399553152,0.016225836820958753,-0.02242458584857346,0.22927681845492048,1.000000000000002,0.009341548744676093,-0.010210150082952061,0.11446688870641787,0.9933306698638733,0.0,0.0,0.0,0.0,0.0,0.0,0.0,0.0,0.0,0.0,0.0,0.0,0.0,0.0,0.0,0.0,0.0,0.0,0.0,0.0,0.0,0.0,0.0,0.0,0.0,0.0,0.0,0.0,0.0,0.0,0.0,0.0,0.0,0.0,0.0,0.0,13.136594037654127
86.13651156425476,86.05831265449524,3.448522738545966,1.5009878372006342,0.5667124714144695,0.00622334503132475,-0.029037112379960924,0.21432684925247306,1.000000000000002,0.004646311254590524,-0.014101909387134097,0.10699155740301053,0.9941490605476851,0.0,0.0,0.0,0.0,0.0,0.0,0.0,0.0,0.0,0.0,0.0,0.0,0.0,0.0,0.0,0.0,0.0,0.0,0.0,0.0,0.0,0.0,0.0,0.0,0.0,0.0,0.0,0.0,0.0,0.0,0.0,0.0,0.0,0.0,0.0,0.0,12.280023898503329
86.24421072006226,86.15935182571411,3.4496440231692733,1.4974145986008205,0.5123269624313332,0.027594700625499225,-0.03804227931461625,0.21044224464679462,1.000000000000002,0.015715548818291295,-0.017464212489656218,0.10525904272070509,0.9941672679851117,0.0,0.0,0.0,0.0,0.0,0.0,0.0,0.0,0.0,0.0,0.0,0.0,0.0,0.0,0.0,0.0,0.0,0.0,0.0,0.0,0.0,0.0,0.0,0.0,0.0,0.0,0.0,0.0,0.0,0.0,0.0,0.0,0.0,0.0,0.0,0.0,12.057452449520873
86.32893347740173,86.25818204879761,3.450026143753537,1.4915264255011016,0.46451869560727105,0.03572292739756584,-0.03893138449918733,0.20764305201317687,1.000000000000002,0.01977785656814746,-0.017505940523419198,0.10394472446079363,0.9942323031830812,0.0,0.0,0.0,0.0,0.0,0.0,0.0,0.0,0.0,0.0,0.0,0.0,0.0,0.0,0.0,0.0,0.0,0.0,0.0,0.0,0.0,0.0,0.0,0.0,0.0,0.0,0.0,0.0,0.0,0.0,0.0,0.0,0.0,0.0,0.0,0.0,11.897070525570467
86.45578289031982,86.35828065872192,3.4498958389550087,1.488241445504307,0.42114770898858017,0.011671475541764304,-0.023594944933527335,0.2079487370270815,1.000000000000002,0.007028161777370405,-0.011127659734680662,0.10384661453896148,0.9945062396886512,0.0,0.0,0.0,0.0,0.0,0.0,0.0,0.0,0.0,0.0,0.0,0.0,0.0,0.0,0.0,0.0,0.0,0.0,0.0,0.0,0.0,0.0,0.0,0.0,0.0,0.0,0.0,0.0,0.0,0.0,0.0,0.0,0.0,0.0,0.0,0.0,11.914584986727599
86.53882956504822,86.45411419868469,3.446977824985228,1.4902454281999,0.384648174728963,-0.011219891369890708,-0.0022110457819693816,0.2054899792538359,1.000000000000002,-0.0054669428674952725,-0.0016750521063852478,0.10255646742878495,0.9947107507836925,0.0,0.0,0.0,0.0,0.0,0.0,0.0,0.0,0.0,0.0,0.0,0.0,0.0,0.0,0.0,0.0,0.0,0.0,0.0,0.0,0.0,0.0,0.0,0.0,0.0,0.0,0.0,0.0,0.0,0.0,0.0,0.0,0.0,0.0,0.0,0.0,11.773708543475644
86.65156626701355,86.55924582481384,3.4484431655841736,1.4899998951890219,0.3533862706799745,-0.01827176175931132,0.0006103059634148126,0.19948967973629453,1.000000000000002,-0.009120730799343509,-0.0006061104331188669,0.09957814167564592,0.9949877580152723,0.0,0.0,0.0,0.0,0.0,0.0,0.0,0.0,0.0,0.0,0.0,0.0,0.0,0.0,0.0,0.0,0.0,0.0,0.0,0.0,0.0,0.0,0.0,0.0,0.0,0.0,0.0,0.0,0.0,0.0,0.0,0.0,0.0,0.0,0.0,0.0,11.429916705306137
86.74268531799316,86.65805101394653,3.448344808678356,1.49174735613237,0.3289527687522092,0.004632772886443961,-0.022570325150565795,0.18876803873916967,1.000000000000002,0.0033694604541152314,-0.011016373913542427,0.0942637174685423,0.9954806064464844,0.0,0.0,0.0,0.0,0.0,0.0,0.0,0.0,0.0,0.0,0.0,0.0,0.0,0.0,0.0,0.0,0.0,0.0,0.0,0.0,0.0,0.0,0.0,0.0,0.0,0.0,0.0,0.0,0.0,0.0,0.0,0.0,0.0,0.0,0.0,0.0,10.815611926716448
86.81907320022583,86.7572283744812,3.4468661196439943,1.492992289974917,0.3115080454034263,0.028040193064095064,-0.049372908699824566,0.17161104201751864,1.000000000000002,0.016079015459152093,-0.02338959630607052,0.08601052230571547,0.9958898443599099,0.0,0.0,0.0,0.0,0.0,0.0,0.0,0.0,0.0,0.0,0.0,0.0,0.0,0.0,0.0,0.0,0.0,0.0,0.0,0.0,0.0,0.0,0.0,0.0,0.0,0.0,0.0,0.0,0.0,0.0,0.0,0.0,0.0,0.0,0.0,0.0,9.832588425446055
86.94146823883057,86.85764241218567,3.445788636753853,1.4946208496430557,0.30058704405529174,0.03210578338419507,-0.05129766191037292,0.14695244179854702,1.000000000000002,0.017886060126309687,-0.02439551963393761,0.07378708873382432,0.9968151348224701,0.0,0.0,0.0,0.0,0.0,0.0,0.0,0.0,0.0,0.0,0.0,0.0,0.0,0.0,0.0,0.0,0.0,0.0,0.0,0.0,0.0,0.0,0.0,0.0,0.0,0.0,0.0,0.0,0.0,0.0,0.0,0.0,0.0,0.0,0.0,0.0,8.419754704198613
87.05554723739624,86.95740818977356,3.4412716245991173,1.5005994730093515,0.2918917562534004,0.01107819784844864,-0.026598494732219622,0.11986775561426706,1.0000000000000022,0.006325198910547341,-0.012943023695136904,0.05996531837466556,0.9980965036451127,0.0,0.0,0.0,0.0,0.0,0.0,0.0,0.0,0.0,0.0,0.0,0.0,0.0,0.0,0.0,0.0,0.0,0.0,0.0,0.0,0.0,0.0,0.0,0.0,0.0,0.0,0.0,0.0,0.0,0.0,0.0,0.0,0.0,0.0,0.0,0.0,6.867916496403081
87.14249038696289,87.0558352470398,3.436562525349805,1.5058322252235772,0.28351965953587926,-0.010979748572384056,0.00033269841980654123,0.0952944397064919,1.0000000000000022,-0.0054915390891844005,-9.531905348440332e-05,0.0476293871193453,0.9988499764205584,0.0,0.0,0.0,0.0,0.0,0.0,0.0,0.0,0.0,0.0,0.0,0.0,0.0,0.0,0.0,0.0,0.0,0.0,0.0,0.0,0.0,0.0,0.0,0.0,0.0,0.0,0.0,0.0,0.0,0.0,0.0,0.0,0.0,0.0,0.0,0.0,5.459969206245877
87.23856496810913,87.15598440170288,3.4336826713208155,1.5119475104387539,0.2731166210537804,-0.006520412885543163,0.00616742740344056,0.07645387146344503,1.0000000000000022,-0.003375654808902128,0.002956843064557486,0.03822728759890488,0.9992589937131102,0.0,0.0,0.0,0.0,0.0,0.0,0.0,0.0,0.0,0.0,0.0,0.0,0.0,0.0,0.0,0.0,0.0,0.0,0.0,0.0,0.0,0.0,0.0,0.0,0.0,0.0,0.0,0.0,0.0,0.0,0.0,0.0,0.0,0.0,0.0,0.0,4.380484162291083
87.34438276290894,87.259281873703,3.4276483195987555,1.5152393374402782,0.26199686245534254,0.022149667027761423,-0.0033177566125746887,0.05684469089345587,1.0000000000000022,0.011117258946320154,-0.001343382356688929,0.02843510098737302,0.9995329143701105,0.0,0.0,0.0,0.0,0.0,0.0,0.0,0.0,0.0,0.0,0.0,0.0,0.0,0.0,0.0,0.0,0.0,0.0,0.0,0.0,0.0,0.0,0.0,0.0,0.0,0.0,0.0,0.0,0.0,0.0,0.0,0.0,0.0,0.0,0.0,0.0,3.256960875920766
87.44222497940063,87.35816788673401,3.426196088390198,1.5164678821549835,0.2540800648894404,0.03978809092465219,-0.019093126789411503,0.03348274881895441,1.000000000000002,0.020048820323236637,-0.009210190870433016,0.01692639482097522,0.9996132823978208,0.0,0.0,0.0,0.0,0.0,0.0,0.0,0.0,0.0,0.0,0.0,0.0,0.0,0.0,0.0,0.0,0.0,0.0,0.0,0.0,0.0,0.0,0.0,0.0,0.0,0.0,0.0,0.0,0.0,0.0,0.0,0.0,0.0,0.0,0.0,0.0,1.9184201938227294
87.51001453399658,87.45810127258301,3.424191138687428,1.5173805190377854,0.2462126324432878,0.03531081272507126,-0.024639848690710658,0.0195254896409744,1.000000000000002,0.017772560667386555,-0.01214476519245996,0.009977813555669865,0.9997185023807434,0.0,0.0,0.0,0.0,0.0,0.0,0.0,0.0,0.0,0.0,0.0,0.0,0.0,0.0,0.0,0.0,0.0,0.0,0.0,0.0,0.0,0.0,0.0,0.0,0.0,0.0,0.0,0.0,0.0,0.0,0.0,0.0,0.0,0.0,0.0,0.0,1.118728149354242
87.65248560905457,87.55930852890015,3.420656420828591,1.5155067993478972,0.23572590608492688,0.01291491822070708,-0.009604716816805137,0.011696512891406037,1.000000000000002,0.006485313912957984,-0.0047643937369544,0.005879043909000999,0.9999503378160787,0.0,0.0,0.0,0.0,0.0,0.0,0.0,0.0,0.0,0.0,0.0,0.0,0.0,0.0,0.0,0.0,0.0,0.0,0.0,0.0,0.0,0.0,0.0,0.0,0.0,0.0,0.0,0.0,0.0,0.0,0.0,0.0,0.0,0.0,0.0,0.0,0.6701608236979253
87.7643666267395,87.6559886932373,3.4206567227573523,1.5117418764097121,0.22618305966801266,-0.004373773662609453,0.005231960476798145,0.009378954174510143,1.000000000000002,-0.0021991210504919427,0.0026056869603545323,0.004695153418779733,0.9999831647565113,0.0,0.0,0.0,0.0,0.0,0.0,0.0,0.0,0.0,0.0,0.0,0.0,0.0,0.0,0.0,0.0,0.0,0.0,0.0,0.0,0.0,0.0,0.0,0.0,0.0,0.0,0.0,0.0,0.0,0.0,0.0,0.0,0.0,0.0,0.0,0.0,0.5373744904460361
87.83145999908447,87.75382804870605,3.418321019967687,1.5106236804440616,0.21824130860732058,-0.006709520132840181,0.004596620175249814,0.017833212765898276,1.000000000000002,-0.0033751042749084197,0.0022682912243086597,0.00892412445660285,0.9999519106080764,0.0,0.0,0.0,0.0,0.0,0.0,0.0,0.0,0.0,0.0,0.0,0.0,0.0,0.0,0.0,0.0,0.0,0.0,0.0,0.0,0.0,0.0,0.0,0.0,0.0,0.0,0.0,0.0,0.0,0.0,0.0,0.0,0.0,0.0,0.0,0.0,1.0217678266447927
87.91345405578613,87.85761260986328,3.4126726169176935,1.5083355318782525,0.20997183511823142,6.095508665953051e-05,-0.00707623076220021,0.03742035547744284,1.000000000000002,9.666678529764553e-05,-0.003536918518210588,0.01870907681295932,0.9998187092206963,0.0,0.0,0.0,0.0,0.0,0.0,0.0,0.0,0.0,0.0,0.0,0.0,0.0,0.0,0.0,0.0,0.0,0.0,0.0,0.0,0.0,0.0,0.0,0.0,0.0,0.0,0.0,0.0,0.0,0.0,0.0,0.0,0.0,0.0,0.0,0.0,2.1440284367367273
88.0365698337555,87.95807790756226,3.4084904672509078,1.5061435367230278,0.207148925068393,0.0016814614236183995,-0.02027005641497051,0.047151598252222066,1.000000000000002,0.0010793688902489527,-0.010112216637425763,0.023580914477607455,0.9996702048725271,0.0,0.0,0.0,0.0,0.0,0.0,0.0,0.0,0.0,0.0,0.0,0.0,0.0,0.0,0.0,0.0,0.0,0.0,0.0,0.0,0.0,0.0,0.0,0.0,0.0,0.0,0.0,0.0,0.0,0.0,0.0,0.0,0.0,0.0,0.0,0.0,2.701587577148753
88.1295919418335,88.05626797676086,3.4063106375622625,1.505034060533303,0.20605038839179018,0.0012930163778848585,-0.020279825823026506,0.04378354490686043,1.000000000000002,0.000868279088535125,-0.010123156045577453,0.021895447836995253,0.9997086361371111,0.0,0.0,0.0,0.0,0.0,0.0,0.0,0.0,0.0,0.0,0.0,0.0,0.0,0.0,0.0,0.0,0.0,0.0,0.0,0.0,0.0,0.0,0.0,0.0,0.0,0.0,0.0,0.0,0.0,0.0,0.0,0.0,0.0,0.0,0.0,0.0,2.5086123352846137
88.25422167778015,88.15846061706543,3.4082245550730232,1.5055123086590576,0.20456355741556148,-0.007725585689859189,-0.010929064715058891,0.02694547183188713,1.000000000000002,-0.0037887559415926094,-0.005516008367571018,0.013450920394637076,0.9998871394915754,0.0,0.0,0.0,0.0,0.0,0.0,0.0,0.0,0.0,0.0,0.0,0.0,0.0,0.0,0.0,0.0,0.0,0.0,0.0,0.0,0.0,0.0,0.0,0.0,0.0,0.0,0.0,0.0,0.0,0.0,0.0,0.0,0.0,0.0,0.0,0.0,1.5438618129557755
88.34382271766663,88.258056640625,3.4055933846086894,1.5062069010483536,0.19911255016762638,-0.013948858010757813,-0.0018855717697891861,0.017501919994161296,1.000000000000002,-0.006965852344635815,-0.001003758366028534,0.008744056499547796,0.9999370034388128,0.0,0.0,0.0,0.0,0.0,0.0,0.0,0.0,0.0,0.0,0.0,0.0,0.0,0.0,0.0,0.0,0.0,0.0,0.0,0.0,0.0,0.0,0.0,0.0,0.0,0.0,0.0,0.0,0.0,0.0,0.0,0.0,0.0,0.0,0.0,0.0,1.0027861490410728
88.46685719490051,88.3591251373291,3.405397809930179,1.5097140154919553,0.1943448123176395,-0.016197293671574523,-0.00044403486611606493,0.008662708366590692,1.000000000000002,-0.008097520538874128,-0.00025708568176059264,0.004329400487777916,0.9999578092897197,0.0,0.0,0.0,0.0,0.0,0.0,0.0,0.0,0.0,0.0,0.0,0.0,0.0,0.0,0.0,0.0,0.0,0.0,0.0,0.0,0.0,0.0,0.0,0.0,0.0,0.0,0.0,0.0,0.0,0.0,0.0,0.0,0.0,0.0,0.0,0.0,0.4963366285583138
88.55627012252808,88.45803713798523,3.4058699301088264,1.512157221992179,0.189891119340054,-0.006706067575634145,-0.006997510090988555,0.0006610169958108014,1.0000000000000022,-0.0033518504396929318,-0.00349983624557033,0.0003187732137273456,0.9999882072447288,0.0,0.0,0.0,0.0,0.0,0.0,0.0,0.0,0.0,0.0,0.0,0.0,0.0,0.0,0.0,0.0,0.0,0.0,0.0,0.0,0.0,0.0,0.0,0.0,0.0,0.0,0.0,0.0,0.0,0.0,0.0,0.0,0.0,0.0,0.0,0.0,0.037873484046375736
88.64948105812073,88.55859398841858,3.404330705442279,1.5182800152075868,0.18294454676638838,0.005429006431810703,-0.012680121080048328,-0.009872143660933001,1.000000000000002,0.002683117715325937,-0.0063533161137454275,-0.004918724626767886,0.9999641205572002,0.0,0.0,0.0,0.0,0.0,0.0,0.0,0.0,0.0,0.0,0.0,0.0,0.0,0.0,0.0,0.0,0.0,0.0,0.0,0.0,0.0,0.0,0.0,0.0,0.0,0.0,0.0,0.0,0.0,0.0,0.0,0.0,0.0,0.0,0.0,0.0,-0.5656321665182905
88.74672746658325,88.65857362747192,3.4051547903252115,1.5282693063595378,0.17655136723727305,0.009719367582117779,-0.01282470900720055,-0.02614800164630482,1.0000000000000022,0.004775318261822186,-0.0064752189728007285,-0.013042046200020025,0.9998825795590568,0.0,0.0,0.0,0.0,0.0,0.0,0.0,0.0,0.0,0.0,0.0,0.0,0.0,0.0,0.0,0.0,0.0,0.0,0.0,0.0,0.0,0.0,0.0,0.0,0.0,0.0,0.0,0.0,0.0,0.0,0.0,0.0,0.0,0.0,0.0,0.0,-1.4981701370343945
88.85626316070557,88.75778126716614,3.401612148631657,1.539247769586429,0.16812195490100396,-0.010535390489408885,-0.014886613466011514,-0.046004046442529235,1.0000000000000022,-0.005437323578559939,-0.007320012717661785,-0.023038236833787275,0.9996929991600971,0.0,0.0,0.0,0.0,0.0,0.0,0.0,0.0,0.0,0.0,0.0,0.0,0.0,0.0,0.0,0.0,0.0,0.0,0.0,0.0,0.0,0.0,0.0,0.0,0.0,0.0,0.0,0.0,0.0,0.0,0.0,0.0,0.0,0.0,0.0,0.0,-2.6358377016807544
88.93652868270874,88.857750415802,3.4005094319360256,1.5525954557299295,0.1585118058224538,-0.015373136435101692,-0.011345531400470617,-0.06125098153377203,1.000000000000002,-0.007856462543686831,-0.00543454567009623,-0.030662889344271863,0.9994841314031576,0.0,0.0,0.0,0.0,0.0,0.0,0.0,0.0,0.0,0.0,0.0,0.0,0.0,0.0,0.0,0.0,0.0,0.0,0.0,0.0,0.0,0.0,0.0,0.0,0.0,0.0,0.0,0.0,0.0,0.0,0.0,0.0,0.0,0.0,0.0,0.0,-3.509422732918879
89.03188729286194,88.9582839012146,3.396887975119473,1.5622651643422998,0.14616181126925507,-0.005748695043746686,-0.01051284262556911,-0.07677393856615986,1.0000000000000022,-0.0030739131558446806,-0.0051421943599669374,-0.03839195124171127,0.9992447983226799,0.0,0.0,0.0,0.0,0.0,0.0,0.0,0.0,0.0,0.0,0.0,0.0,0.0,0.0,0.0,0.0,0.0,0.0,0.0,0.0,0.0,0.0,0.0,0.0,0.0,0.0,0.0,0.0,0.0,0.0,0.0,0.0,0.0,0.0,0.0,0.0,-4.3988226564376225
89.1362612247467,89.05757856369019,3.3915756631428717,1.573293038353203,0.14135636316718614,-0.014335417413903206,-0.03729650559634381,-0.0898294716303922,1.000000000000002,-0.007996403499020243,-0.018306119028718572,-0.045024197525222534,0.9987861458662715,0.0,0.0,0.0,0.0,0.0,0.0,0.0,0.0,0.0,0.0,0.0,0.0,0.0,0.0,0.0,0.0,0.0,0.0,0.0,0.0,0.0,0.0,0.0,0.0,0.0,0.0,0.0,0.0,0.0,0.0,0.0,0.0,0.0,0.0,0.0,0.0,-5.1468496003116355
89.26476955413818,89.15843677520752,3.3801544248191315,1.5862111371989922,0.17344707096722065,-0.019480349976355754,-0.10119624951574664,-0.09052350125702877,1.000000000000002,-0.01200588576837125,-0.050082207661939,-0.04567835989967647,0.9976277455140785,0.0,0.0,0.0,0.0,0.0,0.0,0.0,0.0,0.0,0.0,0.0,0.0,0.0,0.0,0.0,0.0,0.0,0.0,0.0,0.0,0.0,0.0,0.0,0.0,0.0,0.0,0.0,0.0,0.0,0.0,0.0,0.0,0.0,0.0,0.0,0.0,-5.18661456877495
89.37448906898499,89.25831627845764,3.3666448037822767,1.6037106853016652,0.23185546789089098,-0.005470401053436656,-0.1063735480665766,-0.10824755949016045,1.000000000000002,-0.005603226620040178,-0.052935898726036976,-0.05416585330485558,0.9971120573001172,0.0,0.0,0.0,0.0,0.0,0.0,0.0,0.0,0.0,0.0,0.0,0.0,0.0,0.0,0.0,0.0,0.0,0.0,0.0,0.0,0.0,0.0,0.0,0.0,0.0,0.0,0.0,0.0,0.0,0.0,0.0,0.0,0.0,0.0,0.0,0.0,-6.202128301377495
89.43882727622986,89.35571312904358,3.3443798022177207,1.6196272612000937,0.300473559717256,-0.0050815107355095274,-0.0708116865977553,-0.13471790454805588,1.0000000000000022,-0.004915993980428287,-0.035147151530903385,-0.06735536091081605,0.997097671293553,0.0,0.0,0.0,0.0,0.0,0.0,0.0,0.0,0.0,0.0,0.0,0.0,0.0,0.0,0.0,0.0,0.0,0.0,0.0,0.0,0.0,0.0,0.0,0.0,0.0,0.0,0.0,0.0,0.0,0.0,0.0,0.0,0.0,0.0,0.0,0.0,-7.71876735544988
89.53646755218506,89.45809721946716,3.314166702152107,1.6355047941596355,0.36900807699540644,-0.012456977114475689,-0.017701381038858106,-0.16952181320661236,1.000000000000002,-0.006955115013072402,-0.008291353499054526,-0.08470941969347605,0.9963469245436086,0.0,0.0,0.0,0.0,0.0,0.0,0.0,0.0,0.0,0.0,0.0,0.0,0.0,0.0,0.0,0.0,0.0,0.0,0.0,0.0,0.0,0.0,0.0,0.0,0.0,0.0,0.0,0.0,0.0,0.0,0.0,0.0,0.0,0.0,0.0,0.0,-9.712884432143989
89.63874650001526,89.5594470500946,3.277102340362111,1.6541866900185143,0.4333199337081351,-0.016941532202923906,0.019109469923630537,-0.2070145422256289,1.000000000000002,-0.0074377753072431595,0.010378282236878237,-0.10323362129553683,0.9945751807633773,0.0,0.0,0.0,0.0,0.0,0.0,0.0,0.0,0.0,0.0,0.0,0.0,0.0,0.0,0.0,0.0,0.0,0.0,0.0,0.0,0.0,0.0,0.0,0.0,0.0,0.0,0.0,0.0,0.0,0.0,0.0,0.0,0.0,0.0,0.0,0.0,-11.861059567361304
89.74231719970703,89.65833258628845,3.242870200104457,1.670736713702055,0.4906086642510643,-0.014037541136728319,0.0363424881270708,-0.2375966167199836,1.0000000000000018,-0.004814625502202961,0.018873445727650692,-0.11836995301905595,0.9927785083541592,0.0,0.0,0.0,0.0,0.0,0.0,0.0,0.0,0.0,0.0,0.0,0.0,0.0,0.0,0.0,0.0,0.0,0.0,0.0,0.0,0.0,0.0,0.0,0.0,0.0,0.0,0.0,0.0,0.0,0.0,0.0,0.0,0.0,0.0,0.0,0.0,-13.613283364642509
89.863436460495,89.75773644447327,3.2075214598252906,1.6901844878643182,0.5429379854415407,-0.010823604093408214,0.04228398212434926,-0.25275631376341623,1.000000000000002,-0.0027028747042160974,0.02165347079962187,-0.12589851017963943,0.9918030988080317,0.0,0.0,0.0,0.0,0.0,0.0,0.0,0.0,0.0,0.0,0.0,0.0,0.0,0.0,0.0,0.0,0.0,0.0,0.0,0.0,0.0,0.0,0.0,0.0,0.0,0.0,0.0,0.0,0.0,0.0,0.0,0.0,0.0,0.0,0.0,0.0,-14.48187002392815
89.94585824012756,89.85386443138123,3.174959119286317,1.7082135208177776,0.5884108882195354,-0.007220500948722484,0.04261563917739023,-0.2567997126323615,1.0000000000000018,-0.000851525236598553,0.02159285508025408,-0.12794114704447768,0.9915463107728261,0.0,0.0,0.0,0.0,0.0,0.0,0.0,0.0,0.0,0.0,0.0,0.0,0.0,0.0,0.0,0.0,0.0,0.0,0.0,0.0,0.0,0.0,0.0,0.0,0.0,0.0,0.0,0.0,0.0,0.0,0.0,0.0,0.0,0.0,0.0,0.0,-14.713539714006686
90.06185603141785,89.95832467079163,3.141059670005066,1.7278554224519798,0.6334930057746753,-0.0042391709700635265,0.0404788058100857,-0.2588186654545226,1.0000000000000018,0.0005102490539827847,0.020342224594752902,-0.12897917918255838,0.9914385028239708,0.0,0.0,0.0,0.0,0.0,0.0,0.0,0.0,0.0,0.0,0.0,0.0,0.0,0.0,0.0,0.0,0.0,0.0,0.0,0.0,0.0,0.0,0.0,0.0,0.0,0.0,0.0,0.0,0.0,0.0,0.0,0.0,0.0,0.0,0.0,0.0,-14.829217189752542
90.11084580421448,90.05787920951843,3.113375598765144,1.7426724173126158,0.6738949113463811,-0.00765819152841542,0.03832620978102541,-0.2569319929348731,1.0000000000000018,-0.0013419626116987116,0.019494355898679126,-0.1280157017608963,0.991579623291601,0.0,0.0,0.0,0.0,0.0,0.0,0.0,0.0,0.0,0.0,0.0,0.0,0.0,0.0,0.0,0.0,0.0,0.0,0.0,0.0,0.0,0.0,0.0,0.0,0.0,0.0,0.0,0.0,0.0,0.0,0.0,0.0,0.0,0.0,0.0,0.0,-14.721118817053316
90.24110174179077,90.15822672843933,3.089033539048105,1.755842222809463,0.7098523674647558,-0.005085364176370872,0.03594837327031198,-0.2526405454510535,1.0000000000000018,-0.0002576709421279496,0.018150240823122547,-0.12591850220392714,0.9918745047466798,0.0,0.0,0.0,0.0,0.0,0.0,0.0,0.0,0.0,0.0,0.0,0.0,0.0,0.0,0.0,0.0,0.0,0.0,0.0,0.0,0.0,0.0,0.0,0.0,0.0,0.0,0.0,0.0,0.0,0.0,0.0,0.0,0.0,0.0,0.0,0.0,-14.475236988228415
90.33003234863281,90.25587034225464,3.0684328470955275,1.769598240254422,0.7392389856806612,-0.0020977634900008796,0.03688956218114919,-0.24472932697797123,1.0000000000000018,0.0012103706404632125,0.01843382155810791,-0.12201949862082226,0.9923557684530298,0.0,0.0,0.0,0.0,0.0,0.0,0.0,0.0,0.0,0.0,0.0,0.0,0.0,0.0,0.0,0.0,0.0,0.0,0.0,0.0,0.0,0.0,0.0,0.0,0.0,0.0,0.0,0.0,0.0,0.0,0.0,0.0,0.0,0.0,0.0,0.0,-14.021957558914869
90.43660736083984,90.35939335823059,3.048504400976309,1.786619403900791,0.7673793975366697,-0.0021463407467066688,0.039329823941053735,-0.24248969086401945,1.0000000000000018,0.0013131913757674731,0.01964905212682503,-0.12090360528140752,0.9924688954868506,0.0,0.0,0.0,0.0,0.0,0.0,0.0,0.0,0.0,0.0,0.0,0.0,0.0,0.0,0.0,0.0,0.0,0.0,0.0,0.0,0.0,0.0,0.0,0.0,0.0,0.0,0.0,0.0,0.0,0.0,0.0,0.0,0.0,0.0,0.0,0.0,-13.893635861940352
90.5505588054657,90.45732760429382,3.034783808182538,1.793871004742434,0.7911115810546346,-0.004540742751582043,0.038025946772843794,-0.24241723320650785,1.0000000000000018,4.544816107585708e-05,0.01914675913943799,-0.1208470320244298,0.99248647063817,0.0,0.0,0.0,0.0,0.0,0.0,0.0,0.0,0.0,0.0,0.0,0.0,0.0,0.0,0.0,0.0,0.0,0.0,0.0,0.0,0.0,0.0,0.0,0.0,0.0,0.0,0.0,0.0,0.0,0.0,0.0,0.0,0.0,0.0,0.0,0.0,-13.889484343971532
90.61148285865784,90.55835604667664,3.0232476134964155,1.8026987701745563,0.8118725244471657,-0.008141448704025354,0.036340622633057984,-0.23395858347248397,1.000000000000002,-0.0019216538647206561,0.018520013243964753,-0.11661899059289531,0.993002178944722,0.0,0.0,0.0,0.0,0.0,0.0,0.0,0.0,0.0,0.0,0.0,0.0,0.0,0.0,0.0,0.0,0.0,0.0,0.0,0.0,0.0,0.0,0.0,0.0,0.0,0.0,0.0,0.0,0.0,0.0,0.0,0.0,0.0,0.0,0.0,0.0,-13.404839413832507
90.73147487640381,90.65934014320374,3.016422566671547,1.8118890800911558,0.8300669281305232,-0.009699183262284368,0.031788264282512975,-0.22829421170376638,1.0000000000000018,-0.0030071700637312004,0.016342140790671398,-0.11380708552577065,0.9933639004145054,0.0,0.0,0.0,0.0,0.0,0.0,0.0,0.0,0.0,0.0,0.0,0.0,0.0,0.0,0.0,0.0,0.0,0.0,0.0,0.0,0.0,0.0,0.0,0.0,0.0,0.0,0.0,0.0,0.0,0.0,0.0,0.0,0.0,0.0,0.0,0.0,-13.080294817891936
90.84277391433716,90.75802421569824,3.011280142547955,1.818394501687253,0.8460550067502379,-0.009911190556205717,0.02516119902835971,-0.2182430492785945,1.0000000000000018,-0.003555671770360591,0.013044933230395735,-0.1088331656878319,0.9939680724055702,0.0,0.0,0.0,0.0,0.0,0.0,0.0,0.0,0.0,0.0,0.0,0.0,0.0,0.0,0.0,0.0,0.0,0.0,0.0,0.0,0.0,0.0,0.0,0.0,0.0,0.0,0.0,0.0,0.0,0.0,0.0,0.0,0.0,0.0,0.0,0.0,-12.50440563172911
90.94693446159363,90.85743641853333,3.010008226232266,1.8199512070630806,0.8598127949635542,-0.01002196782949254,0.016389193783230973,-0.20829162686978797,1.0000000000000018,-0.004131774039764211,0.008670913204441072,-0.10391201306403122,0.9945401134436307,0.0,0.0,0.0,0.0,0.0,0.0,0.0,0.0,0.0,0.0,0.0,0.0,0.0,0.0,0.0,0.0,0.0,0.0,0.0,0.0,0.0,0.0,0.0,0.0,0.0,0.0,0.0,0.0,0.0,0.0,0.0,0.0,0.0,0.0,0.0,0.0,-11.934231127552586
91.04870581626892,90.95945000648499,3.0122841408069787,1.818480899992867,0.875202063912509,-0.011141603791339067,0.005761287711719107,-0.19945437274988503,1.000000000000002,-0.005256273232602961,0.003420917342955785,-0.09954403661232941,0.9950133937245087,0.0,0.0,0.0,0.0,0.0,0.0,0.0,0.0,0.0,0.0,0.0,0.0,0.0,0.0,0.0,0.0,0.0,0.0,0.0,0.0,0.0,0.0,0.0,0.0,0.0,0.0,0.0,0.0,0.0,0.0,0.0,0.0,0.0,0.0,0.0,0.0,-11.427893763997549
91.1320481300354,91.05827188491821,3.014561121974184,1.8185223831802664,0.8892744677646601,-0.010981753483656218,-0.0035970992778748797,-0.18988311491585727,1.000000000000002,-0.005636609938249219,-0.0012698956884784733,-0.09480723813554477,0.9954788815391609,0.0,0.0,0.0,0.0,0.0,0.0,0.0,0.0,0.0,0.0,0.0,0.0,0.0,0.0,0.0,0.0,0.0,0.0,0.0,0.0,0.0,0.0,0.0,0.0,0.0,0.0,0.0,0.0,0.0,0.0,0.0,0.0,0.0,0.0,0.0,0.0,-10.879501085476232
91.23614549636841,91.15773391723633,3.0163471381220393,1.8189074263024554,0.8990120540937574,-0.010622954453794296,-0.009661147162546065,-0.17711649916619707,1.000000000000002,-0.005717796947152478,-0.00434180447948993,-0.08846581831186853,0.9960533391954212,0.0,0.0,0.0,0.0,0.0,0.0,0.0,0.0,0.0,0.0,0.0,0.0,0.0,0.0,0.0,0.0,0.0,0.0,0.0,0.0,0.0,0.0,0.0,0.0,0.0,0.0,0.0,0.0,0.0,0.0,0.0,0.0,0.0,0.0,0.0,0.0,-10.148027884355455
91.37266898155212,91.25749516487122,3.020061480355472,1.8180902014147802,0.9090268095934251,-0.012390996141834915,-0.016315539165407237,-0.1682838081902906,1.0000000000000022,-0.00685891430435275,-0.007607997069831008,-0.08408860614260036,0.996405630249122,0.0,0.0,0.0,0.0,0.0,0.0,0.0,0.0,0.0,0.0,0.0,0.0,0.0,0.0,0.0,0.0,0.0,0.0,0.0,0.0,0.0,0.0,0.0,0.0,0.0,0.0,0.0,0.0,0.0,0.0,0.0,0.0,0.0,0.0,0.0,0.0,-9.641951969692727
91.43907403945923,91.3515260219574,3.0234210247606277,1.8175372692283684,0.9197916949844074,-0.016639714148047196,-0.0194381510115163,-0.1647693244634897,1.0000000000000022,-0.009090908400472077,-0.009001010339855665,-0.08236535016619402,0.9965200882517726,0.0,0.0,0.0,0.0,0.0,0.0,0.0,0.0,0.0,0.0,0.0,0.0,0.0,0.0,0.0,0.0,0.0,0.0,0.0,0.0,0.0,0.0,0.0,0.0,0.0,0.0,0.0,0.0,0.0,0.0,0.0,0.0,0.0,0.0,0.0,0.0,-9.440586884979627
91.54725313186646,91.45755910873413,3.0274724604311367,1.818648022656571,0.9302152098596689,-0.018051414705958817,-0.02026196836545354,-0.16131688636139355,1.000000000000002,-0.009811996256542043,-0.009370299806643695,-0.08065473676013894,0.99664975575633,0.0,0.0,0.0,0.0,0.0,0.0,0.0,0.0,0.0,0.0,0.0,0.0,0.0,0.0,0.0,0.0,0.0,0.0,0.0,0.0,0.0,0.0,0.0,0.0,0.0,0.0,0.0,0.0,0.0,0.0,0.0,0.0,0.0,0.0,0.0,0.0,-9.242776752699362
91.63223147392273,91.55749082565308,3.032198340506754,1.8162590224214743,0.9367569508014435,-0.014410767839226488,-0.02068622787176073,-0.15817676885351292,1.0000000000000022,-0.007999546440204775,-0.009741098452105038,-0.07907397534021611,0.996789057264172,0.0,0.0,0.0,0.0,0.0,0.0,0.0,0.0,0.0,0.0,0.0,0.0,0.0,0.0,0.0,0.0,0.0,0.0,0.0,0.0,0.0,0.0,0.0,0.0,0.0,0.0,0.0,0.0,0.0,0.0,0.0,0.0,0.0,0.0,0.0,0.0,-9.062861272322664
91.74215245246887,91.65848565101624,3.034795501762927,1.8148859467837068,0.9429589229289257,-0.002432524668155309,-0.02422348471677444,-0.15456326182208255,1.0000000000000022,-0.0021476030772011366,-0.011981393508080683,-0.07721369404161346,0.9969402587231995,0.0,0.0,0.0,0.0,0.0,0.0,0.0,0.0,0.0,0.0,0.0,0.0,0.0,0.0,0.0,0.0,0.0,0.0,0.0,0.0,0.0,0.0,0.0,0.0,0.0,0.0,0.0,0.0,0.0,0.0,0.0,0.0,0.0,0.0,0.0,0.0,-8.855822570180857
91.8108081817627,91.75945663452148,3.0382893863385374,1.8089835951881548,0.9432336454722919,0.01890527156128802,-0.024223950509009544,-0.15329374764675693,1.0000000000000022,0.008496679582838111,-0.012799322450936094,-0.07644866248140078,0.9969551573594837,0.0,0.0,0.0,0.0,0.0,0.0,0.0,0.0,0.0,0.0,0.0,0.0,0.0,0.0,0.0,0.0,0.0,0.0,0.0,0.0,0.0,0.0,0.0,0.0,0.0,0.0,0.0,0.0,0.0,0.0,0.0,0.0,0.0,0.0,0.0,0.0,-8.783084765902668
91.93431973457336,91.85941338539124,3.039451284255555,1.8031766707799997,0.941039215139838,0.04068040290945129,-0.023344784171404644,-0.14687196809951533,1.0000000000000022,0.01942639304917807,-0.013130416235976643,-0.07311306585615315,0.9970479863194586,0.0,0.0,0.0,0.0,0.0,0.0,0.0,0.0,0.0,0.0,0.0,0.0,0.0,0.0,0.0,0.0,0.0,0.0,0.0,0.0,0.0,0.0,0.0,0.0,0.0,0.0,0.0,0.0,0.0,0.0,0.0,0.0,0.0,0.0,0.0,0.0,-8.415143900882292
92.04281997680664,91.95840215682983,3.04206959943468,1.7933408888453835,0.9389913473394348,0.059107996721820294,-0.020323110286325625,-0.1375453970042917,1.0000000000000022,0.028780351591974618,-0.012163438761025621,-0.06838538845387755,0.9971695847576609,0.0,0.0,0.0,0.0,0.0,0.0,0.0,0.0,0.0,0.0,0.0,0.0,0.0,0.0,0.0,0.0,0.0,0.0,0.0,0.0,0.0,0.0,0.0,0.0,0.0,0.0,0.0,0.0,0.0,0.0,0.0,0.0,0.0,0.0,0.0,0.0,-7.880770739797271
92.13878178596497,92.05829930305481,3.0411413863863395,1.7784697053846752,0.936607164572892,0.06904033680901443,-0.017121806059440737,-0.12508927890997176,1.0000000000000022,0.03390980323287697,-0.010696106064128073,-0.06216945980334833,0.9974320412075887,0.0,0.0,0.0,0.0,0.0,0.0,0.0,0.0,0.0,0.0,0.0,0.0,0.0,0.0,0.0,0.0,0.0,0.0,0.0,0.0,0.0,0.0,0.0,0.0,0.0,0.0,0.0,0.0,0.0,0.0,0.0,0.0,0.0,0.0,0.0,0.0,-7.167087743876201
92.2054533958435,92.15846705436707,3.038446617346523,1.7507324603670675,0.9386718803352295,0.07050505306740268,-0.019918530200480403,-0.11328001930712414,1.000000000000002,0.034623528711261266,-0.0119320759053816,-0.05622130460691872,0.9977464616486841,0.0,0.0,0.0,0.0,0.0,0.0,0.0,0.0,0.0,0.0,0.0,0.0,0.0,0.0,0.0,0.0,0.0,0.0,0.0,0.0,0.0,0.0,0.0,0.0,0.0,0.0,0.0,0.0,0.0,0.0,0.0,0.0,0.0,0.0,0.0,0.0,-6.490467009458693
92.30235576629639,92.25837802886963,3.0364066134498766,1.7179095774416666,0.9432117552153939,0.07113083184703918,-0.020806358881401574,-0.10060669145098948,1.000000000000002,0.0349882642265144,-0.012171093478175824,-0.04987817603901978,0.9980680605073914,0.0,0.0,0.0,0.0,0.0,0.0,0.0,0.0,0.0,0.0,0.0,0.0,0.0,0.0,0.0,0.0,0.0,0.0,0.0,0.0,0.0,0.0,0.0,0.0,0.0,0.0,0.0,0.0,0.0,0.0,0.0,0.0,0.0,0.0,0.0,0.0,-5.764338810916597
92.43087840080261,92.35823249816895,3.0331404387477576,1.6797029284363079,0.9487684942531099,0.07008748232032942,-0.018678640801712325,-0.08751113034299313,1.000000000000002,0.03459324804113303,-0.01085700631710313,-0.04338594223034355,0.998400266737036,0.0,0.0,0.0,0.0,0.0,0.0,0.0,0.0,0.0,0.0,0.0,0.0,0.0,0.0,0.0,0.0,0.0,0.0,0.0,0.0,0.0,0.0,0.0,0.0,0.0,0.0,0.0,0.0,0.0,0.0,0.0,0.0,0.0,0.0,0.0,0.0,-5.014018429072743
92.54041910171509,92.4583842754364,3.0294701469879795,1.6324459255900716,0.9568286012517527,0.0634659757970288,-0.01658226746529414,-0.07585598429924473,1.000000000000002,0.031389525982405526,-0.009483941563488456,-0.03763564037121116,0.9987533785098668,0.0,0.0,0.0,0.0,0.0,0.0,0.0,0.0,0.0,0.0,0.0,0.0,0.0,0.0,0.0,0.0,0.0,0.0,0.0,0.0,0.0,0.0,0.0,0.0,0.0,0.0,0.0,0.0,0.0,0.0,0.0,0.0,0.0,0.0,0.0,0.0,-4.34622775115736
92.63473653793335,92.55789804458618,3.025002065738174,1.5809608251219052,0.9678482119058823,0.05296778229727006,-0.018104310812326583,-0.0641041021248632,1.0000000000000018,0.02617612500351621,-0.009892793449721268,-0.03179443091549814,0.9991026260001146,0.0,0.0,0.0,0.0,0.0,0.0,0.0,0.0,0.0,0.0,0.0,0.0,0.0,0.0,0.0,0.0,0.0,0.0,0.0,0.0,0.0,0.0,0.0,0.0,0.0,0.0,0.0,0.0,0.0,0.0,0.0,0.0,0.0,0.0,0.0,0.0,-3.672894501230274
92.73494911193848,92.65948629379272,3.021446224075519,1.5235936214292052,0.9802851574319228,0.04582829139328962,-0.019116387129142993,-0.05338605879304294,1.000000000000002,0.022647896143959043,-0.010163628709301523,-0.026462716900139203,0.9993415322430961,0.0,0.0,0.0,0.0,0.0,0.0,0.0,0.0,0.0,0.0,0.0,0.0,0.0,0.0,0.0,0.0,0.0,0.0,0.0,0.0,0.0,0.0,0.0,0.0,0.0,0.0,0.0,0.0,0.0,0.0,0.0,0.0,0.0,0.0,0.0,0.0,-3.058795853678638
92.82856225967407,92.75846099853516,3.0184732121818625,1.46314220246387,0.9908460882948428,0.04159311441902714,-0.016672906328645237,-0.042177485644543364,1.000000000000002,0.020613959530027662,-0.008771194572620515,-0.02090857074918401,0.9995303709680332,0.0,0.0,0.0,0.0,0.0,0.0,0.0,0.0,0.0,0.0,0.0,0.0,0.0,0.0,0.0,0.0,0.0,0.0,0.0,0.0,0.0,0.0,0.0,0.0,0.0,0.0,0.0,0.0,0.0,0.0,0.0,0.0,0.0,0.0,0.0,0.0,-2.4165919179059516
92.95627737045288,92.85949873924255,3.0153758642789996,1.3939689873759762,1.0025109808746926,0.0382504718952164,-0.01072977221535056,-0.030931272052438886,1.000000000000002,0.019038555311522938,-0.005658987628093523,-0.01535938302505599,0.9996847496204835,0.0,0.0,0.0,0.0,0.0,0.0,0.0,0.0,0.0,0.0,0.0,0.0,0.0,0.0,0.0,0.0,0.0,0.0,0.0,0.0,0.0,0.0,0.0,0.0,0.0,0.0,0.0,0.0,0.0,0.0,0.0,0.0,0.0,0.0,0.0,0.0,-1.7722313435757038
93.04166746139526,92.95625066757202,3.0129697175028345,1.32320862706964,1.0152815672198465,0.032219742739854534,-0.008904981789222381,-0.023547352926325447,1.000000000000002,0.01605548437336194,-0.00464124781572859,-0.011700039292775084,0.9997918730019769,0.0,0.0,0.0,0.0,0.0,0.0,0.0,0.0,0.0,0.0,0.0,0.0,0.0,0.0,0.0,0.0,0.0,0.0,0.0,0.0,0.0,0.0,0.0,0.0,0.0,0.0,0.0,0.0,0.0,0.0,0.0,0.0,0.0,0.0,0.0,0.0,-1.3491639413834766
93.13982200622559,93.05849242210388,3.010579756450426,1.2439125654307535,1.0274330426927483,0.028777867364305623,-0.010278667459380319,-0.016022816496810557,1.000000000000002,0.014346616998746514,-0.005253883069267422,-0.007936443155046482,0.9998517810972967,0.0,0.0,0.0,0.0,0.0,0.0,0.0,0.0,0.0,0.0,0.0,0.0,0.0,0.0,0.0,0.0,0.0,0.0,0.0,0.0,0.0,0.0,0.0,0.0,0.0,0.0,0.0,0.0,0.0,0.0,0.0,0.0,0.0,0.0,0.0,0.0,-0.9180397611798358
93.24240970611572,93.1586058139801,3.0102908118629497,1.1616105203592988,1.0393703000832046,0.02535592291092292,-0.00951623698888414,-0.010422457858007507,1.000000000000002,0.012652512740337341,-0.004823718499904465,-0.0051504069820477545,0.9998950539777225,0.0,0.0,0.0,0.0,0.0,0.0,0.0,0.0,0.0,0.0,0.0,0.0,0.0,0.0,0.0,0.0,0.0,0.0,0.0,0.0,0.0,0.0,0.0,0.0,0.0,0.0,0.0,0.0,0.0,0.0,0.0,0.0,0.0,0.0,0.0,0.0,-0.5971628474167904
93.31415510177612,93.25951075553894,3.010493100569889,1.0769467863275628,1.0494983677205467,0.01956263333623455,-0.009038990785782753,-0.008999175942074411,1.000000000000002,0.009760627033559623,-0.004563228656109582,-0.0044551062788036385,0.9999320272559492,0.0,0.0,0.0,0.0,0.0,0.0,0.0,0.0,0.0,0.0,0.0,0.0,0.0,0.0,0.0,0.0,0.0,0.0,0.0,0.0,0.0,0.0,0.0,0.0,0.0,0.0,0.0,0.0,0.0,0.0,0.0,0.0,0.0,0.0,0.0,0.0,-0.5156148005765304
93.42225742340088,93.35852527618408,3.014468745446455,0.9892757062635041,1.0576408875441765,0.01915262037612704,-0.009863415410708485,-0.008278983896205672,1.000000000000002,0.009555551635645735,-0.004971059190399214,-0.004092013738481029,0.9999336155100659,0.0,0.0,0.0,0.0,0.0,0.0,0.0,0.0,0.0,0.0,0.0,0.0,0.0,0.0,0.0,0.0,0.0,0.0,0.0,0.0,0.0,0.0,0.0,0.0,0.0,0.0,0.0,0.0,0.0,0.0,0.0,0.0,0.0,0.0,0.0,0.0,-0.47435083590935945
93.55311250686646,93.45848083496094,3.01750190729086,0.9006717065250062,1.0655523282533523,0.013106392727092058,-0.014081514794223695,0.0027401758150940522,1.000000000000002,0.006562627049544799,-0.007031563273975286,0.0014161628129569428,0.9999527406467887,0.0,0.0,0.0,0.0,0.0,0.0,0.0,0.0,0.0,0.0,0.0,0.0,0.0,0.0,0.0,0.0,0.0,0.0,0.0,0.0,0.0,0.0,0.0,0.0,0.0,0.0,0.0,0.0,0.0,0.0,0.0,0.0,0.0,0.0,0.0,0.0,0.15700050932870946
93.6487135887146,93.5580096244812,3.021710040847335,0.8087741653578076,1.0708326771613703,-0.009282580193929076,-0.022219364897694854,0.01789401901220496,1.000000000000002,-0.004541407266762989,-0.01115041201587363,0.008894681702094688,0.9998879580079642,0.0,0.0,0.0,0.0,0.0,0.0,0.0,0.0,0.0,0.0,0.0,0.0,0.0,0.0,0.0,0.0,0.0,0.0,0.0,0.0,0.0,0.0,0.0,0.0,0.0,0.0,0.0,0.0,0.0,0.0,0.0,0.0,0.0,0.0,0.0,0.0,1.0252517679261985
93.73464822769165,93.65854144096375,3.029849010348481,0.7230122131580055,1.0739769777295582,-0.047378868789240365,-0.02867858762941277,0.045207261686173714,1.000000000000002,-0.0233547427880907,-0.014866433900946965,0.022253481957377964,0.9993689647338202,0.0,0.0,0.0,0.0,0.0,0.0,0.0,0.0,0.0,0.0,0.0,0.0,0.0,0.0,0.0,0.0,0.0,0.0,0.0,0.0,0.0,0.0,0.0,0.0,0.0,0.0,0.0,0.0,0.0,0.0,0.0,0.0,0.0,0.0,0.0,0.0,2.590185297961223
93.85026955604553,93.75826120376587,3.0389960382990813,0.6331177216580832,1.0819401961810742,-0.0649328745984633,-0.03749360162942122,0.08275368715244083,1.0000000000000018,-0.03165224376197515,-0.020062291567770438,0.04072799606795945,0.998467260483875,0.0,0.0,0.0,0.0,0.0,0.0,0.0,0.0,0.0,0.0,0.0,0.0,0.0,0.0,0.0,0.0,0.0,0.0,0.0,0.0,0.0,0.0,0.0,0.0,0.0,0.0,0.0,0.0,0.0,0.0,0.0,0.0,0.0,0.0,0.0,0.0,4.741437012980843
93.93361282348633,93.85719299316406,3.0468150745064637,0.5510067796248537,1.0938741493400128,-0.07129393473440325,-0.04585374408955306,0.11645524074560497,1.0000000000000018,-0.03423640947084457,-0.024944953500732746,0.057326824098750055,0.9974563914277885,0.0,0.0,0.0,0.0,0.0,0.0,0.0,0.0,0.0,0.0,0.0,0.0,0.0,0.0,0.0,0.0,0.0,0.0,0.0,0.0,0.0,0.0,0.0,0.0,0.0,0.0,0.0,0.0,0.0,0.0,0.0,0.0,0.0,0.0,0.0,0.0,6.672393796903103
94.03718757629395,93.95846605300903,3.0564494686975734,0.4735567840484103,1.1085260582054879,-0.07887007792569835,-0.0504556567440098,0.13587883003718296,1.0000000000000018,-0.03761021701322607,-0.027822979229573917,0.06682059412719003,0.9966676284516829,0.0,0.0,0.0,0.0,0.0,0.0,0.0,0.0,0.0,0.0,0.0,0.0,0.0,0.0,0.0,0.0,0.0,0.0,0.0,0.0,0.0,0.0,0.0,0.0,0.0,0.0,0.0,0.0,0.0,0.0,0.0,0.0,0.0,0.0,0.0,0.0,7.785283486306022
94.14181876182556,94.05836296081543,3.065166297280098,0.4028379147321232,1.1253260920017045,-0.07928012937898263,-0.052967764776053715,0.14219730478993495,1.0000000000000018,-0.03763601522794494,-0.029207391145065934,0.06991129514606631,0.9964150086541573,0.0,0.0,0.0,0.0,0.0,0.0,0.0,0.0,0.0,0.0,0.0,0.0,0.0,0.0,0.0,0.0,0.0,0.0,0.0,0.0,0.0,0.0,0.0,0.0,0.0,0.0,0.0,0.0,0.0,0.0,0.0,0.0,0.0,0.0,0.0,0.0,8.147305422598677
94.23170924186707,94.15855288505554,3.072854366867606,0.3391458593985953,1.1438031857082207,-0.07650274749725439,-0.05559092063424848,0.141335846975056,1.000000000000002,-0.036170936936741865,-0.030401429885157028,0.06947004939355984,0.9964644141259217,0.0,0.0,0.0,0.0,0.0,0.0,0.0,0.0,0.0,0.0,0.0,0.0,0.0,0.0,0.0,0.0,0.0,0.0,0.0,0.0,0.0,0.0,0.0,0.0,0.0,0.0,0.0,0.0,0.0,0.0,0.0,0.0,0.0,0.0,0.0,0.0,8.09794752557755
94.33743906021118,94.25825095176697,3.0784866436976244,0.2772879871286002,1.161437858558589,-0.08246438320717246,-0.05740488183087657,0.1346387616552361,1.000000000000002,-0.03918133589524189,-0.03138086052477713,0.06600340085716588,0.9965558768004336,0.0,0.0,0.0,0.0,0.0,0.0,0.0,0.0,0.0,0.0,0.0,0.0,0.0,0.0,0.0,0.0,0.0,0.0,0.0,0.0,0.0,0.0,0.0,0.0,0.0,0.0,0.0,0.0,0.0,0.0,0.0,0.0,0.0,0.0,0.0,0.0,7.714232801712851
94.40470504760742,94.35960149765015,3.0826629579197937,0.21732645674399304,1.1760791045436516,-0.08286020528195898,-0.06067531395242211,0.12626449884327193,1.000000000000002,-0.03940464152498207,-0.03285848608647801,0.06175333892034389,0.9967718491463257,0.0,0.0,0.0,0.0,0.0,0.0,0.0,0.0,0.0,0.0,0.0,0.0,0.0,0.0,0.0,0.0,0.0,0.0,0.0,0.0,0.0,0.0,0.0,0.0,0.0,0.0,0.0,0.0,0.0,0.0,0.0,0.0,0.0,0.0,0.0,0.0,7.234422886053946
94.50171279907227,94.45844340324402,3.0831686326945844,0.16370623462761516,1.1883735510587294,-0.07673649905244403,-0.06244296708879977,0.12149750315349024,1.000000000000002,-0.0363756214838019,-0.03346357993998582,0.05944192962179028,0.9970073520200889,0.0,0.0,0.0,0.0,0.0,0.0,0.0,0.0,0.0,0.0,0.0,0.0,0.0,0.0,0.0,0.0,0.0,0.0,0.0,0.0,0.0,0.0,0.0,0.0,0.0,0.0,0.0,0.0,0.0,0.0,0.0,0.0,0.0,0.0,0.0,0.0,6.961294152072401
94.63744521141052,94.55844712257385,3.0833726018714573,0.11837559734140694,1.1991925495344706,-0.082905108084245,-0.05779811177804888,0.11750883135301114,1.000000000000002,-0.039656625613941496,-0.03125280133176531,0.057450312950394836,0.9970707477384635,0.0,0.0,0.0,0.0,0.0,0.0,0.0,0.0,0.0,0.0,0.0,0.0,0.0,0.0,0.0,0.0,0.0,0.0,0.0,0.0,0.0,0.0,0.0,0.0,0.0,0.0,0.0,0.0,0.0,0.0,0.0,0.0,0.0,0.0,0.0,0.0,6.732760092042102
94.73864722251892,94.658522605896,3.0812593044218555,0.07910675331382243,1.2071749892235069,-0.0891846396213238,-0.050024155509084435,0.11331315741757687,1.000000000000002,-0.04307730961649679,-0.027467990030004538,0.05543921582974236,0.997154124630743,0.0,0.0,0.0,0.0,0.0,0.0,0.0,0.0,0.0,0.0,0.0,0.0,0.0,0.0,0.0,0.0,0.0,0.0,0.0,0.0,0.0,0.0,0.0,0.0,0.0,0.0,0.0,0.0,0.0,0.0,0.0,0.0,0.0,0.0,0.0,0.0,6.492365683328673
94.83658123016357,94.75848436355591,3.078781082787819,0.04540917390601923,1.2154894844861148,-0.0750190480702756,-0.04416243998970917,0.10451715194175185,1.000000000000002,-0.036287901625442966,-0.02399213933644707,0.0513584622209746,0.9977323658196038,0.0,0.0,0.0,0.0,0.0,0.0,0.0,0.0,0.0,0.0,0.0,0.0,0.0,0.0,0.0,0.0,0.0,0.0,0.0,0.0,0.0,0.0,0.0,0.0,0.0,0.0,0.0,0.0,0.0,0.0,0.0,0.0,0.0,0.0,0.0,0.0,5.9883916929899375
94.92844295501709,94.85831093788147,3.0734965821758364,0.014799615318438906,1.2229496144284169,-0.06028743612940086,-0.04719523061357751,0.10150134869105248,1.000000000000002,-0.028895541690316086,-0.025082840147405354,0.049981498249185824,0.9980169079897061,0.0,0.0,0.0,0.0,0.0,0.0,0.0,0.0,0.0,0.0,0.0,0.0,0.0,0.0,0.0,0.0,0.0,0.0,0.0,0.0,0.0,0.0,0.0,0.0,0.0,0.0,0.0,0.0,0.0,0.0,0.0,0.0,0.0,0.0,0.0,0.0,5.81559889488303
95.03504157066345,94.95953822135925,3.066581065949464,-0.01453277766585736,1.2269516026734206,-0.053155125446283924,-0.0559128424002607,0.0993504371389704,1.000000000000002,-0.02514378221385238,-0.029227470946523285,0.048875945892153085,0.9980604626330029,0.0,0.0,0.0,0.0,0.0,0.0,0.0,0.0,0.0,0.0,0.0,0.0,0.0,0.0,0.0,0.0,0.0,0.0,0.0,0.0,0.0,0.0,0.0,0.0,0.0,0.0,0.0,0.0,0.0,0.0,0.0,0.0,0.0,0.0,0.0,0.0,5.692360740842794
95.12790155410767,95.0585069656372,3.0603325315827776,-0.03852203628889387,1.22994791094885,-0.04800056190172076,-0.06258129833219,0.10059751745188267,1.0000000000000018,-0.022383386322973882,-0.03244294625226901,0.049488628203279574,0.997996650762792,0.0,0.0,0.0,0.0,0.0,0.0,0.0,0.0,0.0,0.0,0.0,0.0,0.0,0.0,0.0,0.0,0.0,0.0,0.0,0.0,0.0,0.0,0.0,0.0,0.0,0.0,0.0,0.0,0.0,0.0,0.0,0.0,0.0,0.0,0.0,0.0,5.763813179486521
95.21656012535095,95.15849828720093,3.0526070962370366,-0.06487384154014425,1.2304448948317852,-0.051185957651848926,-0.0651484323489677,0.10651342778988299,1.0000000000000018,-0.023807245604634923,-0.033873112068089906,0.05235362906164228,0.9977699759261265,0.0,0.0,0.0,0.0,0.0,0.0,0.0,0.0,0.0,0.0,0.0,0.0,0.0,0.0,0.0,0.0,0.0,0.0,0.0,0.0,0.0,0.0,0.0,0.0,0.0,0.0,0.0,0.0,0.0,0.0,0.0,0.0,0.0,0.0,0.0,0.0,6.102769873831751
95.30716753005981,95.25960302352905,3.0416310147482055,-0.08750349962535135,1.2303116674653072,-0.06024064309152302,-0.06466429455123937,0.1108303175450642,1.0000000000000018,-0.028264173272207302,-0.033929396350857774,0.05436070127445473,0.9975444083996754,0.0,0.0,0.0,0.0,0.0,0.0,0.0,0.0,0.0,0.0,0.0,0.0,0.0,0.0,0.0,0.0,0.0,0.0,0.0,0.0,0.0,0.0,0.0,0.0,0.0,0.0,0.0,0.0,0.0,0.0,0.0,0.0,0.0,0.0,0.0,0.0,6.350109437426898
95.43303179740906,95.35853815078735,3.0282486256834344,-0.10912041898399422,1.228706500297699,-0.06929780161872272,-0.05972492037969574,0.10446583786683891,1.000000000000002,-0.0330213715830542,-0.03160722610789356,0.051121641076384595,0.9976458039255213,0.0,0.0,0.0,0.0,0.0,0.0,0.0,0.0,0.0,0.0,0.0,0.0,0.0,0.0,0.0,0.0,0.0,0.0,0.0,0.0,0.0,0.0,0.0,0.0,0.0,0.0,0.0,0.0,0.0,0.0,0.0,0.0,0.0,0.0,0.0,0.0,5.985451613067808
95.50299763679504,95.45856356620789,3.01467761391879,-0.1293951677647555,1.2253952038999345,-0.07014356623717356,-0.05781843730401492,0.08603544729765855,1.000000000000002,-0.033775229128974224,-0.03036799616484038,0.04194744244885583,0.9980868853853463,0.0,0.0,0.0,0.0,0.0,0.0,0.0,0.0,0.0,0.0,0.0,0.0,0.0,0.0,0.0,0.0,0.0,0.0,0.0,0.0,0.0,0.0,0.0,0.0,0.0,0.0,0.0,0.0,0.0,0.0,0.0,0.0,0.0,0.0,0.0,0.0,4.929468018676059
95.63638854026794,95.5586986541748,3.0004716282990582,-0.1471642387350648,1.222616165768525,-0.06362381790086925,-0.05704425483753269,0.05968317782820221,1.0000000000000018,-0.03092897824813893,-0.02943977166671406,0.028903270807557915,0.9986697647798128,0.0,0.0,0.0,0.0,0.0,0.0,0.0,0.0,0.0,0.0,0.0,0.0,0.0,0.0,0.0,0.0,0.0,0.0,0.0,0.0,0.0,0.0,0.0,0.0,0.0,0.0,0.0,0.0,0.0,0.0,0.0,0.0,0.0,0.0,0.0,0.0,3.4195941974847575
95.73476123809814,95.65645432472229,2.9829954203458344,-0.16512151892502688,1.2170326511322,-0.05688877007341927,-0.05250477944883383,0.0381562587340634,1.000000000000002,-0.027925019765907045,-0.026776353746649044,0.018316273606932613,0.9990834471015262,0.0,0.0,0.0,0.0,0.0,0.0,0.0,0.0,0.0,0.0,0.0,0.0,0.0,0.0,0.0,0.0,0.0,0.0,0.0,0.0,0.0,0.0,0.0,0.0,0.0,0.0,0.0,0.0,0.0,0.0,0.0,0.0,0.0,0.0,0.0,0.0,2.186192587471018
95.8402488231659,95.75829935073853,2.966545167769005,-0.1798219152758897,1.2095912218341374,-0.06399260655212731,-0.041953745398062334,0.02435851876301007,1.0000000000000018,-0.03172610683207488,-0.021352572924900753,0.011499077666508322,0.9992023283537673,0.0,0.0,0.0,0.0,0.0,0.0,0.0,0.0,0.0,0.0,0.0,0.0,0.0,0.0,0.0,0.0,0.0,0.0,0.0,0.0,0.0,0.0,0.0,0.0,0.0,0.0,0.0,0.0,0.0,0.0,0.0,0.0,0.0,0.0,0.0,0.0,1.3956403203107037
95.95499324798584,95.85949778556824,2.949910351485552,-0.1963240328983674,1.2004653997853694,-0.06596354562013432,-0.03450868203770595,0.0183371661374781,1.0000000000000016,-0.032811397459400475,-0.017545668869826694,0.008593180907616514,0.9992705934543276,0.0,0.0,0.0,0.0,0.0,0.0,0.0,0.0,0.0,0.0,0.0,0.0,0.0,0.0,0.0,0.0,0.0,0.0,0.0,0.0,0.0,0.0,0.0,0.0,0.0,0.0,0.0,0.0,0.0,0.0,0.0,0.0,0.0,0.0,0.0,0.0,1.0506422279077046
96.0296266078949,95.95791792869568,2.9327972616100255,-0.2098332372274456,1.191588325982238,-0.05745655257809115,-0.03342452091678815,0.015557472244314493,1.0000000000000018,-0.028589505384289175,-0.01692748698305749,0.007294350635559463,0.9994212789485369,0.0,0.0,0.0,0.0,0.0,0.0,0.0,0.0,0.0,0.0,0.0,0.0,0.0,0.0,0.0,0.0,0.0,0.0,0.0,0.0,0.0,0.0,0.0,0.0,0.0,0.0,0.0,0.0,0.0,0.0,0.0,0.0,0.0,0.0,0.0,0.0,0.8913774994911412
96.13097643852234,96.05848693847656,2.9175976578594893,-0.21871236981181869,1.1845967139322855,-0.050516253004360766,-0.03495065174756724,-0.0011831502539823872,1.0000000000000018,-0.025261914402688507,-0.017453921353266774,-0.0010326206191874042,0.9995279535884755,0.0,0.0,0.0,0.0,0.0,0.0,0.0,0.0,0.0,0.0,0.0,0.0,0.0,0.0,0.0,0.0,0.0,0.0,0.0,0.0,0.0,0.0,0.0,0.0,0.0,0.0,0.0,0.0,0.0,0.0,0.0,0.0,0.0,0.0,0.0,0.0,-0.06778951608302221
96.2759165763855,96.1576178073883,2.9027278715734894,-0.22936217829008862,1.1745840269651482,-0.05853979938670201,-0.03723286026984722,-0.023711527294159648,1.0000000000000018,-0.029479192445989448,-0.01825917434457975,-0.012393107851374117,0.9993217653202469,0.0,0.0,0.0,0.0,0.0,0.0,0.0,0.0,0.0,0.0,0.0,0.0,0.0,0.0,0.0,0.0,0.0,0.0,0.0,0.0,0.0,0.0,0.0,0.0,0.0,0.0,0.0,0.0,0.0,0.0,0.0,0.0,0.0,0.0,0.0,0.0,-1.3585704397646046
96.3189971446991,96.25821733474731,2.890283544492002,-0.2388051631434545,1.1620503191594922,-0.06789559536617445,-0.033655576596453275,-0.04759928323632129,1.0000000000000018,-0.034327069138952934,-0.01600493662847945,-0.02435128407996224,0.9989857402843689,0.0,0.0,0.0,0.0,0.0,0.0,0.0,0.0,0.0,0.0,0.0,0.0,0.0,0.0,0.0,0.0,0.0,0.0,0.0,0.0,0.0,0.0,0.0,0.0,0.0,0.0,0.0,0.0,0.0,0.0,0.0,0.0,0.0,0.0,0.0,0.0,-2.72723803728902
96.43229913711548,96.35850048065186,2.878798698754776,-0.24330052726092147,1.146157526816367,-0.07127888877948363,-0.02672580699806116,-0.07455175849031577,1.0000000000000018,-0.036101636432311575,-0.01201695952328024,-0.037716057592309005,0.9985638505025216,0.0,0.0,0.0,0.0,0.0,0.0,0.0,0.0,0.0,0.0,0.0,0.0,0.0,0.0,0.0,0.0,0.0,0.0,0.0,0.0,0.0,0.0,0.0,0.0,0.0,0.0,0.0,0.0,0.0,0.0,0.0,0.0,0.0,0.0,0.0,0.0,-4.271501116773695
96.54338121414185,96.45855474472046,2.872047332487652,-0.2446665812108913,1.128477850914206,-0.07290464670976926,-0.029062366634004713,-0.09936325569834102,1.0000000000000018,-0.03711657155678715,-0.012693427968434496,-0.05015186843791793,0.9979709550355008,0.0,0.0,0.0,0.0,0.0,0.0,0.0,0.0,0.0,0.0,0.0,0.0,0.0,0.0,0.0,0.0,0.0,0.0,0.0,0.0,0.0,0.0,0.0,0.0,0.0,0.0,0.0,0.0,0.0,0.0,0.0,0.0,0.0,0.0,0.0,0.0,-5.6930951901941675
96.62251281738281,96.55857920646667,2.8688081013583857,-0.2454206399360437,1.1098135943818213,-0.06658811751391543,-0.029788538135799025,-0.11926268233627844,1.0000000000000018,-0.03411216998933197,-0.01287540024086692,-0.06005127203613197,0.9975291618063616,0.0,0.0,0.0,0.0,0.0,0.0,0.0,0.0,0.0,0.0,0.0,0.0,0.0,0.0,0.0,0.0,0.0,0.0,0.0,0.0,0.0,0.0,0.0,0.0,0.0,0.0,0.0,0.0,0.0,0.0,0.0,0.0,0.0,0.0,0.0,0.0,-6.833248351278187
96.72830080986023,96.65838384628296,2.8666218823994436,-0.24141964684887665,1.0918251728985606,-0.053717484665297056,-0.03578231759564147,-0.13257887144503291,1.0000000000000016,-0.02797687650706198,-0.016065824415713838,-0.06668580368635624,0.9972523187506059,0.0,0.0,0.0,0.0,0.0,0.0,0.0,0.0,0.0,0.0,0.0,0.0,0.0,0.0,0.0,0.0,0.0,0.0,0.0,0.0,0.0,0.0,0.0,0.0,0.0,0.0,0.0,0.0,0.0,0.0,0.0,0.0,0.0,0.0,0.0,0.0,-7.596209786407892
96.82443833351135,96.75825834274292,2.8678901974418216,-0.23666978333871766,1.076260313801594,-0.046605599656350166,-0.04364713241181663,-0.13890379899430727,1.0000000000000016,-0.024752920744190842,-0.02014672371896219,-0.06986795533175262,0.9970455713034321,0.0,0.0,0.0,0.0,0.0,0.0,0.0,0.0,0.0,0.0,0.0,0.0,0.0,0.0,0.0,0.0,0.0,0.0,0.0,0.0,0.0,0.0,0.0,0.0,0.0,0.0,0.0,0.0,0.0,0.0,0.0,0.0,0.0,0.0,0.0,0.0,-7.958601440707335
96.94137382507324,96.85823917388916,2.8695521948994265,-0.23125935797407915,1.0636291900285175,-0.04304160738511261,-0.05207284422242564,-0.13713519359913218,1.0000000000000016,-0.02324454149165446,-0.024492431615745037,-0.06903370133712242,0.9970427072919651,0.0,0.0,0.0,0.0,0.0,0.0,0.0,0.0,0.0,0.0,0.0,0.0,0.0,0.0,0.0,0.0,0.0,0.0,0.0,0.0,0.0,0.0,0.0,0.0,0.0,0.0,0.0,0.0,0.0,0.0,0.0,0.0,0.0,0.0,0.0,0.0,-7.8572678159397356
97.0438072681427,96.95852875709534,2.8738784598459843,-0.21797075179946457,1.0519142041390384,-0.03663094190901203,-0.052171550172527704,-0.1286340338145799,1.0000000000000016,-0.019946493010163893,-0.024847803417216027,-0.0647167447383155,0.9973948400871211,0.0,0.0,0.0,0.0,0.0,0.0,0.0,0.0,0.0,0.0,0.0,0.0,0.0,0.0,0.0,0.0,0.0,0.0,0.0,0.0,0.0,0.0,0.0,0.0,0.0,0.0,0.0,0.0,0.0,0.0,0.0,0.0,0.0,0.0,0.0,0.0,-7.370187239318547
97.13175296783447,97.0580084323883,2.877209826222186,-0.2087639210564651,1.0403259855196798,-0.02851630130115543,-0.05402568459203567,-0.11632658937342508,1.0000000000000016,-0.01579828461740907,-0.026132640039819254,-0.058487834221365116,0.9978209621849973,0.0,0.0,0.0,0.0,0.0,0.0,0.0,0.0,0.0,0.0,0.0,0.0,0.0,0.0,0.0,0.0,0.0,0.0,0.0,0.0,0.0,0.0,0.0,0.0,0.0,0.0,0.0,0.0,0.0,0.0,0.0,0.0,0.0,0.0,0.0,0.0,-6.665022616248629
97.23058462142944,97.15604186058044,2.881323976367378,-0.19880114192694914,1.0318376785305852,-0.02780039555697619,-0.05454312842038649,-0.1042532948690116,1.0000000000000016,-0.015296326914636175,-0.026504565159090856,-0.052457144537209566,0.9981541856825795,0.0,0.0,0.0,0.0,0.0,0.0,0.0,0.0,0.0,0.0,0.0,0.0,0.0,0.0,0.0,0.0,0.0,0.0,0.0,0.0,0.0,0.0,0.0,0.0,0.0,0.0,0.0,0.0,0.0,0.0,0.0,0.0,0.0,0.0,0.0,0.0,-5.973273796327245
97.3388614654541,97.2582745552063,2.884510893533491,-0.18970540519100695,1.0219554231346377,-0.028769160817262593,-0.04523824235519584,-0.08696108215877221,1.0000000000000013,-0.015349809751695746,-0.021968407828549825,-0.043776247444002596,0.9986818375027102,0.0,0.0,0.0,0.0,0.0,0.0,0.0,0.0,0.0,0.0,0.0,0.0,0.0,0.0,0.0,0.0,0.0,0.0,0.0,0.0,0.0,0.0,0.0,0.0,0.0,0.0,0.0,0.0,0.0,0.0,0.0,0.0,0.0,0.0,0.0,0.0,-4.98250298958805
97.4266414642334,97.35791492462158,2.886034227703199,-0.18097167703890607,1.014364177101553,-0.029353349789337325,-0.03629548275301461,-0.07236314570360819,1.0000000000000013,-0.015320491490345737,-0.017602112566579772,-0.03642997728362512,0.999063714148805,0.0,0.0,0.0,0.0,0.0,0.0,0.0,0.0,0.0,0.0,0.0,0.0,0.0,0.0,0.0,0.0,0.0,0.0,0.0,0.0,0.0,0.0,0.0,0.0,0.0,0.0,0.0,0.0,0.0,0.0,0.0,0.0,0.0,0.0,0.0,0.0,-4.146102841106985
97.53584146499634,97.45862793922424,2.888781118154197,-0.16588324722485323,1.0098595689955507,-0.021396838123502838,-0.03710296937203645,-0.06095090605534302,1.0000000000000013,-0.011256619953873273,-0.018214819391750323,-0.030662113438045546,0.999300427129527,0.0,0.0,0.0,0.0,0.0,0.0,0.0,0.0,0.0,0.0,0.0,0.0,0.0,0.0,0.0,0.0,0.0,0.0,0.0,0.0,0.0,0.0,0.0,0.0,0.0,0.0,0.0,0.0,0.0,0.0,0.0,0.0,0.0,0.0,0.0,0.0,-3.492229674469528
97.64587879180908,97.558269739151,2.88973529439142,-0.15830288441996276,1.00703444978288,-0.013299850494980116,-0.03967575094344948,-0.050487743773176635,1.0000000000000013,-0.007147137168397444,-0.019661997975075524,-0.025367535033176764,0.9994592600162688,0.0,0.0,0.0,0.0,0.0,0.0,0.0,0.0,0.0,0.0,0.0,0.0,0.0,0.0,0.0,0.0,0.0,0.0,0.0,0.0,0.0,0.0,0.0,0.0,0.0,0.0,0.0,0.0,0.0,0.0,0.0,0.0,0.0,0.0,0.0,0.0,-2.8927346353409233
97.73114585876465,97.6581826210022,2.891054555392374,-0.14817773434119672,1.0067377791550292,-0.009978401135174597,-0.04107764257139373,-0.04079708041823045,1.0000000000000016,-0.005405988085500896,-0.020431105610974703,-0.020495013097825476,0.9995665558903297,0.0,0.0,0.0,0.0,0.0,0.0,0.0,0.0,0.0,0.0,0.0,0.0,0.0,0.0,0.0,0.0,0.0,0.0,0.0,0.0,0.0,0.0,0.0,0.0,0.0,0.0,0.0,0.0,0.0,0.0,0.0,0.0,0.0,0.0,0.0,0.0,-2.3375005244204203
97.80546736717224,97.75792002677917,2.892403237037097,-0.14063233540938813,1.0085440610041818,-0.013083076568720563,-0.04299750337227803,-0.03850359342747425,1.0000000000000016,-0.0069525913337753825,-0.021366753538408615,-0.019386344131658177,0.9995595494907676,0.0,0.0,0.0,0.0,0.0,0.0,0.0,0.0,0.0,0.0,0.0,0.0,0.0,0.0,0.0,0.0,0.0,0.0,0.0,0.0,0.0,0.0,0.0,0.0,0.0,0.0,0.0,0.0,0.0,0.0,0.0,0.0,0.0,0.0,0.0,0.0,-2.2060933994819303
97.9426896572113,97.85764932632446,2.8916442194820946,-0.13738059583237883,1.0122483426173183,-0.020859365304651836,-0.04373557797783786,-0.04052492336105742,1.0000000000000016,-0.010867865062732449,-0.021649106327313445,-0.020483134224551426,0.9994966968012197,0.0,0.0,0.0,0.0,0.0,0.0,0.0,0.0,0.0,0.0,0.0,0.0,0.0,0.0,0.0,0.0,0.0,0.0,0.0,0.0,0.0,0.0,0.0,0.0,0.0,0.0,0.0,0.0,0.0,0.0,0.0,0.0,0.0,0.0,0.0,0.0,-2.321907073679705
98.04386615753174,97.95791792869568,2.8907682927721976,-0.13147451663198953,1.0147706628916207,-0.02914673481204794,-0.039980373260076765,-0.04929724171978883,1.0000000000000016,-0.015058109661982956,-0.019621568906673097,-0.024929790310341416,0.9993831862314545,0.0,0.0,0.0,0.0,0.0,0.0,0.0,0.0,0.0,0.0,0.0,0.0,0.0,0.0,0.0,0.0,0.0,0.0,0.0,0.0,0.0,0.0,0.0,0.0,0.0,0.0,0.0,0.0,0.0,0.0,0.0,0.0,0.0,0.0,0.0,0.0,-2.824523892180144
98.13550019264221,98.0579583644867,2.8891502931888997,-0.12498543958730732,1.0188981446094851,-0.04015260411599037,-0.03207704636071495,-0.06764828696458666,1.0000000000000016,-0.02060314379747777,-0.015346630774965156,-0.03412830537259696,0.9990872084867843,0.0,0.0,0.0,0.0,0.0,0.0,0.0,0.0,0.0,0.0,0.0,0.0,0.0,0.0,0.0,0.0,0.0,0.0,0.0,0.0,0.0,0.0,0.0,0.0,0.0,0.0,0.0,0.0,0.0,0.0,0.0,0.0,0.0,0.0,0.0,0.0,-3.8759613343606785
98.25224900245667,98.1583321094513,2.887259660352281,-0.11969103696036323,1.02136694337491,-0.04789193526896411,-0.02342610195661679,-0.09421057228189476,1.0000000000000016,-0.02446685094956618,-0.010569057075222385,-0.0473512749005468,0.9985226712511082,0.0,0.0,0.0,0.0,0.0,0.0,0.0,0.0,0.0,0.0,0.0,0.0,0.0,0.0,0.0,0.0,0.0,0.0,0.0,0.0,0.0,0.0,0.0,0.0,0.0,0.0,0.0,0.0,0.0,0.0,0.0,0.0,0.0,0.0,0.0,0.0,-5.397868177264748
98.30328631401062,98.25822854042053,2.88486588891937,-0.11297538672144287,1.0237272032123284,-0.05248077376004178,-0.008238509982204502,-0.12058029495023828,1.0000000000000018,-0.026437596665379648,-0.002529459881636382,-0.06034025719632335,0.9978244879119529,0.0,0.0,0.0,0.0,0.0,0.0,0.0,0.0,0.0,0.0,0.0,0.0,0.0,0.0,0.0,0.0,0.0,0.0,0.0,0.0,0.0,0.0,0.0,0.0,0.0,0.0,0.0,0.0,0.0,0.0,0.0,0.0,0.0,0.0,0.0,0.0,-6.908741993091287
98.44888138771057,98.35785245895386,2.885324277890112,-0.10977762200976898,1.026600528372325,-0.0562365163920604,0.019448334427010033,-0.14412995143020152,1.0000000000000018,-0.027340376745219278,0.0117191665276732,-0.07169807366268,0.9969827236057757,0.0,0.0,0.0,0.0,0.0,0.0,0.0,0.0,0.0,0.0,0.0,0.0,0.0,0.0,0.0,0.0,0.0,0.0,0.0,0.0,0.0,0.0,0.0,0.0,0.0,0.0,0.0,0.0,0.0,0.0,0.0,0.0,0.0,0.0,0.0,0.0,-8.25803791837609
98.50138211250305,98.45861458778381,2.89115789097799,-0.10284325276053838,1.0292335773886723,-0.05832830885514057,0.04711498367956397,-0.15576422888860963,1.0000000000000016,-0.027231657626876942,0.02574204324676207,-0.07706394913570361,0.9963217009460285,0.0,0.0,0.0,0.0,0.0,0.0,0.0,0.0,0.0,0.0,0.0,0.0,0.0,0.0,0.0,0.0,0.0,0.0,0.0,0.0,0.0,0.0,0.0,0.0,0.0,0.0,0.0,0.0,0.0,0.0,0.0,0.0,0.0,0.0,0.0,0.0,-8.924632914427066
98.6513466835022,98.55640006065369,2.9006016792987963,-0.09511913836364115,1.0330874247180304,-0.058325331432075724,0.059832417443301464,-0.15718456150548557,1.0000000000000016,-0.026708104786743965,0.032094988985282374,-0.07757340934756667,0.9961119189041625,0.0,0.0,0.0,0.0,0.0,0.0,0.0,0.0,0.0,0.0,0.0,0.0,0.0,0.0,0.0,0.0,0.0,0.0,0.0,0.0,0.0,0.0,0.0,0.0,0.0,0.0,0.0,0.0,0.0,0.0,0.0,0.0,0.0,0.0,0.0,0.0,-9.006011978878828
98.72384524345398,98.65822267532349,2.91749805863737,-0.08831936089827544,1.0353771404672825,-0.05894611845582778,0.06616560955756258,-0.15493152714582092,1.0000000000000013,-0.026805696130498064,0.035242544092079636,-0.07634056248083161,0.9960981559369491,0.0,0.0,0.0,0.0,0.0,0.0,0.0,0.0,0.0,0.0,0.0,0.0,0.0,0.0,0.0,0.0,0.0,0.0,0.0,0.0,0.0,0.0,0.0,0.0,0.0,0.0,0.0,0.0,0.0,0.0,0.0,0.0,0.0,0.0,0.0,0.0,-8.876922618972085
98.82420802116394,98.75811696052551,2.9411813823661728,-0.08271075178623544,1.038507217367555,-0.05780263176970824,0.060194761218731394,-0.1570926816563249,1.0000000000000013,-0.026434883661408923,0.03225394332757396,-0.07753038979757729,0.9961174221563781,0.0,0.0,0.0,0.0,0.0,0.0,0.0,0.0,0.0,0.0,0.0,0.0,0.0,0.0,0.0,0.0,0.0,0.0,0.0,0.0,0.0,0.0,0.0,0.0,0.0,0.0,0.0,0.0,0.0,0.0,0.0,0.0,0.0,0.0,0.0,0.0,-9.000747651299623
98.90858149528503,98.85849142074585,2.9725087634619256,-0.07093275937759196,1.0421958891343865,-0.05534413224120695,0.05288064719125176,-0.16484719256285596,1.0000000000000016,-0.025389211767960447,0.028614566698329926,-0.08154101993310818,0.995935568481586,0.0,0.0,0.0,0.0,0.0,0.0,0.0,0.0,0.0,0.0,0.0,0.0,0.0,0.0,0.0,0.0,0.0,0.0,0.0,0.0,0.0,0.0,0.0,0.0,0.0,0.0,0.0,0.0,0.0,0.0,0.0,0.0,0.0,0.0,0.0,0.0,-9.44504839843202
99.03404521942139,98.95814085006714,3.0101076016857617,-0.056705464267188886,1.0445213550696508,-0.05152894724131973,0.04960104979973451,-0.17146505810893858,1.0000000000000016,-0.023536427739308554,0.026903931363169542,-0.08493631260038172,0.9957449662681361,0.0,0.0,0.0,0.0,0.0,0.0,0.0,0.0,0.0,0.0,0.0,0.0,0.0,0.0,0.0,0.0,0.0,0.0,0.0,0.0,0.0,0.0,0.0,0.0,0.0,0.0,0.0,0.0,0.0,0.0,0.0,0.0,0.0,0.0,0.0,0.0,-9.824224163607594
99.13109350204468,99.0578248500824,3.052667579722877,-0.04570288990116005,1.0482071971870948,-0.04731370170979767,0.05022235735390909,-0.17562495707886588,1.0000000000000016,-0.021354678782609753,0.02707864738620947,-0.08705584226280623,0.9956063503602925,0.0,0.0,0.0,0.0,0.0,0.0,0.0,0.0,0.0,0.0,0.0,0.0,0.0,0.0,0.0,0.0,0.0,0.0,0.0,0.0,0.0,0.0,0.0,0.0,0.0,0.0,0.0,0.0,0.0,0.0,0.0,0.0,0.0,0.0,0.0,0.0,-10.062568817785246
99.23431730270386,99.15859580039978,3.1014713439402444,-0.031068775984315313,1.050553919879771,-0.043752996201696294,0.05400349336866317,-0.1764075451850789,1.0000000000000016,-0.01940406284710653,0.028813308384229366,-0.08744797739729396,0.9955632209227631,0.0,0.0,0.0,0.0,0.0,0.0,0.0,0.0,0.0,0.0,0.0,0.0,0.0,0.0,0.0,0.0,0.0,0.0,0.0,0.0,0.0,0.0,0.0,0.0,0.0,0.0,0.0,0.0,0.0,0.0,0.0,0.0,0.0,0.0,0.0,0.0,-10.107407813368388
99.32797980308533,99.25809955596924,3.1522856772638557,-0.014417776461480562,1.0518615849367055,-0.04967362124787558,0.04786012157951692,-0.171252129991426,1.0000000000000013,-0.022690480819488663,0.025956014812506045,-0.08487856485408132,0.9957946859687231,0.0,0.0,0.0,0.0,0.0,0.0,0.0,0.0,0.0,0.0,0.0,0.0,0.0,0.0,0.0,0.0,0.0,0.0,0.0,0.0,0.0,0.0,0.0,0.0,0.0,0.0,0.0,0.0,0.0,0.0,0.0,0.0,0.0,0.0,0.0,0.0,-9.812024281134457
99.44154143333435,99.35788178443909,3.206305571351391,0.004197075006381918,1.0521205774812943,-0.0585799452808041,0.021110295770605157,-0.16047246311479738,1.0000000000000016,-0.02834432218239205,0.012863611644501276,-0.07980321126418556,0.9963245326535963,0.0,0.0,0.0,0.0,0.0,0.0,0.0,0.0,0.0,0.0,0.0,0.0,0.0,0.0,0.0,0.0,0.0,0.0,0.0,0.0,0.0,0.0,0.0,0.0,0.0,0.0,0.0,0.0,0.0,0.0,0.0,0.0,0.0,0.0,0.0,0.0,-9.194394864546666
99.53816223144531,99.45866012573242,3.261710007102285,0.02432629756631878,1.05178071362122,-0.0679935366033454,-0.005565981964052604,-0.14566087776824843,1.0000000000000016,-0.034102371783549315,-0.000300680786904058,-0.07281808575640934,0.9967619897531087,0.0,0.0,0.0,0.0,0.0,0.0,0.0,0.0,0.0,0.0,0.0,0.0,0.0,0.0,0.0,0.0,0.0,0.0,0.0,0.0,0.0,0.0,0.0,0.0,0.0,0.0,0.0,0.0,0.0,0.0,0.0,0.0,0.0,0.0,0.0,0.0,-8.345753536291596
99.64568018913269,99.55822443962097,3.314283887591782,0.04479528740794071,1.0515305235528656,-0.07290162750817088,-0.028825908984153874,-0.12575975823231955,1.0000000000000016,-0.0372719982702971,-0.012084650034797442,-0.06331437885916137,0.9972241717929611,0.0,0.0,0.0,0.0,0.0,0.0,0.0,0.0,0.0,0.0,0.0,0.0,0.0,0.0,0.0,0.0,0.0,0.0,0.0,0.0,0.0,0.0,0.0,0.0,0.0,0.0,0.0,0.0,0.0,0.0,0.0,0.0,0.0,0.0,0.0,0.0,-7.205503379297521
99.75953769683838,99.65809416770935,3.3644654002413836,0.07375986094620961,1.0503067639455768,-0.07236720165151692,-0.043493039505205784,-0.10598357055732217,1.0000000000000016,-0.03726738598006557,-0.01978440350766411,-0.053705331474679804,0.9976650022383549,0.0,0.0,0.0,0.0,0.0,0.0,0.0,0.0,0.0,0.0,0.0,0.0,0.0,0.0,0.0,0.0,0.0,0.0,0.0,0.0,0.0,0.0,0.0,0.0,0.0,0.0,0.0,0.0,0.0,0.0,0.0,0.0,0.0,0.0,0.0,0.0,-6.072411290661535
99.83495283126831,99.75883340835571,3.4148272009103366,0.10939394070000674,1.0509619517155355,-0.07392298135684858,-0.04946270226328901,-0.08723968797089658,1.0000000000000016,-0.037984225381809164,-0.023077550974301253,-0.04447584128182589,0.9980213047853486,0.0,0.0,0.0,0.0,0.0,0.0,0.0,0.0,0.0,0.0,0.0,0.0,0.0,0.0,0.0,0.0,0.0,0.0,0.0,0.0,0.0,0.0,0.0,0.0,0.0,0.0,0.0,0.0,0.0,0.0,0.0,0.0,0.0,0.0,0.0,0.0,-4.99846592677059
99.92815709114075,99.85876798629761,3.4608772894585558,0.15367177568678383,1.053232475386645,-0.07807056278911009,-0.05071753136965672,-0.07167068256535643,1.0000000000000016,-0.03989553073188493,-0.023922726959870303,-0.036777762608282485,0.9982401744770427,0.0,0.0,0.0,0.0,0.0,0.0,0.0,0.0,0.0,0.0,0.0,0.0,0.0,0.0,0.0,0.0,0.0,0.0,0.0,0.0,0.0,0.0,0.0,0.0,0.0,0.0,0.0,0.0,0.0,0.0,0.0,0.0,0.0,0.0,0.0,0.0,-4.106427625816775
100.00875782966614,99.95803356170654,3.5001797628441667,0.19954732180990484,1.0556819622580622,-0.07238612183749422,-0.04327760034450397,-0.05710946459663075,1.0000000000000016,-0.03677929402405383,-0.020581251386778108,-0.029308097629191517,0.9986814962918895,0.0,0.0,0.0,0.0,0.0,0.0,0.0,0.0,0.0,0.0,0.0,0.0,0.0,0.0,0.0,0.0,0.0,0.0,0.0,0.0,0.0,0.0,0.0,0.0,0.0,0.0,0.0,0.0,0.0,0.0,0.0,0.0,0.0,0.0,0.0,0.0,-3.272131291638736
100.12991499900818,100.05774688720703,3.5352097969807774,0.25073196874630216,1.0589140593419557,-0.06502197128400365,-0.03618921212471787,-0.04501273112927777,1.0000000000000013,-0.03289867877243304,-0.01734808371011933,-0.023076880111052023,0.9990416300289783,0.0,0.0,0.0,0.0,0.0,0.0,0.0,0.0,0.0,0.0,0.0,0.0,0.0,0.0,0.0,0.0,0.0,0.0,0.0,0.0,0.0,0.0,0.0,0.0,0.0,0.0,0.0,0.0,0.0,0.0,0.0,0.0,0.0,0.0,0.0,0.0,-2.5790395180647563
100.22269320487976,100.15647029876709,3.5648361293090445,0.3082256382714509,1.0617888551400638,-0.05655835096453041,-0.03269552577657839,-0.03867856640314565,1.0000000000000013,-0.028582335320052197,-0.015790724134572928,-0.019789895451519563,0.9992707656971551,0.0,0.0,0.0,0.0,0.0,0.0,0.0,0.0,0.0,0.0,0.0,0.0,0.0,0.0,0.0,0.0,0.0,0.0,0.0,0.0,0.0,0.0,0.0,0.0,0.0,0.0,0.0,0.0,0.0,0.0,0.0,0.0,0.0,0.0,0.0,0.0,-2.216118612516747
100.35517978668213,100.25549864768982,3.5902909859690184,0.35583769588629793,1.0714423958462407,0.07935713038009282,-0.059609371179135465,-0.043879043317335824,1.0000000000000013,0.03898775765108374,-0.03063949546490551,-0.02072892179276734,0.9985546994893711,0.0,0.0,0.0,0.0,0.0,0.0,0.0,0.0,0.0,0.0,0.0,0.0,0.0,0.0,0.0,0.0,0.0,0.0,0.0,0.0,0.0,0.0,0.0,0.0,0.0,0.0,0.0,0.0,0.0,0.0,0.0,0.0,0.0,0.0,0.0,0.0,-2.514083991155062
100.44929695129395,100.35644125938416,3.6096158235987925,0.39587440756595627,1.0782364109472853,0.15166950247613342,-0.07909082010970278,-0.05982137030551438,1.000000000000001,0.07449004472898108,-0.041667830540622675,-0.026803036446716652,0.9959902722273701,0.0,0.0,0.0,0.0,0.0,0.0,0.0,0.0,0.0,0.0,0.0,0.0,0.0,0.0,0.0,0.0,0.0,0.0,0.0,0.0,0.0,0.0,0.0,0.0,0.0,0.0,0.0,0.0,0.0,0.0,0.0,0.0,0.0,0.0,0.0,0.0,-3.427512043195202
100.55922031402588,100.4567654132843,3.621945812740094,0.43344266206279564,1.0797801493249148,0.12385358625688425,-0.06064096944918852,-0.07304359036550473,1.0000000000000013,0.0607127034353198,-0.03249624225573304,-0.0345520228640549,0.9970276423433987,0.0,0.0,0.0,0.0,0.0,0.0,0.0,0.0,0.0,0.0,0.0,0.0,0.0,0.0,0.0,0.0,0.0,0.0,0.0,0.0,0.0,0.0,0.0,0.0,0.0,0.0,0.0,0.0,0.0,0.0,0.0,0.0,0.0,0.0,0.0,0.0,-4.185089448425863
100.6627368927002,100.55827856063843,3.6297629037592043,0.460463073366738,1.073658256611619,0.06451582483698619,-0.019259799960240777,-0.07204976118164899,1.0000000000000013,0.031883242478068195,-0.010780077321498695,-0.03568630195868269,0.9987961436822549,0.0,0.0,0.0,0.0,0.0,0.0,0.0,0.0,0.0,0.0,0.0,0.0,0.0,0.0,0.0,0.0,0.0,0.0,0.0,0.0,0.0,0.0,0.0,0.0,0.0,0.0,0.0,0.0,0.0,0.0,0.0,0.0,0.0,0.0,0.0,0.0,-4.128147230633998
100.73895049095154,100.65812039375305,3.6355629353224876,0.48139760496839346,1.0677677781862571,0.01713123633984762,0.015068450611777546,-0.0659633727555969,1.0000000000000013,0.008809047070161191,0.007247334519556981,-0.033038060379983365,0.9993889950356711,0.0,0.0,0.0,0.0,0.0,0.0,0.0,0.0,0.0,0.0,0.0,0.0,0.0,0.0,0.0,0.0,0.0,0.0,0.0,0.0,0.0,0.0,0.0,0.0,0.0,0.0,0.0,0.0,0.0,0.0,0.0,0.0,0.0,0.0,0.0,0.0,-3.7794228613439413
100.82259035110474,100.75793862342834,3.6413184488728385,0.49629789300685995,1.0625740639010697,-0.0041241047352469805,0.023937899910433092,-0.05993585689877438,1.0000000000000013,-0.0017023557778367581,0.012025046484932588,-0.02993656426325705,0.9994780149467798,0.0,0.0,0.0,0.0,0.0,0.0,0.0,0.0,0.0,0.0,0.0,0.0,0.0,0.0,0.0,0.0,0.0,0.0,0.0,0.0,0.0,0.0,0.0,0.0,0.0,0.0,0.0,0.0,0.0,0.0,0.0,0.0,0.0,0.0,0.0,0.0,-3.434071641799831
100.92590761184692,100.8574378490448,3.648699543457394,0.5040187623320056,1.0577896443645036,-0.002206313690276027,0.01904954451251306,-0.06252185815006217,1.0000000000000013,-0.0008048675691905095,0.009554447395994469,-0.03124389890757581,0.9994657990667861,0.0,0.0,0.0,0.0,0.0,0.0,0.0,0.0,0.0,0.0,0.0,0.0,0.0,0.0,0.0,0.0,0.0,0.0,0.0,0.0,0.0,0.0,0.0,0.0,0.0,0.0,0.0,0.0,0.0,0.0,0.0,0.0,0.0,0.0,0.0,0.0,-3.582238599314171
101.01654934883118,100.9581298828125,3.6586263297487918,0.5168256957368014,1.053027049999472,-0.0016544781308129302,0.010728246035174001,-0.07246162615768922,1.0000000000000016,-0.0006323811662242976,0.005390539747219033,-0.03621791906496609,0.9993291772553731,0.0,0.0,0.0,0.0,0.0,0.0,0.0,0.0,0.0,0.0,0.0,0.0,0.0,0.0,0.0,0.0,0.0,0.0,0.0,0.0,0.0,0.0,0.0,0.0,0.0,0.0,0.0,0.0,0.0,0.0,0.0,0.0,0.0,0.0,0.0,0.0,-4.151745355490361
101.10488295555115,101.05634379386902,3.674619116860799,0.5299838361064872,1.0482236931307176,-0.0014702861677957525,0.006221352948998718,-0.08257887676132646,1.0000000000000016,-0.0006061115585448651,0.0031383643024628406,-0.04127521185188166,0.9991427026130296,0.0,0.0,0.0,0.0,0.0,0.0,0.0,0.0,0.0,0.0,0.0,0.0,0.0,0.0,0.0,0.0,0.0,0.0,0.0,0.0,0.0,0.0,0.0,0.0,0.0,0.0,0.0,0.0,0.0,0.0,0.0,0.0,0.0,0.0,0.0,0.0,-4.731421115354959
101.21371006965637,101.15768599510193,3.691751586052176,0.5369627973605878,1.045063614126805,-0.007462614126508596,0.0023404091756583593,-0.08033518758349033,1.0000000000000016,-0.0036812948261588665,0.001319089159847114,-0.040152123460333415,0.999185926168809,0.0,0.0,0.0,0.0,0.0,0.0,0.0,0.0,0.0,0.0,0.0,0.0,0.0,0.0,0.0,0.0,0.0,0.0,0.0,0.0,0.0,0.0,0.0,0.0,0.0,0.0,0.0,0.0,0.0,0.0,0.0,0.0,0.0,0.0,0.0,0.0,-4.6028671949257705
101.35727500915527,101.25836086273193,3.7073093267994497,0.5509796057715238,1.043633243831051,-0.011086703626002418,-0.005393144840186861,-0.0673388473153479,1.0000000000000016,-0.005630934919394095,-0.0025083948681824454,-0.0336773624568118,0.9994137460456879,0.0,0.0,0.0,0.0,0.0,0.0,0.0,0.0,0.0,0.0,0.0,0.0,0.0,0.0,0.0,0.0,0.0,0.0,0.0,0.0,0.0,0.0,0.0,0.0,0.0,0.0,0.0,0.0,0.0,0.0,0.0,0.0,0.0,0.0,0.0,0.0,-3.8582317484452884
101.44125032424927,101.35899353027344,3.726132252896895,0.5604686081148362,1.0421848152648854,-0.007814955555656995,-0.012279892379263812,-0.046346038342185474,1.0000000000000016,-0.004048611491572289,-0.006047674277010178,-0.023194316688427644,0.9997044853626444,0.0,0.0,0.0,0.0,0.0,0.0,0.0,0.0,0.0,0.0,0.0,0.0,0.0,0.0,0.0,0.0,0.0,0.0,0.0,0.0,0.0,0.0,0.0,0.0,0.0,0.0,0.0,0.0,0.0,0.0,0.0,0.0,0.0,0.0,0.0,0.0,-2.6554323941587183
101.5344557762146,101.458815574646,3.7426337815257975,0.5721508784723967,1.042804383727097,-0.008574014675155216,-0.017392443471705977,-0.0246807653514415,1.0000000000000016,-0.004393815342400878,-0.008642470282940604,-0.012376766820009532,0.999876401230288,0.0,0.0,0.0,0.0,0.0,0.0,0.0,0.0,0.0,0.0,0.0,0.0,0.0,0.0,0.0,0.0,0.0,0.0,0.0,0.0,0.0,0.0,0.0,0.0,0.0,0.0,0.0,0.0,0.0,0.0,0.0,0.0,0.0,0.0,0.0,0.0,-1.414103689790314
101.62318015098572,101.55840563774109,3.7641023820628328,0.5791877374733194,1.0421537960455094,-0.009862739874505037,-0.017718451143491923,-0.007956942926509468,1.0000000000000018,-0.004966362598532317,-0.00883931344086454,-0.004021943493850734,0.9999405111060207,0.0,0.0,0.0,0.0,0.0,0.0,0.0,0.0,0.0,0.0,0.0,0.0,0.0,0.0,0.0,0.0,0.0,0.0,0.0,0.0,0.0,0.0,0.0,0.0,0.0,0.0,0.0,0.0,0.0,0.0,0.0,0.0,0.0,0.0,0.0,0.0,-0.45589924751546645
101.75582838058472,101.65842175483704,3.7881635261499538,0.5899977277140201,1.044449489141267,-0.009139439494211542,-0.016470348970361773,0.004086874004910712,1.0000000000000018,-0.004552711666254504,-0.008244315805080171,0.0020057131501204904,0.9999536395194294,0.0,0.0,0.0,0.0,0.0,0.0,0.0,0.0,0.0,0.0,0.0,0.0,0.0,0.0,0.0,0.0,0.0,0.0,0.0,0.0,0.0,0.0,0.0,0.0,0.0,0.0,0.0,0.0,0.0,0.0,0.0,0.0,0.0,0.0,0.0,0.0,0.2341606318831119
101.8742208480835,101.75782442092896,3.8111781380176617,0.6057822990602739,1.0478137204714895,-0.0096613692964193,-0.016017076480052114,0.010386781318915963,1.0000000000000018,-0.004788855456539793,-0.008033337812918272,0.005154454542364588,0.9999429803470666,0.0,0.0,0.0,0.0,0.0,0.0,0.0,0.0,0.0,0.0,0.0,0.0,0.0,0.0,0.0,0.0,0.0,0.0,0.0,0.0,0.0,0.0,0.0,0.0,0.0,0.0,0.0,0.0,0.0,0.0,0.0,0.0,0.0,0.0,0.0,0.0,0.5951187322992114
101.94036412239075,101.85834264755249,3.8328435986478513,0.6149051102557906,1.0519983848761962,-0.007077334588572899,-0.020134005709441922,0.02035234435570261,1.0000000000000018,-0.003435857972791907,-0.01010225612836073,0.010139795948154973,0.9998916560504149,0.0,0.0,0.0,0.0,0.0,0.0,0.0,0.0,0.0,0.0,0.0,0.0,0.0,0.0,0.0,0.0,0.0,0.0,0.0,0.0,0.0,0.0,0.0,0.0,0.0,0.0,0.0,0.0,0.0,0.0,0.0,0.0,0.0,0.0,0.0,0.0,1.1661034347786623
102.03795504570007,101.95836853981018,3.8530001374218834,0.6229696313914186,1.055053224489101,-0.0005916035720783896,-0.03066441711850059,0.032215351397363305,1.0000000000000018,-4.8782768194971056e-05,-0.0153343821963503,0.016100550782396396,0.9997527827455169,0.0,0.0,0.0,0.0,0.0,0.0,0.0,0.0,0.0,0.0,0.0,0.0,0.0,0.0,0.0,0.0,0.0,0.0,0.0,0.0,0.0,0.0,0.0,0.0,0.0,0.0,0.0,0.0,0.0,0.0,0.0,0.0,0.0,0.0,0.0,0.0,1.8458036705997964
102.13541555404663,102.05845832824707,3.8736213014348637,0.6350567230093723,1.0578105045885529,0.00632762923135888,-0.03947939376743521,0.04024668662499605,1.0000000000000018,0.0035597266208945906,-0.019670670081223435,0.020180400240112653,0.9995964908557315,0.0,0.0,0.0,0.0,0.0,0.0,0.0,0.0,0.0,0.0,0.0,0.0,0.0,0.0,0.0,0.0,0.0,0.0,0.0,0.0,0.0,0.0,0.0,0.0,0.0,0.0,0.0,0.0,0.0,0.0,0.0,0.0,0.0,0.0,0.0,0.0,2.305965282997893
102.23082518577576,102.15835499763489,3.8949589102710465,0.6454728958381588,1.0624387975364205,0.009586575819147599,-0.0403226827459176,0.0450500699562228,1.0000000000000018,0.0052451402437158345,-0.02004669237013006,0.022614901797787947,0.9995294817290389,0.0,0.0,0.0,0.0,0.0,0.0,0.0,0.0,0.0,0.0,0.0,0.0,0.0,0.0,0.0,0.0,0.0,0.0,0.0,0.0,0.0,0.0,0.0,0.0,0.0,0.0,0.0,0.0,0.0,0.0,0.0,0.0,0.0,0.0,0.0,0.0,2.581178875260676
102.35059189796448,102.25826048851013,3.911870484446524,0.6453453385284138,1.0656506339461156,0.009119566511333674,-0.03488278007288793,0.045856312613606384,1.0000000000000018,0.004957715076538893,-0.017331218464752215,0.02300192591626806,0.9995728894542374,0.0,0.0,0.0,0.0,0.0,0.0,0.0,0.0,0.0,0.0,0.0,0.0,0.0,0.0,0.0,0.0,0.0,0.0,0.0,0.0,0.0,0.0,0.0,0.0,0.0,0.0,0.0,0.0,0.0,0.0,0.0,0.0,0.0,0.0,0.0,0.0,2.627373176792167
102.4493362903595,102.35846543312073,3.930972095149695,0.6510447493941562,1.0694440121941817,0.005056241840230431,-0.030029207448814037,0.04414185316938737,1.0000000000000018,0.0028585634074224887,-0.014954547810113468,0.022104524678626336,0.9996397251529054,0.0,0.0,0.0,0.0,0.0,0.0,0.0,0.0,0.0,0.0,0.0,0.0,0.0,0.0,0.0,0.0,0.0,0.0,0.0,0.0,0.0,0.0,0.0,0.0,0.0,0.0,0.0,0.0,0.0,0.0,0.0,0.0,0.0,0.0,0.0,0.0,2.5291418864920727
102.55754518508911,102.45886707305908,3.9459291285660103,0.6568524350946229,1.0715424259860584,0.0012117365499663998,-0.02627236464033957,0.038436964092337704,1.0000000000000018,0.0008581387259666478,-0.01312173419099751,0.019223594542507178,0.9997287317580787,0.0,0.0,0.0,0.0,0.0,0.0,0.0,0.0,0.0,0.0,0.0,0.0,0.0,0.0,0.0,0.0,0.0,0.0,0.0,0.0,0.0,0.0,0.0,0.0,0.0,0.0,0.0,0.0,0.0,0.0,0.0,0.0,0.0,0.0,0.0,0.0,2.2022758197868435
102.64302849769592,102.5589964389801,3.962209847354523,0.665253060146096,1.0736205074126997,0.0019756575392200237,-0.024903266575450743,0.03244085224237068,1.0000000000000016,0.0011895787190310473,-0.012433646454931903,0.01623074772778369,0.9997902540865786,0.0,0.0,0.0,0.0,0.0,0.0,0.0,0.0,0.0,0.0,0.0,0.0,0.0,0.0,0.0,0.0,0.0,0.0,0.0,0.0,0.0,0.0,0.0,0.0,0.0,0.0,0.0,0.0,0.0,0.0,0.0,0.0,0.0,0.0,0.0,0.0,1.8587239172953527
102.74837493896484,102.65829038619995,3.9792338529940006,0.6686151914296158,1.0744434195328778,0.001859760308165514,-0.023773897797082184,0.029357760419806072,1.0000000000000016,0.0011041908019932098,-0.011871735097829723,0.014688361703147282,0.9998210313345687,0.0,0.0,0.0,0.0,0.0,0.0,0.0,0.0,0.0,0.0,0.0,0.0,0.0,0.0,0.0,0.0,0.0,0.0,0.0,0.0,0.0,0.0,0.0,0.0,0.0,0.0,0.0,0.0,0.0,0.0,0.0,0.0,0.0,0.0,0.0,0.0,1.6820757680111038
102.83790397644043,102.758385181427,3.9932832028897827,0.6744009241199411,1.0767383793479801,0.0001749903622826697,-0.02997766299322468,0.025886942159053156,1.0000000000000016,0.00028147284940294924,-0.014985882367821739,0.012942967008775449,0.9998038926248016,0.0,0.0,0.0,0.0,0.0,0.0,0.0,0.0,0.0,0.0,0.0,0.0,0.0,0.0,0.0,0.0,0.0,0.0,0.0,0.0,0.0,0.0,0.0,0.0,0.0,0.0,0.0,0.0,0.0,0.0,0.0,0.0,0.0,0.0,0.0,0.0,1.4832125302130248
102.96034336090088,102.85831212997437,4.005788476989544,0.6811418200812267,1.0779346923975046,-0.0005028792753075181,-0.033947387302478475,0.02353325015815901,1.0000000000000016,-5.167712706115534e-05,-0.01697466122663454,0.011760390888962836,0.9997867529687806,0.0,0.0,0.0,0.0,0.0,0.0,0.0,0.0,0.0,0.0,0.0,0.0,0.0,0.0,0.0,0.0,0.0,0.0,0.0,0.0,0.0,0.0,0.0,0.0,0.0,0.0,0.0,0.0,0.0,0.0,0.0,0.0,0.0,0.0,0.0,0.0,1.3483559122880884
103.09321403503418,102.95844984054565,4.024673826336151,0.688829943101822,1.0771395302569204,-0.002396908396984274,-0.034521058317149626,0.017152862062460094,1.0000000000000016,-0.0010502068549149103,-0.01726930175224411,0.00855435804957605,0.999813728271879,0.0,0.0,0.0,0.0,0.0,0.0,0.0,0.0,0.0,0.0,0.0,0.0,0.0,0.0,0.0,0.0,0.0,0.0,0.0,0.0,0.0,0.0,0.0,0.0,0.0,0.0,0.0,0.0,0.0,0.0,0.0,0.0,0.0,0.0,0.0,0.0,0.9827866027490281
103.1370038986206,103.0583426952362,4.044802910846222,0.6939968312680407,1.075835310800765,-0.0037827652144990015,-0.03755346824889037,0.01030396379335163,1.0000000000000016,-0.0017942918652289583,-0.018785090645051038,0.005115530307226876,0.9998088478483468,0.0,0.0,0.0,0.0,0.0,0.0,0.0,0.0,0.0,0.0,0.0,0.0,0.0,0.0,0.0,0.0,0.0,0.0,0.0,0.0,0.0,0.0,0.0,0.0,0.0,0.0,0.0,0.0,0.0,0.0,0.0,0.0,0.0,0.0,0.0,0.0,0.5903736376146583
103.25949454307556,103.15830683708191,4.0611039130278535,0.6981173111684018,1.0736825507833496,-0.004650457653669492,-0.04111515625341818,0.001067783194582938,1.0000000000000018,-0.0023137603658317145,-0.020557312827234202,0.0004859796613251944,0.9997858806894929,0.0,0.0,0.0,0.0,0.0,0.0,0.0,0.0,0.0,0.0,0.0,0.0,0.0,0.0,0.0,0.0,0.0,0.0,0.0,0.0,0.0,0.0,0.0,0.0,0.0,0.0,0.0,0.0,0.0,0.0,0.0,0.0,0.0,0.0,0.0,0.0,0.061179470484598694
103.33982872962952,103.25842499732971,4.0775733949176365,0.7065471442588874,1.072624740825256,-0.003910593112686406,-0.04286920472545599,-0.01423462599517298,1.0000000000000016,-0.0021073401557240605,-0.021418464115889897,-0.007157511092654593,0.9997427561864832,0.0,0.0,0.0,0.0,0.0,0.0,0.0,0.0,0.0,0.0,0.0,0.0,0.0,0.0,0.0,0.0,0.0,0.0,0.0,0.0,0.0,0.0,0.0,0.0,0.0,0.0,0.0,0.0,0.0,0.0,0.0,0.0,0.0,0.0,0.0,0.0,-0.8155839924706211
103.40743327140808,103.35837650299072,4.094135614156871,0.7055031458038651,1.071459549247514,-0.00042366390536892275,-0.041094551394796015,-0.01780637393400561,1.0000000000000016,-0.00039469978659030654,-0.020543129604533618,-0.00890554190770445,0.9997492262369914,0.0,0.0,0.0,0.0,0.0,0.0,0.0,0.0,0.0,0.0,0.0,0.0,0.0,0.0,0.0,0.0,0.0,0.0,0.0,0.0,0.0,0.0,0.0,0.0,0.0,0.0,0.0,0.0,0.0,0.0,0.0,0.0,0.0,0.0,0.0,0.0,-1.0202300748502817
103.54256463050842,103.45888209342957,4.109967821935037,0.7120116073116628,1.0711494553474907,0.004307731815387752,-0.03775036345742001,-0.023524460676698927,1.0000000000000016,0.0019313361884836192,-0.018898040739139605,-0.011719187322932945,0.9997508662888179,0.0,0.0,0.0,0.0,0.0,0.0,0.0,0.0,0.0,0.0,0.0,0.0,0.0,0.0,0.0,0.0,0.0,0.0,0.0,0.0,0.0,0.0,0.0,0.0,0.0,0.0,0.0,0.0,0.0,0.0,0.0,0.0,0.0,0.0,0.0,0.0,-1.347852312096317
103.64846706390381,103.55844020843506,4.121391414859852,0.7179787264480889,1.0708199797198945,0.0014305246751683796,-0.0386208326520423,-0.023957466622744828,1.0000000000000016,0.0004837832555368783,-0.01931639210238416,-0.011962400350138125,0.9997417386144157,0.0,0.0,0.0,0.0,0.0,0.0,0.0,0.0,0.0,0.0,0.0,0.0,0.0,0.0,0.0,0.0,0.0,0.0,0.0,0.0,0.0,0.0,0.0,0.0,0.0,0.0,0.0,0.0,0.0,0.0,0.0,0.0,0.0,0.0,0.0,0.0,-1.3726617253088167
103.75722622871399,103.6584358215332,4.134848883631788,0.7212127779635535,1.0694720030483755,0.0034705369382218667,-0.03605534330112246,-0.026552139913800277,1.0000000000000016,0.001495516454974566,-0.018048112536927736,-0.013242224379871522,0.9997483046036455,0.0,0.0,0.0,0.0,0.0,0.0,0.0,0.0,0.0,0.0,0.0,0.0,0.0,0.0,0.0,0.0,0.0,0.0,0.0,0.0,0.0,0.0,0.0,0.0,0.0,0.0,0.0,0.0,0.0,0.0,0.0,0.0,0.0,0.0,0.0,0.0,-1.5213255541016133
103.85182046890259,103.75807404518127,4.149660183360219,0.7250065262689596,1.0682412516562512,0.004129822859391254,-0.036682618037049114,-0.030730844255650255,1.0000000000000013,0.0017825244723323707,-0.018369798228855382,-0.015324333888721568,0.9997122275487114,0.0,0.0,0.0,0.0,0.0,0.0,0.0,0.0,0.0,0.0,0.0,0.0,0.0,0.0,0.0,0.0,0.0,0.0,0.0,0.0,0.0,0.0,0.0,0.0,0.0,0.0,0.0,0.0,0.0,0.0,0.0,0.0,0.0,0.0,0.0,0.0,-1.7607476767226093
103.95337963104248,103.8580105304718,4.1609928642059915,0.731033752974477,1.0685527439574936,0.001435390450392007,-0.039404050713661765,-0.03512753285031257,1.0000000000000013,0.00037144369364994364,-0.019710309398771896,-0.017545313358654818,0.9996517032007382,0.0,0.0,0.0,0.0,0.0,0.0,0.0,0.0,0.0,0.0,0.0,0.0,0.0,0.0,0.0,0.0,0.0,0.0,0.0,0.0,0.0,0.0,0.0,0.0,0.0,0.0,0.0,0.0,0.0,0.0,0.0,0.0,0.0,0.0,0.0,0.0,-2.0126593770300656
104.02939319610596,103.95828866958618,4.174433036203702,0.7348917528518825,1.0688183896314665,0.0009639736578250191,-0.04081044549471873,-0.04217581215657646,1.0000000000000013,5.153770652086917e-05,-0.02040942898370712,-0.021072118779692235,0.9995696165663305,0.0,0.0,0.0,0.0,0.0,0.0,0.0,0.0,0.0,0.0,0.0,0.0,0.0,0.0,0.0,0.0,0.0,0.0,0.0,0.0,0.0,0.0,0.0,0.0,0.0,0.0,0.0,0.0,0.0,0.0,0.0,0.0,0.0,0.0,0.0,0.0,-2.416496034108382
104.15638422966003,104.05838179588318,4.181895404432162,0.7367016410270102,1.0692995491917374,0.0014738331836780451,-0.04101681493476175,-0.04755895624857023,1.0000000000000016,0.00024895430997059874,-0.020518684764755733,-0.02375712289328977,0.9995071388985235,0.0,0.0,0.0,0.0,0.0,0.0,0.0,0.0,0.0,0.0,0.0,0.0,0.0,0.0,0.0,0.0,0.0,0.0,0.0,0.0,0.0,0.0,0.0,0.0,0.0,0.0,0.0,0.0,0.0,0.0,0.0,0.0,0.0,0.0,0.0,0.0,-2.724927471090409
104.25250506401062,104.15778684616089,4.190815105685705,0.7419227015423696,1.0714605702971767,0.0004409203359797883,-0.043047854578862677,-0.05676793879037666,1.0000000000000016,-0.0003904849633626938,-0.021519850996621,-0.028368840993816265,0.9993657750769972,0.0,0.0,0.0,0.0,0.0,0.0,0.0,0.0,0.0,0.0,0.0,0.0,0.0,0.0,0.0,0.0,0.0,0.0,0.0,0.0,0.0,0.0,0.0,0.0,0.0,0.0,0.0,0.0,0.0,0.0,0.0,0.0,0.0,0.0,0.0,0.0,-3.252563304345574
104.3346815109253,104.25828742980957,4.200109663258109,0.7457820483234994,1.071601713547079,-0.00027172715246525096,-0.0425562163924242,-0.05286060489364667,1.0000000000000016,-0.0006980643030366346,-0.02126548167948246,-0.02642413246498564,0.9994243629303042,0.0,0.0,0.0,0.0,0.0,0.0,0.0,0.0,0.0,0.0,0.0,0.0,0.0,0.0,0.0,0.0,0.0,0.0,0.0,0.0,0.0,0.0,0.0,0.0,0.0,0.0,0.0,0.0,0.0,0.0,0.0,0.0,0.0,0.0,0.0,0.0,-3.02868956291454
104.40089178085327,104.35830020904541,4.208651016877247,0.7475126786190555,1.071108834643062,0.002274268448016459,-0.04153626563822758,-0.046089191251764035,1.0000000000000016,0.0006580707407420351,-0.020787309462399917,-0.02301396382639323,0.9995187903072233,0.0,0.0,0.0,0.0,0.0,0.0,0.0,0.0,0.0,0.0,0.0,0.0,0.0,0.0,0.0,0.0,0.0,0.0,0.0,0.0,0.0,0.0,0.0,0.0,0.0,0.0,0.0,0.0,0.0,0.0,0.0,0.0,0.0,0.0,0.0,0.0,-2.640716139897355
104.54424619674683,104.45836281776428,4.2185889330983715,0.7533531291019452,1.0726789765560827,0.002133414102453127,-0.04346774265594353,-0.037658315957734036,1.0000000000000013,0.000657092011667293,-0.021748374912993872,-0.01880041030447411,0.9995864749940939,0.0,0.0,0.0,0.0,0.0,0.0,0.0,0.0,0.0,0.0,0.0,0.0,0.0,0.0,0.0,0.0,0.0,0.0,0.0,0.0,0.0,0.0,0.0,0.0,0.0,0.0,0.0,0.0,0.0,0.0,0.0,0.0,0.0,0.0,0.0,0.0,-2.157662567948319
104.64659976959229,104.55844211578369,4.226992843641642,0.7555509454841818,1.0756422767427536,-0.0015473412495517808,-0.0452611761283558,-0.03074682758884848,1.0000000000000013,-0.0011212469325721666,-0.022614085217117785,-0.015386372320612305,0.9996252325256318,0.0,0.0,0.0,0.0,0.0,0.0,0.0,0.0,0.0,0.0,0.0,0.0,0.0,0.0,0.0,0.0,0.0,0.0,0.0,0.0,0.0,0.0,0.0,0.0,0.0,0.0,0.0,0.0,0.0,0.0,0.0,0.0,0.0,0.0,0.0,0.0,-1.7616634542574192
104.75272035598755,104.65836930274963,4.2317336886882435,0.7591645906223736,1.0756164902323342,-0.0015874914056343001,-0.03966202627848347,-0.019655991723668366,1.0000000000000016,-0.0009884343628592768,-0.019820950165108396,-0.009841641112688112,0.9997546174098296,0.0,0.0,0.0,0.0,0.0,0.0,0.0,0.0,0.0,0.0,0.0,0.0,0.0,0.0,0.0,0.0,0.0,0.0,0.0,0.0,0.0,0.0,0.0,0.0,0.0,0.0,0.0,0.0,0.0,0.0,0.0,0.0,0.0,0.0,0.0,0.0,-1.1262053679102737
104.84283518791199,104.75812816619873,4.2366369910745165,0.7589427434132253,1.0775344908618532,-0.004909337753810287,-0.037262564156004055,-0.007967322198361394,1.0000000000000016,-0.002528436912561981,-0.01862022341126094,-0.00402867774518209,0.9998153149669806,0.0,0.0,0.0,0.0,0.0,0.0,0.0,0.0,0.0,0.0,0.0,0.0,0.0,0.0,0.0,0.0,0.0,0.0,0.0,0.0,0.0,0.0,0.0,0.0,0.0,0.0,0.0,0.0,0.0,0.0,0.0,0.0,0.0,0.0,0.0,0.0,-0.4564939359870008
104.93758201599121,104.8584508895874,4.240913376136304,0.7636490140291711,1.0798548143227744,-0.003404785145112741,-0.03714085154399398,0.002220802143365078,1.0000000000000016,-0.0016814777639688062,-0.018571210077113043,0.0010785954703183454,0.9998255444929459,0.0,0.0,0.0,0.0,0.0,0.0,0.0,0.0,0.0,0.0,0.0,0.0,0.0,0.0,0.0,0.0,0.0,0.0,0.0,0.0,0.0,0.0,0.0,0.0,0.0,0.0,0.0,0.0,0.0,0.0,0.0,0.0,0.0,0.0,0.0,0.0,0.12724258994842616
105.03792428970337,104.95834493637085,4.250302611244721,0.7688052327648703,1.0807648267389816,0.0014752610292025575,-0.030356937597217297,0.011230995260974536,1.0000000000000016,0.0008227647623974343,-0.015173500887871762,0.005626015234370206,0.9998687093221477,0.0,0.0,0.0,0.0,0.0,0.0,0.0,0.0,0.0,0.0,0.0,0.0,0.0,0.0,0.0,0.0,0.0,0.0,0.0,0.0,0.0,0.0,0.0,0.0,0.0,0.0,0.0,0.0,0.0,0.0,0.0,0.0,0.0,0.0,0.0,0.0,0.6434886281852694
105.15975499153137,105.05848622322083,4.258360731477879,0.766702852409465,1.0808193318756503,0.003236257066096965,-0.024717358906311906,0.022059199374473967,1.0000000000000016,0.0017542107137185714,-0.012339751392731782,0.011048515533194879,0.9998612821711087,0.0,0.0,0.0,0.0,0.0,0.0,0.0,0.0,0.0,0.0,0.0,0.0,0.0,0.0,0.0,0.0,0.0,0.0,0.0,0.0,0.0,0.0,0.0,0.0,0.0,0.0,0.0,0.0,0.0,0.0,0.0,0.0,0.0,0.0,0.0,0.0,1.2638990235949839
105.22643637657166,105.15827536582947,4.269345152428229,0.7685735682921584,1.0828561720318706,0.005335873534750652,-0.02658386300135311,0.027563651261804878,1.0000000000000016,0.002850619818545604,-0.013253465958973795,0.01381558048873859,0.9998126571225665,0.0,0.0,0.0,0.0,0.0,0.0,0.0,0.0,0.0,0.0,0.0,0.0,0.0,0.0,0.0,0.0,0.0,0.0,0.0,0.0,0.0,0.0,0.0,0.0,0.0,0.0,0.0,0.0,0.0,0.0,0.0,0.0,0.0,0.0,0.0,0.0,1.5792808852718656
105.33340907096863,105.25845408439636,4.274714103300677,0.7716819170677671,1.0816996218805968,0.002614912945083151,-0.02823217894778108,0.029198785364379313,1.0000000000000016,0.0015132585094311986,-0.014095018833989979,0.014615860683210675,0.9997926870652961,0.0,0.0,0.0,0.0,0.0,0.0,0.0,0.0,0.0,0.0,0.0,0.0,0.0,0.0,0.0,0.0,0.0,0.0,0.0,0.0,0.0,0.0,0.0,0.0,0.0,0.0,0.0,0.0,0.0,0.0,0.0,0.0,0.0,0.0,0.0,0.0,1.6729671682872922
105.41004395484924,105.35830092430115,4.284579253271501,0.7725344971707433,1.0790173363633142,0.0009184524977346327,-0.03474900127274316,0.022754489505309037,1.0000000000000016,0.0006567869194919477,-0.01736727641647814,0.011383258852344305,0.9997841605860335,0.0,0.0,0.0,0.0,0.0,0.0,0.0,0.0,0.0,0.0,0.0,0.0,0.0,0.0,0.0,0.0,0.0,0.0,0.0,0.0,0.0,0.0,0.0,0.0,0.0,0.0,0.0,0.0,0.0,0.0,0.0,0.0,0.0,0.0,0.0,0.0,1.3037362136289323
105.53404569625854,105.45835256576538,4.294289510929201,0.7729955881582684,1.075689523147957,-0.0004985310469436793,-0.04032860444274249,0.01673007620335811,1.0000000000000013,-8.054437399050383e-05,-0.020164314390553932,0.008358214006719681,0.9997617387139716,0.0,0.0,0.0,0.0,0.0,0.0,0.0,0.0,0.0,0.0,0.0,0.0,0.0,0.0,0.0,0.0,0.0,0.0,0.0,0.0,0.0,0.0,0.0,0.0,0.0,0.0,0.0,0.0,0.0,0.0,0.0,0.0,0.0,0.0,0.0,0.0,0.9585627573846718
105.61449432373047,105.55840039253235,4.3060615409055165,0.7737618541952974,1.0737481718623765,-0.0011044642328534601,-0.04271704341441394,0.0037546481934080177,1.0000000000000013,-0.00051201137057468,-0.021357893423388518,0.0018651005759062528,0.9997700233717334,0.0,0.0,0.0,0.0,0.0,0.0,0.0,0.0,0.0,0.0,0.0,0.0,0.0,0.0,0.0,0.0,0.0,0.0,0.0,0.0,0.0,0.0,0.0,0.0,0.0,0.0,0.0,0.0,0.0,0.0,0.0,0.0,0.0,0.0,0.0,0.0,0.21512549503869866
105.73910689353943,105.65845513343811,4.317391064112055,0.7740129897374808,1.0697890801704875,-0.000578319959049847,-0.04055823752699173,-0.004096734760457147,1.0000000000000013,-0.0003306361211127302,-0.020277093280164762,-0.002053808184167281,0.9997922344366394,0.0,0.0,0.0,0.0,0.0,0.0,0.0,0.0,0.0,0.0,0.0,0.0,0.0,0.0,0.0,0.0,0.0,0.0,0.0,0.0,0.0,0.0,0.0,0.0,0.0,0.0,0.0,0.0,0.0,0.0,0.0,0.0,0.0,0.0,0.0,0.0,-0.23472561155873284
105.84141755104065,105.75842189788818,4.327674922659637,0.7740559979236169,1.064813626502353,-0.002537348921501892,-0.03680408419587782,-0.0025145660247096096,1.0000000000000013,-0.0012915935595118047,-0.01839937935489751,-0.0012804136539159392,0.999829062973421,0.0,0.0,0.0,0.0,0.0,0.0,0.0,0.0,0.0,0.0,0.0,0.0,0.0,0.0,0.0,0.0,0.0,0.0,0.0,0.0,0.0,0.0,0.0,0.0,0.0,0.0,0.0,0.0,0.0,0.0,0.0,0.0,0.0,0.0,0.0,0.0,-0.1440740205228497
105.94249176979065,105.85841369628906,4.3351966830077195,0.7775579147947095,1.0629944876207014,-0.0037644360233813844,-0.038198326510293125,-0.00300185809244149,1.000000000000001,-0.0019105361798967002,-0.019095122217906213,-0.001536598621763349,0.9998146653373647,0.0,0.0,0.0,0.0,0.0,0.0,0.0,0.0,0.0,0.0,0.0,0.0,0.0,0.0,0.0,0.0,0.0,0.0,0.0,0.0,0.0,0.0,0.0,0.0,0.0,0.0,0.0,0.0,0.0,0.0,0.0,0.0,0.0,0.0,0.0,0.0,-0.17199379939408949
106.05033612251282,105.95831251144409,4.343793349611963,0.7785890671398044,1.0624357592885647,-0.0029118841437458646,-0.03956637784054559,-0.00453395766158244,1.000000000000001,-0.0015004979762981098,-0.01977852676810561,-0.002295332096826336,0.9998006250424502,0.0,0.0,0.0,0.0,0.0,0.0,0.0,0.0,0.0,0.0,0.0,0.0,0.0,0.0,0.0,0.0,0.0,0.0,0.0,0.0,0.0,0.0,0.0,0.0,0.0,0.0,0.0,0.0,0.0,0.0,0.0,0.0,0.0,0.0,0.0,0.0,-0.2597766384996778
106.13117241859436,106.05831003189087,4.350187103601217,0.7799361073639859,1.059060497265565,0.002191100094476665,-0.03871426652871573,-0.0017382349431455612,1.0000000000000009,0.001078521610410117,-0.019356857495349322,-0.0008477486455524565,0.9998116973616965,0.0,0.0,0.0,0.0,0.0,0.0,0.0,0.0,0.0,0.0,0.0,0.0,0.0,0.0,0.0,0.0,0.0,0.0,0.0,0.0,0.0,0.0,0.0,0.0,0.0,0.0,0.0,0.0,0.0,0.0,0.0,0.0,0.0,0.0,0.0,0.0,-0.09959352604440326
106.21096277236938,106.15802836418152,4.357049032215599,0.7820269748823987,1.0575243971512243,0.0032751854373004566,-0.03882161111763393,-0.0015355254203831684,1.000000000000001,0.0016223810730105726,-0.01941081194900083,-0.0007358319972838025,0.9998100053562219,0.0,0.0,0.0,0.0,0.0,0.0,0.0,0.0,0.0,0.0,0.0,0.0,0.0,0.0,0.0,0.0,0.0,0.0,0.0,0.0,0.0,0.0,0.0,0.0,0.0,0.0,0.0,0.0,0.0,0.0,0.0,0.0,0.0,0.0,0.0,0.0,-0.08797912592300706
106.29938530921936,106.25834918022156,4.362373339234599,0.785404023874097,1.0569144658701233,0.004858785328748863,-0.034678711913279765,-0.0008538972762284878,1.000000000000001,0.0024216222389961636,-0.01733947143728128,-0.0003847612371442408,0.9998466534598193,0.0,0.0,0.0,0.0,0.0,0.0,0.0,0.0,0.0,0.0,0.0,0.0,0.0,0.0,0.0,0.0,0.0,0.0,0.0,0.0,0.0,0.0,0.0,0.0,0.0,0.0,0.0,0.0,0.0,0.0,0.0,0.0,0.0,0.0,0.0,0.0,-0.048924710065608994
106.43646788597107,106.35831117630005,4.370111672790217,0.786457369108413,1.054814792488379,0.004250638386221537,-0.03102404731170143,-0.002277732985682393,1.000000000000001,0.0021073951483039127,-0.01551377664171118,-0.0011057600256793834,0.9998768218709582,0.0,0.0,0.0,0.0,0.0,0.0,0.0,0.0,0.0,0.0,0.0,0.0,0.0,0.0,0.0,0.0,0.0,0.0,0.0,0.0,0.0,0.0,0.0,0.0,0.0,0.0,0.0,0.0,0.0,0.0,0.0,0.0,0.0,0.0,0.0,0.0,-0.1305044869373331
106.54038715362549,106.45900011062622,4.376605238716406,0.7870939142041341,1.05367144929943,0.0007820294755979326,-0.03408528057336115,-0.000123946164165171,1.000000000000001,0.00038990180929817324,-0.017041838181699184,-5.530047667979811e-05,0.9998546997788366,0.0,0.0,0.0,0.0,0.0,0.0,0.0,0.0,0.0,0.0,0.0,0.0,0.0,0.0,0.0,0.0,0.0,0.0,0.0,0.0,0.0,0.0,0.0,0.0,0.0,0.0,0.0,0.0,0.0,0.0,0.0,0.0,0.0,0.0,0.0,0.0,-0.007101592093499943
106.61955237388611,106.55834770202637,4.383651727553845,0.7875903597300015,1.0555875400607984,0.0042758338285903705,-0.038188379905537154,-0.0001914154787636251,1.000000000000001,0.002135698211962081,-0.01909319057770792,-5.487079422516987e-05,0.9998154258941542,0.0,0.0,0.0,0.0,0.0,0.0,0.0,0.0,0.0,0.0,0.0,0.0,0.0,0.0,0.0,0.0,0.0,0.0,0.0,0.0,0.0,0.0,0.0,0.0,0.0,0.0,0.0,0.0,0.0,0.0,0.0,0.0,0.0,0.0,0.0,0.0,-0.010967299066631755
106.74657869338989,106.65826892852783,4.392364587295975,0.7899738831801906,1.0580006197668947,0.002706131441404717,-0.03893819343379532,0.007670174400653696,1.0000000000000009,0.001427459646053264,-0.019462517680481975,0.0038606885788817352,0.9998021143447311,0.0,0.0,0.0,0.0,0.0,0.0,0.0,0.0,0.0,0.0,0.0,0.0,0.0,0.0,0.0,0.0,0.0,0.0,0.0,0.0,0.0,0.0,0.0,0.0,0.0,0.0,0.0,0.0,0.0,0.0,0.0,0.0,0.0,0.0,0.0,0.0,0.4394686212867425
106.84826803207397,106.7584183216095,4.4024157450162535,0.7934352192024489,1.058906757035536,0.0024496923303945497,-0.03934333285032037,0.014946115986647695,1.0000000000000009,0.0013715712239465107,-0.019660682208358354,0.0074956294826767494,0.9997776712380309,0.0,0.0,0.0,0.0,0.0,0.0,0.0,0.0,0.0,0.0,0.0,0.0,0.0,0.0,0.0,0.0,0.0,0.0,0.0,0.0,0.0,0.0,0.0,0.0,0.0,0.0,0.0,0.0,0.0,0.0,0.0,0.0,0.0,0.0,0.0,0.0,0.8563493661479212
106.95458602905273,106.85821390151978,4.4118635176772925,0.7950905676836185,1.0602789190148565,0.004603698191932393,-0.043969827644444466,0.018715061035170795,1.0000000000000009,0.0025068944317332923,-0.021960588073602363,0.009405707494982716,0.999711448728227,0.0,0.0,0.0,0.0,0.0,0.0,0.0,0.0,0.0,0.0,0.0,0.0,0.0,0.0,0.0,0.0,0.0,0.0,0.0,0.0,0.0,0.0,0.0,0.0,0.0,0.0,0.0,0.0,0.0,0.0,0.0,0.0,0.0,0.0,0.0,0.0,1.072294010645024
107.05313181877136,106.95821738243103,4.421889590806297,0.7943421113523459,1.0641982155447165,0.00706033723043959,-0.04801690230197553,0.013761944220932057,1.0000000000000009,0.003694243660993386,-0.02398114313711835,0.006963635499551789,0.999681331784405,0.0,0.0,0.0,0.0,0.0,0.0,0.0,0.0,0.0,0.0,0.0,0.0,0.0,0.0,0.0,0.0,0.0,0.0,0.0,0.0,0.0,0.0,0.0,0.0,0.0,0.0,0.0,0.0,0.0,0.0,0.0,0.0,0.0,0.0,0.0,0.0,0.7885013217538607
107.11315631866455,107.05824756622314,4.432886127643247,0.7959158134750977,1.0657515282129777,0.008303837170664975,-0.05550978356400747,0.007363476129985144,1.0000000000000007,0.004252451463690377,-0.027735620905686986,0.003795500180658828,0.9995990427005746,0.0,0.0,0.0,0.0,0.0,0.0,0.0,0.0,0.0,0.0,0.0,0.0,0.0,0.0,0.0,0.0,0.0,0.0,0.0,0.0,0.0,0.0,0.0,0.0,0.0,0.0,0.0,0.0,0.0,0.0,0.0,0.0,0.0,0.0,0.0,0.0,0.4218961047934735
107.25351881980896,107.15826225280762,4.440199004983046,0.797538413420884,1.064292211570762,0.010779738392695666,-0.06149897007069284,0.0001711321665587527,1.0000000000000007,0.005389925809625209,-0.03074373184237332,0.0002512331738503742,0.9995127355537121,0.0,0.0,0.0,0.0,0.0,0.0,0.0,0.0,0.0,0.0,0.0,0.0,0.0,0.0,0.0,0.0,0.0,0.0,0.0,0.0,0.0,0.0,0.0,0.0,0.0,0.0,0.0,0.0,0.0,0.0,0.0,0.0,0.0,0.0,0.0,0.0,0.009805150882746375
107.31824064254761,107.25825762748718,4.448478392710689,0.7966205815686996,1.063964486044793,0.01295269284651458,-0.06095799210613073,-0.012453399930951146,1.0000000000000007,0.006283418775303928,-0.030513354411579357,-0.006026280472779421,0.999496442112083,0.0,0.0,0.0,0.0,0.0,0.0,0.0,0.0,0.0,0.0,0.0,0.0,0.0,0.0,0.0,0.0,0.0,0.0,0.0,0.0,0.0,0.0,0.0,0.0,0.0,0.0,0.0,0.0,0.0,0.0,0.0,0.0,0.0,0.0,0.0,0.0,-0.7135272566320116
107.40111827850342,107.3558931350708,4.454652324502858,0.8000538618913082,1.0636014681111954,0.01096782051855717,-0.05878791340796854,-0.022864338569910662,1.0000000000000007,0.005145179764265877,-0.029450025954608397,-0.011265650912598348,0.9994895238100214,0.0,0.0,0.0,0.0,0.0,0.0,0.0,0.0,0.0,0.0,0.0,0.0,0.0,0.0,0.0,0.0,0.0,0.0,0.0,0.0,0.0,0.0,0.0,0.0,0.0,0.0,0.0,0.0,0.0,0.0,0.0,0.0,0.0,0.0,0.0,0.0,-1.3100301014140652
107.54229617118835,107.45999884605408,4.461846913725618,0.8013806163955822,1.0599427698306476,0.010546818479569009,-0.05490754984547948,-0.027239906704571323,1.0000000000000007,0.004897053292585068,-0.02751919266035699,-0.013469467993210216,0.999518527260177,0.0,0.0,0.0,0.0,0.0,0.0,0.0,0.0,0.0,0.0,0.0,0.0,0.0,0.0,0.0,0.0,0.0,0.0,0.0,0.0,0.0,0.0,0.0,0.0,0.0,0.0,0.0,0.0,0.0,0.0,0.0,0.0,0.0,0.0,0.0,0.0,-1.5607316885020515
107.6371533870697,107.55410242080688,4.470543182448364,0.7977532875310359,1.0587828843607319,0.011819853267550764,-0.05389505629594921,-0.02774381673178858,1.0000000000000009,0.005533428279026707,-0.02702315304936726,-0.013706962714997202,0.9995255122026064,0.0,0.0,0.0,0.0,0.0,0.0,0.0,0.0,0.0,0.0,0.0,0.0,0.0,0.0,0.0,0.0,0.0,0.0,0.0,0.0,0.0,0.0,0.0,0.0,0.0,0.0,0.0,0.0,0.0,0.0,0.0,0.0,0.0,0.0,0.0,0.0,-1.5896036063159227
107.7077145576477,107.65388488769531,4.476115566832876,0.7960823195329241,1.0590579274577188,0.00852233780010011,-0.054222136646879845,-0.025161745476385923,1.0000000000000009,0.003918225982012693,-0.027158943899667987,-0.012460302359485283,0.9995457869134964,0.0,0.0,0.0,0.0,0.0,0.0,0.0,0.0,0.0,0.0,0.0,0.0,0.0,0.0,0.0,0.0,0.0,0.0,0.0,0.0,0.0,0.0,0.0,0.0,0.0,0.0,0.0,0.0,0.0,0.0,0.0,0.0,0.0,0.0,0.0,0.0,-1.4416618209793044
107.8215057849884,107.75813484191895,4.4812280356785585,0.7954569395150201,1.05847179774287,0.007679138184078824,-0.054448950737116676,-0.018790136241306925,1.0000000000000009,0.0035822289102275862,-0.02725576951658116,-0.009286866795312295,0.9995789337362117,0.0,0.0,0.0,0.0,0.0,0.0,0.0,0.0,0.0,0.0,0.0,0.0,0.0,0.0,0.0,0.0,0.0,0.0,0.0,0.0,0.0,0.0,0.0,0.0,0.0,0.0,0.0,0.0,0.0,0.0,0.0,0.0,0.0,0.0,0.0,0.0,-1.076595503102699
107.9451858997345,107.85829997062683,4.486758560952709,0.7930822744789741,1.057277631808437,0.006948359014871804,-0.05177290462645711,-0.012198565725630082,1.0000000000000009,0.003315074717321782,-0.02590410636651244,-0.006007242501449133,0.9996408858137515,0.0,0.0,0.0,0.0,0.0,0.0,0.0,0.0,0.0,0.0,0.0,0.0,0.0,0.0,0.0,0.0,0.0,0.0,0.0,0.0,0.0,0.0,0.0,0.0,0.0,0.0,0.0,0.0,0.0,0.0,0.0,0.0,0.0,0.0,0.0,0.0,-0.6989263321915442
108.02422428131104,107.95805382728577,4.490005613609162,0.7895723338365895,1.0589166336489682,0.007297346976567767,-0.05189893562525007,-0.008558156229429304,1.000000000000001,0.00353637734810516,-0.025961752988185923,-0.004182926523007338,0.9996479302948301,0.0,0.0,0.0,0.0,0.0,0.0,0.0,0.0,0.0,0.0,0.0,0.0,0.0,0.0,0.0,0.0,0.0,0.0,0.0,0.0,0.0,0.0,0.0,0.0,0.0,0.0,0.0,0.0,0.0,0.0,0.0,0.0,0.0,0.0,0.0,0.0,-0.4903462323598934
108.1448667049408,108.05659604072571,4.495900416328412,0.783313887534272,1.0612775645406423,0.006904966715154461,-0.05357916533506112,-0.007258892884712522,1.000000000000001,0.003353996019055849,-0.026798568370796277,-0.0035356358052461207,0.9996289745317684,0.0,0.0,0.0,0.0,0.0,0.0,0.0,0.0,0.0,0.0,0.0,0.0,0.0,0.0,0.0,0.0,0.0,0.0,0.0,0.0,0.0,0.0,0.0,0.0,0.0,0.0,0.0,0.0,0.0,0.0,0.0,0.0,0.0,0.0,0.0,0.0,-0.4159039262315708
108.2510871887207,108.15653562545776,4.499607696466716,0.7797624944152965,1.0605418053203552,0.0037617739435820384,-0.049950892114501586,-0.011102745370169613,1.000000000000001,0.0017416376591790179,-0.024982858850166285,-0.005502632700029564,0.9996712181989175,0.0,0.0,0.0,0.0,0.0,0.0,0.0,0.0,0.0,0.0,0.0,0.0,0.0,0.0,0.0,0.0,0.0,0.0,0.0,0.0,0.0,0.0,0.0,0.0,0.0,0.0,0.0,0.0,0.0,0.0,0.0,0.0,0.0,0.0,0.0,0.0,-0.6361404507191337
108.34421563148499,108.25828862190247,4.502385049664612,0.7771744423501569,1.060713361592645,0.001448690449957995,-0.04910461383350341,-0.021055782358551947,1.000000000000001,0.00046563351550139826,-0.024556096689429364,-0.010506739396331295,0.9996431311863593,0.0,0.0,0.0,0.0,0.0,0.0,0.0,0.0,0.0,0.0,0.0,0.0,0.0,0.0,0.0,0.0,0.0,0.0,0.0,0.0,0.0,0.0,0.0,0.0,0.0,0.0,0.0,0.0,0.0,0.0,0.0,0.0,0.0,0.0,0.0,0.0,-1.2064074634910409
108.4357500076294,108.3580904006958,4.505213237106474,0.7748622133428259,1.0620697758248927,-0.0003033531752461499,-0.05347127675995398,-0.03374708037737337,1.000000000000001,-0.0006026505148837123,-0.026726089327717657,-0.016870763510353066,0.9995002402701981,0.0,0.0,0.0,0.0,0.0,0.0,0.0,0.0,0.0,0.0,0.0,0.0,0.0,0.0,0.0,0.0,0.0,0.0,0.0,0.0,0.0,0.0,0.0,0.0,0.0,0.0,0.0,0.0,0.0,0.0,0.0,0.0,0.0,0.0,0.0,0.0,-1.9335652765122515
108.5501937866211,108.45773148536682,4.506716208815128,0.7776716615138873,1.0609964784580441,6.628525729452119e-05,-0.05659843802053737,-0.043558427129785644,1.000000000000001,-0.0005830822539665229,-0.02828945292002673,-0.02176783463562906,0.9993625609576581,0.0,0.0,0.0,0.0,0.0,0.0,0.0,0.0,0.0,0.0,0.0,0.0,0.0,0.0,0.0,0.0,0.0,0.0,0.0,0.0,0.0,0.0,0.0,0.0,0.0,0.0,0.0,0.0,0.0,0.0,0.0,0.0,0.0,0.0,0.0,0.0,-2.4957140367648614
108.64690041542053,108.55648231506348,4.512764487088288,0.774537762657433,1.0593274442902705,0.0044781654392168115,-0.06203465530793108,-0.05108989239849347,1.000000000000001,0.0014451529118518123,-0.031059322234904006,-0.02546040182689176,0.999192172694615,0.0,0.0,0.0,0.0,0.0,0.0,0.0,0.0,0.0,0.0,0.0,0.0,0.0,0.0,0.0,0.0,0.0,0.0,0.0,0.0,0.0,0.0,0.0,0.0,0.0,0.0,0.0,0.0,0.0,0.0,0.0,0.0,0.0,0.0,0.0,0.0,-2.9272352102111827
108.74345469474792,108.65625524520874,4.514168614300794,0.7706429382049014,1.0594176231892567,0.007663200212929925,-0.0661652102237425,-0.05540154744751171,1.000000000000001,0.0029119023022795842,-0.03316970497006473,-0.02755518542095759,0.999065565042455,0.0,0.0,0.0,0.0,0.0,0.0,0.0,0.0,0.0,0.0,0.0,0.0,0.0,0.0,0.0,0.0,0.0,0.0,0.0,0.0,0.0,0.0,0.0,0.0,0.0,0.0,0.0,0.0,0.0,0.0,0.0,0.0,0.0,0.0,0.0,0.0,-3.1742748472362
108.83453154563904,108.758371591568,4.518127316466568,0.7714572244741807,1.0602567639665912,0.009631072699545589,-0.06775954146284041,-0.057318416651255824,1.0000000000000013,0.0038401404153874438,-0.03399689797745505,-0.028475458525229903,0.99900881503182,0.0,0.0,0.0,0.0,0.0,0.0,0.0,0.0,0.0,0.0,0.0,0.0,0.0,0.0,0.0,0.0,0.0,0.0,0.0,0.0,0.0,0.0,0.0,0.0,0.0,0.0,0.0,0.0,0.0,0.0,0.0,0.0,0.0,0.0,0.0,0.0,-3.2841033624893403
108.95748138427734,108.85837435722351,4.5219896999604225,0.7699006865413965,1.0595444289652998,0.01155772600593232,-0.06231761570032091,-0.054504433916841406,1.0000000000000016,0.004924991133932361,-0.03129906827978814,-0.027055197034399243,0.9991316875670497,0.0,0.0,0.0,0.0,0.0,0.0,0.0,0.0,0.0,0.0,0.0,0.0,0.0,0.0,0.0,0.0,0.0,0.0,0.0,0.0,0.0,0.0,0.0,0.0,0.0,0.0,0.0,0.0,0.0,0.0,0.0,0.0,0.0,0.0,0.0,0.0,-3.122874028184711
109.16744661331177,108.95808029174805,4.521470104698194,0.7686912343111778,1.0591897431441317,0.013533178851859704,-0.05789622883788287,-0.05226382145601262,1.0000000000000013,0.006005133075480441,-0.029110255443922574,-0.025921607298064624,0.9992219981965084,0.0,0.0,0.0,0.0,0.0,0.0,0.0,0.0,0.0,0.0,0.0,0.0,0.0,0.0,0.0,0.0,0.0,0.0,0.0,0.0,0.0,0.0,0.0,0.0,0.0,0.0,0.0,0.0,0.0,0.0,0.0,0.0,0.0,0.0,0.0,0.0,-2.9944963906548003
109.19965982437134,109.05714273452759,4.52440126760145,0.7746539619193944,1.0615046471921634,0.0119629593789293,-0.059880558379567475,-0.05673131751154901,1.0000000000000013,0.005127338343883334,-0.030092797196438682,-0.02816964944676649,0.9991369299592776,0.0,0.0,0.0,0.0,0.0,0.0,0.0,0.0,0.0,0.0,0.0,0.0,0.0,0.0,0.0,0.0,0.0,0.0,0.0,0.0,0.0,0.0,0.0,0.0,0.0,0.0,0.0,0.0,0.0,0.0,0.0,0.0,0.0,0.0,0.0,0.0,-3.250465059628378
109.22980666160583,109.15650343894958,4.524451856491953,0.7786421392604788,1.0611780004126607,0.015176423160587298,-0.060426105615631706,-0.05427648347227307,1.0000000000000013,0.006762202691705675,-0.03040227322520734,-0.02689260447201069,0.9991530224255998,0.0,0.0,0.0,0.0,0.0,0.0,0.0,0.0,0.0,0.0,0.0,0.0,0.0,0.0,0.0,0.0,0.0,0.0,0.0,0.0,0.0,0.0,0.0,0.0,0.0,0.0,0.0,0.0,0.0,0.0,0.0,0.0,0.0,0.0,0.0,0.0,-3.1098134297728146
109.32523727416992,109.25819206237793,4.524222041119861,0.7805688792615565,1.0603778146991447,0.014939813492354235,-0.05774421500332655,-0.04698995529676589,1.0000000000000013,0.00678648933852159,-0.029034738136530663,-0.023266789371758762,0.9992845360837594,0.0,0.0,0.0,0.0,0.0,0.0,0.0,0.0,0.0,0.0,0.0,0.0,0.0,0.0,0.0,0.0,0.0,0.0,0.0,0.0,0.0,0.0,0.0,0.0,0.0,0.0,0.0,0.0,0.0,0.0,0.0,0.0,0.0,0.0,0.0,0.0,-2.692326118013093
109.43236470222473,109.35779762268066,4.520041661917189,0.7775976289113733,1.0593168126718575,0.014769294939968763,-0.053275737882022646,-0.0438002777001119,1.0000000000000013,0.006796948853300728,-0.026789258802616404,-0.021693383521524043,0.9993825764993519,0.0,0.0,0.0,0.0,0.0,0.0,0.0,0.0,0.0,0.0,0.0,0.0,0.0,0.0,0.0,0.0,0.0,0.0,0.0,0.0,0.0,0.0,0.0,0.0,0.0,0.0,0.0,0.0,0.0,0.0,0.0,0.0,0.0,0.0,0.0,0.0,-2.5095710537173876
109.54271697998047,109.45723915100098,4.52181611658633,0.7797645648738577,1.0576750540570368,0.014196452459861824,-0.04988921583988608,-0.04420236443689236,1.0000000000000013,0.006543036004628371,-0.025092117843946615,-0.021914951920231313,0.9994234884093351,0.0,0.0,0.0,0.0,0.0,0.0,0.0,0.0,0.0,0.0,0.0,0.0,0.0,0.0,0.0,0.0,0.0,0.0,0.0,0.0,0.0,0.0,0.0,0.0,0.0,0.0,0.0,0.0,0.0,0.0,0.0,0.0,0.0,0.0,0.0,0.0,-2.532608926733096
109.60922431945801,109.55654764175415,4.521446995639786,0.784004475954657,1.0555931503857434,0.011790377527939508,-0.045810430543653795,-0.044136251912984766,1.0000000000000016,0.005386792028462356,-0.023027288177658773,-0.021925178070200446,0.9994798712517518,0.0,0.0,0.0,0.0,0.0,0.0,0.0,0.0,0.0,0.0,0.0,0.0,0.0,0.0,0.0,0.0,0.0,0.0,0.0,0.0,0.0,0.0,0.0,0.0,0.0,0.0,0.0,0.0,0.0,0.0,0.0,0.0,0.0,0.0,0.0,0.0,-2.528820958140233
109.73971843719482,109.6584005355835,4.519631769832336,0.7863326820785126,1.0553174519785367,0.014418610774388043,-0.04354938225392368,-0.04155662381388265,1.0000000000000016,0.006753616829287682,-0.021917454447780337,-0.02061441892299851,0.9995244167016246,0.0,0.0,0.0,0.0,0.0,0.0,0.0,0.0,0.0,0.0,0.0,0.0,0.0,0.0,0.0,0.0,0.0,0.0,0.0,0.0,0.0,0.0,0.0,0.0,0.0,0.0,0.0,0.0,0.0,0.0,0.0,0.0,0.0,0.0,0.0,0.0,-2.3810191553483264
109.84089016914368,109.75824546813965,4.517029149412186,0.784584173241021,1.0574336633611232,0.017913705252736885,-0.04271044857264378,-0.035160033932368565,1.0000000000000016,0.008577944607694725,-0.021506860602623835,-0.01738316923071403,0.9995807617400538,0.0,0.0,0.0,0.0,0.0,0.0,0.0,0.0,0.0,0.0,0.0,0.0,0.0,0.0,0.0,0.0,0.0,0.0,0.0,0.0,0.0,0.0,0.0,0.0,0.0,0.0,0.0,0.0,0.0,0.0,0.0,0.0,0.0,0.0,0.0,0.0,-2.014521551861482
109.9145154953003,109.85820698738098,4.513398415729096,0.7879539102378348,1.0566219322033037,0.01711236582242051,-0.040646184464129986,-0.02704803080920217,1.0000000000000016,0.008278716893817484,-0.020434776209646562,-0.01334645741863715,0.999667822250086,0.0,0.0,0.0,0.0,0.0,0.0,0.0,0.0,0.0,0.0,0.0,0.0,0.0,0.0,0.0,0.0,0.0,0.0,0.0,0.0,0.0,0.0,0.0,0.0,0.0,0.0,0.0,0.0,0.0,0.0,0.0,0.0,0.0,0.0,0.0,0.0,-1.5497380095071052
110.0577757358551,109.95784091949463,4.511606230008875,0.7931164107748763,1.0559874548150856,0.0161162421696568,-0.040156007036110705,-0.013698147856949863,1.0000000000000016,0.007918719817060329,-0.02013071036744499,-0.006685643030152853,0.9997436424173136,0.0,0.0,0.0,0.0,0.0,0.0,0.0,0.0,0.0,0.0,0.0,0.0,0.0,0.0,0.0,0.0,0.0,0.0,0.0,0.0,0.0,0.0,0.0,0.0,0.0,0.0,0.0,0.0,0.0,0.0,0.0,0.0,0.0,0.0,0.0,0.0,-0.7848460593494004
110.11370992660522,110.05694603919983,4.5121673242737135,0.7957919072849656,1.0579255085056996,0.01612929993462734,-0.037513629770626035,-0.011234882979088008,1.0000000000000016,0.00795766159046208,-0.01880010324148778,-0.005464986929296782,0.999776657888144,0.0,0.0,0.0,0.0,0.0,0.0,0.0,0.0,0.0,0.0,0.0,0.0,0.0,0.0,0.0,0.0,0.0,0.0,0.0,0.0,0.0,0.0,0.0,0.0,0.0,0.0,0.0,0.0,0.0,0.0,0.0,0.0,0.0,0.0,0.0,0.0,-0.643711378025108
110.23363590240479,110.156503200531,4.513878484297764,0.7976233494388896,1.0596198153011072,0.01749542411033735,-0.039728845984928096,-0.008470335186667928,1.0000000000000016,0.008661676071862285,-0.0198992186369014,-0.004060404314317751,0.9997562250779308,0.0,0.0,0.0,0.0,0.0,0.0,0.0,0.0,0.0,0.0,0.0,0.0,0.0,0.0,0.0,0.0,0.0,0.0,0.0,0.0,0.0,0.0,0.0,0.0,0.0,0.0,0.0,0.0,0.0,0.0,0.0,0.0,0.0,0.0,0.0,0.0,-0.4853144572572286
110.32887005805969,110.25614476203918,4.514248356713749,0.7930591298731908,1.0616441016485023,0.016596251948853,-0.04518543940366422,-0.0016921165726433457,1.0000000000000016,0.008276797605076226,-0.022597030702647316,-0.0006583540786143165,0.9997101756983063,0.0,0.0,0.0,0.0,0.0,0.0,0.0,0.0,0.0,0.0,0.0,0.0,0.0,0.0,0.0,0.0,0.0,0.0,0.0,0.0,0.0,0.0,0.0,0.0,0.0,0.0,0.0,0.0,0.0,0.0,0.0,0.0,0.0,0.0,0.0,0.0,-0.09695113805660568
110.41140413284302,110.35803127288818,4.512623351697441,0.7890546249334801,1.063394811450261,0.013830101338885434,-0.05165592046740265,-0.005253474908075755,1.0000000000000016,0.006844831371479686,-0.025842540020768242,-0.002447215817146363,0.9996395963263552,0.0,0.0,0.0,0.0,0.0,0.0,0.0,0.0,0.0,0.0,0.0,0.0,0.0,0.0,0.0,0.0,0.0,0.0,0.0,0.0,0.0,0.0,0.0,0.0,0.0,0.0,0.0,0.0,0.0,0.0,0.0,0.0,0.0,0.0,0.0,0.0,-0.3010019400106189
110.5234043598175,110.45785522460938,4.511432742781592,0.7912687450701342,1.0661618878494572,0.011023828890538758,-0.05503519704753692,-0.011991756910114715,1.0000000000000016,0.005344732916917484,-0.02754624922265016,-0.005841829532349817,0.9995891711155782,0.0,0.0,0.0,0.0,0.0,0.0,0.0,0.0,0.0,0.0,0.0,0.0,0.0,0.0,0.0,0.0,0.0,0.0,0.0,0.0,0.0,0.0,0.0,0.0,0.0,0.0,0.0,0.0,0.0,0.0,0.0,0.0,0.0,0.0,0.0,0.0,-0.6870770598964141
110.66746425628662,110.55686569213867,4.5113172921722935,0.7919579764652388,1.0641162441719614,0.011206635822340336,-0.04825180521982379,-0.013741812019429037,1.0000000000000016,0.005435778898859415,-0.024161102267454243,-0.006733576502482874,0.9996706219512869,0.0,0.0,0.0,0.0,0.0,0.0,0.0,0.0,0.0,0.0,0.0,0.0,0.0,0.0,0.0,0.0,0.0,0.0,0.0,0.0,0.0,0.0,0.0,0.0,0.0,0.0,0.0,0.0,0.0,0.0,0.0,0.0,0.0,0.0,0.0,0.0,-0.7873478315754306
110.71623945236206,110.65429782867432,4.508163754357541,0.7920759083955305,1.0637743582521058,0.010855283875848639,-0.04648550646757,-0.018945385227863012,1.0000000000000016,0.0052057607404480954,-0.02329067502710162,-0.00934371721093869,0.9996715157793485,0.0,0.0,0.0,0.0,0.0,0.0,0.0,0.0,0.0,0.0,0.0,0.0,0.0,0.0,0.0,0.0,0.0,0.0,0.0,0.0,0.0,0.0,0.0,0.0,0.0,0.0,0.0,0.0,0.0,0.0,0.0,0.0,0.0,0.0,0.0,0.0,-1.085490614806046
110.85339760780334,110.75843048095703,4.50939616546014,0.787678588908634,1.064624027997871,0.009695824662562039,-0.044457740173461914,-0.03272374857112036,1.0000000000000016,0.004482391395738208,-0.022303100685822363,-0.016249170105944934,0.999609145785514,0.0,0.0,0.0,0.0,0.0,0.0,0.0,0.0,0.0,0.0,0.0,0.0,0.0,0.0,0.0,0.0,0.0,0.0,0.0,0.0,0.0,0.0,0.0,0.0,0.0,0.0,0.0,0.0,0.0,0.0,0.0,0.0,0.0,0.0,0.0,0.0,-1.874932682972455
110.90730905532837,110.85829424858093,4.510934185086439,0.7830863122213775,1.0614704054166133,0.0104968437482938,-0.0436875830405689,-0.037794049512161636,1.0000000000000016,0.004833489251301069,-0.02193700343903601,-0.01877651666186717,0.999571331963769,0.0,0.0,0.0,0.0,0.0,0.0,0.0,0.0,0.0,0.0,0.0,0.0,0.0,0.0,0.0,0.0,0.0,0.0,0.0,0.0,0.0,0.0,0.0,0.0,0.0,0.0,0.0,0.0,0.0,0.0,0.0,0.0,0.0,0.0,0.0,0.0,-2.1654395277553298
111.02606320381165,110.95832872390747,4.5107501423344685,0.7829526464876273,1.058293104099691,0.008517800824997954,-0.045343122774235516,-0.03496140004836913,1.0000000000000016,0.0038608854924485547,-0.022740375547115235,-0.017378626551166974,0.9995828891204513,0.0,0.0,0.0,0.0,0.0,0.0,0.0,0.0,0.0,0.0,0.0,0.0,0.0,0.0,0.0,0.0,0.0,0.0,0.0,0.0,0.0,0.0,0.0,0.0,0.0,0.0,0.0,0.0,0.0,0.0,0.0,0.0,0.0,0.0,0.0,0.0,-2.0031406686400235
111.15601849555969,111.05832934379578,4.508922889647108,0.7827974553458057,1.0562154020042591,0.006824103336840058,-0.04886840011250998,-0.03551725014153221,1.0000000000000016,0.0029766394083954578,-0.02448834615791957,-0.017668938502843134,0.9995395285492557,0.0,0.0,0.0,0.0,0.0,0.0,0.0,0.0,0.0,0.0,0.0,0.0,0.0,0.0,0.0,0.0,0.0,0.0,0.0,0.0,0.0,0.0,0.0,0.0,0.0,0.0,0.0,0.0,0.0,0.0,0.0,0.0,0.0,0.0,0.0,0.0,-2.0349885330202215
111.24496483802795,111.15829992294312,4.509733368024301,0.7815746329972535,1.0555025085558993,0.0055691862100157455,-0.05154784746795276,-0.04010104110812299,1.0000000000000016,0.002266418383867717,-0.025821600426029923,-0.01997069306953708,0.999464496476725,0.0,0.0,0.0,0.0,0.0,0.0,0.0,0.0,0.0,0.0,0.0,0.0,0.0,0.0,0.0,0.0,0.0,0.0,0.0,0.0,0.0,0.0,0.0,0.0,0.0,0.0,0.0,0.0,0.0,0.0,0.0,0.0,0.0,0.0,0.0,0.0,-2.2976204095760653
111.35864090919495,111.25832390785217,4.509891435968716,0.7757027666094888,1.0510488800774187,0.007117695313481633,-0.04880355742653861,-0.03099803358985498,1.0000000000000016,0.0031792048204670816,-0.024451411982169404,-0.015406861168688486,0.9995772355039503,0.0,0.0,0.0,0.0,0.0,0.0,0.0,0.0,0.0,0.0,0.0,0.0,0.0,0.0,0.0,0.0,0.0,0.0,0.0,0.0,0.0,0.0,0.0,0.0,0.0,0.0,0.0,0.0,0.0,0.0,0.0,0.0,0.0,0.0,0.0,0.0,-1.7760564979034505
111.47417783737183,111.3581931591034,4.5093240321420645,0.7729309020975468,1.0490204868094197,0.00368605787832783,-0.04518446180921787,-0.017523342529897828,1.0000000000000013,0.0016445608502742544,-0.02260554729785376,-0.008717675422208278,0.9997050999100736,0.0,0.0,0.0,0.0,0.0,0.0,0.0,0.0,0.0,0.0,0.0,0.0,0.0,0.0,0.0,0.0,0.0,0.0,0.0,0.0,0.0,0.0,0.0,0.0,0.0,0.0,0.0,0.0,0.0,0.0,0.0,0.0,0.0,0.0,0.0,0.0,-1.0040135699252442
111.56357479095459,111.45801043510437,4.512296715333981,0.7718197510506944,1.0501368772750863,0.0027267099626512264,-0.04491079095177215,-0.015564981914311448,1.0000000000000013,0.0011882272651918193,-0.022463415030392973,-0.007749831961991045,0.9997169215361429,0.0,0.0,0.0,0.0,0.0,0.0,0.0,0.0,0.0,0.0,0.0,0.0,0.0,0.0,0.0,0.0,0.0,0.0,0.0,0.0,0.0,0.0,0.0,0.0,0.0,0.0,0.0,0.0,0.0,0.0,0.0,0.0,0.0,0.0,0.0,0.0,-0.8918077718875027
111.6288754940033,111.55829119682312,4.514755884058717,0.7696002813562658,1.0487904692930587,0.000395014066081448,-0.04730078061491209,-0.001353079797451473,1.0000000000000013,0.00018145281270087824,-0.023648313307908186,-0.0006716799526444181,0.9997200974265806,0.0,0.0,0.0,0.0,0.0,0.0,0.0,0.0,0.0,0.0,0.0,0.0,0.0,0.0,0.0,0.0,0.0,0.0,0.0,0.0,0.0,0.0,0.0,0.0,0.0,0.0,0.0,0.0,0.0,0.0,0.0,0.0,0.0,0.0,0.0,0.0,-0.07752576173838568
111.75739789009094,111.6584460735321,4.515017364977747,0.7664734379599557,1.049528429527934,0.0014007628161468969,-0.049063074124806184,0.003955588311032287,1.0000000000000016,0.000748682669396355,-0.024527637854931707,0.0019943769710107063,0.9996968825179052,0.0,0.0,0.0,0.0,0.0,0.0,0.0,0.0,0.0,0.0,0.0,0.0,0.0,0.0,0.0,0.0,0.0,0.0,0.0,0.0,0.0,0.0,0.0,0.0,0.0,0.0,0.0,0.0,0.0,0.0,0.0,0.0,0.0,0.0,0.0,0.0,0.22663851571343163
111.85517573356628,111.75696635246277,4.512729515958939,0.7575107745373111,1.0511980462215853,0.004832299301061337,-0.051834090595118974,0.01022938576650645,1.0000000000000016,0.00254784622078526,-0.02590137576672342,0.005175549580445877,0.9996478584479485,0.0,0.0,0.0,0.0,0.0,0.0,0.0,0.0,0.0,0.0,0.0,0.0,0.0,0.0,0.0,0.0,0.0,0.0,0.0,0.0,0.0,0.0,0.0,0.0,0.0,0.0,0.0,0.0,0.0,0.0,0.0,0.0,0.0,0.0,0.0,0.0,0.5861006314320161
111.93483304977417,111.85833883285522,4.511224933247344,0.7528123751907736,1.0536844405785475,0.006063402296815762,-0.05536955604379107,0.014741793050196718,1.0000000000000016,0.003234485219772338,-0.02765802494835743,0.007451890270609655,0.999584434198891,0.0,0.0,0.0,0.0,0.0,0.0,0.0,0.0,0.0,0.0,0.0,0.0,0.0,0.0,0.0,0.0,0.0,0.0,0.0,0.0,0.0,0.0,0.0,0.0,0.0,0.0,0.0,0.0,0.0,0.0,0.0,0.0,0.0,0.0,0.0,0.0,0.8446425242315605
112.02842879295349,111.95828199386597,4.510341444518105,0.7503472229995586,1.0568428346566825,0.005768763801297266,-0.052870535384733165,0.014478124658918408,1.0000000000000016,0.0030746363702870206,-0.026410513631749954,0.007312678181369531,0.999619705747499,0.0,0.0,0.0,0.0,0.0,0.0,0.0,0.0,0.0,0.0,0.0,0.0,0.0,0.0,0.0,0.0,0.0,0.0,0.0,0.0,0.0,0.0,0.0,0.0,0.0,0.0,0.0,0.0,0.0,0.0,0.0,0.0,0.0,0.0,0.0,0.0,0.8295354382203093
112.11522364616394,112.05836749076843,4.50951049154144,0.7499016327690358,1.058936254398065,0.004611250845412898,-0.05191489222203727,0.012660577065967096,1.0000000000000018,0.002469098628780264,-0.025939351973591488,0.00638793710437472,0.9996400591366402,0.0,0.0,0.0,0.0,0.0,0.0,0.0,0.0,0.0,0.0,0.0,0.0,0.0,0.0,0.0,0.0,0.0,0.0,0.0,0.0,0.0,0.0,0.0,0.0,0.0,0.0,0.0,0.0,0.0,0.0,0.0,0.0,0.0,0.0,0.0,0.0,0.7253976320800374
112.27015900611877,112.1583526134491,4.510031564963832,0.7477172995055179,1.0611746744832864,0.0031536040930280353,-0.0530152293233935,0.003540998961419361,1.0000000000000016,0.0016231711216379897,-0.026501645257783618,0.0018116666518595158,0.9996458102638585,0.0,0.0,0.0,0.0,0.0,0.0,0.0,0.0,0.0,0.0,0.0,0.0,0.0,0.0,0.0,0.0,0.0,0.0,0.0,0.0,0.0,0.0,0.0,0.0,0.0,0.0,0.0,0.0,0.0,0.0,0.0,0.0,0.0,0.0,0.0,0.0,0.2028842957495372
112.35966920852661,112.25679469108582,4.507975369009849,0.7467206899965598,1.0596020674244007,-0.0016492653126115055,-0.053155702169321764,-0.001170544729722596,1.0000000000000018,-0.0008398946302503718,-0.026574226123831517,-0.0006069798092193914,0.9996463057794213,0.0,0.0,0.0,0.0,0.0,0.0,0.0,0.0,0.0,0.0,0.0,0.0,0.0,0.0,0.0,0.0,0.0,0.0,0.0,0.0,0.0,0.0,0.0,0.0,0.0,0.0,0.0,0.0,0.0,0.0,0.0,0.0,0.0,0.0,0.0,0.0,-0.06706727274438641
112.45569443702698,112.3583996295929,4.508052782479942,0.7441637989304402,1.057224992226827,-0.0005399957047869354,-0.05390364647349839,-0.009703212342926136,1.0000000000000016,-0.0004006398994681652,-0.026946932801671764,-0.004857100937835553,0.9996249851172869,0.0,0.0,0.0,0.0,0.0,0.0,0.0,0.0,0.0,0.0,0.0,0.0,0.0,0.0,0.0,0.0,0.0,0.0,0.0,0.0,0.0,0.0,0.0,0.0,0.0,0.0,0.0,0.0,0.0,0.0,0.0,0.0,0.0,0.0,0.0,0.0,-0.5559531149689149
112.55730390548706,112.460280418396,4.505341054429721,0.735553932158503,1.05547843367531,0.0006651822544574098,-0.05676922717053897,-0.016239072117936484,1.0000000000000016,0.00010200978689376088,-0.028382564498114896,-0.008106736858865926,0.9995642552852809,0.0,0.0,0.0,0.0,0.0,0.0,0.0,0.0,0.0,0.0,0.0,0.0,0.0,0.0,0.0,0.0,0.0,0.0,0.0,0.0,0.0,0.0,0.0,0.0,0.0,0.0,0.0,0.0,0.0,0.0,0.0,0.0,0.0,0.0,0.0,0.0,-0.9304302955663315
112.6020073890686,112.55850768089294,4.503233188333379,0.7407132134915583,1.0520582217025902,0.0030216174734956996,-0.06053694746900808,-0.023580260421657805,1.0000000000000018,0.0011532050885345521,-0.03027951814322599,-0.01173872350828665,0.999471872175219,0.0,0.0,0.0,0.0,0.0,0.0,0.0,0.0,0.0,0.0,0.0,0.0,0.0,0.0,0.0,0.0,0.0,0.0,0.0,0.0,0.0,0.0,0.0,0.0,0.0,0.0,0.0,0.0,0.0,0.0,0.0,0.0,0.0,0.0,0.0,0.0,-1.3510494019803672
112.74523711204529,112.65844058990479,4.503601751632806,0.736848182651744,1.0488581858469694,0.0005658867993699239,-0.059883665629561926,-0.02642763312432308,1.0000000000000016,-0.00011278336050291893,-0.029938481351682148,-0.013199039098682851,0.9994645866568477,0.0,0.0,0.0,0.0,0.0,0.0,0.0,0.0,0.0,0.0,0.0,0.0,0.0,0.0,0.0,0.0,0.0,0.0,0.0,0.0,0.0,0.0,0.0,0.0,0.0,0.0,0.0,0.0,0.0,0.0,0.0,0.0,0.0,0.0,0.0,0.0,-1.514191840543846
112.84804677963257,112.7584867477417,4.500845787379432,0.7325571439405849,1.0451799854969543,0.0013631499697528671,-0.05232884627165532,-0.02089571406678178,1.0000000000000016,0.0004079785360094424,-0.026167122483432673,-0.010426258611615054,0.9996031254382002,0.0,0.0,0.0,0.0,0.0,0.0,0.0,0.0,0.0,0.0,0.0,0.0,0.0,0.0,0.0,0.0,0.0,0.0,0.0,0.0,0.0,0.0,0.0,0.0,0.0,0.0,0.0,0.0,0.0,0.0,0.0,0.0,0.0,0.0,0.0,0.0,-1.1972362259387417
112.93122243881226,112.85728144645691,4.495846085073315,0.733162900742178,1.0435729805594423,0.004780937249652783,-0.04701287232510202,-0.009592406355673912,1.0000000000000016,0.0022770479552734805,-0.023515395921066395,-0.0047386605550694206,0.9997096510004453,0.0,0.0,0.0,0.0,0.0,0.0,0.0,0.0,0.0,0.0,0.0,0.0,0.0,0.0,0.0,0.0,0.0,0.0,0.0,0.0,0.0,0.0,0.0,0.0,0.0,0.0,0.0,0.0,0.0,0.0,0.0,0.0,0.0,0.0,0.0,0.0,-0.549604399554582
113.01118493080139,112.95843601226807,4.490195855106687,0.7365938810363455,1.0447332477112936,0.008378126352387376,-0.040684521002608866,0.005423444793089317,1.0000000000000016,0.004243327032519811,-0.020329247127864193,0.0027963428144493897,0.9997804240700938,0.0,0.0,0.0,0.0,0.0,0.0,0.0,0.0,0.0,0.0,0.0,0.0,0.0,0.0,0.0,0.0,0.0,0.0,0.0,0.0,0.0,0.0,0.0,0.0,0.0,0.0,0.0,0.0,0.0,0.0,0.0,0.0,0.0,0.0,0.0,0.0,0.31074049706621987
113.10518264770508,113.05836057662964,4.484713544641655,0.7334557257810629,1.0459236211531668,0.008214480410103125,-0.037875154969596425,0.020669205388028362,1.0000000000000016,0.004301968401978426,-0.018892836409046796,0.010410250668180061,0.9997580609734129,0.0,0.0,0.0,0.0,0.0,0.0,0.0,0.0,0.0,0.0,0.0,0.0,0.0,0.0,0.0,0.0,0.0,0.0,0.0,0.0,0.0,0.0,0.0,0.0,0.0,0.0,0.0,0.0,0.0,0.0,0.0,0.0,0.0,0.0,0.0,0.0,1.184258234623086
113.21771454811096,113.15849757194519,4.481451371865698,0.7332288727921235,1.0488202895893253,0.00858973942118643,-0.040145193608297124,0.03135779949404247,1.0000000000000016,0.004608142840866524,-0.020001274545756616,0.015761146987408183,0.9996650940598797,0.0,0.0,0.0,0.0,0.0,0.0,0.0,0.0,0.0,0.0,0.0,0.0,0.0,0.0,0.0,0.0,0.0,0.0,0.0,0.0,0.0,0.0,0.0,0.0,0.0,0.0,0.0,0.0,0.0,0.0,0.0,0.0,0.0,0.0,0.0,0.0,1.7966695658261018
113.3034291267395,113.25841236114502,4.47887334156286,0.7333314057073401,1.0525036412360593,0.006058400049560504,-0.043630426152624004,0.03404091931816396,1.0000000000000016,0.0033992918350129906,-0.021758679623518316,0.017081577848203872,0.9996115367352862,0.0,0.0,0.0,0.0,0.0,0.0,0.0,0.0,0.0,0.0,0.0,0.0,0.0,0.0,0.0,0.0,0.0,0.0,0.0,0.0,0.0,0.0,0.0,0.0,0.0,0.0,0.0,0.0,0.0,0.0,0.0,0.0,0.0,0.0,0.0,0.0,1.950401007676147
113.40040946006775,113.35846328735352,4.476417741801829,0.7300535654503042,1.055181961872475,0.00467728184756377,-0.047164875826830266,0.03048442509628772,1.0000000000000016,0.0026971172612770965,-0.023541813849647285,0.0152924820061274,0.99960224517217,0.0,0.0,0.0,0.0,0.0,0.0,0.0,0.0,0.0,0.0,0.0,0.0,0.0,0.0,0.0,0.0,0.0,0.0,0.0,0.0,0.0,0.0,0.0,0.0,0.0,0.0,0.0,0.0,0.0,0.0,0.0,0.0,0.0,0.0,0.0,0.0,1.7466288988999745
113.51199007034302,113.45838832855225,4.4728000539706425,0.7248169416174072,1.0583352519527656,0.006229864891481023,-0.04667045743452816,0.029279968584160914,1.0000000000000016,0.0034553281625079447,-0.023284908906402495,0.014708077837544636,0.9996146988569335,0.0,0.0,0.0,0.0,0.0,0.0,0.0,0.0,0.0,0.0,0.0,0.0,0.0,0.0,0.0,0.0,0.0,0.0,0.0,0.0,0.0,0.0,0.0,0.0,0.0,0.0,0.0,0.0,0.0,0.0,0.0,0.0,0.0,0.0,0.0,0.0,1.6776186241480608
113.63357472419739,113.55852746963501,4.470632096327252,0.7255009413400322,1.0607097203892621,0.008873919393980122,-0.04218334221798783,0.02646707347782231,1.0000000000000016,0.004714655664705307,-0.021029351369423795,0.013323644380747108,0.9996789579176723,0.0,0.0,0.0,0.0,0.0,0.0,0.0,0.0,0.0,0.0,0.0,0.0,0.0,0.0,0.0,0.0,0.0,0.0,0.0,0.0,0.0,0.0,0.0,0.0,0.0,0.0,0.0,0.0,0.0,0.0,0.0,0.0,0.0,0.0,0.0,0.0,1.516451606341856
113.72276496887207,113.65839982032776,4.470378637743456,0.7215487269824499,1.0628929100012798,0.0023162596399849806,-0.03859529914503353,0.029130771505883026,1.0000000000000013,0.0014388412393996843,-0.019277527210851565,0.01458449451495569,0.9997067566042899,0.0,0.0,0.0,0.0,0.0,0.0,0.0,0.0,0.0,0.0,0.0,0.0,0.0,0.0,0.0,0.0,0.0,0.0,0.0,0.0,0.0,0.0,0.0,0.0,0.0,0.0,0.0,0.0,0.0,0.0,0.0,0.0,0.0,0.0,0.0,0.0,1.669070261247055
113.8180456161499,113.75855112075806,4.469629063892813,0.716556513688595,1.0656431250983998,-0.007462297096651551,-0.0380006483001948,0.030692086026122264,1.0000000000000013,-0.003438478387087683,-0.01905405724466877,0.015271683771034094,0.9996959014838955,0.0,0.0,0.0,0.0,0.0,0.0,0.0,0.0,0.0,0.0,0.0,0.0,0.0,0.0,0.0,0.0,0.0,0.0,0.0,0.0,0.0,0.0,0.0,0.0,0.0,0.0,0.0,0.0,0.0,0.0,0.0,0.0,0.0,0.0,0.0,0.0,1.7585269937492563
113.94622159004211,113.85851836204529,4.470697568974097,0.714089389084578,1.0692998478953464,-0.007328634761630323,-0.03849433386578452,0.028504692741469977,1.0000000000000013,-0.0033889691590199057,-0.01929610827899863,0.014178612402325977,0.9997075282519741,0.0,0.0,0.0,0.0,0.0,0.0,0.0,0.0,0.0,0.0,0.0,0.0,0.0,0.0,0.0,0.0,0.0,0.0,0.0,0.0,0.0,0.0,0.0,0.0,0.0,0.0,0.0,0.0,0.0,0.0,0.0,0.0,0.0,0.0,0.0,0.0,1.6331985904034219
114.02354884147644,113.95859241485596,4.46828220787342,0.7096208560554335,1.0734085844709422,-0.007978390871852484,-0.04184262985198945,0.02539325318227651,1.000000000000001,-0.003722388892652689,-0.020968572890973827,0.012609959800850818,0.9996936789265355,0.0,0.0,0.0,0.0,0.0,0.0,0.0,0.0,0.0,0.0,0.0,0.0,0.0,0.0,0.0,0.0,0.0,0.0,0.0,0.0,0.0,0.0,0.0,0.0,0.0,0.0,0.0,0.0,0.0,0.0,0.0,0.0,0.0,0.0,0.0,0.0,1.454926235451591
114.12088871002197,114.05856132507324,4.469180513048682,0.6967925310135471,1.0760294394012362,-0.011179107597811022,-0.045852444962947526,0.021555580048703935,1.000000000000001,-0.00534066752075359,-0.022982750354269093,0.010646452742040761,0.9996649056061735,0.0,0.0,0.0,0.0,0.0,0.0,0.0,0.0,0.0,0.0,0.0,0.0,0.0,0.0,0.0,0.0,0.0,0.0,0.0,0.0,0.0,0.0,0.0,0.0,0.0,0.0,0.0,0.0,0.0,0.0,0.0,0.0,0.0,0.0,0.0,0.0,1.235043761747137
114.22174310684204,114.15852475166321,4.468163228452952,0.6977224181582896,1.0801809670109273,-0.011956198593203196,-0.04671011624716048,0.011063848333056611,1.000000000000001,-0.005847158226208661,-0.023385221378986604,0.005390685292010167,0.9996948947923152,0.0,0.0,0.0,0.0,0.0,0.0,0.0,0.0,0.0,0.0,0.0,0.0,0.0,0.0,0.0,0.0,0.0,0.0,0.0,0.0,0.0,0.0,0.0,0.0,0.0,0.0,0.0,0.0,0.0,0.0,0.0,0.0,0.0,0.0,0.0,0.0,0.633911814656995
114.31282877922058,114.25715589523315,4.469960431296307,0.6919971629136866,1.0841010527224364,-0.015037461504807,-0.051581012654699596,0.0001983874254770128,1.0000000000000009,-0.007513601594296718,-0.025787663856524406,-9.473062702782369e-05,0.9996392015172352,0.0,0.0,0.0,0.0,0.0,0.0,0.0,0.0,0.0,0.0,0.0,0.0,0.0,0.0,0.0,0.0,0.0,0.0,0.0,0.0,0.0,0.0,0.0,0.0,0.0,0.0,0.0,0.0,0.0,0.0,0.0,0.0,0.0,0.0,0.0,0.0,0.011366762188298976
114.41159272193909,114.35853123664856,4.470697884050828,0.6856197331735704,1.0857238664826931,-0.01704380245609119,-0.053227875246689954,-0.007555661819879563,1.000000000000001,-0.00861924666522467,-0.026577457360001278,-0.004003117166950166,0.9996015818315571,0.0,0.0,0.0,0.0,0.0,0.0,0.0,0.0,0.0,0.0,0.0,0.0,0.0,0.0,0.0,0.0,0.0,0.0,0.0,0.0,0.0,0.0,0.0,0.0,0.0,0.0,0.0,0.0,0.0,0.0,0.0,0.0,0.0,0.0,0.0,0.0,-0.4329075337072337
114.51897716522217,114.45727157592773,4.4717421158286275,0.6790599871012852,1.0869252483108196,-0.017145482569975248,-0.05132177708067585,-0.014042560619258711,1.000000000000001,-0.008749747156503408,-0.025596326609990856,-0.007238605061366491,0.999607859405647,0.0,0.0,0.0,0.0,0.0,0.0,0.0,0.0,0.0,0.0,0.0,0.0,0.0,0.0,0.0,0.0,0.0,0.0,0.0,0.0,0.0,0.0,0.0,0.0,0.0,0.0,0.0,0.0,0.0,0.0,0.0,0.0,0.0,0.0,0.0,0.0,-0.8045794570401399
114.6337993144989,114.55842781066895,4.472773103479527,0.6769163625283627,1.0891417068230012,-0.016248844758269623,-0.050416908069698715,-0.018274703112416,1.000000000000001,-0.008351716030991108,-0.02512968994454876,-0.009338791540893931,0.999605689507211,0.0,0.0,0.0,0.0,0.0,0.0,0.0,0.0,0.0,0.0,0.0,0.0,0.0,0.0,0.0,0.0,0.0,0.0,0.0,0.0,0.0,0.0,0.0,0.0,0.0,0.0,0.0,0.0,0.0,0.0,0.0,0.0,0.0,0.0,0.0,0.0,-1.0470633601960264
114.73738431930542,114.65852952003479,4.46822842871803,0.6744536420523856,1.0897864984587762,-0.013272260481138201,-0.04693537238211798,-0.013569574078612893,1.0000000000000013,-0.00679330547880314,-0.023419463751900897,-0.00693843303293985,0.9996785672731486,0.0,0.0,0.0,0.0,0.0,0.0,0.0,0.0,0.0,0.0,0.0,0.0,0.0,0.0,0.0,0.0,0.0,0.0,0.0,0.0,0.0,0.0,0.0,0.0,0.0,0.0,0.0,0.0,0.0,0.0,0.0,0.0,0.0,0.0,0.0,0.0,-0.7774793244946415
114.8134171962738,114.75852704048157,4.467383287441108,0.6710144530479009,1.0905019526006168,-0.008252754378065857,-0.04380548648554901,-0.008614576122153144,1.0000000000000013,-0.004219670266011284,-0.02188283331032856,-0.004396575617053323,0.9997419697662017,0.0,0.0,0.0,0.0,0.0,0.0,0.0,0.0,0.0,0.0,0.0,0.0,0.0,0.0,0.0,0.0,0.0,0.0,0.0,0.0,0.0,0.0,0.0,0.0,0.0,0.0,0.0,0.0,0.0,0.0,0.0,0.0,0.0,0.0,0.0,0.0,-0.4935788540935503
114.93675684928894,114.8584771156311,4.465224222117067,0.665531984184485,1.0917817876743112,-0.012733856776386582,-0.04086443028316339,0.0030906889394642268,1.0000000000000013,-0.006333976846583236,-0.02044019198395586,0.0014149096135666235,0.999770012212686,0.0,0.0,0.0,0.0,0.0,0.0,0.0,0.0,0.0,0.0,0.0,0.0,0.0,0.0,0.0,0.0,0.0,0.0,0.0,0.0,0.0,0.0,0.0,0.0,0.0,0.0,0.0,0.0,0.0,0.0,0.0,0.0,0.0,0.0,0.0,0.0,0.17708343201906457
115.04052639007568,114.9585108757019,4.464355064234037,0.6705054300936852,1.0780618170780218,-0.023474733097088248,-0.039990399215335086,0.01743143107770985,1.0000000000000013,-0.011560058479916686,-0.02009400614972166,0.008478601690188627,0.9996953082205488,0.0,0.0,0.0,0.0,0.0,0.0,0.0,0.0,0.0,0.0,0.0,0.0,0.0,0.0,0.0,0.0,0.0,0.0,0.0,0.0,0.0,0.0,0.0,0.0,0.0,0.0,0.0,0.0,0.0,0.0,0.0,0.0,0.0,0.0,0.0,0.0,0.9987474316259545
115.11146855354309,115.0586428642273,4.4691473968997535,0.664422768540265,1.0316535344676478,-0.021904812225478833,-0.03767890378562654,0.029913856773534607,1.0000000000000013,-0.010667282527422727,-0.01899887652274065,0.014746521809484936,0.9996538360196889,0.0,0.0,0.0,0.0,0.0,0.0,0.0,0.0,0.0,0.0,0.0,0.0,0.0,0.0,0.0,0.0,0.0,0.0,0.0,0.0,0.0,0.0,0.0,0.0,0.0,0.0,0.0,0.0,0.0,0.0,0.0,0.0,0.0,0.0,0.0,0.0,1.713937742082363
115.23922634124756,115.15851712226868,4.470102715128489,0.6626680816085461,0.9629049272161684,-0.011105643421637631,-0.04202709059730618,0.03343584966437183,1.0000000000000013,-0.005199536227202062,-0.021101545067819544,0.016596538696698953,0.9996260523426072,0.0,0.0,0.0,0.0,0.0,0.0,0.0,0.0,0.0,0.0,0.0,0.0,0.0,0.0,0.0,0.0,0.0,0.0,0.0,0.0,0.0,0.0,0.0,0.0,0.0,0.0,0.0,0.0,0.0,0.0,0.0,0.0,0.0,0.0,0.0,0.0,1.915733070202416
115.3094277381897,115.25860357284546,4.471134876129048,0.6615233696421123,0.8787637858890819,0.0030285146351495956,-0.045020346078738296,0.0355744053206992,1.0000000000000016,0.0019139712624404693,-0.0224777595832794,0.017815816236883483,0.9995867564798664,0.0,0.0,0.0,0.0,0.0,0.0,0.0,0.0,0.0,0.0,0.0,0.0,0.0,0.0,0.0,0.0,0.0,0.0,0.0,0.0,0.0,0.0,0.0,0.0,0.0,0.0,0.0,0.0,0.0,0.0,0.0,0.0,0.0,0.0,0.0,0.0,2.038263283563804
115.41107606887817,115.35854148864746,4.471420952670827,0.6597615168978047,0.79337438951275,0.009828395037466858,-0.045982567082088095,0.039307010477267965,1.0000000000000016,0.005363715149948807,-0.022887991679773324,0.019759760436744215,0.9995283499051653,0.0,0.0,0.0,0.0,0.0,0.0,0.0,0.0,0.0,0.0,0.0,0.0,0.0,0.0,0.0,0.0,0.0,0.0,0.0,0.0,0.0,0.0,0.0,0.0,0.0,0.0,0.0,0.0,0.0,0.0,0.0,0.0,0.0,0.0,0.0,0.0,2.252125805623962
115.53593945503235,115.45832562446594,4.471035923478375,0.6611439583469122,0.7124464270280011,0.007933116560344643,-0.045734802835737096,0.04474132365076454,1.0000000000000016,0.004475986247008528,-0.022770803753806104,0.022453445836446023,0.9994785134326777,0.0,0.0,0.0,0.0,0.0,0.0,0.0,0.0,0.0,0.0,0.0,0.0,0.0,0.0,0.0,0.0,0.0,0.0,0.0,0.0,0.0,0.0,0.0,0.0,0.0,0.0,0.0,0.0,0.0,0.0,0.0,0.0,0.0,0.0,0.0,0.0,2.5634890150176606
115.64738345146179,115.55865168571472,4.472698636719548,0.6553613080330551,0.6370597547810665,-0.0030343922369196223,-0.04542577928124255,0.046072815279995225,1.0000000000000016,-0.0009932702379130023,-0.02273982354308719,0.022993954745029254,0.9994764588946808,0.0,0.0,0.0,0.0,0.0,0.0,0.0,0.0,0.0,0.0,0.0,0.0,0.0,0.0,0.0,0.0,0.0,0.0,0.0,0.0,0.0,0.0,0.0,0.0,0.0,0.0,0.0,0.0,0.0,0.0,0.0,0.0,0.0,0.0,0.0,0.0,2.6397778658295765
115.75766897201538,115.65863060951233,4.469762710781859,0.6520468081659843,0.5711304063430941,-0.015247064306068519,-0.046374142886574495,0.0456570517725714,1.0000000000000016,-0.007090205349783402,-0.02335224957777963,0.022643040245190375,0.9994456934502309,0.0,0.0,0.0,0.0,0.0,0.0,0.0,0.0,0.0,0.0,0.0,0.0,0.0,0.0,0.0,0.0,0.0,0.0,0.0,0.0,0.0,0.0,0.0,0.0,0.0,0.0,0.0,0.0,0.0,0.0,0.0,0.0,0.0,0.0,0.0,0.0,2.615956371578635
115.86006450653076,115.7589259147644,4.471965372252786,0.6414837828009773,0.5104208793569656,-0.021170423340116217,-0.04395304593432774,0.0319685542876834,1.0000000000000016,-0.010229890202729804,-0.022139861643070132,0.01574626827754937,0.9995785266342011,0.0,0.0,0.0,0.0,0.0,0.0,0.0,0.0,0.0,0.0,0.0,0.0,0.0,0.0,0.0,0.0,0.0,0.0,0.0,0.0,0.0,0.0,0.0,0.0,0.0,0.0,0.0,0.0,0.0,0.0,0.0,0.0,0.0,0.0,0.0,0.0,1.8316632378191107
115.90787529945374,115.85850358009338,4.473445361257472,0.6352218394850097,0.45950579433341976,-0.02787408711533894,-0.04281740876743252,0.021018894747808468,1.0000000000000013,-0.013707678765942564,-0.021550237564365915,0.010207500107218158,0.9996216753078803,0.0,0.0,0.0,0.0,0.0,0.0,0.0,0.0,0.0,0.0,0.0,0.0,0.0,0.0,0.0,0.0,0.0,0.0,0.0,0.0,0.0,0.0,0.0,0.0,0.0,0.0,0.0,0.0,0.0,0.0,0.0,0.0,0.0,0.0,0.0,0.0,1.204293959079118
116.08146619796753,115.9586033821106,4.477794351257521,0.6254641776562744,0.41356799280369866,-0.03150544816682121,-0.041422490165945784,0.011485360835409492,1.0000000000000016,-0.015629520408161665,-0.020797292697278744,0.0054144885468172185,0.999646874662275,0.0,0.0,0.0,0.0,0.0,0.0,0.0,0.0,0.0,0.0,0.0,0.0,0.0,0.0,0.0,0.0,0.0,0.0,0.0,0.0,0.0,0.0,0.0,0.0,0.0,0.0,0.0,0.0,0.0,0.0,0.0,0.0,0.0,0.0,0.0,0.0,0.6580627020538132
116.14537835121155,116.05863237380981,4.481101519112671,0.6179471185116462,0.3709496292799462,-0.034901967611401234,-0.040849459856924876,0.007220061382524016,1.0000000000000013,-0.017372627303177256,-0.020483049168106417,0.0032523338786985354,0.9996339624291014,0.0,0.0,0.0,0.0,0.0,0.0,0.0,0.0,0.0,0.0,0.0,0.0,0.0,0.0,0.0,0.0,0.0,0.0,0.0,0.0,0.0,0.0,0.0,0.0,0.0,0.0,0.0,0.0,0.0,0.0,0.0,0.0,0.0,0.0,0.0,0.0,0.4136790450440163
116.25343537330627,116.1585123538971,4.4780404331933,0.6149048977392251,0.33443192671956673,-0.03278961460164541,-0.04412999568450995,0.016021957235371205,1.0000000000000013,-0.01621283401067034,-0.022190833658669567,0.007646172343297136,0.999593040673741,0.0,0.0,0.0,0.0,0.0,0.0,0.0,0.0,0.0,0.0,0.0,0.0,0.0,0.0,0.0,0.0,0.0,0.0,0.0,0.0,0.0,0.0,0.0,0.0,0.0,0.0,0.0,0.0,0.0,0.0,0.0,0.0,0.0,0.0,0.0,0.0,0.9179905291258625
116.35682249069214,116.2551965713501,4.477259849043342,0.6083755573851356,0.30549318572709383,-0.03060379261462799,-0.04691349464271463,0.018096936040303328,1.0000000000000013,-0.01508426318134152,-0.02358930374072123,0.0086859252584519,0.9995701898594773,0.0,0.0,0.0,0.0,0.0,0.0,0.0,0.0,0.0,0.0,0.0,0.0,0.0,0.0,0.0,0.0,0.0,0.0,0.0,0.0,0.0,0.0,0.0,0.0,0.0,0.0,0.0,0.0,0.0,0.0,0.0,0.0,0.0,0.0,0.0,0.0,1.0368780572275724
116.44399762153625,116.35862135887146,4.4731789129043875,0.6091477369192304,0.2777723943970504,-0.02859533861034258,-0.048542796818578815,0.017169816148167337,1.0000000000000016,-0.014084121036946921,-0.0243883430071071,0.008234431147026955,0.9995694275054997,0.0,0.0,0.0,0.0,0.0,0.0,0.0,0.0,0.0,0.0,0.0,0.0,0.0,0.0,0.0,0.0,0.0,0.0,0.0,0.0,0.0,0.0,0.0,0.0,0.0,0.0,0.0,0.0,0.0,0.0,0.0,0.0,0.0,0.0,0.0,0.0,0.9837580003055562
116.51492214202881,116.45758891105652,4.466902187501445,0.6083191190393817,0.2542292784462713,-0.02719287654945054,-0.04816616001743547,0.012063184977668978,1.0000000000000016,-0.013446598528403754,-0.024160069661466575,0.005701853114530501,0.9996014050075323,0.0,0.0,0.0,0.0,0.0,0.0,0.0,0.0,0.0,0.0,0.0,0.0,0.0,0.0,0.0,0.0,0.0,0.0,0.0,0.0,0.0,0.0,0.0,0.0,0.0,0.0,0.0,0.0,0.0,0.0,0.0,0.0,0.0,0.0,0.0,0.0,0.6911695867060487
116.64371705055237,116.55853319168091,4.46325210938307,0.6046033372467224,0.2357718310381417,-0.024063562371774802,-0.047508907856038826,0.008966920296195838,1.0000000000000016,-0.011921491566395555,-0.023804189379509032,0.004196084070039632,0.9996367497672829,0.0,0.0,0.0,0.0,0.0,0.0,0.0,0.0,0.0,0.0,0.0,0.0,0.0,0.0,0.0,0.0,0.0,0.0,0.0,0.0,0.0,0.0,0.0,0.0,0.0,0.0,0.0,0.0,0.0,0.0,0.0,0.0,0.0,0.0,0.0,0.0,0.5137666882022196
116.74748086929321,116.65652370452881,4.457151832359179,0.6012105872488664,0.22194112366528743,-0.011921218966798356,-0.050810292085403316,0.005201159664414528,1.0000000000000016,-0.005892570845179601,-0.02541737206770504,0.0024482790722911963,0.9996565613927585,0.0,0.0,0.0,0.0,0.0,0.0,0.0,0.0,0.0,0.0,0.0,0.0,0.0,0.0,0.0,0.0,0.0,0.0,0.0,0.0,0.0,0.0,0.0,0.0,0.0,0.0,0.0,0.0,0.0,0.0,0.0,0.0,0.0,0.0,0.0,0.0,0.298004497344632
116.86335110664368,116.75593614578247,4.456258969397541,0.5988330629465494,0.21139514925665995,-0.01827265042008211,-0.04927639344565095,-0.0007934133796061297,1.0000000000000016,-0.00914319724517573,-0.024631050643724745,-0.0006216463801440021,0.9996546037727748,0.0,0.0,0.0,0.0,0.0,0.0,0.0,0.0,0.0,0.0,0.0,0.0,0.0,0.0,0.0,0.0,0.0,0.0,0.0,0.0,0.0,0.0,0.0,0.0,0.0,0.0,0.0,0.0,0.0,0.0,0.0,0.0,0.0,0.0,0.0,0.0,-0.045459238060642296
116.96482443809509,116.85832166671753,4.452744791545455,0.5981854803578449,0.20396393185119935,-0.02736962709506402,-0.04166008439246543,-0.016422728562040106,1.0000000000000016,-0.013851969276789293,-0.02071354163907283,-0.008493738095470148,0.9996534042122249,0.0,0.0,0.0,0.0,0.0,0.0,0.0,0.0,0.0,0.0,0.0,0.0,0.0,0.0,0.0,0.0,0.0,0.0,0.0,0.0,0.0,0.0,0.0,0.0,0.0,0.0,0.0,0.0,0.0,0.0,0.0,0.0,0.0,0.0,0.0,0.0,-0.9409530346938495
117.02184343338013,116.96097135543823,4.45087679013011,0.5936623405222188,0.2002677999008186,-0.0349699767792284,-0.0332274710006208,-0.03242012046349414,1.0000000000000016,-0.017748632140994973,-0.0163248827692828,-0.016495060613911698,0.9995731074989159,0.0,0.0,0.0,0.0,0.0,0.0,0.0,0.0,0.0,0.0,0.0,0.0,0.0,0.0,0.0,0.0,0.0,0.0,0.0,0.0,0.0,0.0,0.0,0.0,0.0,0.0,0.0,0.0,0.0,0.0,0.0,0.0,0.0,0.0,0.0,0.0,-1.8575360738639286
117.1594967842102,117.05684757232666,4.4438931023151,0.5915123223332284,0.19764594228293286,-0.0419037051899128,-0.03315019399189128,-0.04934570556212426,1.0000000000000016,-0.021349871323993568,-0.016048876117126763,-0.025008678821272737,0.9993303670725932,0.0,0.0,0.0,0.0,0.0,0.0,0.0,0.0,0.0,0.0,0.0,0.0,0.0,0.0,0.0,0.0,0.0,0.0,0.0,0.0,0.0,0.0,0.0,0.0,0.0,0.0,0.0,0.0,0.0,0.0,0.0,0.0,0.0,0.0,0.0,0.0,-2.8273006658049518
117.22364521026611,117.1585693359375,4.434797291200051,0.5897144339800383,0.19439849920443614,-0.045334091909795794,-0.03901849681120995,-0.06741234030340479,1.0000000000000018,-0.023305167456452176,-0.01872825794048084,-0.03412661976949837,0.998970217447674,0.0,0.0,0.0,0.0,0.0,0.0,0.0,0.0,0.0,0.0,0.0,0.0,0.0,0.0,0.0,0.0,0.0,0.0,0.0,0.0,0.0,0.0,0.0,0.0,0.0,0.0,0.0,0.0,0.0,0.0,0.0,0.0,0.0,0.0,0.0,0.0,-3.862442586484754
117.33701229095459,117.25852584838867,4.431900244098923,0.5924728626332599,0.19262144046515228,-0.0472505774534062,-0.04393295369808241,-0.09711245783946736,1.0000000000000016,-0.024655362848045755,-0.020786378979284408,-0.04903016227228777,0.9982765562304451,0.0,0.0,0.0,0.0,0.0,0.0,0.0,0.0,0.0,0.0,0.0,0.0,0.0,0.0,0.0,0.0,0.0,0.0,0.0,0.0,0.0,0.0,0.0,0.0,0.0,0.0,0.0,0.0,0.0,0.0,0.0,0.0,0.0,0.0,0.0,0.0,-5.564133972343624
117.41806101799011,117.35742592811584,4.429203765772287,0.5911127313070815,0.1909489778601846,-0.05065330697277795,-0.049326660825874884,-0.11347290996805268,1.0000000000000016,-0.02667347753151389,-0.023177669311682705,-0.05729409925346044,0.997731781308179,0.0,0.0,0.0,0.0,0.0,0.0,0.0,0.0,0.0,0.0,0.0,0.0,0.0,0.0,0.0,0.0,0.0,0.0,0.0,0.0,0.0,0.0,0.0,0.0,0.0,0.0,0.0,0.0,0.0,0.0,0.0,0.0,0.0,0.0,0.0,0.0,-6.501518830237387
117.54929423332214,117.45777630805969,4.4277385891374434,0.592469336328419,0.18835102291856648,-0.048982618169328446,-0.05170292263996872,-0.1264640185234879,1.0000000000000016,-0.026064633166786862,-0.02424225662175102,-0.06378156055610315,0.9973288627252284,0.0,0.0,0.0,0.0,0.0,0.0,0.0,0.0,0.0,0.0,0.0,0.0,0.0,0.0,0.0,0.0,0.0,0.0,0.0,0.0,0.0,0.0,0.0,0.0,0.0,0.0,0.0,0.0,0.0,0.0,0.0,0.0,0.0,0.0,0.0,0.0,-7.245854521660122
117.6196699142456,117.55862188339233,4.425911919352012,0.5946810192106555,0.18605210315567594,-0.04352163513258582,-0.04919133721726048,-0.13627529276334635,1.0000000000000018,-0.023376072094304423,-0.02304929311354133,-0.06858211074591845,0.9971052017846693,0.0,0.0,0.0,0.0,0.0,0.0,0.0,0.0,0.0,0.0,0.0,0.0,0.0,0.0,0.0,0.0,0.0,0.0,0.0,0.0,0.0,0.0,0.0,0.0,0.0,0.0,0.0,0.0,0.0,0.0,0.0,0.0,0.0,0.0,0.0,0.0,-7.807999127249436
117.75935053825378,117.65863943099976,4.425620200151358,0.6019340504831827,0.18359922435296147,-0.03906216575652006,-0.047035126692677086,-0.13375865141448992,1.0000000000000018,-0.021052013990761308,-0.022153541644089628,-0.0672564827019438,0.9972675663201541,0.0,0.0,0.0,0.0,0.0,0.0,0.0,0.0,0.0,0.0,0.0,0.0,0.0,0.0,0.0,0.0,0.0,0.0,0.0,0.0,0.0,0.0,0.0,0.0,0.0,0.0,0.0,0.0,0.0,0.0,0.0,0.0,0.0,0.0,0.0,0.0,-7.663806199411852
117.84772610664368,117.75837802886963,4.426253886656887,0.6095408703220786,0.17910668363116677,-0.03576556503694069,-0.04740384672902503,-0.12966456198235066,1.0000000000000018,-0.01937443406249737,-0.022487950202377774,-0.06518122361457251,0.9974318680935376,0.0,0.0,0.0,0.0,0.0,0.0,0.0,0.0,0.0,0.0,0.0,0.0,0.0,0.0,0.0,0.0,0.0,0.0,0.0,0.0,0.0,0.0,0.0,0.0,0.0,0.0,0.0,0.0,0.0,0.0,0.0,0.0,0.0,0.0,0.0,0.0,-7.42923215400116
117.98709607124329,117.858558177948,4.428959425748003,0.6158607266991931,0.1733178333891004,-0.032732268419046695,-0.04838880460051604,-0.1265354455007715,1.0000000000000018,-0.017857230354446186,-0.023105998320906825,-0.06359367450125518,0.9975485335205975,0.0,0.0,0.0,0.0,0.0,0.0,0.0,0.0,0.0,0.0,0.0,0.0,0.0,0.0,0.0,0.0,0.0,0.0,0.0,0.0,0.0,0.0,0.0,0.0,0.0,0.0,0.0,0.0,0.0,0.0,0.0,0.0,0.0,0.0,0.0,0.0,-7.249946986001849
118.0504457950592,117.95393562316895,4.432975694195992,0.6221199015717238,0.16825046197250249,-0.027273337949145923,-0.05086763331201879,-0.11674498169337925,1.0000000000000018,-0.015092112813429483,-0.024590127768558744,-0.05866125027340717,0.9978609178956338,0.0,0.0,0.0,0.0,0.0,0.0,0.0,0.0,0.0,0.0,0.0,0.0,0.0,0.0,0.0,0.0,0.0,0.0,0.0,0.0,0.0,0.0,0.0,0.0,0.0,0.0,0.0,0.0,0.0,0.0,0.0,0.0,0.0,0.0,0.0,0.0,-6.6889947303626895
118.15325808525085,118.05866408348083,4.438787873804689,0.6324310298330217,0.1616705108178325,-0.017064325190107154,-0.06756172338790839,-0.10790539391636284,1.0000000000000018,-0.01033605527274485,-0.03326422290860291,-0.05418154401626245,0.9979233526297013,0.0,0.0,0.0,0.0,0.0,0.0,0.0,0.0,0.0,0.0,0.0,0.0,0.0,0.0,0.0,0.0,0.0,0.0,0.0,0.0,0.0,0.0,0.0,0.0,0.0,0.0,0.0,0.0,0.0,0.0,0.0,0.0,0.0,0.0,0.0,0.0,-6.18252365810422
118.2360999584198,118.15872716903687,4.444871951621972,0.6423139585169017,0.1581977626711318,-0.0005546838327640332,-0.0896990390332276,-0.09839630347077007,1.0000000000000018,-0.0024816117908314033,-0.04476660911470846,-0.049141272387348646,0.9977850107410147,0.0,0.0,0.0,0.0,0.0,0.0,0.0,0.0,0.0,0.0,0.0,0.0,0.0,0.0,0.0,0.0,0.0,0.0,0.0,0.0,0.0,0.0,0.0,0.0,0.0,0.0,0.0,0.0,0.0,0.0,0.0,0.0,0.0,0.0,0.0,0.0,-5.6376929085635785
118.31801509857178,118.25841450691223,4.448995201770893,0.6494856789850509,0.1557464964887025,0.003245998381544512,-0.09415998463205709,-0.08722170887257931,1.000000000000002,-0.0004321283888302575,-0.04708847225063651,-0.043472356479489,0.9979442084947839,0.0,0.0,0.0,0.0,0.0,0.0,0.0,0.0,0.0,0.0,0.0,0.0,0.0,0.0,0.0,0.0,0.0,0.0,0.0,0.0,0.0,0.0,0.0,0.0,0.0,0.0,0.0,0.0,0.0,0.0,0.0,0.0,0.0,0.0,0.0,0.0,-4.99743580031756
118.43855571746826,118.35708951950073,4.451947339438836,0.6545700782044591,0.15345544658837498,0.0006649567659602581,-0.08640557756002265,-0.07780332161898879,1.0000000000000018,-0.0013477968004620873,-0.04316959080417388,-0.038841209038392235,0.9983115397279672,0.0,0.0,0.0,0.0,0.0,0.0,0.0,0.0,0.0,0.0,0.0,0.0,0.0,0.0,0.0,0.0,0.0,0.0,0.0,0.0,0.0,0.0,0.0,0.0,0.0,0.0,0.0,0.0,0.0,0.0,0.0,0.0,0.0,0.0,0.0,0.0,-4.4578019608670125
118.54553842544556,118.45838809013367,4.452924596749224,0.6593890091194102,0.15089450882189767,-0.006173388889430317,-0.07757317456758989,-0.07236419239537617,1.0000000000000016,-0.004485064701333804,-0.03863972428954233,-0.03626643690650428,0.9985847993313152,0.0,0.0,0.0,0.0,0.0,0.0,0.0,0.0,0.0,0.0,0.0,0.0,0.0,0.0,0.0,0.0,0.0,0.0,0.0,0.0,0.0,0.0,0.0,0.0,0.0,0.0,0.0,0.0,0.0,0.0,0.0,0.0,0.0,0.0,0.0,0.0,-4.146162812127741
118.64400744438171,118.55878114700317,4.454278934947241,0.6625260014061406,0.15032095881493615,-0.012560889084161224,-0.07184645660463244,-0.060210972093510305,1.0000000000000016,-0.007354576301172631,-0.03570959577066115,-0.03030638676291144,0.9988754966955122,0.0,0.0,0.0,0.0,0.0,0.0,0.0,0.0,0.0,0.0,0.0,0.0,0.0,0.0,0.0,0.0,0.0,0.0,0.0,0.0,0.0,0.0,0.0,0.0,0.0,0.0,0.0,0.0,0.0,0.0,0.0,0.0,0.0,0.0,0.0,0.0,-3.449834581338119
118.71760201454163,118.6586503982544,4.452150858412867,0.6620135710043596,0.149642550170227,-0.01249010298923516,-0.06724425792671679,-0.05008036459620388,1.0000000000000016,-0.007081166021666162,-0.033448329652554044,-0.025232792371563464,0.9990967783555127,0.0,0.0,0.0,0.0,0.0,0.0,0.0,0.0,0.0,0.0,0.0,0.0,0.0,0.0,0.0,0.0,0.0,0.0,0.0,0.0,0.0,0.0,0.0,0.0,0.0,0.0,0.0,0.0,0.0,0.0,0.0,0.0,0.0,0.0,0.0,0.0,-2.8693935278388714
118.87494444847107,118.7588119506836,4.449594595826144,0.662720312166881,0.1474912199061655,-0.00929064130001766,-0.06249069632346681,-0.041126711915655416,1.0000000000000016,-0.005284407438900506,-0.03113785297213019,-0.020696738690597228,0.999286822768059,0.0,0.0,0.0,0.0,0.0,0.0,0.0,0.0,0.0,0.0,0.0,0.0,0.0,0.0,0.0,0.0,0.0,0.0,0.0,0.0,0.0,0.0,0.0,0.0,0.0,0.0,0.0,0.0,0.0,0.0,0.0,0.0,0.0,0.0,0.0,0.0,-2.356387018017448
118.91170334815979,118.8595278263092,4.445132440687973,0.6637856248298143,0.14543565665785416,-0.010954331891400527,-0.06474495155857635,-0.04140004131667087,1.0000000000000016,-0.006143032042213348,-0.032246092837763606,-0.020864626822411837,0.9992432736834366,0.0,0.0,0.0,0.0,0.0,0.0,0.0,0.0,0.0,0.0,0.0,0.0,0.0,0.0,0.0,0.0,0.0,0.0,0.0,0.0,0.0,0.0,0.0,0.0,0.0,0.0,0.0,0.0,0.0,0.0,0.0,0.0,0.0,0.0,0.0,0.0,-2.3720476391124725
119.03774213790894,118.95869565010071,4.441695633276104,0.6681446162752119,0.14281709095687842,-0.011560177080212388,-0.06838338194184616,-0.048753223544681173,1.0000000000000016,-0.006608180554520162,-0.03403350030088613,-0.024557077231645522,0.9990970937625986,0.0,0.0,0.0,0.0,0.0,0.0,0.0,0.0,0.0,0.0,0.0,0.0,0.0,0.0,0.0,0.0,0.0,0.0,0.0,0.0,0.0,0.0,0.0,0.0,0.0,0.0,0.0,0.0,0.0,0.0,0.0,0.0,0.0,0.0,0.0,0.0,-2.7933539467680664
119.16559839248657,119.05874371528625,4.438602363152776,0.666178024174791,0.14027738645527218,-0.008461989667577033,-0.07100366203293576,-0.05206423036539744,1.0000000000000013,-0.005150764546991929,-0.03537197060657942,-0.026162665828648353,0.9990184223710442,0.0,0.0,0.0,0.0,0.0,0.0,0.0,0.0,0.0,0.0,0.0,0.0,0.0,0.0,0.0,0.0,0.0,0.0,0.0,0.0,0.0,0.0,0.0,0.0,0.0,0.0,0.0,0.0,0.0,0.0,0.0,0.0,0.0,0.0,0.0,0.0,-2.983060663534137
119.26803064346313,119.15875458717346,4.435846421567689,0.6699507226407109,0.1376344191584616,-0.00839781459423178,-0.06670548647073424,-0.05201714634237598,1.0000000000000013,-0.005062331468833288,-0.033225853924533436,-0.0261309201953434,0.9990933842443521,0.0,0.0,0.0,0.0,0.0,0.0,0.0,0.0,0.0,0.0,0.0,0.0,0.0,0.0,0.0,0.0,0.0,0.0,0.0,0.0,0.0,0.0,0.0,0.0,0.0,0.0,0.0,0.0,0.0,0.0,0.0,0.0,0.0,0.0,0.0,0.0,-2.980362947732511
119.3698365688324,119.2577121257782,4.432810337508052,0.6706558103055986,0.13392651520186272,-0.013401141218983767,-0.06645378479261799,-0.0521729891329024,1.0000000000000013,-0.007561039481020892,-0.03303405371466075,-0.026291074424589982,0.9990797572680306,0.0,0.0,0.0,0.0,0.0,0.0,0.0,0.0,0.0,0.0,0.0,0.0,0.0,0.0,0.0,0.0,0.0,0.0,0.0,0.0,0.0,0.0,0.0,0.0,0.0,0.0,0.0,0.0,0.0,0.0,0.0,0.0,0.0,0.0,0.0,0.0,-2.989292081897216
119.44672155380249,119.35702347755432,4.428201073284065,0.6710722040617568,0.13060379874890338,-0.01086942545328375,-0.06720439093088514,-0.04414977944115096,1.0000000000000013,-0.006171848723533555,-0.03346729843648871,-0.022242849375026852,0.9991732101444571,0.0,0.0,0.0,0.0,0.0,0.0,0.0,0.0,0.0,0.0,0.0,0.0,0.0,0.0,0.0,0.0,0.0,0.0,0.0,0.0,0.0,0.0,0.0,0.0,0.0,0.0,0.0,0.0,0.0,0.0,0.0,0.0,0.0,0.0,0.0,0.0,-2.5295960284114005
119.58117175102234,119.4578926563263,4.424888627800931,0.6706157977860688,0.12839200999884934,-0.010576073144120889,-0.06246521192466698,-0.035857121384875866,1.0000000000000013,-0.005844410357481781,-0.031127318115200895,-0.01808371144622878,0.9993347348685829,0.0,0.0,0.0,0.0,0.0,0.0,0.0,0.0,0.0,0.0,0.0,0.0,0.0,0.0,0.0,0.0,0.0,0.0,0.0,0.0,0.0,0.0,0.0,0.0,0.0,0.0,0.0,0.0,0.0,0.0,0.0,0.0,0.0,0.0,0.0,0.0,-2.054461720841677
119.62552165985107,119.55694103240967,4.419103385699483,0.6676815450973717,0.12772850381318623,-0.005569636401302722,-0.06274970615894791,-0.03272850598139795,1.0000000000000016,-0.0032963882761750302,-0.03131983715586315,-0.016442753025180286,0.9993687194913692,0.0,0.0,0.0,0.0,0.0,0.0,0.0,0.0,0.0,0.0,0.0,0.0,0.0,0.0,0.0,0.0,0.0,0.0,0.0,0.0,0.0,0.0,0.0,0.0,0.0,0.0,0.0,0.0,0.0,0.0,0.0,0.0,0.0,0.0,0.0,0.0,-1.8752052625027729
119.74090766906738,119.65874767303467,4.405114909919924,0.6600188292200112,0.13673471761611403,0.009417157537538327,-0.09947742301088366,-0.02739214099401365,1.0000000000000016,0.004021381942257603,-0.04977739848886411,-0.013444473809342177,0.9986617471451223,0.0,0.0,0.0,0.0,0.0,0.0,0.0,0.0,0.0,0.0,0.0,0.0,0.0,0.0,0.0,0.0,0.0,0.0,0.0,0.0,0.0,0.0,0.0,0.0,0.0,0.0,0.0,0.0,0.0,0.0,0.0,0.0,0.0,0.0,0.0,0.0,-1.56945407078427
119.81728482246399,119.75826501846313,4.3837167558699175,0.646592624700199,0.1820021563110106,0.03725132096590276,-0.1911117881101888,-0.022189004658806875,1.0000000000000016,0.017480150239403077,-0.0955938049655136,-0.009264874949058144,0.9952238094479074,0.0,0.0,0.0,0.0,0.0,0.0,0.0,0.0,0.0,0.0,0.0,0.0,0.0,0.0,0.0,0.0,0.0,0.0,0.0,0.0,0.0,0.0,0.0,0.0,0.0,0.0,0.0,0.0,0.0,0.0,0.0,0.0,0.0,0.0,0.0,0.0,-1.2713363185457551
119.97399067878723,119.85877966880798,4.354390559902152,0.6339930615044662,0.2500136299307801,0.02745942249345441,-0.1986023768611495,-0.015316544485661047,1.0000000000000016,0.01290209718288239,-0.099230444724485,-0.006258698046336923,0.9949611466920868,0.0,0.0,0.0,0.0,0.0,0.0,0.0,0.0,0.0,0.0,0.0,0.0,0.0,0.0,0.0,0.0,0.0,0.0,0.0,0.0,0.0,0.0,0.0,0.0,0.0,0.0,0.0,0.0,0.0,0.0,0.0,0.0,0.0,0.0,0.0,0.0,-0.8775733557527523
120.04316473007202,119.9584743976593,4.317820231899426,0.6178490879788934,0.3205803976404248,-0.009996386792842486,-0.13631741652318977,-0.0038555631378253854,1.0000000000000013,-0.0051178497034110705,-0.06809535712957354,-0.002263684873479098,0.9976631223427103,0.0,0.0,0.0,0.0,0.0,0.0,0.0,0.0,0.0,0.0,0.0,0.0,0.0,0.0,0.0,0.0,0.0,0.0,0.0,0.0,0.0,0.0,0.0,0.0,0.0,0.0,0.0,0.0,0.0,0.0,0.0,0.0,0.0,0.0,0.0,0.0,-0.2209074954436111
120.11918926239014,120.05882430076599,4.2759683722600785,0.6030894609170204,0.39112191408477964,-0.031738218609964286,-0.07394362286586594,0.007638650481740427,1.0000000000000016,-0.01571632634858997,-0.03701903061863521,0.0032296781799244206,0.9991857473147916,0.0,0.0,0.0,0.0,0.0,0.0,0.0,0.0,0.0,0.0,0.0,0.0,0.0,0.0,0.0,0.0,0.0,0.0,0.0,0.0,0.0,0.0,0.0,0.0,0.0,0.0,0.0,0.0,0.0,0.0,0.0,0.0,0.0,0.0,0.0,0.0,0.4376624337792996
120.22823667526245,120.15882229804993,4.229048991739739,0.5886260300472824,0.4577527062479154,-0.04082133222100009,-0.032952458311953016,0.022916952692763413,1.0000000000000016,-0.020216398703159662,-0.01670479271158336,0.01111805389034593,0.9995942356784739,0.0,0.0,0.0,0.0,0.0,0.0,0.0,0.0,0.0,0.0,0.0,0.0,0.0,0.0,0.0,0.0,0.0,0.0,0.0,0.0,0.0,0.0,0.0,0.0,0.0,0.0,0.0,0.0,0.0,0.0,0.0,0.0,0.0,0.0,0.0,0.0,1.3130446685963109
120.34598708152771,120.25756311416626,4.178764219262812,0.5730505887435432,0.5197891264083268,-0.04150043124606193,-0.019314434215769734,0.02650131957897504,1.0000000000000013,-0.0206180064182477,-0.00992905389887122,0.013046447555448874,0.9996529907453867,0.0,0.0,0.0,0.0,0.0,0.0,0.0,0.0,0.0,0.0,0.0,0.0,0.0,0.0,0.0,0.0,0.0,0.0,0.0,0.0,0.0,0.0,0.0,0.0,0.0,0.0,0.0,0.0,0.0,0.0,0.0,0.0,0.0,0.0,0.0,0.0,1.5184137634026855
120.41763544082642,120.35756349563599,4.136300947183447,0.5623388917913296,0.5762945574371602,-0.028066543728912083,-0.026192960047276236,0.015541816684300288,1.0000000000000013,-0.013929426592892652,-0.013203458006882265,0.00758562900651165,0.9997870263231224,0.0,0.0,0.0,0.0,0.0,0.0,0.0,0.0,0.0,0.0,0.0,0.0,0.0,0.0,0.0,0.0,0.0,0.0,0.0,0.0,0.0,0.0,0.0,0.0,0.0,0.0,0.0,0.0,0.0,0.0,0.0,0.0,0.0,0.0,0.0,0.0,0.8904805019764135
120.56110191345215,120.45784640312195,4.092907816209273,0.5517744148499663,0.6248510967931372,-0.013049875810708768,-0.04383963112684212,0.006969090042965366,1.0000000000000013,-0.006446911843406436,-0.02194019140436349,0.0033406146229990495,0.9997329171447576,0.0,0.0,0.0,0.0,0.0,0.0,0.0,0.0,0.0,0.0,0.0,0.0,0.0,0.0,0.0,0.0,0.0,0.0,0.0,0.0,0.0,0.0,0.0,0.0,0.0,0.0,0.0,0.0,0.0,0.0,0.0,0.0,0.0,0.0,0.0,0.0,0.39929944650856103
120.66086101531982,120.55881071090698,4.050958087804494,0.541439658921708,0.6685232235136803,-0.004136953951557983,-0.04967418949323827,0.0054427554500276745,1.0000000000000016,-0.002000245935226087,-0.024840023506403602,0.002669159756745204,0.9996858745799083,0.0,0.0,0.0,0.0,0.0,0.0,0.0,0.0,0.0,0.0,0.0,0.0,0.0,0.0,0.0,0.0,0.0,0.0,0.0,0.0,0.0,0.0,0.0,0.0,0.0,0.0,0.0,0.0,0.0,0.0,0.0,0.0,0.0,0.0,0.0,0.0,0.3118469162084128
120.73375916481018,120.65882301330566,4.0121020335372775,0.5297102586295813,0.7062087227849767,-0.011301121274478607,-0.04022345720379338,0.003506745293481331,1.0000000000000016,-0.005614118757963035,-0.02011992634037476,0.001639355069428311,0.9997804672774864,0.0,0.0,0.0,0.0,0.0,0.0,0.0,0.0,0.0,0.0,0.0,0.0,0.0,0.0,0.0,0.0,0.0,0.0,0.0,0.0,0.0,0.0,0.0,0.0,0.0,0.0,0.0,0.0,0.0,0.0,0.0,0.0,0.0,0.0,0.0,0.0,0.20092170514384552
120.8170313835144,120.7583999633789,3.9772310900103713,0.5209313943326267,0.7370653193716801,-0.020579713392308453,-0.02477837847838176,0.0019748024543885996,1.0000000000000016,-0.010276648278361188,-0.012398369650558912,0.0008597956106618506,0.9998699573853003,0.0,0.0,0.0,0.0,0.0,0.0,0.0,0.0,0.0,0.0,0.0,0.0,0.0,0.0,0.0,0.0,0.0,0.0,0.0,0.0,0.0,0.0,0.0,0.0,0.0,0.0,0.0,0.0,0.0,0.0,0.0,0.0,0.0,0.0,0.0,0.0,0.11314784600854301
120.90520334243774,120.85713958740234,3.944928227243367,0.5101824716908099,0.7634506310380306,-0.028276660562695868,-0.010044614216176742,-0.006489369642047277,1.0000000000000016,-0.014153900616040051,-0.004975885371782678,-0.003315317921560476,0.9998819511968402,0.0,0.0,0.0,0.0,0.0,0.0,0.0,0.0,0.0,0.0,0.0,0.0,0.0,0.0,0.0,0.0,0.0,0.0,0.0,0.0,0.0,0.0,0.0,0.0,0.0,0.0,0.0,0.0,0.0,0.0,0.0,0.0,0.0,0.0,0.0,0.0,-0.3718134921896308
121.07469940185547,120.95568561553955,3.9155315697176714,0.49837526647744296,0.7875610540933666,-0.033950538715753265,-0.0030885042143046714,-0.019326181886665537,1.0000000000000016,-0.016988561235057965,-0.001379933971099934,-0.00968774844200338,0.9998077975788775,0.0,0.0,0.0,0.0,0.0,0.0,0.0,0.0,0.0,0.0,0.0,0.0,0.0,0.0,0.0,0.0,0.0,0.0,0.0,0.0,0.0,0.0,0.0,0.0,0.0,0.0,0.0,0.0,0.0,0.0,0.0,0.0,0.0,0.0,0.0,0.0,-1.107308656208114
121.15256404876709,121.06262350082397,3.882875221978734,0.490868746304159,0.809295770488702,-0.03459873379497722,-0.00390431019769951,-0.028599350720314057,1.0000000000000018,-0.017324612557342564,-0.001704308111125854,-0.0143307870850154,0.9997457585181984,0.0,0.0,0.0,0.0,0.0,0.0,0.0,0.0,0.0,0.0,0.0,0.0,0.0,0.0,0.0,0.0,0.0,0.0,0.0,0.0,0.0,0.0,0.0,0.0,0.0,0.0,0.0,0.0,0.0,0.0,0.0,0.0,0.0,0.0,0.0,0.0,-1.6386220930884263
121.21060633659363,121.15891146659851,3.8583957671147,0.4837081238756129,0.827541101279072,-0.029962600697426175,-0.012579127493350566,-0.03525027642428577,1.0000000000000016,-0.015088952426067934,-0.006023820993153585,-0.017716106458663873,0.9997110465865998,0.0,0.0,0.0,0.0,0.0,0.0,0.0,0.0,0.0,0.0,0.0,0.0,0.0,0.0,0.0,0.0,0.0,0.0,0.0,0.0,0.0,0.0,0.0,0.0,0.0,0.0,0.0,0.0,0.0,0.0,0.0,0.0,0.0,0.0,0.0,0.0,-2.0196920657810815
121.35570788383484,121.2592716217041,3.8373224003298976,0.47795765447607985,0.8437069373507081,-0.024234508512075075,-0.018052048760325044,-0.04238513731867373,1.0000000000000016,-0.012304997040767322,-0.008766452772551833,-0.021297905424994684,0.9996590096518534,0.0,0.0,0.0,0.0,0.0,0.0,0.0,0.0,0.0,0.0,0.0,0.0,0.0,0.0,0.0,0.0,0.0,0.0,0.0,0.0,0.0,0.0,0.0,0.0,0.0,0.0,0.0,0.0,0.0,0.0,0.0,0.0,0.0,0.0,0.0,0.0,-2.4284894824424472
121.4496808052063,121.35754728317261,3.8189705535904075,0.4744164005977024,0.8540472978184184,-0.021853638147578423,-0.01870596874055987,-0.04905848964062385,1.0000000000000013,-0.011152218450419688,-0.009081493561007391,-0.024626412300455678,0.9995932644408656,0.0,0.0,0.0,0.0,0.0,0.0,0.0,0.0,0.0,0.0,0.0,0.0,0.0,0.0,0.0,0.0,0.0,0.0,0.0,0.0,0.0,0.0,0.0,0.0,0.0,0.0,0.0,0.0,0.0,0.0,0.0,0.0,0.0,0.0,0.0,0.0,-2.8108444056940174
121.56717896461487,121.45829510688782,3.805546521946808,0.47153177135799346,0.8654408868222653,-0.0208754132339827,-0.021366132209339986,-0.05731588508150408,1.0000000000000013,-0.010738726274809087,-0.010378834962455855,-0.028762280934553595,0.9994747074029744,0.0,0.0,0.0,0.0,0.0,0.0,0.0,0.0,0.0,0.0,0.0,0.0,0.0,0.0,0.0,0.0,0.0,0.0,0.0,0.0,0.0,0.0,0.0,0.0,0.0,0.0,0.0,0.0,0.0,0.0,0.0,0.0,0.0,0.0,0.0,0.0,-3.283958314227022
121.66833281517029,121.55912256240845,3.7911512352163705,0.47105850363092927,0.8744073206007795,-0.018371327574131163,-0.025489691075538574,-0.06070990640254017,1.0000000000000013,-0.009567340391335843,-0.012459330995114308,-0.030463557717691072,0.9994124287400943,0.0,0.0,0.0,0.0,0.0,0.0,0.0,0.0,0.0,0.0,0.0,0.0,0.0,0.0,0.0,0.0,0.0,0.0,0.0,0.0,0.0,0.0,0.0,0.0,0.0,0.0,0.0,0.0,0.0,0.0,0.0,0.0,0.0,0.0,0.0,0.0,-3.478421411499806
121.7364604473114,121.6589925289154,3.7789633254688364,0.46773560675005676,0.8828005019660407,-0.012927098902759372,-0.03289712417653679,-0.0700505490195937,1.000000000000001,-0.007034626036090494,-0.01621108009985434,-0.03511889053940114,0.9992268903736591,0.0,0.0,0.0,0.0,0.0,0.0,0.0,0.0,0.0,0.0,0.0,0.0,0.0,0.0,0.0,0.0,0.0,0.0,0.0,0.0,0.0,0.0,0.0,0.0,0.0,0.0,0.0,0.0,0.0,0.0,0.0,0.0,0.0,0.0,0.0,0.0,-4.013600811397006
121.82772469520569,121.75892972946167,3.7674494824845293,0.4650868966641741,0.8908985799018866,-0.00885340384340113,-0.03868859676140756,-0.07599920963419005,1.000000000000001,-0.0051575100029858855,-0.019160798401975338,-0.03806854445529328,0.9990780999592702,0.0,0.0,0.0,0.0,0.0,0.0,0.0,0.0,0.0,0.0,0.0,0.0,0.0,0.0,0.0,0.0,0.0,0.0,0.0,0.0,0.0,0.0,0.0,0.0,0.0,0.0,0.0,0.0,0.0,0.0,0.0,0.0,0.0,0.0,0.0,0.0,-4.354433958369075
121.9728729724884,121.85724234580994,3.755931536146885,0.466282165550869,0.8972831246168027,-0.012814065495587692,-0.045371895250477155,-0.07705396547400609,1.0000000000000013,-0.007274299095834853,-0.022419985975651768,-0.038651979139545566,0.9989747010360747,0.0,0.0,0.0,0.0,0.0,0.0,0.0,0.0,0.0,0.0,0.0,0.0,0.0,0.0,0.0,0.0,0.0,0.0,0.0,0.0,0.0,0.0,0.0,0.0,0.0,0.0,0.0,0.0,0.0,0.0,0.0,0.0,0.0,0.0,0.0,0.0,-4.41486701640731
122.03747367858887,121.95729041099548,3.7471212616370924,0.4657317182868714,0.9046695829959884,-0.015842919022306473,-0.04767708153144174,-0.08094957043768175,1.000000000000001,-0.008877115086812564,-0.023495576627319107,-0.04063963072654859,0.998858135633433,0.0,0.0,0.0,0.0,0.0,0.0,0.0,0.0,0.0,0.0,0.0,0.0,0.0,0.0,0.0,0.0,0.0,0.0,0.0,0.0,0.0,0.0,0.0,0.0,0.0,0.0,0.0,0.0,0.0,0.0,0.0,0.0,0.0,0.0,0.0,0.0,-4.63806873947614
122.13784766197205,122.05894732475281,3.7387686527496853,0.46378887300989985,0.910103551816654,-0.018427462519470098,-0.04307976204547991,-0.08091042993157964,1.000000000000001,-0.010074985259425457,-0.02114712928519562,-0.04063136471393274,0.9988995874443554,0.0,0.0,0.0,0.0,0.0,0.0,0.0,0.0,0.0,0.0,0.0,0.0,0.0,0.0,0.0,0.0,0.0,0.0,0.0,0.0,0.0,0.0,0.0,0.0,0.0,0.0,0.0,0.0,0.0,0.0,0.0,0.0,0.0,0.0,0.0,0.0,-4.635826153668483
122.21651792526245,122.15895795822144,3.730618609323555,0.46437135666275814,0.91635778958311,-0.020537022991666213,-0.04030363804349634,-0.08047861486089826,1.000000000000001,-0.01106851452791032,-0.01972008684890166,-0.040424904632674855,0.9989266405728996,0.0,0.0,0.0,0.0,0.0,0.0,0.0,0.0,0.0,0.0,0.0,0.0,0.0,0.0,0.0,0.0,0.0,0.0,0.0,0.0,0.0,0.0,0.0,0.0,0.0,0.0,0.0,0.0,0.0,0.0,0.0,0.0,0.0,0.0,0.0,0.0,-4.611084972588297
122.35301423072815,122.25910973548889,3.7235136898721404,0.4652564197981836,0.9165298766031859,-0.02431430018521983,-0.03270456080126096,-0.07377683012107777,1.000000000000001,-0.012749957581931965,-0.015890934858895596,-0.037071042083151415,0.9991049267268384,0.0,0.0,0.0,0.0,0.0,0.0,0.0,0.0,0.0,0.0,0.0,0.0,0.0,0.0,0.0,0.0,0.0,0.0,0.0,0.0,0.0,0.0,0.0,0.0,0.0,0.0,0.0,0.0,0.0,0.0,0.0,0.0,0.0,0.0,0.0,0.0,-4.227100991791403
122.43192219734192,122.35645627975464,3.71794303645309,0.4688394641085754,0.9134511921675611,-0.025171282899574904,-0.03012537080593968,-0.06695182922649204,1.000000000000001,-0.013080915202582092,-0.01463130654341315,-0.033652670516717186,0.9992408680060035,0.0,0.0,0.0,0.0,0.0,0.0,0.0,0.0,0.0,0.0,0.0,0.0,0.0,0.0,0.0,0.0,0.0,0.0,0.0,0.0,0.0,0.0,0.0,0.0,0.0,0.0,0.0,0.0,0.0,0.0,0.0,0.0,0.0,0.0,0.0,0.0,-3.836057245358629
122.55516815185547,122.45883679389954,3.7124973907696845,0.4747006995789452,0.9072169077103887,-0.02475827392072189,-0.032400977536707405,-0.05777530395250531,1.000000000000001,-0.012839905052623822,-0.015834282133341957,-0.02907808183298758,0.9993692398230385,0.0,0.0,0.0,0.0,0.0,0.0,0.0,0.0,0.0,0.0,0.0,0.0,0.0,0.0,0.0,0.0,0.0,0.0,0.0,0.0,0.0,0.0,0.0,0.0,0.0,0.0,0.0,0.0,0.0,0.0,0.0,0.0,0.0,0.0,0.0,0.0,-3.310281076564058
122.61249494552612,122.55888724327087,3.7086943868005395,0.48042958441135575,0.9011657663235556,-0.025523335277926346,-0.0359129046509274,-0.05076177226066352,1.0000000000000013,-0.013210794636707403,-0.017624436038390135,-0.025601065677147185,0.9994295570952424,0.0,0.0,0.0,0.0,0.0,0.0,0.0,0.0,0.0,0.0,0.0,0.0,0.0,0.0,0.0,0.0,0.0,0.0,0.0,0.0,0.0,0.0,0.0,0.0,0.0,0.0,0.0,0.0,0.0,0.0,0.0,0.0,0.0,0.0,0.0,0.0,-2.9084353111402756
122.73959708213806,122.65840148925781,3.7068293542030197,0.4890977648251515,0.8949055010069631,-0.030102401940394437,-0.03782461978666082,-0.043292090918999326,1.0000000000000013,-0.015453689914835247,-0.018578907748688374,-0.021922591833422097,0.9994675620660181,0.0,0.0,0.0,0.0,0.0,0.0,0.0,0.0,0.0,0.0,0.0,0.0,0.0,0.0,0.0,0.0,0.0,0.0,0.0,0.0,0.0,0.0,0.0,0.0,0.0,0.0,0.0,0.0,0.0,0.0,0.0,0.0,0.0,0.0,0.0,0.0,-2.4804540959552988
122.83795666694641,122.7589282989502,3.705873005309927,0.49893465611033877,0.8887958452235162,-0.03698466775908756,-0.03764719814098677,-0.03696404076475184,1.000000000000001,-0.018832644839769066,-0.01847437891743916,-0.01882252729539844,0.9994747326862098,0.0,0.0,0.0,0.0,0.0,0.0,0.0,0.0,0.0,0.0,0.0,0.0,0.0,0.0,0.0,0.0,0.0,0.0,0.0,0.0,0.0,0.0,0.0,0.0,0.0,0.0,0.0,0.0,0.0,0.0,0.0,0.0,0.0,0.0,0.0,0.0,-2.1178835295698084
122.92525267601013,122.85905456542969,3.7061377126114348,0.5098693248117029,0.8848909953055635,-0.04449245997222908,-0.03438839130888631,-0.029666563320493666,1.0000000000000013,-0.022493621574970243,-0.01685730667898762,-0.01520928912405181,0.9994891423744015,0.0,0.0,0.0,0.0,0.0,0.0,0.0,0.0,0.0,0.0,0.0,0.0,0.0,0.0,0.0,0.0,0.0,0.0,0.0,0.0,0.0,0.0,0.0,0.0,0.0,0.0,0.0,0.0,0.0,0.0,0.0,0.0,0.0,0.0,0.0,0.0,-1.6997688709219005
123.05528426170349,122.95943784713745,3.707437894038979,0.5261295688255277,0.8810209214717799,-0.04740574108226176,-0.02797608981787595,-0.02073625668300867,1.0000000000000016,-0.023842040489783944,-0.013737205086742225,-0.010695513349841796,0.9995641311571133,0.0,0.0,0.0,0.0,0.0,0.0,0.0,0.0,0.0,0.0,0.0,0.0,0.0,0.0,0.0,0.0,0.0,0.0,0.0,0.0,0.0,0.0,0.0,0.0,0.0,0.0,0.0,0.0,0.0,0.0,0.0,0.0,0.0,0.0,0.0,0.0,-1.1880999908363445
123.14806604385376,123.0563645362854,3.708197180611504,0.5424778642942873,0.8810841501398174,-0.04905742506837503,-0.025400950530657475,-0.01349968505665224,1.0000000000000016,-0.024609413719111805,-0.012530490497087245,-0.007058696236662647,0.9995936866405998,0.0,0.0,0.0,0.0,0.0,0.0,0.0,0.0,0.0,0.0,0.0,0.0,0.0,0.0,0.0,0.0,0.0,0.0,0.0,0.0,0.0,0.0,0.0,0.0,0.0,0.0,0.0,0.0,0.0,0.0,0.0,0.0,0.0,0.0,0.0,0.0,-0.773474978501999
123.2497706413269,123.1590518951416,3.7125968665422637,0.561752197344806,0.8802866153695768,-0.04866524310321275,-0.021744346012179488,-0.003584592031750014,1.0000000000000013,-0.024348223455430026,-0.010825118647690542,-0.0020561753290476003,0.9996428126905365,0.0,0.0,0.0,0.0,0.0,0.0,0.0,0.0,0.0,0.0,0.0,0.0,0.0,0.0,0.0,0.0,0.0,0.0,0.0,0.0,0.0,0.0,0.0,0.0,0.0,0.0,0.0,0.0,0.0,0.0,0.0,0.0,0.0,0.0,0.0,0.0,-0.20538199469550059
123.3561155796051,123.2577772140503,3.7154641565704285,0.5831070350522732,0.8821800086004011,-0.049691572453491886,-0.02276027298155579,0.003354823173407591,1.0000000000000013,-0.024822503550285854,-0.01141803215877677,0.0013940716503552362,0.9996256941592457,0.0,0.0,0.0,0.0,0.0,0.0,0.0,0.0,0.0,0.0,0.0,0.0,0.0,0.0,0.0,0.0,0.0,0.0,0.0,0.0,0.0,0.0,0.0,0.0,0.0,0.0,0.0,0.0,0.0,0.0,0.0,0.0,0.0,0.0,0.0,0.0,0.19221720884894047
123.45744514465332,123.35900592803955,3.7222475148712255,0.6081375295899318,0.8837449550052545,-0.05000687264431294,-0.026105372255177537,-0.0007965783583155296,1.0000000000000013,-0.025003896452808823,-0.01303827798964705,-0.0007244494679015652,0.999602062644037,0.0,0.0,0.0,0.0,0.0,0.0,0.0,0.0,0.0,0.0,0.0,0.0,0.0,0.0,0.0,0.0,0.0,0.0,0.0,0.0,0.0,0.0,0.0,0.0,0.0,0.0,0.0,0.0,0.0,0.0,0.0,0.0,0.0,0.0,0.0,0.0,-0.045640577982939676
123.54112076759338,123.45963191986084,3.7296355009551254,0.6357939719824485,0.8861729641882808,-0.047081458512057694,-0.031115822029054472,-0.008685745984240429,1.0000000000000013,-0.023603028817602376,-0.015450614003639644,-0.004707323147181054,0.9995909246618522,0.0,0.0,0.0,0.0,0.0,0.0,0.0,0.0,0.0,0.0,0.0,0.0,0.0,0.0,0.0,0.0,0.0,0.0,0.0,0.0,0.0,0.0,0.0,0.0,0.0,0.0,0.0,0.0,0.0,0.0,0.0,0.0,0.0,0.0,0.0,0.0,-0.49765658681967984
123.63673186302185,123.55848693847656,3.736059274075397,0.6663879132904128,0.8879652974664032,-0.043980525260524116,-0.030952937947073073,-0.015529879401717234,1.0000000000000013,-0.022105333043090234,-0.015300925890454,-0.00810233497760551,0.9996057163131183,0.0,0.0,0.0,0.0,0.0,0.0,0.0,0.0,0.0,0.0,0.0,0.0,0.0,0.0,0.0,0.0,0.0,0.0,0.0,0.0,0.0,0.0,0.0,0.0,0.0,0.0,0.0,0.0,0.0,0.0,0.0,0.0,0.0,0.0,0.0,0.0,-0.8897965460655495
123.751309633255,123.65771722793579,3.744468821129757,0.7023309463876525,0.8879474912189574,-0.041522270891928025,-0.03234375500237807,-0.018696597677715386,1.000000000000001,-0.02090716067881005,-0.015972942042571176,-0.009680619105823256,0.9996069434375622,0.0,0.0,0.0,0.0,0.0,0.0,0.0,0.0,0.0,0.0,0.0,0.0,0.0,0.0,0.0,0.0,0.0,0.0,0.0,0.0,0.0,0.0,0.0,0.0,0.0,0.0,0.0,0.0,0.0,0.0,0.0,0.0,0.0,0.0,0.0,0.0,-1.0712361381871878
123.8536229133606,123.75588178634644,3.750864481562546,0.7368121962835994,0.8897855737109219,-0.027221118904339897,-0.04324832095494775,-0.024160547410222808,1.0000000000000013,-0.013867139313531946,-0.021454523214984655,-0.012370300486556183,0.999597109613044,0.0,0.0,0.0,0.0,0.0,0.0,0.0,0.0,0.0,0.0,0.0,0.0,0.0,0.0,0.0,0.0,0.0,0.0,0.0,0.0,0.0,0.0,0.0,0.0,0.0,0.0,0.0,0.0,0.0,0.0,0.0,0.0,0.0,0.0,0.0,0.0,-1.384297397331498
123.93745636940002,123.85932898521423,3.757664674327386,0.7696055274157813,0.8922582012819638,-0.006508975499574778,-0.049895339228905,-0.02666872108183914,1.0000000000000013,-0.0035857951438608435,-0.024899350457663796,-0.013410921678541242,0.9995935732084853,0.0,0.0,0.0,0.0,0.0,0.0,0.0,0.0,0.0,0.0,0.0,0.0,0.0,0.0,0.0,0.0,0.0,0.0,0.0,0.0,0.0,0.0,0.0,0.0,0.0,0.0,0.0,0.0,0.0,0.0,0.0,0.0,0.0,0.0,0.0,0.0,-1.5280051630009457
124.05545663833618,123.9590675830841,3.765977208236119,0.8026632254140551,0.8945070294107406,0.0043625223774597585,-0.057650977190038685,-0.021361155348977316,1.0000000000000013,0.0018724052963768002,-0.028843071411274113,-0.010613048735835856,0.9995258548564434,0.0,0.0,0.0,0.0,0.0,0.0,0.0,0.0,0.0,0.0,0.0,0.0,0.0,0.0,0.0,0.0,0.0,0.0,0.0,0.0,0.0,0.0,0.0,0.0,0.0,0.0,0.0,0.0,0.0,0.0,0.0,0.0,0.0,0.0,0.0,0.0,-1.2239040470197033
124.11538767814636,124.05777788162231,3.770755194628307,0.8347606693079596,0.8971943347793321,0.0067720556439883435,-0.06709631006002337,-0.011285033996239386,1.0000000000000016,0.0031948037717249938,-0.03356023102961128,-0.00552570812313752,0.9994163149918257,0.0,0.0,0.0,0.0,0.0,0.0,0.0,0.0,0.0,0.0,0.0,0.0,0.0,0.0,0.0,0.0,0.0,0.0,0.0,0.0,0.0,0.0,0.0,0.0,0.0,0.0,0.0,0.0,0.0,0.0,0.0,0.0,0.0,0.0,0.0,0.0,-0.6465848196461701
124.20949459075928,124.15824961662292,3.7726155108659283,0.8629803629029794,0.9015920031956065,0.004810362202216259,-0.07359434489912883,0.007836455608879415,1.0000000000000013,0.002547678554567428,-0.03677906247669377,0.004004037184210345,0.9993121522244931,0.0,0.0,0.0,0.0,0.0,0.0,0.0,0.0,0.0,0.0,0.0,0.0,0.0,0.0,0.0,0.0,0.0,0.0,0.0,0.0,0.0,0.0,0.0,0.0,0.0,0.0,0.0,0.0,0.0,0.0,0.0,0.0,0.0,0.0,0.0,0.0,0.4489958327304122
124.36196422576904,124.25906825065613,3.7738015994037815,0.8918729985093112,0.9052994210500305,7.470213882901286e-05,-0.07179511255802758,0.02877062321696084,1.0000000000000013,0.000553591969536734,-0.03588559659542901,0.014376888456562594,0.9992523317817336,0.0,0.0,0.0,0.0,0.0,0.0,0.0,0.0,0.0,0.0,0.0,0.0,0.0,0.0,0.0,0.0,0.0,0.0,0.0,0.0,0.0,0.0,0.0,0.0,0.0,0.0,0.0,0.0,0.0,0.0,0.0,0.0,0.0,0.0,0.0,0.0,1.6484352842929555
124.42493891716003,124.35854172706604,3.766103524977575,0.9183251233840445,0.9074590459965901,-0.002898587352268127,-0.062441939229340285,0.046950316675960765,1.0000000000000013,-0.0007154576806643124,-0.031241266787810914,0.023416309895412338,0.9992372830317556,0.0,0.0,0.0,0.0,0.0,0.0,0.0,0.0,0.0,0.0,0.0,0.0,0.0,0.0,0.0,0.0,0.0,0.0,0.0,0.0,0.0,0.0,0.0,0.0,0.0,0.0,0.0,0.0,0.0,0.0,0.0,0.0,0.0,0.0,0.0,0.0,2.69005499233524
124.51454043388367,124.45829224586487,3.7573796203292744,0.9411068593986619,0.9088266044165322,-0.009184401065892047,-0.043359248547278455,0.058557436440678144,1.0000000000000013,-0.00395453303227665,-0.02180280908474646,0.029167840929559496,0.9993288929276594,0.0,0.0,0.0,0.0,0.0,0.0,0.0,0.0,0.0,0.0,0.0,0.0,0.0,0.0,0.0,0.0,0.0,0.0,0.0,0.0,0.0,0.0,0.0,0.0,0.0,0.0,0.0,0.0,0.0,0.0,0.0,0.0,0.0,0.0,0.0,0.0,3.355093967156427
124.6495521068573,124.55908703804016,3.749503989337967,0.9659920245473809,0.9118838679687508,-0.016427874966918818,-0.025406562162706908,0.0672788913776487,1.0000000000000013,-0.007781310910494848,-0.012971559215045938,0.033524972432286866,0.9993234041467567,0.0,0.0,0.0,0.0,0.0,0.0,0.0,0.0,0.0,0.0,0.0,0.0,0.0,0.0,0.0,0.0,0.0,0.0,0.0,0.0,0.0,0.0,0.0,0.0,0.0,0.0,0.0,0.0,0.0,0.0,0.0,0.0,0.0,0.0,0.0,0.0,3.854796526258375
124.73341917991638,124.65913319587708,3.7384087722732033,0.9821805470186575,0.9156435443668862,-0.02006426971602291,-0.014908478444969526,0.06967288674109354,1.0000000000000013,-0.00976599017063135,-0.0077986703080893975,0.034751942788636365,0.9993178216412588,0.0,0.0,0.0,0.0,0.0,0.0,0.0,0.0,0.0,0.0,0.0,0.0,0.0,0.0,0.0,0.0,0.0,0.0,0.0,0.0,0.0,0.0,0.0,0.0,0.0,0.0,0.0,0.0,0.0,0.0,0.0,0.0,0.0,0.0,0.0,0.0,3.991962356757652
124.89872765541077,124.7593035697937,3.731633357379118,1.0001713273318065,0.9171599054477463,-0.01747884825262006,-0.0012773612356361422,0.06227890316310678,1.0000000000000013,-0.008715190143940758,-0.0009104399441989823,0.031127645099737058,0.9994770063740388,0.0,0.0,0.0,0.0,0.0,0.0,0.0,0.0,0.0,0.0,0.0,0.0,0.0,0.0,0.0,0.0,0.0,0.0,0.0,0.0,0.0,0.0,0.0,0.0,0.0,0.0,0.0,0.0,0.0,0.0,0.0,0.0,0.0,0.0,0.0,0.0,3.5683183039499715
124.92952680587769,124.85922241210938,3.7266912235904583,1.0251393286650299,0.9196497356280858,-0.01701458606997622,0.019007963911545828,0.05471794592265867,1.0000000000000013,-0.008763596107655721,0.009267229994799463,0.02743415539517415,0.9995422377014598,0.0,0.0,0.0,0.0,0.0,0.0,0.0,0.0,0.0,0.0,0.0,0.0,0.0,0.0,0.0,0.0,0.0,0.0,0.0,0.0,0.0,0.0,0.0,0.0,0.0,0.0,0.0,0.0,0.0,0.0,0.0,0.0,0.0,0.0,0.0,0.0,3.135107364993413
125.03771805763245,124.95919632911682,3.7256457672757772,1.0408947930885186,0.9211980741959064,-0.01487034363467182,0.03637389669150251,0.046535706645823724,1.0000000000000013,-0.00785495952029699,0.018007565897916928,0.023396441035733927,0.999533207916691,0.0,0.0,0.0,0.0,0.0,0.0,0.0,0.0,0.0,0.0,0.0,0.0,0.0,0.0,0.0,0.0,0.0,0.0,0.0,0.0,0.0,0.0,0.0,0.0,0.0,0.0,0.0,0.0,0.0,0.0,0.0,0.0,0.0,0.0,0.0,0.0,2.6662995874645956
125.15738844871521,125.05830001831055,3.7302939224112133,1.058262640463766,0.9224745740642826,-0.009222161217855511,0.04233983521697487,0.044559319308314214,1.0000000000000013,-0.005080466223595828,0.02106015637608408,0.022370172156848247,0.9995149994242415,0.0,0.0,0.0,0.0,0.0,0.0,0.0,0.0,0.0,0.0,0.0,0.0,0.0,0.0,0.0,0.0,0.0,0.0,0.0,0.0,0.0,0.0,0.0,0.0,0.0,0.0,0.0,0.0,0.0,0.0,0.0,0.0,0.0,0.0,0.0,0.0,2.553060934342203
125.22499012947083,125.15775465965271,3.7398943531605426,1.0783733879660284,0.922641580840632,-0.0049641040768920236,0.04047246924932917,0.042620410607877544,1.0000000000000013,-0.002912152775896329,0.020177318644154372,0.021354376465316093,0.9995640978868351,0.0,0.0,0.0,0.0,0.0,0.0,0.0,0.0,0.0,0.0,0.0,0.0,0.0,0.0,0.0,0.0,0.0,0.0,0.0,0.0,0.0,0.0,0.0,0.0,0.0,0.0,0.0,0.0,0.0,0.0,0.0,0.0,0.0,0.0,0.0,0.0,2.4419696489459866
125.30449628829956,125.25922226905823,3.7558582426662435,1.0924852879873648,0.9249823034717631,-0.006379824918845492,0.03115780915802252,0.03845739523222046,1.0000000000000016,-0.0034884602707767796,0.015513988745866078,0.01927476570685774,0.9996877663576169,0.0,0.0,0.0,0.0,0.0,0.0,0.0,0.0,0.0,0.0,0.0,0.0,0.0,0.0,0.0,0.0,0.0,0.0,0.0,0.0,0.0,0.0,0.0,0.0,0.0,0.0,0.0,0.0,0.0,0.0,0.0,0.0,0.0,0.0,0.0,0.0,2.203446437872767
125.42805671691895,125.35736989974976,3.774417778793889,1.1024180554354641,0.9276394239898145,-0.001887338863628348,0.022310256674766004,0.03644698044956393,1.0000000000000016,-0.0011467237130295903,0.011135844900070496,0.018231864494743785,0.9997711123552911,0.0,0.0,0.0,0.0,0.0,0.0,0.0,0.0,0.0,0.0,0.0,0.0,0.0,0.0,0.0,0.0,0.0,0.0,0.0,0.0,0.0,0.0,0.0,0.0,0.0,0.0,0.0,0.0,0.0,0.0,0.0,0.0,0.0,0.0,0.0,0.0,2.088258155755837
125.54639601707458,125.45834755897522,3.796509341702553,1.1153600080974855,0.9280223561069187,-0.0076446137646338525,0.010136947928339858,0.036125125121566744,1.0000000000000016,-0.003913168569012922,0.004998552611474145,0.0180805864453807,0.9998163801305394,0.0,0.0,0.0,0.0,0.0,0.0,0.0,0.0,0.0,0.0,0.0,0.0,0.0,0.0,0.0,0.0,0.0,0.0,0.0,0.0,0.0,0.0,0.0,0.0,0.0,0.0,0.0,0.0,0.0,0.0,0.0,0.0,0.0,0.0,0.0,0.0,2.0698172038477995
125.65852117538452,125.55916476249695,3.8196267869146805,1.1281799559433658,0.9286194869129967,-0.015515674940679746,-0.0064392287409937386,0.030938022065696954,1.0000000000000016,-0.007706990611838072,-0.003339126194547718,0.01544287450403789,0.9998454731402356,0.0,0.0,0.0,0.0,0.0,0.0,0.0,0.0,0.0,0.0,0.0,0.0,0.0,0.0,0.0,0.0,0.0,0.0,0.0,0.0,0.0,0.0,0.0,0.0,0.0,0.0,0.0,0.0,0.0,0.0,0.0,0.0,0.0,0.0,0.0,0.0,1.7726180908470484
125.76315093040466,125.65809988975525,3.8442263441790328,1.1337920979710987,0.927660173445559,-0.015132319158219965,-0.019934075045253213,0.02435801415107824,1.0000000000000016,-0.007443770345434392,-0.010057988638266265,0.012102347861053948,0.9998484686810548,0.0,0.0,0.0,0.0,0.0,0.0,0.0,0.0,0.0,0.0,0.0,0.0,0.0,0.0,0.0,0.0,0.0,0.0,0.0,0.0,0.0,0.0,0.0,0.0,0.0,0.0,0.0,0.0,0.0,0.0,0.0,0.0,0.0,0.0,0.0,0.0,1.395611408176718
125.82688450813293,125.75624585151672,3.861482740578592,1.1417476518557184,0.9266149742132463,-0.014902088952169238,-0.04017232036025213,0.023305504673581116,1.0000000000000016,-0.007214935237856308,-0.020169693358071703,0.011500173422859838,0.9997043934036713,0.0,0.0,0.0,0.0,0.0,0.0,0.0,0.0,0.0,0.0,0.0,0.0,0.0,0.0,0.0,0.0,0.0,0.0,0.0,0.0,0.0,0.0,0.0,0.0,0.0,0.0,0.0,0.0,0.0,0.0,0.0,0.0,0.0,0.0,0.0,0.0,1.3353070572186132
125.9436445236206,125.85928201675415,3.873568686997213,1.1480318141663277,0.9263218731131747,-0.0065254455054421625,-0.06642310022162162,0.02138179210220088,1.0000000000000018,-0.002905744068260928,-0.03323823216077509,0.010576406337316692,0.9993872703828219,0.0,0.0,0.0,0.0,0.0,0.0,0.0,0.0,0.0,0.0,0.0,0.0,0.0,0.0,0.0,0.0,0.0,0.0,0.0,0.0,0.0,0.0,0.0,0.0,0.0,0.0,0.0,0.0,0.0,0.0,0.0,0.0,0.0,0.0,0.0,0.0,1.2250864458822666
126.05085372924805,125.95794367790222,3.8837412493928034,1.1531843867559792,0.9246384932738405,-0.0005787497961616122,-0.08308793276893277,0.02005973832972599,1.0000000000000016,0.00012744302681100394,-0.04153282637930427,0.0100090289714966,0.9990869969278313,0.0,0.0,0.0,0.0,0.0,0.0,0.0,0.0,0.0,0.0,0.0,0.0,0.0,0.0,0.0,0.0,0.0,0.0,0.0,0.0,0.0,0.0,0.0,0.0,0.0,0.0,0.0,0.0,0.0,0.0,0.0,0.0,0.0,0.0,0.0,0.0,1.1493383444301066
126.1355938911438,126.05963850021362,3.8853855573171323,1.156483423011538,0.9230327738667687,-0.005560980530033771,-0.09305451685169401,0.019141491887558277,1.0000000000000016,-0.002332219032355178,-0.04653474552019112,0.009430889767312095,0.9988694291707781,0.0,0.0,0.0,0.0,0.0,0.0,0.0,0.0,0.0,0.0,0.0,0.0,0.0,0.0,0.0,0.0,0.0,0.0,0.0,0.0,0.0,0.0,0.0,0.0,0.0,0.0,0.0,0.0,0.0,0.0,0.0,0.0,0.0,0.0,0.0,0.0,1.096726698740993
126.2518835067749,126.15924835205078,3.8768985568258576,1.158124502555191,0.9211378143800857,-0.011078991223709804,-0.0941142276775217,0.02182856238042508,1.0000000000000016,-0.005019618650499478,-0.047096616564453055,0.010641255936247587,0.9988210429345623,0.0,0.0,0.0,0.0,0.0,0.0,0.0,0.0,0.0,0.0,0.0,0.0,0.0,0.0,0.0,0.0,0.0,0.0,0.0,0.0,0.0,0.0,0.0,0.0,0.0,0.0,0.0,0.0,0.0,0.0,0.0,0.0,0.0,0.0,0.0,0.0,1.2506844972363989
126.3121166229248,126.26024794578552,3.8659184067200463,1.1594532770178994,0.9205292572180916,-0.021216814388315648,-0.08617387250736362,0.01835000462745135,1.0000000000000016,-0.010202744021888829,-0.043166607867606566,0.008708928077080472,0.9989778288587687,0.0,0.0,0.0,0.0,0.0,0.0,0.0,0.0,0.0,0.0,0.0,0.0,0.0,0.0,0.0,0.0,0.0,0.0,0.0,0.0,0.0,0.0,0.0,0.0,0.0,0.0,0.0,0.0,0.0,0.0,0.0,0.0,0.0,0.0,0.0,0.0,1.0513778191984928
126.41286611557007,126.35934233665466,3.848318031985322,1.1646860421185514,0.919729407575183,-0.03461248731936294,-0.06788638594576483,0.010715264122743663,1.0000000000000016,-0.017113371280653513,-0.0340237684877546,0.004766439904966908,0.999263126884975,0.0,0.0,0.0,0.0,0.0,0.0,0.0,0.0,0.0,0.0,0.0,0.0,0.0,0.0,0.0,0.0,0.0,0.0,0.0,0.0,0.0,0.0,0.0,0.0,0.0,0.0,0.0,0.0,0.0,0.0,0.0,0.0,0.0,0.0,0.0,0.0,0.6139394106011624
126.55881690979004,126.45839524269104,3.8275270439268305,1.1668690860139668,0.9178768320650151,-0.0454373628947907,-0.03520022680015882,0.0018667015674164774,1.0000000000000016,-0.022696776962143908,-0.017615854873604255,0.0005331691123716319,0.9995870415843252,0.0,0.0,0.0,0.0,0.0,0.0,0.0,0.0,0.0,0.0,0.0,0.0,0.0,0.0,0.0,0.0,0.0,0.0,0.0,0.0,0.0,0.0,0.0,0.0,0.0,0.0,0.0,0.0,0.0,0.0,0.0,0.0,0.0,0.0,0.0,0.0,0.10695412142341967
126.65917873382568,126.55964779853821,3.80208773613929,1.1638544131334634,0.9202689215474306,-0.04361477612305786,-0.010888548292759738,0.0018451628604466397,1.0000000000000016,-0.021800305634442397,-0.005463067643129082,0.0008036329141820779,0.9997470958899125,0.0,0.0,0.0,0.0,0.0,0.0,0.0,0.0,0.0,0.0,0.0,0.0,0.0,0.0,0.0,0.0,0.0,0.0,0.0,0.0,0.0,0.0,0.0,0.0,0.0,0.0,0.0,0.0,0.0,0.0,0.0,0.0,0.0,0.0,0.0,0.0,0.10572004441787895
126.7411699295044,126.65818786621094,3.781161542282494,1.1658559493168419,0.9223710814911044,-0.03465415015363903,0.006101808940369263,0.010938124930641696,1.0000000000000016,-0.017342551298971002,0.0029556389455031576,0.005521048528602879,0.999829994617092,0.0,0.0,0.0,0.0,0.0,0.0,0.0,0.0,0.0,0.0,0.0,0.0,0.0,0.0,0.0,0.0,0.0,0.0,0.0,0.0,0.0,0.0,0.0,0.0,0.0,0.0,0.0,0.0,0.0,0.0,0.0,0.0,0.0,0.0,0.0,0.0,0.6267083943125955
126.8434054851532,126.7575786113739,3.761151134837716,1.1725624331700113,0.9232937235470801,-0.02777679043038529,0.01609603784002404,0.01978139678157961,1.0000000000000016,-0.013966410394384917,0.007909407449526179,0.010001026790477244,0.9998211640676707,0.0,0.0,0.0,0.0,0.0,0.0,0.0,0.0,0.0,0.0,0.0,0.0,0.0,0.0,0.0,0.0,0.0,0.0,0.0,0.0,0.0,0.0,0.0,0.0,0.0,0.0,0.0,0.0,0.0,0.0,0.0,0.0,0.0,0.0,0.0,0.0,1.1333905484581817
126.9481611251831,126.85930037498474,3.744216976968654,1.1746655318686798,0.9259086953377766,-0.02168757930260627,0.02447537860034924,0.025077091851083193,1.0000000000000016,-0.010995338819564682,0.012099753542670939,0.012669228006809616,0.9997860716924218,0.0,0.0,0.0,0.0,0.0,0.0,0.0,0.0,0.0,0.0,0.0,0.0,0.0,0.0,0.0,0.0,0.0,0.0,0.0,0.0,0.0,0.0,0.0,0.0,0.0,0.0,0.0,0.0,0.0,0.0,0.0,0.0,0.0,0.0,0.0,0.0,1.436811525528976
127.03790211677551,126.95968055725098,3.736897379817357,1.1755177625654398,0.9300249547220418,-0.01787635008960548,0.036037498606148896,0.027557750268455115,1.0000000000000016,-0.009184003650840055,0.017892211776596743,0.013936680730887023,0.9997006010625838,0.0,0.0,0.0,0.0,0.0,0.0,0.0,0.0,0.0,0.0,0.0,0.0,0.0,0.0,0.0,0.0,0.0,0.0,0.0,0.0,0.0,0.0,0.0,0.0,0.0,0.0,0.0,0.0,0.0,0.0,0.0,0.0,0.0,0.0,0.0,0.0,1.5789427832579894
127.1426694393158,127.05702495574951,3.7346849690378643,1.1757112098989753,0.9324770830859234,-0.015509632128504529,0.052692602242966916,0.03031392498148428,1.0000000000000016,-0.00815041307884611,0.026221942374262307,0.015354928227037243,0.9995049808199611,0.0,0.0,0.0,0.0,0.0,0.0,0.0,0.0,0.0,0.0,0.0,0.0,0.0,0.0,0.0,0.0,0.0,0.0,0.0,0.0,0.0,0.0,0.0,0.0,0.0,0.0,0.0,0.0,0.0,0.0,0.0,0.0,0.0,0.0,0.0,0.0,1.7368599619152414
127.23998141288757,127.15622735023499,3.740415423914921,1.1752340873430398,0.9344217010003075,-0.018739769857420978,0.0669426138771098,0.025890394956648275,1.0000000000000016,-0.009796895748009515,0.03333956270595299,0.013250550324601441,0.9993082193739713,0.0,0.0,0.0,0.0,0.0,0.0,0.0,0.0,0.0,0.0,0.0,0.0,0.0,0.0,0.0,0.0,0.0,0.0,0.0,0.0,0.0,0.0,0.0,0.0,0.0,0.0,0.0,0.0,0.0,0.0,0.0,0.0,0.0,0.0,0.0,0.0,1.483410360942738
127.37462425231934,127.25931072235107,3.7528653508620664,1.176139780788783,0.9375021589773195,-0.02866447880951044,0.07504716093362357,0.017443497625169592,1.0000000000000016,-0.014648272216953664,0.03738458744899922,0.009252235604076656,0.9991507478246995,0.0,0.0,0.0,0.0,0.0,0.0,0.0,0.0,0.0,0.0,0.0,0.0,0.0,0.0,0.0,0.0,0.0,0.0,0.0,0.0,0.0,0.0,0.0,0.0,0.0,0.0,0.0,0.0,0.0,0.0,0.0,0.0,0.0,0.0,0.0,0.0,0.999438793868692
127.44479537010193,127.3581337928772,3.7758129457172256,1.1721804708691108,0.9400303659253761,-0.036641067337842774,0.07635990595518381,0.009071837500906031,1.0000000000000018,-0.018479079320334702,0.03808084454940939,0.005231097816287487,0.9990900902929207,0.0,0.0,0.0,0.0,0.0,0.0,0.0,0.0,0.0,0.0,0.0,0.0,0.0,0.0,0.0,0.0,0.0,0.0,0.0,0.0,0.0,0.0,0.0,0.0,0.0,0.0,0.0,0.0,0.0,0.0,0.0,0.0,0.0,0.0,0.0,0.0,0.5197780012304237
127.50994396209717,127.45840048789978,3.8024123490072275,1.1694275724065342,0.941446234183357,-0.046402799392236564,0.0698671015422354,0.00264626506456509,1.0000000000000018,-0.02323134351282595,0.034886338276585264,0.0021322380174315656,0.9991189627072851,0.0,0.0,0.0,0.0,0.0,0.0,0.0,0.0,0.0,0.0,0.0,0.0,0.0,0.0,0.0,0.0,0.0,0.0,0.0,0.0,0.0,0.0,0.0,0.0,0.0,0.0,0.0,0.0,0.0,0.0,0.0,0.0,0.0,0.0,0.0,0.0,0.15161981967249394
127.65265655517578,127.55766177177429,3.836001648177371,1.163247910866265,0.9444837752148305,-0.04654475578792569,0.05206703499543864,-0.0020531890368729222,1.0000000000000018,-0.023235664151915643,0.02604739543881248,-0.00042023015496796083,0.999390544536466,0.0,0.0,0.0,0.0,0.0,0.0,0.0,0.0,0.0,0.0,0.0,0.0,0.0,0.0,0.0,0.0,0.0,0.0,0.0,0.0,0.0,0.0,0.0,0.0,0.0,0.0,0.0,0.0,0.0,0.0,0.0,0.0,0.0,0.0,0.0,0.0,-0.1176390663553488
127.75901865959167,127.65442371368408,3.8760720836628217,1.16271020707306,0.9469352673180969,-0.04161472486181891,0.025157861097594814,-0.008727308319603467,1.0000000000000018,-0.02074914035218994,0.012666538374131314,-0.004100644497717995,0.9996960621583786,0.0,0.0,0.0,0.0,0.0,0.0,0.0,0.0,0.0,0.0,0.0,0.0,0.0,0.0,0.0,0.0,0.0,0.0,0.0,0.0,0.0,0.0,0.0,0.0,0.0,0.0,0.0,0.0,0.0,0.0,0.0,0.0,0.0,0.0,0.0,0.0,-0.5000379332226892
127.84743428230286,127.75889229774475,3.917816149592258,1.1631597983878537,0.9471738478455413,-0.03176088802254498,-0.0051584470159169865,-0.016695575621283393,1.0000000000000018,-0.01590069825417752,-0.0024462465503211576,-0.008387566541831417,0.9998354026540343,0.0,0.0,0.0,0.0,0.0,0.0,0.0,0.0,0.0,0.0,0.0,0.0,0.0,0.0,0.0,0.0,0.0,0.0,0.0,0.0,0.0,0.0,0.0,0.0,0.0,0.0,0.0,0.0,0.0,0.0,0.0,0.0,0.0,0.0,0.0,0.0,-0.9565860196410457
127.94427800178528,127.85771608352661,3.9588418561992675,1.162052908094397,0.9470099205517417,-0.02606229280149527,-0.036212684414921,-0.024366526366593134,1.0000000000000018,-0.013248232828249594,-0.01794374465529187,-0.01241583991646131,0.9996741235391895,0.0,0.0,0.0,0.0,0.0,0.0,0.0,0.0,0.0,0.0,0.0,0.0,0.0,0.0,0.0,0.0,0.0,0.0,0.0,0.0,0.0,0.0,0.0,0.0,0.0,0.0,0.0,0.0,0.0,0.0,0.0,0.0,0.0,0.0,0.0,0.0,-1.3960991222000272
128.04140043258667,127.95806884765625,3.996253088812833,1.164130267043676,0.9461918160788719,-0.02185412425180289,-0.06801262253234011,-0.03285025699390689,1.0000000000000018,-0.011477446097094363,-0.03381377862237851,-0.016785374047750247,0.9992212707025635,0.0,0.0,0.0,0.0,0.0,0.0,0.0,0.0,0.0,0.0,0.0,0.0,0.0,0.0,0.0,0.0,0.0,0.0,0.0,0.0,0.0,0.0,0.0,0.0,0.0,0.0,0.0,0.0,0.0,0.0,0.0,0.0,0.0,0.0,0.0,0.0,-1.8821810816709796
128.14186024665833,128.05776643753052,4.028638418409196,1.1589078275504603,0.9422376815866409,-0.018516141357156506,-0.09754986729886554,-0.03491992167710803,1.0000000000000018,-0.01009670996747126,-0.048584633410627256,-0.017888870522868482,0.9986078199952209,0.0,0.0,0.0,0.0,0.0,0.0,0.0,0.0,0.0,0.0,0.0,0.0,0.0,0.0,0.0,0.0,0.0,0.0,0.0,0.0,0.0,0.0,0.0,0.0,0.0,0.0,0.0,0.0,0.0,0.0,0.0,0.0,0.0,0.0,0.0,0.0,-2.0007641330256853
128.2098000049591,128.15914940834045,4.050718833519746,1.1597191758772423,0.9382057804813135,-0.021995033896463546,-0.1235390280580884,-0.04042588778215784,1.000000000000002,-0.01222166930905089,-0.06149205075081497,-0.020850528570059753,0.9978149196880715,0.0,0.0,0.0,0.0,0.0,0.0,0.0,0.0,0.0,0.0,0.0,0.0,0.0,0.0,0.0,0.0,0.0,0.0,0.0,0.0,0.0,0.0,0.0,0.0,0.0,0.0,0.0,0.0,0.0,0.0,0.0,0.0,0.0,0.0,0.0,0.0,-2.316232752987124
128.33944153785706,128.25903344154358,4.064603888185208,1.154587508906534,0.935720900188073,-0.023053578321967135,-0.1360533145480912,-0.04480529118982834,1.000000000000002,-0.01301956173492492,-0.06769502511256206,-0.023130786170589324,0.997352917135341,0.0,0.0,0.0,0.0,0.0,0.0,0.0,0.0,0.0,0.0,0.0,0.0,0.0,0.0,0.0,0.0,0.0,0.0,0.0,0.0,0.0,0.0,0.0,0.0,0.0,0.0,0.0,0.0,0.0,0.0,0.0,0.0,0.0,0.0,0.0,0.0,-2.5671540850318544
128.45273780822754,128.3589563369751,4.069242900224258,1.1520590210809156,0.9330936681404416,-0.02429231061514519,-0.13501524384670965,-0.04174360698061259,1.0000000000000018,-0.013523281485754069,-0.06718378099769629,-0.02164035115782061,0.9974142347242094,0.0,0.0,0.0,0.0,0.0,0.0,0.0,0.0,0.0,0.0,0.0,0.0,0.0,0.0,0.0,0.0,0.0,0.0,0.0,0.0,0.0,0.0,0.0,0.0,0.0,0.0,0.0,0.0,0.0,0.0,0.0,0.0,0.0,0.0,0.0,0.0,-2.391732501641943
128.5165479183197,128.45830130577087,4.06272370618024,1.147425044145317,0.9294081466628556,-0.025923168631355707,-0.12935558391767743,-0.03240636025929534,1.0000000000000018,-0.013979544811314467,-0.06440923043621086,-0.017004844426028825,0.9976807398298985,0.0,0.0,0.0,0.0,0.0,0.0,0.0,0.0,0.0,0.0,0.0,0.0,0.0,0.0,0.0,0.0,0.0,0.0,0.0,0.0,0.0,0.0,0.0,0.0,0.0,0.0,0.0,0.0,0.0,0.0,0.0,0.0,0.0,0.0,0.0,0.0,-1.856747672238099
128.61644339561462,128.55933594703674,4.046658833480506,1.1434769214133857,0.9269413493992265,-0.02895835765001014,-0.12083447042383877,-0.015957571627435635,1.0000000000000018,-0.01493350294888824,-0.06025692453126951,-0.008837510152334296,0.9980320595802619,0.0,0.0,0.0,0.0,0.0,0.0,0.0,0.0,0.0,0.0,0.0,0.0,0.0,0.0,0.0,0.0,0.0,0.0,0.0,0.0,0.0,0.0,0.0,0.0,0.0,0.0,0.0,0.0,0.0,0.0,0.0,0.0,0.0,0.0,0.0,0.0,-0.9143015055297704
128.75750970840454,128.6593577861786,4.020872482399498,1.142370552381909,0.9266999412118314,-0.034813616251276346,-0.10650883584818197,-0.0008041743283815158,1.0000000000000018,-0.017402651191687477,-0.053214192584071895,-0.0013279607642759544,0.998430585448652,0.0,0.0,0.0,0.0,0.0,0.0,0.0,0.0,0.0,0.0,0.0,0.0,0.0,0.0,0.0,0.0,0.0,0.0,0.0,0.0,0.0,0.0,0.0,0.0,0.0,0.0,0.0,0.0,0.0,0.0,0.0,0.0,0.0,0.0,0.0,0.0,-0.04607579500902839
128.8521032333374,128.76124167442322,3.9908588868308463,1.142818244385008,0.9271041362506725,-0.03958638002247727,-0.07851966284021554,0.00252276022744394,1.0000000000000018,-0.0197271317597761,-0.039266973226744335,0.00048333456037729126,0.9990338890517423,0.0,0.0,0.0,0.0,0.0,0.0,0.0,0.0,0.0,0.0,0.0,0.0,0.0,0.0,0.0,0.0,0.0,0.0,0.0,0.0,0.0,0.0,0.0,0.0,0.0,0.0,0.0,0.0,0.0,0.0,0.0,0.0,0.0,0.0,0.0,0.0,0.1445435137560014
128.92371368408203,128.85757064819336,3.961443937803638,1.1408265136263729,0.9281012191006035,-0.0457893510724709,-0.046969264382322684,-0.0013442615092066053,1.0000000000000018,-0.02290213678675802,-0.02346093149196049,-0.001209345789561384,0.9994616622496808,0.0,0.0,0.0,0.0,0.0,0.0,0.0,0.0,0.0,0.0,0.0,0.0,0.0,0.0,0.0,0.0,0.0,0.0,0.0,0.0,0.0,0.0,0.0,0.0,0.0,0.0,0.0,0.0,0.0,0.0,0.0,0.0,0.0,0.0,0.0,0.0,-0.07702051103942494
129.08369207382202,128.95782995224,3.9307283994884723,1.1365457598762516,0.9312965862578416,-0.04418632486257869,-0.011745212284458592,-0.016902696022539375,1.0000000000000018,-0.022139813758055564,-0.005684233175263792,-0.008578767741632794,0.9997019170152703,0.0,0.0,0.0,0.0,0.0,0.0,0.0,0.0,0.0,0.0,0.0,0.0,0.0,0.0,0.0,0.0,0.0,0.0,0.0,0.0,0.0,0.0,0.0,0.0,0.0,0.0,0.0,0.0,0.0,0.0,0.0,0.0,0.0,0.0,0.0,0.0,-0.9684531444840696
129.1524543762207,129.0575807094574,3.900306677151068,1.1385295648794598,0.9336501909391439,-0.046908260863145194,0.018837702266312335,-0.028808514960655385,1.0000000000000016,-0.023312879555821703,0.009752926259876445,-0.014178294573053862,0.9995800948594306,0.0,0.0,0.0,0.0,0.0,0.0,0.0,0.0,0.0,0.0,0.0,0.0,0.0,0.0,0.0,0.0,0.0,0.0,0.0,0.0,0.0,0.0,0.0,0.0,0.0,0.0,0.0,0.0,0.0,0.0,0.0,0.0,0.0,0.0,0.0,0.0,-1.6506063212850444
129.24964356422424,129.15818405151367,3.8784487397646865,1.1392271174461743,0.9336868047042479,-0.05068159360279602,0.02808601021785249,-0.03884250059593057,1.0000000000000016,-0.025058189389961766,0.014527405490791406,-0.0190561361255375,0.9993987719174819,0.0,0.0,0.0,0.0,0.0,0.0,0.0,0.0,0.0,0.0,0.0,0.0,0.0,0.0,0.0,0.0,0.0,0.0,0.0,0.0,0.0,0.0,0.0,0.0,0.0,0.0,0.0,0.0,0.0,0.0,0.0,0.0,0.0,0.0,0.0,0.0,-2.2255113498812067
129.3362340927124,129.25940132141113,3.859566462024339,1.1422381949599676,0.9332643856055185,-0.04591919755700185,0.017875045414120872,-0.04372857554619084,1.0000000000000016,-0.022755834889286727,0.009434803710689197,-0.0216507786142374,0.9994620554292357,0.0,0.0,0.0,0.0,0.0,0.0,0.0,0.0,0.0,0.0,0.0,0.0,0.0,0.0,0.0,0.0,0.0,0.0,0.0,0.0,0.0,0.0,0.0,0.0,0.0,0.0,0.0,0.0,0.0,0.0,0.0,0.0,0.0,0.0,0.0,0.0,-2.505462822915714
129.4048388004303,129.35903334617615,3.8478975947830403,1.1438384988249222,0.9337387765520155,-0.03805216279205408,0.0017004772695250572,-0.04221224999737854,1.0000000000000016,-0.01900274865302137,0.0012514079797499437,-0.0210845585358784,0.9995963039712826,0.0,0.0,0.0,0.0,0.0,0.0,0.0,0.0,0.0,0.0,0.0,0.0,0.0,0.0,0.0,0.0,0.0,0.0,0.0,0.0,0.0,0.0,0.0,0.0,0.0,0.0,0.0,0.0,0.0,0.0,0.0,0.0,0.0,0.0,0.0,0.0,-2.418583768600911
129.5407693386078,129.45823216438293,3.8379018606960504,1.1495244385851295,0.9306148674952467,-0.0373434179443105,-0.01712562820418699,-0.032298480223883305,1.0000000000000016,-0.01880575623495009,-0.00825860830362451,-0.016304981670119942,0.9996560841079593,0.0,0.0,0.0,0.0,0.0,0.0,0.0,0.0,0.0,0.0,0.0,0.0,0.0,0.0,0.0,0.0,0.0,0.0,0.0,0.0,0.0,0.0,0.0,0.0,0.0,0.0,0.0,0.0,0.0,0.0,0.0,0.0,0.0,0.0,0.0,0.0,-1.8505666015152675
129.6335427761078,129.55728936195374,3.828805837986468,1.1603513639729515,0.928533722016518,-0.035964139839602706,-0.03938612621580153,-0.023206014277490222,1.0000000000000016,-0.018204846033729027,-0.019478691589665042,-0.011952677735485246,0.9995730576850288,0.0,0.0,0.0,0.0,0.0,0.0,0.0,0.0,0.0,0.0,0.0,0.0,0.0,0.0,0.0,0.0,0.0,0.0,0.0,0.0,0.0,0.0,0.0,0.0,0.0,0.0,0.0,0.0,0.0,0.0,0.0,0.0,0.0,0.0,0.0,0.0,-1.3296066774205202
129.74748921394348,129.65908813476562,3.8175912001815995,1.1655462185785375,0.9283531673650307,-0.03436090983238447,-0.06049706782324032,-0.015730013977243305,1.0000000000000018,-0.017409050885482436,-0.030103468118872462,-0.008379730594615595,0.9993600383593731,0.0,0.0,0.0,0.0,0.0,0.0,0.0,0.0,0.0,0.0,0.0,0.0,0.0,0.0,0.0,0.0,0.0,0.0,0.0,0.0,0.0,0.0,0.0,0.0,0.0,0.0,0.0,0.0,0.0,0.0,0.0,0.0,0.0,0.0,0.0,0.0,-0.9012634125778355
129.82345414161682,129.75777435302734,3.805320126871755,1.1720083525262353,0.9263968511588041,-0.039676401594534755,-0.06735371794977824,0.000870783472701928,1.0000000000000018,-0.019810992982943133,-0.03367249704412929,-0.00023285891221100838,0.999236525191395,0.0,0.0,0.0,0.0,0.0,0.0,0.0,0.0,0.0,0.0,0.0,0.0,0.0,0.0,0.0,0.0,0.0,0.0,0.0,0.0,0.0,0.0,0.0,0.0,0.0,0.0,0.0,0.0,0.0,0.0,0.0,0.0,0.0,0.0,0.0,0.0,0.04989221785556581
129.96237206459045,129.85845065116882,3.7936727821758383,1.183755318566488,0.9231566724973053,-0.04966434781271235,-0.06520996845693587,0.018132647061574702,1.0000000000000016,-0.024519945362179187,-0.03281280841736027,0.008249194303069928,0.9991266399593972,0.0,0.0,0.0,0.0,0.0,0.0,0.0,0.0,0.0,0.0,0.0,0.0,0.0,0.0,0.0,0.0,0.0,0.0,0.0,0.0,0.0,0.0,0.0,0.0,0.0,0.0,0.0,0.0,0.0,0.0,0.0,0.0,0.0,0.0,0.0,0.0,1.0389241480285243
130.01535439491272,129.95807766914368,3.776557320293696,1.1922878039871538,0.9236196687801006,-0.05293256387951612,-0.06365616782545264,0.032803326219772895,1.0000000000000016,-0.025924492636371064,-0.0322410880124717,0.015544863029630606,0.9990229177344793,0.0,0.0,0.0,0.0,0.0,0.0,0.0,0.0,0.0,0.0,0.0,0.0,0.0,0.0,0.0,0.0,0.0,0.0,0.0,0.0,0.0,0.0,0.0,0.0,0.0,0.0,0.0,0.0,0.0,0.0,0.0,0.0,0.0,0.0,0.0,0.0,1.8794921463838201
130.1328158378601,130.05754685401917,3.7592105274526335,1.203238817809318,0.9240209299954064,-0.046006375787035314,-0.060196023549776774,0.0413700559424236,1.0000000000000016,-0.022363548281375174,-0.030554600258855487,0.019976678946084448,0.9990831899344401,0.0,0.0,0.0,0.0,0.0,0.0,0.0,0.0,0.0,0.0,0.0,0.0,0.0,0.0,0.0,0.0,0.0,0.0,0.0,0.0,0.0,0.0,0.0,0.0,0.0,0.0,0.0,0.0,0.0,0.0,0.0,0.0,0.0,0.0,0.0,0.0,2.370329603720984
130.2369544506073,130.15861535072327,3.7369823427727042,1.2189290910067425,0.924311628712887,-0.04004960728244277,-0.05784707532867904,0.041057936311956006,1.0000000000000016,-0.01941734612997464,-0.029318474837746144,0.01993587994099089,0.999182643160618,0.0,0.0,0.0,0.0,0.0,0.0,0.0,0.0,0.0,0.0,0.0,0.0,0.0,0.0,0.0,0.0,0.0,0.0,0.0,0.0,0.0,0.0,0.0,0.0,0.0,0.0,0.0,0.0,0.0,0.0,0.0,0.0,0.0,0.0,0.0,0.0,2.3524464661920077
130.32602214813232,130.2585186958313,3.7072716528921146,1.23158854191026,0.9242290886279159,-0.03842746227515746,-0.0572326238307401,0.040657608290690185,1.0000000000000016,-0.01861920628018354,-0.028991595694501354,0.01976572744072658,0.9992107528221085,0.0,0.0,0.0,0.0,0.0,0.0,0.0,0.0,0.0,0.0,0.0,0.0,0.0,0.0,0.0,0.0,0.0,0.0,0.0,0.0,0.0,0.0,0.0,0.0,0.0,0.0,0.0,0.0,0.0,0.0,0.0,0.0,0.0,0.0,0.0,0.0,2.329509360152653
130.43669939041138,130.35805654525757,3.674260161117178,1.2412039381408084,0.9257157084501472,-0.03591087869562964,-0.055610919875568106,0.032138313584205117,1.0000000000000016,-0.017498555695841782,-0.028082196146527807,0.015560561230180112,0.999331306295541,0.0,0.0,0.0,0.0,0.0,0.0,0.0,0.0,0.0,0.0,0.0,0.0,0.0,0.0,0.0,0.0,0.0,0.0,0.0,0.0,0.0,0.0,0.0,0.0,0.0,0.0,0.0,0.0,0.0,0.0,0.0,0.0,0.0,0.0,0.0,0.0,1.8413897290429149
130.55830097198486,130.45826864242554,3.6359609926281684,1.2549610219751186,0.9271199977140699,-0.035070389510920466,-0.04794549348017624,0.018895695852648192,1.0000000000000016,-0.01730204463838879,-0.02413130713581109,0.009023254465716326,0.9995183340720162,0.0,0.0,0.0,0.0,0.0,0.0,0.0,0.0,0.0,0.0,0.0,0.0,0.0,0.0,0.0,0.0,0.0,0.0,0.0,0.0,0.0,0.0,0.0,0.0,0.0,0.0,0.0,0.0,0.0,0.0,0.0,0.0,0.0,0.0,0.0,0.0,1.0826436233195948
130.64799904823303,130.5598645210266,3.598472017502569,1.2719605986282776,0.9280238124334664,-0.03445863161497071,-0.03579278749862095,-0.002075936232335943,1.0000000000000016,-0.017244267356360428,-0.017874893026224224,-0.0013459584223603869,0.999690608057599,0.0,0.0,0.0,0.0,0.0,0.0,0.0,0.0,0.0,0.0,0.0,0.0,0.0,0.0,0.0,0.0,0.0,0.0,0.0,0.0,0.0,0.0,0.0,0.0,0.0,0.0,0.0,0.0,0.0,0.0,0.0,0.0,0.0,0.0,0.0,0.0,-0.11894238465113903
130.75165104866028,130.65643906593323,3.560386949349594,1.2846156566481939,0.9291472303017632,-0.03637563632377891,-0.030338541273218517,-0.02925062213416877,1.0000000000000016,-0.018404580393726184,-0.014898610335967177,-0.014896529151726385,0.9996086215363607,0.0,0.0,0.0,0.0,0.0,0.0,0.0,0.0,0.0,0.0,0.0,0.0,0.0,0.0,0.0,0.0,0.0,0.0,0.0,0.0,0.0,0.0,0.0,0.0,0.0,0.0,0.0,0.0,0.0,0.0,0.0,0.0,0.0,0.0,0.0,0.0,-1.6759371964198193
130.81543564796448,130.76005101203918,3.518444832971266,1.2999207731261135,0.9305662871686031,-0.040363956737597045,-0.022646337988345887,-0.05353236144874,1.0000000000000018,-0.020475060155158525,-0.010776507468830113,-0.026984240947502833,0.9993680450859471,0.0,0.0,0.0,0.0,0.0,0.0,0.0,0.0,0.0,0.0,0.0,0.0,0.0,0.0,0.0,0.0,0.0,0.0,0.0,0.0,0.0,0.0,0.0,0.0,0.0,0.0,0.0,0.0,0.0,0.0,0.0,0.0,0.0,0.0,0.0,0.0,-3.067178378381635
130.97468972206116,130.85860300064087,3.478254459520014,1.3155739647724398,0.930599412815018,-0.04887357705227031,-0.01653844966172666,-0.0752339943340283,1.0000000000000018,-0.024727129603344195,-0.007341914651621056,-0.037797520314013275,0.99895245773207,0.0,0.0,0.0,0.0,0.0,0.0,0.0,0.0,0.0,0.0,0.0,0.0,0.0,0.0,0.0,0.0,0.0,0.0,0.0,0.0,0.0,0.0,0.0,0.0,0.0,0.0,0.0,0.0,0.0,0.0,0.0,0.0,0.0,0.0,0.0,0.0,-4.31059035125097
131.0135097503662,130.95811820030212,3.4383421733649633,1.3339673822289455,0.9294715411514419,-0.054243911998335254,-0.014951369468855691,-0.09265182933261348,1.0000000000000018,-0.02743484322625955,-0.006209037464080151,-0.04649353237836259,0.9985224727956331,0.0,0.0,0.0,0.0,0.0,0.0,0.0,0.0,0.0,0.0,0.0,0.0,0.0,0.0,0.0,0.0,0.0,0.0,0.0,0.0,0.0,0.0,0.0,0.0,0.0,0.0,0.0,0.0,0.0,0.0,0.0,0.0,0.0,0.0,0.0,0.0,-5.308558784925156
131.1507818698883,131.0577893257141,3.4004102909497176,1.353552463117178,0.928322738103531,-0.056440939167923365,-0.014590022424240833,-0.09946476269642644,1.0000000000000018,-0.02854358806098683,-0.005880356827632481,-0.04989635221562261,0.9983291235959024,0.0,0.0,0.0,0.0,0.0,0.0,0.0,0.0,0.0,0.0,0.0,0.0,0.0,0.0,0.0,0.0,0.0,0.0,0.0,0.0,0.0,0.0,0.0,0.0,0.0,0.0,0.0,0.0,0.0,0.0,0.0,0.0,0.0,0.0,0.0,0.0,-5.698911112775505
131.27481818199158,131.15799736976624,3.3636204503740803,1.3697801155837686,0.9275139479546354,-0.05425804538374276,-0.011650485046121255,-0.10594947273740751,1.0000000000000013,-0.027395513777070037,-0.004378617122404116,-0.05308737165212872,0.9982044101826326,0.0,0.0,0.0,0.0,0.0,0.0,0.0,0.0,0.0,0.0,0.0,0.0,0.0,0.0,0.0,0.0,0.0,0.0,0.0,0.0,0.0,0.0,0.0,0.0,0.0,0.0,0.0,0.0,0.0,0.0,0.0,0.0,0.0,0.0,0.0,0.0,-6.070457629489828
131.30829238891602,131.25776028633118,3.3279331161885364,1.3909293374469553,0.9259834546636043,-0.04832881240685174,-0.009844375987750398,-0.10484666672940261,1.0000000000000016,-0.024386411743876964,-0.0036479110589254272,-0.05250215898798064,0.9983163421324767,0.0,0.0,0.0,0.0,0.0,0.0,0.0,0.0,0.0,0.0,0.0,0.0,0.0,0.0,0.0,0.0,0.0,0.0,0.0,0.0,0.0,0.0,0.0,0.0,0.0,0.0,0.0,0.0,0.0,0.0,0.0,0.0,0.0,0.0,0.0,0.0,-6.007271499609476
131.4354305267334,131.3581302165985,3.2923063861957766,1.415180731146862,0.9238079072255133,-0.04712883047521833,-0.015055576275651178,-0.09782906301327995,1.0000000000000016,-0.023901351176775124,-0.006364582430614537,-0.04905722616663824,0.998489662471899,0.0,0.0,0.0,0.0,0.0,0.0,0.0,0.0,0.0,0.0,0.0,0.0,0.0,0.0,0.0,0.0,0.0,0.0,0.0,0.0,0.0,0.0,0.0,0.0,0.0,0.0,0.0,0.0,0.0,0.0,0.0,0.0,0.0,0.0,0.0,0.0,-5.605192424380325
131.53449010849,131.4587914943695,3.259589301922824,1.440541948262103,0.9202229548211041,-0.04508306382506087,-0.022088027071782288,-0.09665003583014586,1.0000000000000013,-0.02304528474970163,-0.00993935643713343,-0.04853962603765959,0.9985058982041858,0.0,0.0,0.0,0.0,0.0,0.0,0.0,0.0,0.0,0.0,0.0,0.0,0.0,0.0,0.0,0.0,0.0,0.0,0.0,0.0,0.0,0.0,0.0,0.0,0.0,0.0,0.0,0.0,0.0,0.0,0.0,0.0,0.0,0.0,0.0,0.0,-5.537639142855544
131.6186192035675,131.55854654312134,3.230700416738778,1.461393598282439,0.9181852146194992,-0.047380025122792796,-0.020816851117276297,-0.09879853649220824,1.0000000000000013,-0.024171424593483936,-0.009223003118035667,-0.0496088972053559,0.9984335910638611,0.0,0.0,0.0,0.0,0.0,0.0,0.0,0.0,0.0,0.0,0.0,0.0,0.0,0.0,0.0,0.0,0.0,0.0,0.0,0.0,0.0,0.0,0.0,0.0,0.0,0.0,0.0,0.0,0.0,0.0,0.0,0.0,0.0,0.0,0.0,0.0,-5.6607391630727815
131.730783700943,131.65833449363708,3.2042169712359896,1.4882892689150269,0.9160190720532491,-0.04750888744443453,-0.02119592994263613,-0.10215494936469094,1.0000000000000013,-0.024260819880962597,-0.00936835196921252,-0.05128939001856848,0.9983451532769668,0.0,0.0,0.0,0.0,0.0,0.0,0.0,0.0,0.0,0.0,0.0,0.0,0.0,0.0,0.0,0.0,0.0,0.0,0.0,0.0,0.0,0.0,0.0,0.0,0.0,0.0,0.0,0.0,0.0,0.0,0.0,0.0,0.0,0.0,0.0,0.0,-5.853047454969421
131.8635630607605,131.759624004364,3.1777636541616334,1.5220876918874304,0.9123930806636441,-0.04905183626938155,-0.020830992213030017,-0.10601433823795549,1.0000000000000013,-0.025039348166351092,-0.009098310978101713,-0.05321860320012258,0.9982274450515677,0.0,0.0,0.0,0.0,0.0,0.0,0.0,0.0,0.0,0.0,0.0,0.0,0.0,0.0,0.0,0.0,0.0,0.0,0.0,0.0,0.0,0.0,0.0,0.0,0.0,0.0,0.0,0.0,0.0,0.0,0.0,0.0,0.0,0.0,0.0,0.0,-6.07417414890723
131.93439435958862,131.8601472377777,3.155351407681376,1.5508565497282099,0.9136126822543832,-0.0515058967310027,-0.019943889831228065,-0.11438610801622809,1.000000000000001,-0.026276536907769956,-0.008480322876681034,-0.057396438068080424,0.9979695770058029,0.0,0.0,0.0,0.0,0.0,0.0,0.0,0.0,0.0,0.0,0.0,0.0,0.0,0.0,0.0,0.0,0.0,0.0,0.0,0.0,0.0,0.0,0.0,0.0,0.0,0.0,0.0,0.0,0.0,0.0,0.0,0.0,0.0,0.0,0.0,0.0,-6.553841224257423
132.02926301956177,131.95827198028564,3.1358013493994346,1.5840408126150132,0.9154866457218854,-0.05407028452654428,-0.0160075793274937,-0.12379216747436267,1.000000000000001,-0.027474120980402174,-0.006313414447914835,-0.0620479253569476,0.9976749813607957,0.0,0.0,0.0,0.0,0.0,0.0,0.0,0.0,0.0,0.0,0.0,0.0,0.0,0.0,0.0,0.0,0.0,0.0,0.0,0.0,0.0,0.0,0.0,0.0,0.0,0.0,0.0,0.0,0.0,0.0,0.0,0.0,0.0,0.0,0.0,0.0,-7.092768733057644
132.14485502243042,132.05960607528687,3.1193605884969973,1.6176603601945443,0.9162849660001926,-0.048170795648546136,-0.009483655694914127,-0.11951793712201911,1.000000000000001,-0.024322924713508717,-0.00329366614624712,-0.05981940715141005,0.9979074033319695,0.0,0.0,0.0,0.0,0.0,0.0,0.0,0.0,0.0,0.0,0.0,0.0,0.0,0.0,0.0,0.0,0.0,0.0,0.0,0.0,0.0,0.0,0.0,0.0,0.0,0.0,0.0,0.0,0.0,0.0,0.0,0.0,0.0,0.0,0.0,0.0,-6.847873373201644
132.24353551864624,132.1582326889038,3.1038075921168713,1.6499784743613874,0.914775526339306,-0.040839017578973597,-0.0053962702286902845,-0.10877079984011685,1.000000000000001,-0.020534463095639804,-0.0015836863312668457,-0.054402073188611996,0.9983066874441747,0.0,0.0,0.0,0.0,0.0,0.0,0.0,0.0,0.0,0.0,0.0,0.0,0.0,0.0,0.0,0.0,0.0,0.0,0.0,0.0,0.0,0.0,0.0,0.0,0.0,0.0,0.0,0.0,0.0,0.0,0.0,0.0,0.0,0.0,0.0,0.0,-6.232107765100945
132.33312487602234,132.25835299491882,3.0920822463454494,1.6837965115807891,0.9160145517752006,-0.03933650739321608,-0.010745246991058962,-0.10045185445348256,1.0000000000000009,-0.01991157906164255,-0.004377421590122697,-0.050299907675640236,0.9985260569896603,0.0,0.0,0.0,0.0,0.0,0.0,0.0,0.0,0.0,0.0,0.0,0.0,0.0,0.0,0.0,0.0,0.0,0.0,0.0,0.0,0.0,0.0,0.0,0.0,0.0,0.0,0.0,0.0,0.0,0.0,0.0,0.0,0.0,0.0,0.0,0.0,-5.755467304446974
132.45728731155396,132.35963368415833,3.0820239337414947,1.7155458496590077,0.9167636847848972,-0.03583122097993198,-0.015297926082927512,-0.09008553085315302,1.0000000000000009,-0.018240313908664103,-0.006833275242488926,-0.04515588130819775,0.9987900398388321,0.0,0.0,0.0,0.0,0.0,0.0,0.0,0.0,0.0,0.0,0.0,0.0,0.0,0.0,0.0,0.0,0.0,0.0,0.0,0.0,0.0,0.0,0.0,0.0,0.0,0.0,0.0,0.0,0.0,0.0,0.0,0.0,0.0,0.0,0.0,0.0,-5.16152071308123
132.53440880775452,132.45867943763733,3.0745716800122196,1.748833738590319,0.9158044149288554,-0.035531441091690326,-0.016252644788891376,-0.08309130595295018,1.0000000000000009,-0.018086330071632725,-0.007380126618892916,-0.041670013206369025,0.9989404528774536,0.0,0.0,0.0,0.0,0.0,0.0,0.0,0.0,0.0,0.0,0.0,0.0,0.0,0.0,0.0,0.0,0.0,0.0,0.0,0.0,0.0,0.0,0.0,0.0,0.0,0.0,0.0,0.0,0.0,0.0,0.0,0.0,0.0,0.0,0.0,0.0,-4.760781145334298
132.68634676933289,132.55840253829956,3.068005369971157,1.7847327219493152,0.9146181647801022,-0.03905906658806045,-0.015481674547448109,-0.07397023361393122,1.000000000000001,-0.01980052543373474,-0.007011921294933296,-0.0371195869495981,0.9990900401950743,0.0,0.0,0.0,0.0,0.0,0.0,0.0,0.0,0.0,0.0,0.0,0.0,0.0,0.0,0.0,0.0,0.0,0.0,0.0,0.0,0.0,0.0,0.0,0.0,0.0,0.0,0.0,0.0,0.0,0.0,0.0,0.0,0.0,0.0,0.0,0.0,-4.238182195674994
132.74941897392273,132.65833234786987,3.066121810887427,1.8151638888954016,0.9153969756581781,-0.040976294307144036,-0.014641294859224064,-0.0727629119542922,1.000000000000001,-0.020738827305134228,-0.006569050290850217,-0.036514697806778934,0.9990963043993136,0.0,0.0,0.0,0.0,0.0,0.0,0.0,0.0,0.0,0.0,0.0,0.0,0.0,0.0,0.0,0.0,0.0,0.0,0.0,0.0,0.0,0.0,0.0,0.0,0.0,0.0,0.0,0.0,0.0,0.0,0.0,0.0,0.0,0.0,0.0,0.0,-4.169007760062948
132.84602880477905,132.75852489471436,3.0650119603269528,1.8473451605117783,0.9145058091755406,-0.04186224159709899,-0.0117815221115293,-0.06222968395266827,1.0000000000000009,-0.021102318329480195,-0.005235481392841294,-0.0312256983119566,0.9992758566385155,0.0,0.0,0.0,0.0,0.0,0.0,0.0,0.0,0.0,0.0,0.0,0.0,0.0,0.0,0.0,0.0,0.0,0.0,0.0,0.0,0.0,0.0,0.0,0.0,0.0,0.0,0.0,0.0,0.0,0.0,0.0,0.0,0.0,0.0,0.0,0.0,-3.5654982509208786
132.91833806037903,132.85821104049683,3.066491082017706,1.879399108682383,0.9122128453379365,-0.03630679689248361,-0.014442668143903764,-0.055244174375743006,1.0000000000000009,-0.018344412123307535,-0.006715996875320796,-0.027744337549128,0.9994241490297214,0.0,0.0,0.0,0.0,0.0,0.0,0.0,0.0,0.0,0.0,0.0,0.0,0.0,0.0,0.0,0.0,0.0,0.0,0.0,0.0,0.0,0.0,0.0,0.0,0.0,0.0,0.0,0.0,0.0,0.0,0.0,0.0,0.0,0.0,0.0,0.0,-3.1652580344148435
133.04004073143005,132.95957851409912,3.0717590880055767,1.910384054526545,0.9118491927361332,-0.03566933583615523,-0.019790393741505923,-0.051458827487890116,1.0000000000000009,-0.01808147189895713,-0.009431409042330922,-0.025897631238360395,0.9994565631350305,0.0,0.0,0.0,0.0,0.0,0.0,0.0,0.0,0.0,0.0,0.0,0.0,0.0,0.0,0.0,0.0,0.0,0.0,0.0,0.0,0.0,0.0,0.0,0.0,0.0,0.0,0.0,0.0,0.0,0.0,0.0,0.0,0.0,0.0,0.0,0.0,-2.948373633747892
133.119220495224,133.05846214294434,3.0748097161250385,1.943441121683683,0.9120543743178456,-0.03501925541609336,-0.025559343218665743,-0.047404308305964274,1.0000000000000009,-0.017805208486273077,-0.012358853920057273,-0.02391805388731468,0.9994789442398416,0.0,0.0,0.0,0.0,0.0,0.0,0.0,0.0,0.0,0.0,0.0,0.0,0.0,0.0,0.0,0.0,0.0,0.0,0.0,0.0,0.0,0.0,0.0,0.0,0.0,0.0,0.0,0.0,0.0,0.0,0.0,0.0,0.0,0.0,0.0,0.0,-2.716066796668706
133.24489068984985,133.1584234237671,3.07880641597897,1.978881337511458,0.9114412212699555,-0.03578176821817688,-0.026439293326009545,-0.049704832669719444,1.0000000000000009,-0.018211286682739154,-0.01276854115003129,-0.025080128825147305,0.9994379923398825,0.0,0.0,0.0,0.0,0.0,0.0,0.0,0.0,0.0,0.0,0.0,0.0,0.0,0.0,0.0,0.0,0.0,0.0,0.0,0.0,0.0,0.0,0.0,0.0,0.0,0.0,0.0,0.0,0.0,0.0,0.0,0.0,0.0,0.0,0.0,0.0,-2.8478771333788964
133.34401035308838,133.2583076953888,3.0840537085027866,2.013139271184813,0.9115105033098347,-0.03532017395092999,-0.024474204805515237,-0.05159578002124017,1.0000000000000009,-0.01796757054760466,-0.011775333058419634,-0.026005094928865116,0.9994309595853647,0.0,0.0,0.0,0.0,0.0,0.0,0.0,0.0,0.0,0.0,0.0,0.0,0.0,0.0,0.0,0.0,0.0,0.0,0.0,0.0,0.0,0.0,0.0,0.0,0.0,0.0,0.0,0.0,0.0,0.0,0.0,0.0,0.0,0.0,0.0,0.0,-2.9562204359024746
133.45260381698608,133.3582489490509,3.087366074055728,2.0432101650750263,0.9126708111916095,-0.0332010782538435,-0.0213269786113405,-0.056191142957331075,1.0000000000000009,-0.01689179256469439,-0.01019131788563427,-0.028263346105664326,0.999405817298768,0.0,0.0,0.0,0.0,0.0,0.0,0.0,0.0,0.0,0.0,0.0,0.0,0.0,0.0,0.0,0.0,0.0,0.0,0.0,0.0,0.0,0.0,0.0,0.0,0.0,0.0,0.0,0.0,0.0,0.0,0.0,0.0,0.0,0.0,0.0,0.0,-3.21951533747133
133.53233551979065,133.45849800109863,3.091231146614576,2.073053084429087,0.9116919354341622,-0.028943141533146248,-0.018088218722583708,-0.053979988456151366,1.0000000000000009,-0.014709245498624127,-0.008649234924459442,-0.02711361654897392,0.9994867085808193,0.0,0.0,0.0,0.0,0.0,0.0,0.0,0.0,0.0,0.0,0.0,0.0,0.0,0.0,0.0,0.0,0.0,0.0,0.0,0.0,0.0,0.0,0.0,0.0,0.0,0.0,0.0,0.0,0.0,0.0,0.0,0.0,0.0,0.0,0.0,0.0,-3.0928255167023777
133.63168501853943,133.55835819244385,3.0945626857648563,2.1041188116162277,0.9098001530206177,-0.023631403336999226,-0.01761750170977529,-0.05108841401079436,1.0000000000000007,-0.012036083345290934,-0.0085033773880689,-0.025642699220879004,0.9995625429393452,0.0,0.0,0.0,0.0,0.0,0.0,0.0,0.0,0.0,0.0,0.0,0.0,0.0,0.0,0.0,0.0,0.0,0.0,0.0,0.0,0.0,0.0,0.0,0.0,0.0,0.0,0.0,0.0,0.0,0.0,0.0,0.0,0.0,0.0,0.0,0.0,-2.9271505048355393
133.73949551582336,133.65826630592346,3.0973400508675195,2.1319980619526144,0.9093434169788299,-0.023809736270158807,-0.01888980777638561,-0.044017660045051074,1.0000000000000009,-0.012109009660522677,-0.009179833782108732,-0.02211692106644722,0.999639907336295,0.0,0.0,0.0,0.0,0.0,0.0,0.0,0.0,0.0,0.0,0.0,0.0,0.0,0.0,0.0,0.0,0.0,0.0,0.0,0.0,0.0,0.0,0.0,0.0,0.0,0.0,0.0,0.0,0.0,0.0,0.0,0.0,0.0,0.0,0.0,0.0,-2.5220261446230596
133.81617951393127,133.75842952728271,3.1009693090046677,2.1597331412148786,0.9096718511100915,-0.02472382390153666,-0.01766501803067315,-0.032962494140669395,1.0000000000000007,-0.012504987283236811,-0.008626802487342948,-0.01658776658429895,0.9997469927794915,0.0,0.0,0.0,0.0,0.0,0.0,0.0,0.0,0.0,0.0,0.0,0.0,0.0,0.0,0.0,0.0,0.0,0.0,0.0,0.0,0.0,0.0,0.0,0.0,0.0,0.0,0.0,0.0,0.0,0.0,0.0,0.0,0.0,0.0,0.0,0.0,-1.8886117964850617
133.93514204025269,133.8583254814148,3.1030927126894214,2.1854885373292072,0.9099180844784869,-0.027092810898423483,-0.015123383805932741,-0.020385208017458748,1.0000000000000007,-0.013621964450857485,-0.007422470722400048,-0.010293625304775676,0.9998266801255912,0.0,0.0,0.0,0.0,0.0,0.0,0.0,0.0,0.0,0.0,0.0,0.0,0.0,0.0,0.0,0.0,0.0,0.0,0.0,0.0,0.0,0.0,0.0,0.0,0.0,0.0,0.0,0.0,0.0,0.0,0.0,0.0,0.0,0.0,0.0,0.0,-1.1679863838966345
134.01965856552124,133.95830488204956,3.106812593926391,2.211407690605305,0.9094302602273608,-0.03147405725286086,-0.014748652262487463,-0.0063241054517211865,1.0000000000000007,-0.01575918740437659,-0.007323551494856798,-0.003277613511066811,0.9998436232009131,0.0,0.0,0.0,0.0,0.0,0.0,0.0,0.0,0.0,0.0,0.0,0.0,0.0,0.0,0.0,0.0,0.0,0.0,0.0,0.0,0.0,0.0,0.0,0.0,0.0,0.0,0.0,0.0,0.0,0.0,0.0,0.0,0.0,0.0,0.0,0.0,-0.362344551579299
134.12041687965393,134.0584259033203,3.1105276378708373,2.2403412369895195,0.9109032384980138,-0.03079429630314204,-0.01193860257259461,0.005016943235588097,1.0000000000000007,-0.015381245094723089,-0.0060071605527983515,0.002416221212907013,0.9998607369011351,0.0,0.0,0.0,0.0,0.0,0.0,0.0,0.0,0.0,0.0,0.0,0.0,0.0,0.0,0.0,0.0,0.0,0.0,0.0,0.0,0.0,0.0,0.0,0.0,0.0,0.0,0.0,0.0,0.0,0.0,0.0,0.0,0.0,0.0,0.0,0.0,0.28744967345590544
134.24428009986877,134.15835404396057,3.110964624387016,2.268400845253831,0.9131932151568528,-0.030014144786425296,-0.007249878787800063,0.021240336799382087,1.0000000000000009,-0.014967071922156254,-0.0037836864848552246,0.010564308646533585,0.9998250176193252,0.0,0.0,0.0,0.0,0.0,0.0,0.0,0.0,0.0,0.0,0.0,0.0,0.0,0.0,0.0,0.0,0.0,0.0,0.0,0.0,0.0,0.0,0.0,0.0,0.0,0.0,0.0,0.0,0.0,0.0,0.0,0.0,0.0,0.0,0.0,0.0,1.2169816540410048
134.35155200958252,134.258318901062,3.1128050432172247,2.297689834612122,0.9136623349120662,-0.02626139027444791,0.0032690626488151363,0.032548429446872154,1.0000000000000007,-0.013155158771192676,0.001420497366537844,0.016293530810446193,0.9997796981528816,0.0,0.0,0.0,0.0,0.0,0.0,0.0,0.0,0.0,0.0,0.0,0.0,0.0,0.0,0.0,0.0,0.0,0.0,0.0,0.0,0.0,0.0,0.0,0.0,0.0,0.0,0.0,0.0,0.0,0.0,0.0,0.0,0.0,0.0,0.0,0.0,1.864887637085103
134.43996906280518,134.3583710193634,3.116859472302669,2.3264563277494914,0.9164592037074131,-0.02290039294098971,0.012720690697288128,0.038775012977001554,1.0000000000000007,-0.011570857506789402,0.006136722793211568,0.019457440474020364,0.9997248941084333,0.0,0.0,0.0,0.0,0.0,0.0,0.0,0.0,0.0,0.0,0.0,0.0,0.0,0.0,0.0,0.0,0.0,0.0,0.0,0.0,0.0,0.0,0.0,0.0,0.0,0.0,0.0,0.0,0.0,0.0,0.0,0.0,0.0,0.0,0.0,0.0,2.221644594147187
134.51845383644104,134.45854091644287,3.122910227825228,2.356334099284504,0.9198214309492374,-0.01683645663996095,0.02126724350425067,0.043801874621581645,1.0000000000000007,-0.008648489300461222,0.01044615485479379,0.02198666458294425,0.9996662783459729,0.0,0.0,0.0,0.0,0.0,0.0,0.0,0.0,0.0,0.0,0.0,0.0,0.0,0.0,0.0,0.0,0.0,0.0,0.0,0.0,0.0,0.0,0.0,0.0,0.0,0.0,0.0,0.0,0.0,0.0,0.0,0.0,0.0,0.0,0.0,0.0,2.509662550577818
134.65775156021118,134.5583255290985,3.129062490681517,2.3874218550869157,0.9227854413346114,-0.012488088471430561,0.027666946950815494,0.04533162384336403,1.0000000000000007,-0.006555306508415376,0.013687709793807014,0.02274761230327386,0.9996260404229587,0.0,0.0,0.0,0.0,0.0,0.0,0.0,0.0,0.0,0.0,0.0,0.0,0.0,0.0,0.0,0.0,0.0,0.0,0.0,0.0,0.0,0.0,0.0,0.0,0.0,0.0,0.0,0.0,0.0,0.0,0.0,0.0,0.0,0.0,0.0,0.0,2.597310724699371
134.76784920692444,134.65812349319458,3.1357963196131076,2.418785723444095,0.925986371565399,-0.008813515474441876,0.03113158561660138,0.03836796716080843,1.0000000000000007,-0.004703979489081395,0.015477625560168864,0.019248875839098276,0.9996838482554963,0.0,0.0,0.0,0.0,0.0,0.0,0.0,0.0,0.0,0.0,0.0,0.0,0.0,0.0,0.0,0.0,0.0,0.0,0.0,0.0,0.0,0.0,0.0,0.0,0.0,0.0,0.0,0.0,0.0,0.0,0.0,0.0,0.0,0.0,0.0,0.0,2.198322586810863
134.829763174057,134.758367061615,3.1470781229935723,2.446843746189266,0.9288088156417211,-0.005277969546232586,0.03116754657491386,0.026449585091385144,1.0000000000000009,-0.0028445076342236302,0.015546830855100181,0.013263875278224849,0.9997871145595383,0.0,0.0,0.0,0.0,0.0,0.0,0.0,0.0,0.0,0.0,0.0,0.0,0.0,0.0,0.0,0.0,0.0,0.0,0.0,0.0,0.0,0.0,0.0,0.0,0.0,0.0,0.0,0.0,0.0,0.0,0.0,0.0,0.0,0.0,0.0,0.0,1.5154495956085126
134.91711735725403,134.85837936401367,3.160063822014311,2.475433979924295,0.9295997337029459,-0.007290852847114144,0.03516501093984605,0.013670535714799783,1.0000000000000009,-0.0037649429464599814,0.017556158664402445,0.006898203503745082,0.9998149935292944,0.0,0.0,0.0,0.0,0.0,0.0,0.0,0.0,0.0,0.0,0.0,0.0,0.0,0.0,0.0,0.0,0.0,0.0,0.0,0.0,0.0,0.0,0.0,0.0,0.0,0.0,0.0,0.0,0.0,0.0,0.0,0.0,0.0,0.0,0.0,0.0,0.7832640001408856
135.0421347618103,134.95830130577087,3.1722196688030926,2.5029839212172633,0.9302118947525918,-0.00655745213454523,0.0414467788827385,-0.0002853421619239753,1.0000000000000007,-0.0032750597461151153,0.020722262252590384,-7.469834770932753e-05,0.9997799039043306,0.0,0.0,0.0,0.0,0.0,0.0,0.0,0.0,0.0,0.0,0.0,0.0,0.0,0.0,0.0,0.0,0.0,0.0,0.0,0.0,0.0,0.0,0.0,0.0,0.0,0.0,0.0,0.0,0.0,0.0,0.0,0.0,0.0,0.0,0.0,0.0,-0.016348901595382322
135.14350295066833,135.05841779708862,3.1913734793647706,2.5311859038153353,0.9300295642915524,-0.009491240117416677,0.04131340579980323,-0.011303427242612001,1.0000000000000007,-0.0046277785032396955,0.0206814863519753,-0.005552394205882309,0.999759986550263,0.0,0.0,0.0,0.0,0.0,0.0,0.0,0.0,0.0,0.0,0.0,0.0,0.0,0.0,0.0,0.0,0.0,0.0,0.0,0.0,0.0,0.0,0.0,0.0,0.0,0.0,0.0,0.0,0.0,0.0,0.0,0.0,0.0,0.0,0.0,0.0,-0.6476386750348653
135.23741555213928,135.15838170051575,3.2113716220248785,2.5554390416689454,0.9326044426167909,-0.013487556803075123,0.037426337969624905,-0.01631505119830541,1.0000000000000007,-0.006589683128864063,0.018766030639207495,-0.008029636465317529,0.999769942090952,0.0,0.0,0.0,0.0,0.0,0.0,0.0,0.0,0.0,0.0,0.0,0.0,0.0,0.0,0.0,0.0,0.0,0.0,0.0,0.0,0.0,0.0,0.0,0.0,0.0,0.0,0.0,0.0,0.0,0.0,0.0,0.0,0.0,0.0,0.0,0.0,-0.9347835762027563
135.33652925491333,135.25835275650024,3.231883940907611,2.582285499014147,0.9329168806758038,-0.013360749578003673,0.030801290573529472,-0.018750424031294264,1.0000000000000007,-0.006534866081448539,0.015461637225981793,-0.00927088101394167,0.9998161251274238,0.0,0.0,0.0,0.0,0.0,0.0,0.0,0.0,0.0,0.0,0.0,0.0,0.0,0.0,0.0,0.0,0.0,0.0,0.0,0.0,0.0,0.0,0.0,0.0,0.0,0.0,0.0,0.0,0.0,0.0,0.0,0.0,0.0,0.0,0.0,0.0,-1.0743201610738364
135.45353603363037,135.35842442512512,3.2539043718250853,2.6074829746371244,0.9332304158277145,-0.00522142473302802,0.024104590791199226,-0.01805876179088725,1.0000000000000004,-0.002501593091734797,0.01207504230790586,-0.008997108659712424,0.9998834869228675,0.0,0.0,0.0,0.0,0.0,0.0,0.0,0.0,0.0,0.0,0.0,0.0,0.0,0.0,0.0,0.0,0.0,0.0,0.0,0.0,0.0,0.0,0.0,0.0,0.0,0.0,0.0,0.0,0.0,0.0,0.0,0.0,0.0,0.0,0.0,0.0,-1.0346908338499516
135.53278136253357,135.4612317085266,3.279081266679291,2.635482205888892,0.9325375540470452,-0.00021343741788700584,0.019487566611038076,-0.011452300236357233,1.0000000000000004,-5.091871542459609e-05,0.009744080384009252,-0.005724807162422914,0.9999361364045749,0.0,0.0,0.0,0.0,0.0,0.0,0.0,0.0,0.0,0.0,0.0,0.0,0.0,0.0,0.0,0.0,0.0,0.0,0.0,0.0,0.0,0.0,0.0,0.0,0.0,0.0,0.0,0.0,0.0,0.0,0.0,0.0,0.0,0.0,0.0,0.0,-0.6561684692599445
135.6198766231537,135.55836820602417,3.3058613964710073,2.6582116596085203,0.9324129420410092,-0.00024292580986924326,0.01487526710209576,-0.005389143530508245,1.0000000000000002,-0.00010141807595094846,0.007437865203438435,-0.002693590570403198,0.999968705733049,0.0,0.0,0.0,0.0,0.0,0.0,0.0,0.0,0.0,0.0,0.0,0.0,0.0,0.0,0.0,0.0,0.0,0.0,0.0,0.0,0.0,0.0,0.0,0.0,0.0,0.0,0.0,0.0,0.0,0.0,0.0,0.0,0.0,0.0,0.0,0.0,-0.3087751794883544
135.7560520172119,135.65826106071472,3.3338373740683322,2.68126264775105,0.9318814052789878,0.002502003205098169,0.012687789534507155,0.0046545912436643895,1.0000000000000002,0.0012362087206169426,0.006346741460066323,0.002319308723332653,0.999976405455591,0.0,0.0,0.0,0.0,0.0,0.0,0.0,0.0,0.0,0.0,0.0,0.0,0.0,0.0,0.0,0.0,0.0,0.0,0.0,0.0,0.0,0.0,0.0,0.0,0.0,0.0,0.0,0.0,0.0,0.0,0.0,0.0,0.0,0.0,0.0,0.0,0.2666884336205185
135.86420369148254,135.75803112983704,3.3605023788461,2.708856895110564,0.9298534712095761,0.004379113370964702,0.010358595527626385,0.014169356710611246,1.0,0.002152777519859416,0.0051946441675219945,0.0070731670624427975,0.9999591749309718,0.0,0.0,0.0,0.0,0.0,0.0,0.0,0.0,0.0,0.0,0.0,0.0,0.0,0.0,0.0,0.0,0.0,0.0,0.0,0.0,0.0,0.0,0.0,0.0,0.0,0.0,0.0,0.0,0.0,0.0,0.0,0.0,0.0,0.0,0.0,0.0,0.8118443379333954
135.98707914352417,135.8584268093109,3.388278490658114,2.7363861159060527,0.929847937099318,0.0025676601859477687,0.008560177824582212,0.0197110489968357,1.0000000000000002,0.0012415739572790637,0.004292516948899465,0.009849771937939811,0.9999415056817689,0.0,0.0,0.0,0.0,0.0,0.0,0.0,0.0,0.0,0.0,0.0,0.0,0.0,0.0,0.0,0.0,0.0,0.0,0.0,0.0,0.0,0.0,0.0,0.0,0.0,0.0,0.0,0.0,0.0,0.0,0.0,0.0,0.0,0.0,0.0,0.0,1.1293599172942608
136.0425000190735,135.95826172828674,3.415912925536206,2.7572928317457697,0.9313805073555342,0.0010059169208051796,0.009518560093408393,0.027875594413557702,1.0000000000000002,0.0004365724177880344,0.00476580903945819,0.013934792859957582,0.9998914531171241,0.0,0.0,0.0,0.0,0.0,0.0,0.0,0.0,0.0,0.0,0.0,0.0,0.0,0.0,0.0,0.0,0.0,0.0,0.0,0.0,0.0,0.0,0.0,0.0,0.0,0.0,0.0,0.0,0.0,0.0,0.0,0.0,0.0,0.0,0.0,0.0,1.5971539113153115
136.18104195594788,136.05844140052795,3.4409616600598736,2.781956851270323,0.9305848797472772,0.005265140644357765,0.008574997290588401,0.028632934421836953,1.0000000000000002,0.002570893968374797,0.0043247187065154555,0.014304511035084023,0.9998850275288458,0.0,0.0,0.0,0.0,0.0,0.0,0.0,0.0,0.0,0.0,0.0,0.0,0.0,0.0,0.0,0.0,0.0,0.0,0.0,0.0,0.0,0.0,0.0,0.0,0.0,0.0,0.0,0.0,0.0,0.0,0.0,0.0,0.0,0.0,0.0,0.0,1.6405462974461154
136.21165251731873,136.15815949440002,3.465893938574928,2.804507135789714,0.9320722442017406,0.007270688270984194,0.009487718578705048,0.02523074483071611,1.0000000000000002,0.003575162608304686,0.004789292058566969,0.012597568411334007,0.9999027863567659,0.0,0.0,0.0,0.0,0.0,0.0,0.0,0.0,0.0,0.0,0.0,0.0,0.0,0.0,0.0,0.0,0.0,0.0,0.0,0.0,0.0,0.0,0.0,0.0,0.0,0.0,0.0,0.0,0.0,0.0,0.0,0.0,0.0,0.0,0.0,0.0,1.4456151927715517
136.3258924484253,136.2583224773407,3.4928640552576686,2.8238361374715097,0.9365836167380871,0.0026762282554980052,0.01033326651445163,0.01846711542038463,1.0000000000000002,0.0012903333534137287,0.005178740607956757,0.009226381781583701,0.9999431931688788,0.0,0.0,0.0,0.0,0.0,0.0,0.0,0.0,0.0,0.0,0.0,0.0,0.0,0.0,0.0,0.0,0.0,0.0,0.0,0.0,0.0,0.0,0.0,0.0,0.0,0.0,0.0,0.0,0.0,0.0,0.0,0.0,0.0,0.0,0.0,0.0,1.0580877733690002
136.44974994659424,136.3584246635437,3.5153279015441985,2.841949213658879,0.9397260951173336,-2.1671983490367138e-05,0.01347340505787028,0.01798391474536542,1.0000000000000002,-7.141017527247132e-05,0.006736281794779393,0.008991705155226706,0.9999368813313019,0.0,0.0,0.0,0.0,0.0,0.0,0.0,0.0,0.0,0.0,0.0,0.0,0.0,0.0,0.0,0.0,0.0,0.0,0.0,0.0,0.0,0.0,0.0,0.0,0.0,0.0,0.0,0.0,0.0,0.0,0.0,0.0,0.0,0.0,0.0,0.0,1.030402414032527
136.54214096069336,136.45889329910278,3.5366549771982374,2.8648322737538714,0.9402453537356006,0.002842503159242314,0.018323549038713353,0.014576248969991703,1.0000000000000002,0.001354383148083021,0.009171751507866966,0.007274726079432923,0.9999305590794971,0.0,0.0,0.0,0.0,0.0,0.0,0.0,0.0,0.0,0.0,0.0,0.0,0.0,0.0,0.0,0.0,0.0,0.0,0.0,0.0,0.0,0.0,0.0,0.0,0.0,0.0,0.0,0.0,0.0,0.0,0.0,0.0,0.0,0.0,0.0,0.0,0.835157547112438
136.66518115997314,136.55826926231384,3.5540589814097374,2.896558613701755,0.941296904666402,0.00492710645446866,0.018844511681456153,0.0075421388841602115,1.0,0.0024278926009233884,0.009431310624228171,0.0037476699702251827,0.9999455538614201,0.0,0.0,0.0,0.0,0.0,0.0,0.0,0.0,0.0,0.0,0.0,0.0,0.0,0.0,0.0,0.0,0.0,0.0,0.0,0.0,0.0,0.0,0.0,0.0,0.0,0.0,0.0,0.0,0.0,0.0,0.0,0.0,0.0,0.0,0.0,0.0,0.43213272656388824
136.73107504844666,136.65891289710999,3.5746024415795317,2.922888745756878,0.9454261664698507,0.003623890000798728,0.018712814175336667,-0.0007444825271960714,1.0,0.0018153473572313276,0.009355580116618176,-0.00038917738788754185,0.9999545120532309,0.0,0.0,0.0,0.0,0.0,0.0,0.0,0.0,0.0,0.0,0.0,0.0,0.0,0.0,0.0,0.0,0.0,0.0,0.0,0.0,0.0,0.0,0.0,0.0,0.0,0.0,0.0,0.0,0.0,0.0,0.0,0.0,0.0,0.0,0.0,0.0,-0.04265570672956842
136.854159116745,136.7583065032959,3.5949504873666505,2.950529314503243,0.9470947814444228,0.0027495849321052344,0.0187037220758132,-0.003482471182188188,1.0000000000000002,0.0013910133639008213,0.009349307978443203,-0.0017540135816387556,0.9999537884114953,0.0,0.0,0.0,0.0,0.0,0.0,0.0,0.0,0.0,0.0,0.0,0.0,0.0,0.0,0.0,0.0,0.0,0.0,0.0,0.0,0.0,0.0,0.0,0.0,0.0,0.0,0.0,0.0,0.0,0.0,0.0,0.0,0.0,0.0,0.0,0.0,-0.19953090101531756
136.92084670066833,136.8583791255951,3.6215810665733086,2.9773948995411876,0.9488927967169904,0.006395986201348313,0.016397701164863127,-0.008956561659532899,1.0000000000000002,0.0032345641308792923,0.008184313631680765,-0.0045043117119320355,0.9999511316965763,0.0,0.0,0.0,0.0,0.0,0.0,0.0,0.0,0.0,0.0,0.0,0.0,0.0,0.0,0.0,0.0,0.0,0.0,0.0,0.0,0.0,0.0,0.0,0.0,0.0,0.0,0.0,0.0,0.0,0.0,0.0,0.0,0.0,0.0,0.0,0.0,-0.5131731820399237
137.0520007610321,136.95673418045044,3.6511850905447107,3.003727667619772,0.9484063401137007,0.016354215824662947,0.013060448906507403,-0.00914516713623352,1.0000000000000002,0.00820661563619587,0.006492502290936218,-0.004625714087006093,0.9999345486795562,0.0,0.0,0.0,0.0,0.0,0.0,0.0,0.0,0.0,0.0,0.0,0.0,0.0,0.0,0.0,0.0,0.0,0.0,0.0,0.0,0.0,0.0,0.0,0.0,0.0,0.0,0.0,0.0,0.0,0.0,0.0,0.0,0.0,0.0,0.0,0.0,-0.5239794798479223
137.12320613861084,137.05601048469543,3.6812323957962927,3.0308970689949115,0.947678178863183,0.023155437722082835,0.008622955622854244,-0.0015695487298953395,1.0000000000000004,0.011580732338610225,0.004302088558883955,-0.0008346301872741593,0.9999233380939683,0.0,0.0,0.0,0.0,0.0,0.0,0.0,0.0,0.0,0.0,0.0,0.0,0.0,0.0,0.0,0.0,0.0,0.0,0.0,0.0,0.0,0.0,0.0,0.0,0.0,0.0,0.0,0.0,0.0,0.0,0.0,0.0,0.0,0.0,0.0,0.0,-0.08992851796312178
137.2099690437317,137.15578889846802,3.7102228591071396,3.0575532052604917,0.9436180669669496,0.02726094963264076,0.005528044383629498,0.0038004669100457663,1.0000000000000004,0.013624724289532562,0.0027896570909511217,0.0018623748819027617,0.9999015532846968,0.0,0.0,0.0,0.0,0.0,0.0,0.0,0.0,0.0,0.0,0.0,0.0,0.0,0.0,0.0,0.0,0.0,0.0,0.0,0.0,0.0,0.0,0.0,0.0,0.0,0.0,0.0,0.0,0.0,0.0,0.0,0.0,0.0,0.0,0.0,0.0,0.2177507141247475
137.34474229812622,137.25673055648804,3.7415067634034136,3.0864454250787787,0.9410768541551395,0.032757163340698815,0.004828220879870866,0.005140742712528079,1.0000000000000004,0.016371543257297044,0.002455873312715835,0.002530478515606989,0.9998597591343145,0.0,0.0,0.0,0.0,0.0,0.0,0.0,0.0,0.0,0.0,0.0,0.0,0.0,0.0,0.0,0.0,0.0,0.0,0.0,0.0,0.0,0.0,0.0,0.0,0.0,0.0,0.0,0.0,0.0,0.0,0.0,0.0,0.0,0.0,0.0,0.0,0.2945428609904936
137.42934799194336,137.35618090629578,3.771221068968885,3.110264313765995,0.9399549120444242,0.03277952048722977,0.005355206244646825,0.011702814538466201,1.0000000000000004,0.016373021617512896,0.002773092441488957,0.005806684507612486,0.9998452462938718,0.0,0.0,0.0,0.0,0.0,0.0,0.0,0.0,0.0,0.0,0.0,0.0,0.0,0.0,0.0,0.0,0.0,0.0,0.0,0.0,0.0,0.0,0.0,0.0,0.0,0.0,0.0,0.0,0.0,0.0,0.0,0.0,0.0,0.0,0.0,0.0,0.6705218814784537
137.5479531288147,137.4588062763214,3.8028327320460398,3.134426032553961,0.9363347507464733,0.03164354557855882,0.0029989182367385287,0.011008613830424795,1.0000000000000004,0.015812602831083267,0.001586331892202526,0.005479861265816949,0.9998586981485647,0.0,0.0,0.0,0.0,0.0,0.0,0.0,0.0,0.0,0.0,0.0,0.0,0.0,0.0,0.0,0.0,0.0,0.0,0.0,0.0,0.0,0.0,0.0,0.0,0.0,0.0,0.0,0.0,0.0,0.0,0.0,0.0,0.0,0.0,0.0,0.0,0.6307471107726877
137.64611434936523,137.55839824676514,3.82898778543377,3.1563898137045387,0.9331557717882604,0.03210673498730795,-0.0005065192658572509,0.005327051273307643,1.0000000000000004,0.01605329500123748,-0.000210469431417597,0.0026672446811470485,0.9998675578435543,0.0,0.0,0.0,0.0,0.0,0.0,0.0,0.0,0.0,0.0,0.0,0.0,0.0,0.0,0.0,0.0,0.0,0.0,0.0,0.0,0.0,0.0,0.0,0.0,0.0,0.0,0.0,0.0,0.0,0.0,0.0,0.0,0.0,0.0,0.0,0.0,0.3052175552103192
137.74365425109863,137.6582109928131,3.85719917985682,3.172117782675183,0.9311334438269556,0.03938582753832233,-0.004660531281128764,0.0022323155071892185,1.0000000000000004,0.01969417564630258,-0.002307831330753152,0.0011618247541562972,0.9998027123004832,0.0,0.0,0.0,0.0,0.0,0.0,0.0,0.0,0.0,0.0,0.0,0.0,0.0,0.0,0.0,0.0,0.0,0.0,0.0,0.0,0.0,0.0,0.0,0.0,0.0,0.0,0.0,0.0,0.0,0.0,0.0,0.0,0.0,0.0,0.0,0.0,0.127902257103548
137.85201597213745,137.7580530643463,3.8818301693772552,3.188114667910371,0.9293014134657045,0.04395052686121628,-0.005575933989161044,0.004999637897661109,1.0000000000000004,0.021980308445649212,-0.0027323520422359963,0.0025604641681712414,0.9997513912549438,0.0,0.0,0.0,0.0,0.0,0.0,0.0,0.0,0.0,0.0,0.0,0.0,0.0,0.0,0.0,0.0,0.0,0.0,0.0,0.0,0.0,0.0,0.0,0.0,0.0,0.0,0.0,0.0,0.0,0.0,0.0,0.0,0.0,0.0,0.0,0.0,0.28645815062964136
137.94494032859802,137.85704159736633,3.9018395112187556,3.203292722188027,0.9264236520571246,0.04435600357064157,-0.00854988047211544,0.014181292520148327,1.0000000000000004,0.02220572791848429,-0.004116527758638472,0.007183577527559511,0.9997191385887984,0.0,0.0,0.0,0.0,0.0,0.0,0.0,0.0,0.0,0.0,0.0,0.0,0.0,0.0,0.0,0.0,0.0,0.0,0.0,0.0,0.0,0.0,0.0,0.0,0.0,0.0,0.0,0.0,0.0,0.0,0.0,0.0,0.0,0.0,0.0,0.0,0.8125282094449421
138.04541110992432,137.95823407173157,3.922494000209586,3.212183497275869,0.926062058582431,0.04574209417422297,-0.01690791153848272,0.026074015770648943,1.0000000000000004,0.02297647368343787,-0.008152800971044061,0.013226078597177069,0.9996152681598771,0.0,0.0,0.0,0.0,0.0,0.0,0.0,0.0,0.0,0.0,0.0,0.0,0.0,0.0,0.0,0.0,0.0,0.0,0.0,0.0,0.0,0.0,0.0,0.0,0.0,0.0,0.0,0.0,0.0,0.0,0.0,0.0,0.0,0.0,0.0,0.0,1.493931058615733
138.1422016620636,138.05828404426575,3.938398043526366,3.228150845902457,0.9273345233310405,0.04591885619592028,-0.026727503191693404,0.04156135554353999,1.0000000000000004,0.02322801115578861,-0.012879953676719144,0.021078572490116677,0.99942496470361,0.0,0.0,0.0,0.0,0.0,0.0,0.0,0.0,0.0,0.0,0.0,0.0,0.0,0.0,0.0,0.0,0.0,0.0,0.0,0.0,0.0,0.0,0.0,0.0,0.0,0.0,0.0,0.0,0.0,0.0,0.0,0.0,0.0,0.0,0.0,0.0,2.381290263487489
138.2494089603424,138.15788078308105,3.9491204964966093,3.2398220340690993,0.9268536948338967,0.045572492878488885,-0.030441008110086865,0.05582041539240889,1.0000000000000004,0.023197388556754798,-0.01457428165817874,0.02824274796753746,0.99922560949244,0.0,0.0,0.0,0.0,0.0,0.0,0.0,0.0,0.0,0.0,0.0,0.0,0.0,0.0,0.0,0.0,0.0,0.0,0.0,0.0,0.0,0.0,0.0,0.0,0.0,0.0,0.0,0.0,0.0,0.0,0.0,0.0,0.0,0.0,0.0,0.0,3.198274212652126
138.3681411743164,138.2568039894104,3.963474797376856,3.246562697162236,0.9301019378556492,0.042315905428086255,-0.029827872067380082,0.06370808942725524,1.0000000000000004,0.02161815490002135,-0.014228754220331624,0.032153341576754584,0.9991478171709658,0.0,0.0,0.0,0.0,0.0,0.0,0.0,0.0,0.0,0.0,0.0,0.0,0.0,0.0,0.0,0.0,0.0,0.0,0.0,0.0,0.0,0.0,0.0,0.0,0.0,0.0,0.0,0.0,0.0,0.0,0.0,0.0,0.0,0.0,0.0,0.0,3.6502046450237473
138.457528591156,138.3562045097351,3.9761641073807095,3.254725515163523,0.9362386182396775,0.03763930560473769,-0.026383864869478288,0.06716202557369093,1.0000000000000004,0.019249119606346635,-0.01255000590403773,0.033813941001972464,0.9991639435748796,0.0,0.0,0.0,0.0,0.0,0.0,0.0,0.0,0.0,0.0,0.0,0.0,0.0,0.0,0.0,0.0,0.0,0.0,0.0,0.0,0.0,0.0,0.0,0.0,0.0,0.0,0.0,0.0,0.0,0.0,0.0,0.0,0.0,0.0,0.0,0.0,3.848100608922192
138.52111196517944,138.4587173461914,3.984964542064909,3.265098357809144,0.9423671120670541,0.04827874700052832,-0.020255875468823802,0.07387684300391352,1.0000000000000002,0.024493236747253636,-0.009226572058132806,0.03716165668999016,0.9989664473813699,0.0,0.0,0.0,0.0,0.0,0.0,0.0,0.0,0.0,0.0,0.0,0.0,0.0,0.0,0.0,0.0,0.0,0.0,0.0,0.0,0.0,0.0,0.0,0.0,0.0,0.0,0.0,0.0,0.0,0.0,0.0,0.0,0.0,0.0,0.0,0.0,4.232831307874827
138.61808705329895,138.5583610534668,3.9940776014107477,3.270448025304715,0.9435674636075717,0.05455404328259565,-0.016504375873727106,0.08162377203156988,1.0000000000000002,0.02758656571229541,-0.007129413866570537,0.041008868440115614,0.99875243456994,0.0,0.0,0.0,0.0,0.0,0.0,0.0,0.0,0.0,0.0,0.0,0.0,0.0,0.0,0.0,0.0,0.0,0.0,0.0,0.0,0.0,0.0,0.0,0.0,0.0,0.0,0.0,0.0,0.0,0.0,0.0,0.0,0.0,0.0,0.0,0.0,4.676697645346923
138.73479533195496,138.65819263458252,4.004757399860193,3.2722416539101618,0.9460293918752801,0.04928605715898101,-0.02246123882325507,0.09265318329552333,1.0000000000000002,0.025132467172459413,-0.010073896520094749,0.04656946813452708,0.9985480260560308,0.0,0.0,0.0,0.0,0.0,0.0,0.0,0.0,0.0,0.0,0.0,0.0,0.0,0.0,0.0,0.0,0.0,0.0,0.0,0.0,0.0,0.0,0.0,0.0,0.0,0.0,0.0,0.0,0.0,0.0,0.0,0.0,0.0,0.0,0.0,0.0,5.308636361285507
138.8617033958435,138.75707936286926,4.010235009555562,3.2753232950642626,0.9479697346643078,0.054017219687180144,-0.026633267879562928,0.10991994385441214,1.0000000000000002,0.027693384678786525,-0.011807951324043326,0.05526647069272473,0.9980176681540927,0.0,0.0,0.0,0.0,0.0,0.0,0.0,0.0,0.0,0.0,0.0,0.0,0.0,0.0,0.0,0.0,0.0,0.0,0.0,0.0,0.0,0.0,0.0,0.0,0.0,0.0,0.0,0.0,0.0,0.0,0.0,0.0,0.0,0.0,0.0,0.0,6.297948867172787
138.97095203399658,138.85699033737183,4.017984471140407,3.2817407645896615,0.9476863952449531,0.049771974778807744,-0.025297851396960745,0.1098715475141897,1.0000000000000002,0.025538187790383738,-0.011259403181337956,0.05520101822284088,0.9980851037820099,0.0,0.0,0.0,0.0,0.0,0.0,0.0,0.0,0.0,0.0,0.0,0.0,0.0,0.0,0.0,0.0,0.0,0.0,0.0,0.0,0.0,0.0,0.0,0.0,0.0,0.0,0.0,0.0,0.0,0.0,0.0,0.0,0.0,0.0,0.0,0.0,6.295175961134161
139.07972478866577,138.95623135566711,4.023608173106269,3.2861850027824775,0.9488878065631826,0.04786509376394672,-0.024588714926300444,0.10335916755215895,1.0000000000000002,0.02453139372861336,-0.011038055960881225,0.05193169403123339,0.998288270589905,0.0,0.0,0.0,0.0,0.0,0.0,0.0,0.0,0.0,0.0,0.0,0.0,0.0,0.0,0.0,0.0,0.0,0.0,0.0,0.0,0.0,0.0,0.0,0.0,0.0,0.0,0.0,0.0,0.0,0.0,0.0,0.0,0.0,0.0,0.0,0.0,5.922044074724232
139.14148950576782,139.05581092834473,4.027972613104395,3.288421378888649,0.9500151603503812,0.052440276607203365,-0.019978726956321424,0.09215232426019446,1.0000000000000004,0.026647945519603665,-0.008767668412015399,0.04630334130257312,0.9985334323769132,0.0,0.0,0.0,0.0,0.0,0.0,0.0,0.0,0.0,0.0,0.0,0.0,0.0,0.0,0.0,0.0,0.0,0.0,0.0,0.0,0.0,0.0,0.0,0.0,0.0,0.0,0.0,0.0,0.0,0.0,0.0,0.0,0.0,0.0,0.0,0.0,5.279939252430169
139.23702812194824,139.1549518108368,4.035152718444018,3.295216874391639,0.9497266539467151,0.052027059980349746,-0.018777785586048343,0.08584930640824406,1.0000000000000002,0.026388240881188373,-0.008260829276267206,0.04313904589880945,0.998686358253584,0.0,0.0,0.0,0.0,0.0,0.0,0.0,0.0,0.0,0.0,0.0,0.0,0.0,0.0,0.0,0.0,0.0,0.0,0.0,0.0,0.0,0.0,0.0,0.0,0.0,0.0,0.0,0.0,0.0,0.0,0.0,0.0,0.0,0.0,0.0,0.0,4.9188029313177974
139.35611057281494,139.25838208198547,4.046824283292898,3.2983657282805137,0.94679771370169,0.05526252590460116,-0.020645465198179957,0.08708881454199624,1.0000000000000004,0.02804926365938996,-0.00910623821707583,0.04379663129402945,0.9986051123046564,0.0,0.0,0.0,0.0,0.0,0.0,0.0,0.0,0.0,0.0,0.0,0.0,0.0,0.0,0.0,0.0,0.0,0.0,0.0,0.0,0.0,0.0,0.0,0.0,0.0,0.0,0.0,0.0,0.0,0.0,0.0,0.0,0.0,0.0,0.0,0.0,4.989821516053934
139.4435977935791,139.35834860801697,4.053166594170732,3.3009935039518767,0.9464427213576327,0.059371738818075115,-0.02507519123947828,0.0907055861042673,1.0000000000000002,0.03021681346280966,-0.011173285243505028,0.045685452541938176,0.998436247993361,0.0,0.0,0.0,0.0,0.0,0.0,0.0,0.0,0.0,0.0,0.0,0.0,0.0,0.0,0.0,0.0,0.0,0.0,0.0,0.0,0.0,0.0,0.0,0.0,0.0,0.0,0.0,0.0,0.0,0.0,0.0,0.0,0.0,0.0,0.0,0.0,5.197047262035003
139.56686639785767,139.45918321609497,4.057473140209974,3.301168722046318,0.9470133954229468,0.06217100864937494,-0.02663089815962472,0.09230330220231658,1.0000000000000002,0.03165864830615289,-0.011860671863519691,0.04652229056915523,0.9983449959460773,0.0,0.0,0.0,0.0,0.0,0.0,0.0,0.0,0.0,0.0,0.0,0.0,0.0,0.0,0.0,0.0,0.0,0.0,0.0,0.0,0.0,0.0,0.0,0.0,0.0,0.0,0.0,0.0,0.0,0.0,0.0,0.0,0.0,0.0,0.0,0.0,5.288589651313337
139.61519622802734,139.5583462715149,4.061215909849533,3.308161486718323,0.9459017115898405,0.06296468823845801,-0.02562328594583454,0.09229111005680274,1.0000000000000002,0.03203173691068173,-0.011339417400222563,0.04650537108084049,0.9983399400525566,0.0,0.0,0.0,0.0,0.0,0.0,0.0,0.0,0.0,0.0,0.0,0.0,0.0,0.0,0.0,0.0,0.0,0.0,0.0,0.0,0.0,0.0,0.0,0.0,0.0,0.0,0.0,0.0,0.0,0.0,0.0,0.0,0.0,0.0,0.0,0.0,5.287891092832185
139.7713816165924,139.65811109542847,4.063717535596126,3.309154978552242,0.947909305132399,0.0610383045472412,-0.02413656682593345,0.09271734162074799,1.0000000000000004,0.031038406515281208,-0.010635413178496766,0.04668496616514545,0.9983706822827256,0.0,0.0,0.0,0.0,0.0,0.0,0.0,0.0,0.0,0.0,0.0,0.0,0.0,0.0,0.0,0.0,0.0,0.0,0.0,0.0,0.0,0.0,0.0,0.0,0.0,0.0,0.0,0.0,0.0,0.0,0.0,0.0,0.0,0.0,0.0,0.0,5.312312362541507
139.86371111869812,139.75697779655457,4.060970599052116,3.308996069012314,0.9507781948657619,0.05624402832259026,-0.02653993352273457,0.09997153647144844,1.0000000000000004,0.028743466144227518,-0.011842956736278703,0.05031345386544512,0.9982495248633424,0.0,0.0,0.0,0.0,0.0,0.0,0.0,0.0,0.0,0.0,0.0,0.0,0.0,0.0,0.0,0.0,0.0,0.0,0.0,0.0,0.0,0.0,0.0,0.0,0.0,0.0,0.0,0.0,0.0,0.0,0.0,0.0,0.0,0.0,0.0,0.0,5.727947111252178
139.95967936515808,139.8564751148224,4.063383523213518,3.310550549336993,0.9507929389858821,0.04864255421609314,-0.02231758200778923,0.09562205451793228,1.0000000000000004,0.02482271841159363,-0.009980316540923214,0.048046758496551115,0.9984867224607329,0.0,0.0,0.0,0.0,0.0,0.0,0.0,0.0,0.0,0.0,0.0,0.0,0.0,0.0,0.0,0.0,0.0,0.0,0.0,0.0,0.0,0.0,0.0,0.0,0.0,0.0,0.0,0.0,0.0,0.0,0.0,0.0,0.0,0.0,0.0,0.0,5.4787401522473855
140.0790297985077,139.95634603500366,4.061727584424307,3.316057127769855,0.9510455860753184,0.039203130022961316,-0.018526328011117903,0.08162227286972666,1.0000000000000002,0.019961006544106027,-0.008453886020480358,0.040971627748936576,0.9989251302017095,0.0,0.0,0.0,0.0,0.0,0.0,0.0,0.0,0.0,0.0,0.0,0.0,0.0,0.0,0.0,0.0,0.0,0.0,0.0,0.0,0.0,0.0,0.0,0.0,0.0,0.0,0.0,0.0,0.0,0.0,0.0,0.0,0.0,0.0,0.0,0.0,4.6766117497005
140.1433265209198,140.05837082862854,4.0637727184423555,3.3164297123892044,0.952221617045818,0.04734525057869986,-0.018281535834166,0.06603813068167215,1.0000000000000004,0.023958199783202995,-0.008351698286811359,0.03321868209548888,0.9991260045453296,0.0,0.0,0.0,0.0,0.0,0.0,0.0,0.0,0.0,0.0,0.0,0.0,0.0,0.0,0.0,0.0,0.0,0.0,0.0,0.0,0.0,0.0,0.0,0.0,0.0,0.0,0.0,0.0,0.0,0.0,0.0,0.0,0.0,0.0,0.0,0.0,3.7837061749932044
140.2350561618805,140.15828776359558,4.064974921719895,3.317875516035639,0.9503208553247655,0.060420266451562024,-0.020742891766118886,0.04490552273989902,1.0000000000000002,0.030429038306690914,-0.009685810431821677,0.02275261437632257,0.9992309929355934,0.0,0.0,0.0,0.0,0.0,0.0,0.0,0.0,0.0,0.0,0.0,0.0,0.0,0.0,0.0,0.0,0.0,0.0,0.0,0.0,0.0,0.0,0.0,0.0,0.0,0.0,0.0,0.0,0.0,0.0,0.0,0.0,0.0,0.0,0.0,0.0,2.572896929824959
140.3302915096283,140.25697088241577,4.06603675470383,3.319797157727827,0.9451286429153303,0.07153661691557885,-0.028093729129941163,0.04021992701878738,1.0000000000000002,0.03603219702694245,-0.013315553355972811,0.02059597108266191,0.9990496398034477,0.0,0.0,0.0,0.0,0.0,0.0,0.0,0.0,0.0,0.0,0.0,0.0,0.0,0.0,0.0,0.0,0.0,0.0,0.0,0.0,0.0,0.0,0.0,0.0,0.0,0.0,0.0,0.0,0.0,0.0,0.0,0.0,0.0,0.0,0.0,0.0,2.304432070500704
140.41187167167664,140.3564682006836,4.064055553932515,3.3187173682538993,0.9421712872488882,0.07635105011491496,-0.03170943868280151,0.031218672972714245,1.0000000000000004,0.03840408819946787,-0.015244923089290026,0.016200386009373534,0.9990146474515363,0.0,0.0,0.0,0.0,0.0,0.0,0.0,0.0,0.0,0.0,0.0,0.0,0.0,0.0,0.0,0.0,0.0,0.0,0.0,0.0,0.0,0.0,0.0,0.0,0.0,0.0,0.0,0.0,0.0,0.0,0.0,0.0,0.0,0.0,0.0,0.0,1.7886982033356578
140.568363904953,140.45901727676392,4.067374494162086,3.3160287216712074,0.9383422083076342,0.07139266256835398,-0.02574837171518681,0.024280231267327406,1.0000000000000004,0.035839350010513284,-0.012431461907848702,0.012590495465041584,0.9992009203206347,0.0,0.0,0.0,0.0,0.0,0.0,0.0,0.0,0.0,0.0,0.0,0.0,0.0,0.0,0.0,0.0,0.0,0.0,0.0,0.0,0.0,0.0,0.0,0.0,0.0,0.0,0.0,0.0,0.0,0.0,0.0,0.0,0.0,0.0,0.0,0.0,1.3911547772194384
140.65911555290222,140.55848026275635,4.065935888423738,3.3154713851520907,0.9331899233706755,0.06744234631656723,-0.02174930145549916,0.021315245446075104,1.0000000000000002,0.03382670214289774,-0.01050834560752164,0.011017340810810225,0.9993117366949053,0.0,0.0,0.0,0.0,0.0,0.0,0.0,0.0,0.0,0.0,0.0,0.0,0.0,0.0,0.0,0.0,0.0,0.0,0.0,0.0,0.0,0.0,0.0,0.0,0.0,0.0,0.0,0.0,0.0,0.0,0.0,0.0,0.0,0.0,0.0,0.0,1.2212736033455511
140.71398425102234,140.65842986106873,4.062247298083356,3.3167843468440146,0.9284014440027624,0.06793664994778155,-0.01955274428808773,0.015106737696822293,1.0000000000000002,0.034033001299499155,-0.00951378685226091,0.007880587383638369,0.9993443545769234,0.0,0.0,0.0,0.0,0.0,0.0,0.0,0.0,0.0,0.0,0.0,0.0,0.0,0.0,0.0,0.0,0.0,0.0,0.0,0.0,0.0,0.0,0.0,0.0,0.0,0.0,0.0,0.0,0.0,0.0,0.0,0.0,0.0,0.0,0.0,0.0,0.8655523122390991
140.8561749458313,140.75794291496277,4.065357443307316,3.3124139733704654,0.9275976483099695,0.06201520905129483,-0.019639061785035168,0.005530506006397324,1.0000000000000002,0.031028162705476682,-0.009728889528334925,0.003068212264428133,0.9994664516136442,0.0,0.0,0.0,0.0,0.0,0.0,0.0,0.0,0.0,0.0,0.0,0.0,0.0,0.0,0.0,0.0,0.0,0.0,0.0,0.0,0.0,0.0,0.0,0.0,0.0,0.0,0.0,0.0,0.0,0.0,0.0,0.0,0.0,0.0,0.0,0.0,0.3168746527383185
140.9342086315155,140.85760736465454,4.0594343686209715,3.3115739135433895,0.9268247492047708,0.05988487282079277,-0.022316151743334272,0.004688861396850224,1.0000000000000002,0.02996216358001003,-0.011082629237185324,0.0026772740112976355,0.9994860060484413,0.0,0.0,0.0,0.0,0.0,0.0,0.0,0.0,0.0,0.0,0.0,0.0,0.0,0.0,0.0,0.0,0.0,0.0,0.0,0.0,0.0,0.0,0.0,0.0,0.0,0.0,0.0,0.0,0.0,0.0,0.0,0.0,0.0,0.0,0.0,0.0,0.2686519687613336
141.00932955741882,140.95831823349,4.055989854576139,3.316011583946355,0.9231091340766394,0.058625676226392684,-0.025311980300666073,0.002550956265067594,1.0000000000000002,0.029322404507101947,-0.012612825728998816,0.0016457474110586636,0.9994890718444657,0.0,0.0,0.0,0.0,0.0,0.0,0.0,0.0,0.0,0.0,0.0,0.0,0.0,0.0,0.0,0.0,0.0,0.0,0.0,0.0,0.0,0.0,0.0,0.0,0.0,0.0,0.0,0.0,0.0,0.0,0.0,0.0,0.0,0.0,0.0,0.0,0.14615902771082884
141.14361214637756,141.05838775634766,4.0540068914500775,3.3156970562074433,0.9240887956959746,0.059296065412731205,-0.02673880386546809,0.006314630132910999,1.0000000000000004,0.02968308399723821,-0.013269475820637752,0.0035519448506994337,0.9994649664813854,0.0,0.0,0.0,0.0,0.0,0.0,0.0,0.0,0.0,0.0,0.0,0.0,0.0,0.0,0.0,0.0,0.0,0.0,0.0,0.0,0.0,0.0,0.0,0.0,0.0,0.0,0.0,0.0,0.0,0.0,0.0,0.0,0.0,0.0,0.0,0.0,0.3618016558019343
141.23288917541504,141.15839862823486,4.047025121865096,3.317666461943078,0.9262429849639261,0.06355631884024981,-0.02793229829002742,0.023026578836890202,1.0000000000000002,0.03192831325942374,-0.013591953126767888,0.011949800064984336,0.9993262950113019,0.0,0.0,0.0,0.0,0.0,0.0,0.0,0.0,0.0,0.0,0.0,0.0,0.0,0.0,0.0,0.0,0.0,0.0,0.0,0.0,0.0,0.0,0.0,0.0,0.0,0.0,0.0,0.0,0.0,0.0,0.0,0.0,0.0,0.0,0.0,0.0,1.3193257839790686
141.36053323745728,141.25840997695923,4.043747292786428,3.3224042674726455,0.9251147711256446,0.07408563723902206,-0.03366891969356079,0.038324387443500196,1.0000000000000002,0.037344630854273184,-0.01610951298031241,0.019768472617306528,0.9989770115614647,0.0,0.0,0.0,0.0,0.0,0.0,0.0,0.0,0.0,0.0,0.0,0.0,0.0,0.0,0.0,0.0,0.0,0.0,0.0,0.0,0.0,0.0,0.0,0.0,0.0,0.0,0.0,0.0,0.0,0.0,0.0,0.0,0.0,0.0,0.0,0.0,2.195825652936728
141.47253942489624,141.35743594169617,4.036064166678487,3.327567959509067,0.9254076756090569,0.08329065963765139,-0.037336953439939854,0.0510893807211983,1.0000000000000004,0.042088845494052333,-0.01758191343144965,0.026292251055859403,0.9986130997235533,0.0,0.0,0.0,0.0,0.0,0.0,0.0,0.0,0.0,0.0,0.0,0.0,0.0,0.0,0.0,0.0,0.0,0.0,0.0,0.0,0.0,0.0,0.0,0.0,0.0,0.0,0.0,0.0,0.0,0.0,0.0,0.0,0.0,0.0,0.0,0.0,2.9272058932616964
141.5636384487152,141.45921325683594,4.031931520736225,3.328808364516277,0.9279912539029517,0.08581588580767156,-0.03160894335482263,0.05216460134237887,1.0000000000000004,0.043286606850237205,-0.014665369592408833,0.026729756494754585,0.9985973746810289,0.0,0.0,0.0,0.0,0.0,0.0,0.0,0.0,0.0,0.0,0.0,0.0,0.0,0.0,0.0,0.0,0.0,0.0,0.0,0.0,0.0,0.0,0.0,0.0,0.0,0.0,0.0,0.0,0.0,0.0,0.0,0.0,0.0,0.0,0.0,0.0,2.988811496900778
141.61167335510254,141.55846762657166,4.027852408643199,3.336383475312061,0.9306877492234245,0.08451506091077349,-0.020197057968479506,0.05813185669744172,1.0000000000000004,0.04251817309677929,-0.008857427441613878,0.029460835848527118,0.9986219555401014,0.0,0.0,0.0,0.0,0.0,0.0,0.0,0.0,0.0,0.0,0.0,0.0,0.0,0.0,0.0,0.0,0.0,0.0,0.0,0.0,0.0,0.0,0.0,0.0,0.0,0.0,0.0,0.0,0.0,0.0,0.0,0.0,0.0,0.0,0.0,0.0,3.3307100440227186
141.72983837127686,141.65850281715393,4.024072554772224,3.3464956610992416,0.933035271206349,0.0803144510513799,-0.012348239349528342,0.06251922359586626,1.0000000000000004,0.04031886778802319,-0.004911355447473053,0.031476474902919487,0.9986788768246014,0.0,0.0,0.0,0.0,0.0,0.0,0.0,0.0,0.0,0.0,0.0,0.0,0.0,0.0,0.0,0.0,0.0,0.0,0.0,0.0,0.0,0.0,0.0,0.0,0.0,0.0,0.0,0.0,0.0,0.0,0.0,0.0,0.0,0.0,0.0,0.0,3.5820876504778467
141.81501173973083,141.75843381881714,4.025582296289842,3.350824626673139,0.9390134001212311,0.0764287736504434,-0.010317607508667368,0.06757931110016525,1.0000000000000004,0.03835692336266558,-0.0038613980797960537,0.033955091548107635,0.9986795721316125,0.0,0.0,0.0,0.0,0.0,0.0,0.0,0.0,0.0,0.0,0.0,0.0,0.0,0.0,0.0,0.0,0.0,0.0,0.0,0.0,0.0,0.0,0.0,0.0,0.0,0.0,0.0,0.0,0.0,0.0,0.0,0.0,0.0,0.0,0.0,0.0,3.8720093084410654
141.98130893707275,141.8583631515503,4.029316182576274,3.354749518656057,0.9434471994787507,0.07520486105699827,-0.016292861331045707,0.05777359962096444,1.0000000000000004,0.037811761791427326,-0.007051414927400788,0.02916753021148499,0.9988342221805945,0.0,0.0,0.0,0.0,0.0,0.0,0.0,0.0,0.0,0.0,0.0,0.0,0.0,0.0,0.0,0.0,0.0,0.0,0.0,0.0,0.0,0.0,0.0,0.0,0.0,0.0,0.0,0.0,0.0,0.0,0.0,0.0,0.0,0.0,0.0,0.0,3.310183425559875
142.05347275733948,141.95940399169922,4.028297747921772,3.3640673906817993,0.9438798744220415,0.08314411849349777,-0.026439333815621743,0.052540947535946354,1.0000000000000004,0.041889052261983216,-0.012111720953465098,0.026791668947208337,0.9986895513577593,0.0,0.0,0.0,0.0,0.0,0.0,0.0,0.0,0.0,0.0,0.0,0.0,0.0,0.0,0.0,0.0,0.0,0.0,0.0,0.0,0.0,0.0,0.0,0.0,0.0,0.0,0.0,0.0,0.0,0.0,0.0,0.0,0.0,0.0,0.0,0.0,3.010374545428008
142.11014986038208,142.05851197242737,4.031987138101841,3.369232470352824,0.9439780897105708,0.0936444107885409,-0.036168607809948614,0.04039318817322948,1.0000000000000004,0.04715269795640931,-0.017114730912486706,0.021016008185153073,0.9985199229165072,0.0,0.0,0.0,0.0,0.0,0.0,0.0,0.0,0.0,0.0,0.0,0.0,0.0,0.0,0.0,0.0,0.0,0.0,0.0,0.0,0.0,0.0,0.0,0.0,0.0,0.0,0.0,0.0,0.0,0.0,0.0,0.0,0.0,0.0,0.0,0.0,2.314359203403801
142.243798494339,142.15844011306763,4.039108460706927,3.374737617130022,0.9424639598421907,0.10443351793521422,-0.040109805574739345,0.020784801648406678,1.0000000000000002,0.052387836545103046,-0.019482852254710317,0.011422561897653864,0.9983714029006638,0.0,0.0,0.0,0.0,0.0,0.0,0.0,0.0,0.0,0.0,0.0,0.0,0.0,0.0,0.0,0.0,0.0,0.0,0.0,0.0,0.0,0.0,0.0,0.0,0.0,0.0,0.0,0.0,0.0,0.0,0.0,0.0,0.0,0.0,0.0,0.0,1.190881412470259
142.34878778457642,142.2585575580597,4.046598712876949,3.3800730804832426,0.9384897860128151,0.10254436321839942,-0.03684010722308562,-0.0014358834079115153,1.0000000000000004,0.05122780636576757,-0.01843159032259266,0.00022709242837259548,0.9985168685416194,0.0,0.0,0.0,0.0,0.0,0.0,0.0,0.0,0.0,0.0,0.0,0.0,0.0,0.0,0.0,0.0,0.0,0.0,0.0,0.0,0.0,0.0,0.0,0.0,0.0,0.0,0.0,0.0,0.0,0.0,0.0,0.0,0.0,0.0,0.0,0.0,-0.08227005914619143
142.4755244255066,142.3586037158966,4.051912011095114,3.3806333282618186,0.9349435005522094,0.10490290339933125,-0.03464063369143415,-0.02480381829496657,1.0000000000000002,0.05220101636075086,-0.017944387716945034,-0.011474734171545568,0.9984094266963136,0.0,0.0,0.0,0.0,0.0,0.0,0.0,0.0,0.0,0.0,0.0,0.0,0.0,0.0,0.0,0.0,0.0,0.0,0.0,0.0,0.0,0.0,0.0,0.0,0.0,0.0,0.0,0.0,0.0,0.0,0.0,0.0,0.0,0.0,0.0,0.0,-1.421154104110962
142.56077027320862,142.4612410068512,4.055519745193524,3.3856608885195403,0.9280262034853434,0.10422191341194255,-0.03994483393269724,-0.044400399476282354,1.0000000000000002,0.05162143002765342,-0.021095089097558393,-0.021123836066490896,0.9982204209129879,0.0,0.0,0.0,0.0,0.0,0.0,0.0,0.0,0.0,0.0,0.0,0.0,0.0,0.0,0.0,0.0,0.0,0.0,0.0,0.0,0.0,0.0,0.0,0.0,0.0,0.0,0.0,0.0,0.0,0.0,0.0,0.0,0.0,0.0,0.0,0.0,-2.5439554986858495
142.63938522338867,142.5554656982422,4.05947319663313,3.3883361688809006,0.9196530905931313,0.10023638466604058,-0.042593417113223425,-0.06167682101386027,1.0000000000000002,0.04940626061150173,-0.022802570382684073,-0.02972150548927313,0.9980759972606208,0.0,0.0,0.0,0.0,0.0,0.0,0.0,0.0,0.0,0.0,0.0,0.0,0.0,0.0,0.0,0.0,0.0,0.0,0.0,0.0,0.0,0.0,0.0,0.0,0.0,0.0,0.0,0.0,0.0,0.0,0.0,0.0,0.0,0.0,0.0,0.0,-3.5338215378779805
142.78586292266846,142.65858697891235,4.059446385522701,3.3935358291198057,0.9101165648136519,0.09130151989378033,-0.04118163161765439,-0.07503216876053925,1.0000000000000002,0.04482168131503684,-0.022264716545051716,-0.036521333937659266,0.9980789004125257,0.0,0.0,0.0,0.0,0.0,0.0,0.0,0.0,0.0,0.0,0.0,0.0,0.0,0.0,0.0,0.0,0.0,0.0,0.0,0.0,0.0,0.0,0.0,0.0,0.0,0.0,0.0,0.0,0.0,0.0,0.0,0.0,0.0,0.0,0.0,0.0,-4.29902659769224
142.84729862213135,142.75848484039307,4.060412504848611,3.3933725406450446,0.9020863883411193,0.09063031106968032,-0.03757703041513246,-0.08971900362388278,1.0000000000000004,0.044404442381872765,-0.020780322010642595,-0.04394030854421905,0.9978304830976695,0.0,0.0,0.0,0.0,0.0,0.0,0.0,0.0,0.0,0.0,0.0,0.0,0.0,0.0,0.0,0.0,0.0,0.0,0.0,0.0,0.0,0.0,0.0,0.0,0.0,0.0,0.0,0.0,0.0,0.0,0.0,0.0,0.0,0.0,0.0,0.0,-5.140520249767422
142.91407251358032,142.8585958480835,4.063663386854702,3.391047180418263,0.8929456369699599,0.08586099497662858,-0.042263854979015074,-0.10100585212883198,1.0000000000000002,0.04178731372437492,-0.02325001426266885,-0.04951798581778874,0.9976277994969046,0.0,0.0,0.0,0.0,0.0,0.0,0.0,0.0,0.0,0.0,0.0,0.0,0.0,0.0,0.0,0.0,0.0,0.0,0.0,0.0,0.0,0.0,0.0,0.0,0.0,0.0,0.0,0.0,0.0,0.0,0.0,0.0,0.0,0.0,0.0,0.0,-5.787209033104554
143.03421092033386,142.95853447914124,4.060842072703215,3.3916225538495732,0.8855185740623372,0.07880987531570355,-0.0385836478228878,-0.09859977707652604,1.0000000000000002,0.03838965208935275,-0.021193241119014432,-0.04847347695902256,0.997861414814118,0.0,0.0,0.0,0.0,0.0,0.0,0.0,0.0,0.0,0.0,0.0,0.0,0.0,0.0,0.0,0.0,0.0,0.0,0.0,0.0,0.0,0.0,0.0,0.0,0.0,0.0,0.0,0.0,0.0,0.0,0.0,0.0,0.0,0.0,0.0,0.0,-5.649351087415704
143.12304639816284,143.05852246284485,4.061613371859257,3.394494265800171,0.8809209861866104,0.07356671232819519,-0.02251806328384843,-0.08786482118064484,1.0000000000000002,0.0362431176949446,-0.01285531710478065,-0.04347214714916988,0.9983142539622117,0.0,0.0,0.0,0.0,0.0,0.0,0.0,0.0,0.0,0.0,0.0,0.0,0.0,0.0,0.0,0.0,0.0,0.0,0.0,0.0,0.0,0.0,0.0,0.0,0.0,0.0,0.0,0.0,0.0,0.0,0.0,0.0,0.0,0.0,0.0,0.0,-5.034283421322632
143.25820064544678,143.15859174728394,4.061290536375166,3.3959735084074185,0.8777959676295412,0.06827461092695557,-0.012115039894179743,-0.07258195227381398,1.0000000000000002,0.03388792088094999,-0.007288308427320575,-0.036054596189923176,0.9987484946032292,0.0,0.0,0.0,0.0,0.0,0.0,0.0,0.0,0.0,0.0,0.0,0.0,0.0,0.0,0.0,0.0,0.0,0.0,0.0,0.0,0.0,0.0,0.0,0.0,0.0,0.0,0.0,0.0,0.0,0.0,0.0,0.0,0.0,0.0,0.0,0.0,-4.1586395341095095
143.34939789772034,143.25882816314697,4.062615735739703,3.397425730687308,0.8801514068257675,0.07608484904684953,-0.00964009295066587,-0.07198334551025523,1.0000000000000002,0.03783485825918704,-0.006181989897837142,-0.035774247077034145,0.9986243086103413,0.0,0.0,0.0,0.0,0.0,0.0,0.0,0.0,0.0,0.0,0.0,0.0,0.0,0.0,0.0,0.0,0.0,0.0,0.0,0.0,0.0,0.0,0.0,0.0,0.0,0.0,0.0,0.0,0.0,0.0,0.0,0.0,0.0,0.0,0.0,0.0,-4.124341892969608
143.44451546669006,143.35855412483215,4.0630721865870685,3.403248567932052,0.8818729245234176,0.08736356371235379,-0.017667207311033942,-0.08894004096747005,1.0000000000000004,0.043230696905378584,-0.01075753413270498,-0.0440258675937232,0.998036625223283,0.0,0.0,0.0,0.0,0.0,0.0,0.0,0.0,0.0,0.0,0.0,0.0,0.0,0.0,0.0,0.0,0.0,0.0,0.0,0.0,0.0,0.0,0.0,0.0,0.0,0.0,0.0,0.0,0.0,0.0,0.0,0.0,0.0,0.0,0.0,0.0,-5.095888977156672
143.52379751205444,143.45946955680847,4.061020627326186,3.410561988244366,0.8837336050746583,0.10406355814163078,-0.027016669534648326,-0.11478092163599811,1.0000000000000002,0.051144189983836894,-0.016450304134024978,-0.056574741500717986,0.9969518333143899,0.0,0.0,0.0,0.0,0.0,0.0,0.0,0.0,0.0,0.0,0.0,0.0,0.0,0.0,0.0,0.0,0.0,0.0,0.0,0.0,0.0,0.0,0.0,0.0,0.0,0.0,0.0,0.0,0.0,0.0,0.0,0.0,0.0,0.0,0.0,0.0,-6.576462378364528
143.60866928100586,143.55868363380432,4.058563043221612,3.414873511220062,0.8813261137507061,0.1130155542541233,-0.02461630047330676,-0.12993021959750675,1.0000000000000004,0.055556558632233764,-0.01592849514882938,-0.06411724014848841,0.9962673995223266,0.0,0.0,0.0,0.0,0.0,0.0,0.0,0.0,0.0,0.0,0.0,0.0,0.0,0.0,0.0,0.0,0.0,0.0,0.0,0.0,0.0,0.0,0.0,0.0,0.0,0.0,0.0,0.0,0.0,0.0,0.0,0.0,0.0,0.0,0.0,0.0,-7.444453214145114
143.79134225845337,143.65864777565002,4.050820775253523,3.4188362482010537,0.8786582067280335,0.10701326220842437,-0.015037674875005019,-0.12824933111696876,1.0000000000000004,0.052888557680483186,-0.010919586312943246,-0.06358592551377133,0.9965141209123884,0.0,0.0,0.0,0.0,0.0,0.0,0.0,0.0,0.0,0.0,0.0,0.0,0.0,0.0,0.0,0.0,0.0,0.0,0.0,0.0,0.0,0.0,0.0,0.0,0.0,0.0,0.0,0.0,0.0,0.0,0.0,0.0,0.0,0.0,0.0,0.0,-7.34814539837813
143.83895325660706,143.75869965553284,4.044273123281271,3.415748615709213,0.8764662475398323,0.09913860687271236,-0.005922063258923456,-0.1225260250018712,1.0000000000000004,0.0492747706952767,-0.005985451869291968,-0.06100278659690525,0.9969026187979756,0.0,0.0,0.0,0.0,0.0,0.0,0.0,0.0,0.0,0.0,0.0,0.0,0.0,0.0,0.0,0.0,0.0,0.0,0.0,0.0,0.0,0.0,0.0,0.0,0.0,0.0,0.0,0.0,0.0,0.0,0.0,0.0,0.0,0.0,0.0,0.0,-7.020224113121624
143.93357801437378,143.858633518219,4.031957850252177,3.414881427135717,0.86923839897003,0.09522985183525776,-0.010080674953239378,-0.11544372832888919,1.0000000000000004,0.04722661701979541,-0.007772042329288816,-0.057384196112226574,0.9972042398824084,0.0,0.0,0.0,0.0,0.0,0.0,0.0,0.0,0.0,0.0,0.0,0.0,0.0,0.0,0.0,0.0,0.0,0.0,0.0,0.0,0.0,0.0,0.0,0.0,0.0,0.0,0.0,0.0,0.0,0.0,0.0,0.0,0.0,0.0,0.0,0.0,-6.614438404500211
144.04660964012146,143.95859503746033,4.020491824880215,3.4111946191019507,0.8616698074598903,0.08914437691764625,-0.013185912252381478,-0.1049499111020904,1.0000000000000004,0.04414967098596428,-0.008914319887263506,-0.05210428574317154,0.9976254231223127,0.0,0.0,0.0,0.0,0.0,0.0,0.0,0.0,0.0,0.0,0.0,0.0,0.0,0.0,0.0,0.0,0.0,0.0,0.0,0.0,0.0,0.0,0.0,0.0,0.0,0.0,0.0,0.0,0.0,0.0,0.0,0.0,0.0,0.0,0.0,0.0,-6.013186966422962
144.1503942012787,144.05866146087646,4.011398922046227,3.408681307811761,0.8564527247914394,0.08466810718446229,-0.00406922631835868,-0.0922710581072364,1.0000000000000002,0.04218253941544085,-0.003982449851791875,-0.04599173236050839,0.9980428517935104,0.0,0.0,0.0,0.0,0.0,0.0,0.0,0.0,0.0,0.0,0.0,0.0,0.0,0.0,0.0,0.0,0.0,0.0,0.0,0.0,0.0,0.0,0.0,0.0,0.0,0.0,0.0,0.0,0.0,0.0,0.0,0.0,0.0,0.0,0.0,0.0,-5.286742200751024
144.21491813659668,144.1586790084839,4.001220816663725,3.402779469128978,0.8539408377574536,0.07263209763765073,0.011883601031485749,-0.07049962930922007,1.0000000000000002,0.03649413595792418,0.004654594161261353,-0.03543425612959887,0.9986946111231506,0.0,0.0,0.0,0.0,0.0,0.0,0.0,0.0,0.0,0.0,0.0,0.0,0.0,0.0,0.0,0.0,0.0,0.0,0.0,0.0,0.0,0.0,0.0,0.0,0.0,0.0,0.0,0.0,0.0,0.0,0.0,0.0,0.0,0.0,0.0,0.0,-4.03933121665511
144.33570647239685,144.25857949256897,3.996936862698484,3.3953719667439435,0.8585519048398567,0.06248215711324014,0.035322368514901975,-0.058863452021510256,1.0000000000000002,0.03173704334386825,0.01672495073872398,-0.02995992759209595,0.9989071222297164,0.0,0.0,0.0,0.0,0.0,0.0,0.0,0.0,0.0,0.0,0.0,0.0,0.0,0.0,0.0,0.0,0.0,0.0,0.0,0.0,0.0,0.0,0.0,0.0,0.0,0.0,0.0,0.0,0.0,0.0,0.0,0.0,0.0,0.0,0.0,0.0,-3.3726273684033514
144.4365267753601,144.35872101783752,3.997372579661252,3.3893723759924423,0.8652727475669415,0.05768221430558786,0.030493464308141562,-0.05720798838434453,1.0000000000000002,0.029257822037808075,0.014408918691490134,-0.02902435169655248,0.9990465203984954,0.0,0.0,0.0,0.0,0.0,0.0,0.0,0.0,0.0,0.0,0.0,0.0,0.0,0.0,0.0,0.0,0.0,0.0,0.0,0.0,0.0,0.0,0.0,0.0,0.0,0.0,0.0,0.0,0.0,0.0,0.0,0.0,0.0,0.0,0.0,0.0,-3.2777762888563786
144.52646327018738,144.45930409431458,3.9971925341094856,3.3902583703728864,0.8719081430216133,0.06750961949985297,0.020779306498026964,-0.05770321053411358,1.0,0.03403207454394649,0.009405718776139835,-0.02918009581599363,0.998950385336884,0.0,0.0,0.0,0.0,0.0,0.0,0.0,0.0,0.0,0.0,0.0,0.0,0.0,0.0,0.0,0.0,0.0,0.0,0.0,0.0,0.0,0.0,0.0,0.0,0.0,0.0,0.0,0.0,0.0,0.0,0.0,0.0,0.0,0.0,0.0,0.0,-3.306150427959541
144.64909052848816,144.55863046646118,4.000052480933032,3.3889427516224373,0.8772443759175506,0.09164534210748293,-0.0043574059444516115,-0.06886217276155762,1.0,0.04570445761113726,-0.0037519813059227526,-0.034288328027068465,0.9983593219637207,0.0,0.0,0.0,0.0,0.0,0.0,0.0,0.0,0.0,0.0,0.0,0.0,0.0,0.0,0.0,0.0,0.0,0.0,0.0,0.0,0.0,0.0,0.0,0.0,0.0,0.0,0.0,0.0,0.0,0.0,0.0,0.0,0.0,0.0,0.0,0.0,-3.9455118673379888
144.7358057498932,144.65870904922485,4.006031304200103,3.388310454214672,0.8769350513504407,0.09334162451175829,-0.02895325828850803,-0.0684723233297785,1.0,0.04612667586014518,-0.01604865703355887,-0.033513647735727084,0.9982442615897965,0.0,0.0,0.0,0.0,0.0,0.0,0.0,0.0,0.0,0.0,0.0,0.0,0.0,0.0,0.0,0.0,0.0,0.0,0.0,0.0,0.0,0.0,0.0,0.0,0.0,0.0,0.0,0.0,0.0,0.0,0.0,0.0,0.0,0.0,0.0,0.0,-3.923175140251472
144.83064818382263,144.75864958763123,4.011532845894947,3.387915241577291,0.8746591661405755,0.08923458044978101,-0.052523261280391434,-0.07323836244700352,1.0,0.043596819937336835,-0.027847271963484823,-0.03539153705893146,0.9980337097714432,0.0,0.0,0.0,0.0,0.0,0.0,0.0,0.0,0.0,0.0,0.0,0.0,0.0,0.0,0.0,0.0,0.0,0.0,0.0,0.0,0.0,0.0,0.0,0.0,0.0,0.0,0.0,0.0,0.0,0.0,0.0,0.0,0.0,0.0,0.0,0.0,-4.196249066662722
144.92090916633606,144.85869932174683,4.017120531069141,3.389257180754658,0.8713134105068363,0.08984429519214472,-0.05279374079176186,-0.08253185112144039,1.0,0.04376542166432943,-0.028196690547031795,-0.04001398012007772,0.9978418792091704,0.0,0.0,0.0,0.0,0.0,0.0,0.0,0.0,0.0,0.0,0.0,0.0,0.0,0.0,0.0,0.0,0.0,0.0,0.0,0.0,0.0,0.0,0.0,0.0,0.0,0.0,0.0,0.0,0.0,0.0,0.0,0.0,0.0,0.0,0.0,0.0,-4.728726744660585
145.06331133842468,144.95878863334656,4.0242193407181635,3.3871879619299987,0.8673869737295082,0.08601308990347349,-0.0406223068093497,-0.08959649512683777,1.0,0.04203259960626763,-0.022195603012687352,-0.04386032072009445,0.9979062521317186,0.0,0.0,0.0,0.0,0.0,0.0,0.0,0.0,0.0,0.0,0.0,0.0,0.0,0.0,0.0,0.0,0.0,0.0,0.0,0.0,0.0,0.0,0.0,0.0,0.0,0.0,0.0,0.0,0.0,0.0,0.0,0.0,0.0,0.0,0.0,0.0,-5.133501029932252
145.13392114639282,145.0586977005005,4.029346869619528,3.38299024337993,0.867626073340903,0.08113582341801723,-0.03185623701007319,-0.09804595115901811,1.0000000000000002,0.039723066505994734,-0.01788238712382616,-0.04831162308738501,0.9978818994714639,0.0,0.0,0.0,0.0,0.0,0.0,0.0,0.0,0.0,0.0,0.0,0.0,0.0,0.0,0.0,0.0,0.0,0.0,0.0,0.0,0.0,0.0,0.0,0.0,0.0,0.0,0.0,0.0,0.0,0.0,0.0,0.0,0.0,0.0,0.0,0.0,-5.61761919975754
145.2264301776886,145.15866088867188,4.03276172972654,3.3779601005706694,0.8673256249837487,0.08897103347696393,-0.03232928812109601,-0.10803775148877877,1.0000000000000002,0.043528306326064456,-0.018525177648657493,-0.05321436976908433,0.9974619467385959,0.0,0.0,0.0,0.0,0.0,0.0,0.0,0.0,0.0,0.0,0.0,0.0,0.0,0.0,0.0,0.0,0.0,0.0,0.0,0.0,0.0,0.0,0.0,0.0,0.0,0.0,0.0,0.0,0.0,0.0,0.0,0.0,0.0,0.0,0.0,0.0,-6.190107188390249
145.31319403648376,145.25885891914368,4.031971203843484,3.3773698590560546,0.8644615663805932,0.0919853704620083,-0.03521302745949663,-0.11074055440806985,1.0,0.04492559732089716,-0.020104068808040273,-0.054466694185617705,0.9973018080537169,0.0,0.0,0.0,0.0,0.0,0.0,0.0,0.0,0.0,0.0,0.0,0.0,0.0,0.0,0.0,0.0,0.0,0.0,0.0,0.0,0.0,0.0,0.0,0.0,0.0,0.0,0.0,0.0,0.0,0.0,0.0,0.0,0.0,0.0,0.0,0.0,-6.344966388521267
145.43021154403687,145.3587827682495,4.033107776750065,3.3724826114902844,0.8630322083567541,0.08807233099419187,-0.04258401881733182,-0.11244805910361481,1.0000000000000002,0.04274716881469532,-0.02370937749562407,-0.05519144670808297,0.9972785213707188,0.0,0.0,0.0,0.0,0.0,0.0,0.0,0.0,0.0,0.0,0.0,0.0,0.0,0.0,0.0,0.0,0.0,0.0,0.0,0.0,0.0,0.0,0.0,0.0,0.0,0.0,0.0,0.0,0.0,0.0,0.0,0.0,0.0,0.0,0.0,0.0,-6.442799201074764
145.57097911834717,145.45937299728394,4.032855465844617,3.3656008006826177,0.8651188481827373,0.08471294627216479,-0.04394095813777442,-0.10627480589484643,1.0000000000000002,0.041108073238768326,-0.024166466240611934,-0.05212303092629927,0.9975015277537643,0.0,0.0,0.0,0.0,0.0,0.0,0.0,0.0,0.0,0.0,0.0,0.0,0.0,0.0,0.0,0.0,0.0,0.0,0.0,0.0,0.0,0.0,0.0,0.0,0.0,0.0,0.0,0.0,0.0,0.0,0.0,0.0,0.0,0.0,0.0,0.0,-6.089097846346743
145.62184643745422,145.5586643218994,4.0384216645166084,3.358946710837803,0.8656236634125157,0.08638813144624864,-0.023432724443604898,-0.09666062106529787,1.0,0.04256175993573705,-0.013777476423023297,-0.047757806096681336,0.9978566378450452,0.0,0.0,0.0,0.0,0.0,0.0,0.0,0.0,0.0,0.0,0.0,0.0,0.0,0.0,0.0,0.0,0.0,0.0,0.0,0.0,0.0,0.0,0.0,0.0,0.0,0.0,0.0,0.0,0.0,0.0,0.0,0.0,0.0,0.0,0.0,0.0,-5.538245632154907
145.75684475898743,145.65882420539856,4.038929902649416,3.347256109776362,0.8683912545618535,0.08048640207168711,-0.01659616808755252,-0.08811632022544819,1.0,0.03982673413124037,-0.010055152923127992,-0.04367320902078264,0.9982010699062385,0.0,0.0,0.0,0.0,0.0,0.0,0.0,0.0,0.0,0.0,0.0,0.0,0.0,0.0,0.0,0.0,0.0,0.0,0.0,0.0,0.0,0.0,0.0,0.0,0.0,0.0,0.0,0.0,0.0,0.0,0.0,0.0,0.0,0.0,0.0,0.0,-5.048693255141436
145.85767149925232,145.75896644592285,4.03742142981506,3.3401207115818563,0.8706826628968707,0.07264258537413137,-0.02647476562212976,-0.07503308759998517,1.0,0.035788413143653865,-0.01458086846312356,-0.03699938078332518,0.9985677911795328,0.0,0.0,0.0,0.0,0.0,0.0,0.0,0.0,0.0,0.0,0.0,0.0,0.0,0.0,0.0,0.0,0.0,0.0,0.0,0.0,0.0,0.0,0.0,0.0,0.0,0.0,0.0,0.0,0.0,0.0,0.0,0.0,0.0,0.0,0.0,0.0,-4.299079243314542
145.98077964782715,145.8590443134308,4.032173720334255,3.3317999326172596,0.8701699476840408,0.06823521056070828,-0.03096961009812305,-0.06528522003960152,1.0000000000000002,0.033583667393882306,-0.016580071690766186,-0.032086010408122395,0.9987831228265707,0.0,0.0,0.0,0.0,0.0,0.0,0.0,0.0,0.0,0.0,0.0,0.0,0.0,0.0,0.0,0.0,0.0,0.0,0.0,0.0,0.0,0.0,0.0,0.0,0.0,0.0,0.0,0.0,0.0,0.0,0.0,0.0,0.0,0.0,0.0,0.0,-3.7405675728520724
146.04026198387146,145.95880031585693,4.0306656609856795,3.3214838722762123,0.8724450369982447,0.06449546931858209,-0.03140335669469938,-0.04936721782278422,1.0000000000000004,0.03184103346198281,-0.016483763164929072,-0.02415914880062783,0.9990649476731858,0.0,0.0,0.0,0.0,0.0,0.0,0.0,0.0,0.0,0.0,0.0,0.0,0.0,0.0,0.0,0.0,0.0,0.0,0.0,0.0,0.0,0.0,0.0,0.0,0.0,0.0,0.0,0.0,0.0,0.0,0.0,0.0,0.0,0.0,0.0,0.0,-2.8285332275485526
146.13866806030273,146.05895042419434,4.034164009093428,3.301637667784327,0.8768517234200258,0.05791463671455649,-0.029774106875091223,-0.027246810147454358,1.0000000000000002,0.028744663240906184,-0.015273268022079824,-0.013184790535073983,0.9993831261921724,0.0,0.0,0.0,0.0,0.0,0.0,0.0,0.0,0.0,0.0,0.0,0.0,0.0,0.0,0.0,0.0,0.0,0.0,0.0,0.0,0.0,0.0,0.0,0.0,0.0,0.0,0.0,0.0,0.0,0.0,0.0,0.0,0.0,0.0,0.0,0.0,-1.561127226643359
146.22131776809692,146.15888452529907,4.032454490265425,3.291682605243469,0.8798948563350584,0.05475976684322393,-0.023895462505380518,-0.012991118167617492,1.0000000000000004,0.02729635546671988,-0.012120528570155048,-0.006165543483429681,0.9995348857538536,0.0,0.0,0.0,0.0,0.0,0.0,0.0,0.0,0.0,0.0,0.0,0.0,0.0,0.0,0.0,0.0,0.0,0.0,0.0,0.0,0.0,0.0,0.0,0.0,0.0,0.0,0.0,0.0,0.0,0.0,0.0,0.0,0.0,0.0,0.0,0.0,-0.7443362421602099
146.35738897323608,146.25879669189453,4.031852584776568,3.2794870021869746,0.8839686189806139,0.05522108666886501,-0.01130186691761999,-0.012731430956391152,1.0000000000000004,0.02757007713805696,-0.005824369649252557,-0.006207143102746933,0.9995836327888195,0.0,0.0,0.0,0.0,0.0,0.0,0.0,0.0,0.0,0.0,0.0,0.0,0.0,0.0,0.0,0.0,0.0,0.0,0.0,0.0,0.0,0.0,0.0,0.0,0.0,0.0,0.0,0.0,0.0,0.0,0.0,0.0,0.0,0.0,0.0,0.0,-0.7294572609634182
146.41985821723938,146.35886979103088,4.032517157255505,3.260888602882252,0.890977653397134,0.0553286975577902,-0.013564350828643773,-0.02242320539188635,1.0000000000000004,0.02758243787334371,-0.0070892107597699035,-0.011019232910787932,0.9995336556203726,0.0,0.0,0.0,0.0,0.0,0.0,0.0,0.0,0.0,0.0,0.0,0.0,0.0,0.0,0.0,0.0,0.0,0.0,0.0,0.0,0.0,0.0,0.0,0.0,0.0,0.0,0.0,0.0,0.0,0.0,0.0,0.0,0.0,0.0,0.0,0.0,-1.2847550321100791
146.5628764629364,146.45969414710999,4.033919765356894,3.2434939165717487,0.8969891081473761,0.05738322210053601,-0.02575621957132881,-0.04163818943368871,1.0000000000000002,0.028411106001888405,-0.013466822818114715,-0.020437944502371866,0.9992966247133299,0.0,0.0,0.0,0.0,0.0,0.0,0.0,0.0,0.0,0.0,0.0,0.0,0.0,0.0,0.0,0.0,0.0,0.0,0.0,0.0,0.0,0.0,0.0,0.0,0.0,0.0,0.0,0.0,0.0,0.0,0.0,0.0,0.0,0.0,0.0,0.0,-2.3856925211165825
146.6656470298767,146.55878376960754,4.03384736076629,3.2334647151680365,0.8965353669400712,0.05679358604705624,-0.038527458488790085,-0.053776802701716954,1.0000000000000004,0.02785977972968796,-0.02001101999868359,-0.02632261305509376,0.9990648186148776,0.0,0.0,0.0,0.0,0.0,0.0,0.0,0.0,0.0,0.0,0.0,0.0,0.0,0.0,0.0,0.0,0.0,0.0,0.0,0.0,0.0,0.0,0.0,0.0,0.0,0.0,0.0,0.0,0.0,0.0,0.0,0.0,0.0,0.0,0.0,0.0,-3.0811838305161046
146.7315924167633,146.65847945213318,4.035226090806683,3.215076772500414,0.8986890994514146,0.0502302908799044,-0.04388770099649227,-0.07349576526290506,1.0000000000000007,0.024283619516769286,-0.022842762124820302,-0.03616853455963319,0.9987894428504356,0.0,0.0,0.0,0.0,0.0,0.0,0.0,0.0,0.0,0.0,0.0,0.0,0.0,0.0,0.0,0.0,0.0,0.0,0.0,0.0,0.0,0.0,0.0,0.0,0.0,0.0,0.0,0.0,0.0,0.0,0.0,0.0,0.0,0.0,0.0,0.0,-4.210997161648663
146.8398082256317,146.75666546821594,4.035681273789342,3.1954460790938906,0.9000999849562037,0.04450530605017773,-0.04079042176491667,-0.09027210038805292,1.0000000000000004,0.02130357701113407,-0.02137174696882927,-0.04464685695017103,0.9985469764625514,0.0,0.0,0.0,0.0,0.0,0.0,0.0,0.0,0.0,0.0,0.0,0.0,0.0,0.0,0.0,0.0,0.0,0.0,0.0,0.0,0.0,0.0,0.0,0.0,0.0,0.0,0.0,0.0,0.0,0.0,0.0,0.0,0.0,0.0,0.0,0.0,-5.172210360016713
146.94369459152222,146.85896801948547,4.032442357033749,3.176997904677333,0.8974853572686387,0.03828996408624326,-0.03999650288475189,-0.10315262045345668,1.0000000000000007,0.018083811769620955,-0.0209533997434446,-0.05115138425638865,0.9983073007244457,0.0,0.0,0.0,0.0,0.0,0.0,0.0,0.0,0.0,0.0,0.0,0.0,0.0,0.0,0.0,0.0,0.0,0.0,0.0,0.0,0.0,0.0,0.0,0.0,0.0,0.0,0.0,0.0,0.0,0.0,0.0,0.0,0.0,0.0,0.0,0.0,-5.910209797697919
147.03472518920898,146.95877981185913,4.027171522223817,3.1638687352927657,0.8977608393671279,0.037839346220227284,-0.03704664008779117,-0.1093887005026618,1.0000000000000004,0.017874636866433632,-0.0195252975367701,-0.05429803425976073,0.9981738243354815,0.0,0.0,0.0,0.0,0.0,0.0,0.0,0.0,0.0,0.0,0.0,0.0,0.0,0.0,0.0,0.0,0.0,0.0,0.0,0.0,0.0,0.0,0.0,0.0,0.0,0.0,0.0,0.0,0.0,0.0,0.0,0.0,0.0,0.0,0.0,0.0,-6.267510865223108
147.12264323234558,147.05897188186646,4.026100386953962,3.143677226431799,0.9000674492988414,0.03222807171372684,-0.03737670530968251,-0.11619964175548465,1.0000000000000004,0.01499836600707459,-0.019588803495877237,-0.0577488561415361,0.998026250861701,0.0,0.0,0.0,0.0,0.0,0.0,0.0,0.0,0.0,0.0,0.0,0.0,0.0,0.0,0.0,0.0,0.0,0.0,0.0,0.0,0.0,0.0,0.0,0.0,0.0,0.0,0.0,0.0,0.0,0.0,0.0,0.0,0.0,0.0,0.0,0.0,-6.657749053521403
147.23326230049133,147.15700674057007,4.0225202911365585,3.1309523547560496,0.8997343931266234,0.028428169534662345,-0.035489139404266144,-0.11363098928839446,1.0000000000000004,0.013180967957138412,-0.018520210041263564,-0.0565184635765373,0.9981427388799103,0.0,0.0,0.0,0.0,0.0,0.0,0.0,0.0,0.0,0.0,0.0,0.0,0.0,0.0,0.0,0.0,0.0,0.0,0.0,0.0,0.0,0.0,0.0,0.0,0.0,0.0,0.0,0.0,0.0,0.0,0.0,0.0,0.0,0.0,0.0,0.0,-6.510576108121269
147.34844708442688,147.25672364234924,4.016734273616215,3.118754100564113,0.8974077424927412,0.02819708350716763,-0.028356389249462034,-0.10357519091307782,1.0000000000000004,0.013343929721617204,-0.014887010455050856,-0.051554492548598126,0.9984700550128447,0.0,0.0,0.0,0.0,0.0,0.0,0.0,0.0,0.0,0.0,0.0,0.0,0.0,0.0,0.0,0.0,0.0,0.0,0.0,0.0,0.0,0.0,0.0,0.0,0.0,0.0,0.0,0.0,0.0,0.0,0.0,0.0,0.0,0.0,0.0,0.0,-5.934421301581114
147.45250535011292,147.35863280296326,4.013237626469569,3.100238111653266,0.8977303893768054,0.02867356902445096,-0.029832824816694244,-0.09472138656144731,1.0000000000000004,0.013612536084279259,-0.015576250297704639,-0.04711925993652345,0.9986750495687038,0.0,0.0,0.0,0.0,0.0,0.0,0.0,0.0,0.0,0.0,0.0,0.0,0.0,0.0,0.0,0.0,0.0,0.0,0.0,0.0,0.0,0.0,0.0,0.0,0.0,0.0,0.0,0.0,0.0,0.0,0.0,0.0,0.0,0.0,0.0,0.0,-5.427135679598124
147.55510902404785,147.45604181289673,4.013409624260749,3.0830472700038594,0.8996409670505031,0.028521871773130758,-0.03504697159680777,-0.08511777573064075,1.0000000000000007,0.013499911321958765,-0.018111574877739244,-0.04228552987606802,0.9988501675490918,0.0,0.0,0.0,0.0,0.0,0.0,0.0,0.0,0.0,0.0,0.0,0.0,0.0,0.0,0.0,0.0,0.0,0.0,0.0,0.0,0.0,0.0,0.0,0.0,0.0,0.0,0.0,0.0,0.0,0.0,0.0,0.0,0.0,0.0,0.0,0.0,-4.876889310906782
147.63451957702637,147.55479216575623,4.0087984930780065,3.073379783706229,0.8997331895508629,0.03133458904934921,-0.03450546728393264,-0.074016335293718,1.0000000000000004,0.015015359934585209,-0.01781752464904711,-0.03671957958496263,0.9990539261003483,0.0,0.0,0.0,0.0,0.0,0.0,0.0,0.0,0.0,0.0,0.0,0.0,0.0,0.0,0.0,0.0,0.0,0.0,0.0,0.0,0.0,0.0,0.0,0.0,0.0,0.0,0.0,0.0,0.0,0.0,0.0,0.0,0.0,0.0,0.0,0.0,-4.2408236273552395
147.74081707000732,147.65888381004333,4.005076255441266,3.0632475402078017,0.901524360943569,0.035381995069713526,-0.03310752095322811,-0.07130141585638697,1.0000000000000007,0.017086502951849634,-0.017170341480723737,-0.0353400585236242,0.9990817339206337,0.0,0.0,0.0,0.0,0.0,0.0,0.0,0.0,0.0,0.0,0.0,0.0,0.0,0.0,0.0,0.0,0.0,0.0,0.0,0.0,0.0,0.0,0.0,0.0,0.0,0.0,0.0,0.0,0.0,0.0,0.0,0.0,0.0,0.0,0.0,0.0,-4.0852702018781395
147.86186861991882,147.75756120681763,3.998792278964948,3.0505941194172457,0.9046897022041378,0.03667725448224208,-0.03807954748974424,-0.06377978737323486,1.0000000000000004,0.01771801907965287,-0.01961032274518046,-0.031524404233675904,0.9991535012096169,0.0,0.0,0.0,0.0,0.0,0.0,0.0,0.0,0.0,0.0,0.0,0.0,0.0,0.0,0.0,0.0,0.0,0.0,0.0,0.0,0.0,0.0,0.0,0.0,0.0,0.0,0.0,0.0,0.0,0.0,0.0,0.0,0.0,0.0,0.0,0.0,-3.6543126347281367
147.95906805992126,147.85953307151794,3.995780821572519,3.038368217993564,0.9045339481221213,0.039643740574049895,-0.045211241385466026,-0.05365797007223822,1.0000000000000004,0.019202134749755385,-0.02312268829592228,-0.026365787273160687,0.999200412614251,0.0,0.0,0.0,0.0,0.0,0.0,0.0,0.0,0.0,0.0,0.0,0.0,0.0,0.0,0.0,0.0,0.0,0.0,0.0,0.0,0.0,0.0,0.0,0.0,0.0,0.0,0.0,0.0,0.0,0.0,0.0,0.0,0.0,0.0,0.0,0.0,-3.074375222378531
148.04406833648682,147.95789456367493,3.994335356921345,3.02689651099568,0.9043093964846916,0.04001346296868286,-0.04424959115240433,-0.0398258846646883,1.0000000000000007,0.019556118857933878,-0.02251242050832308,-0.01946027776381792,0.9993658222730188,0.0,0.0,0.0,0.0,0.0,0.0,0.0,0.0,0.0,0.0,0.0,0.0,0.0,0.0,0.0,0.0,0.0,0.0,0.0,0.0,0.0,0.0,0.0,0.0,0.0,0.0,0.0,0.0,0.0,0.0,0.0,0.0,0.0,0.0,0.0,0.0,-2.2818551066614274
148.15927600860596,148.0572862625122,3.9885452000353028,3.0159029319115747,0.9066091827310342,0.03076718699685936,-0.038030199224231495,-0.024893761417180138,1.0000000000000007,0.015142384104913583,-0.019201661879798576,-0.012150367998131658,0.9996271169502079,0.0,0.0,0.0,0.0,0.0,0.0,0.0,0.0,0.0,0.0,0.0,0.0,0.0,0.0,0.0,0.0,0.0,0.0,0.0,0.0,0.0,0.0,0.0,0.0,0.0,0.0,0.0,0.0,0.0,0.0,0.0,0.0,0.0,0.0,0.0,0.0,-1.426307465410029
148.22105360031128,148.15737009048462,3.9830625063520837,3.009492013913298,0.9060387064296871,0.018274376855200468,-0.0203418257512048,-0.015716476196016464,1.0000000000000007,0.009056386670421404,-0.010241795685806715,-0.00776449497644056,0.999876392410266,0.0,0.0,0.0,0.0,0.0,0.0,0.0,0.0,0.0,0.0,0.0,0.0,0.0,0.0,0.0,0.0,0.0,0.0,0.0,0.0,0.0,0.0,0.0,0.0,0.0,0.0,0.0,0.0,0.0,0.0,0.0,0.0,0.0,0.0,0.0,0.0,-0.9004877548495661
148.3506042957306,148.25889086723328,3.983719898490243,3.003904787238211,0.9020527373216308,0.012179038327164191,-0.012950911733997225,-0.009465053610159561,1.0000000000000007,0.006058641295317079,-0.006504035961789486,-0.004692890723532991,0.9999494823032417,0.0,0.0,0.0,0.0,0.0,0.0,0.0,0.0,0.0,0.0,0.0,0.0,0.0,0.0,0.0,0.0,0.0,0.0,0.0,0.0,0.0,0.0,0.0,0.0,0.0,0.0,0.0,0.0,0.0,0.0,0.0,0.0,0.0,0.0,0.0,0.0,-0.5423076247272061
148.43685865402222,148.35786890983582,3.98222723119016,2.9996905935035856,0.8989481493070557,0.012206264894538653,-0.01603413961813343,-0.007516049546496517,1.0000000000000009,0.006072727939575315,-0.008039712799541463,-0.003708897105309806,0.9999423628768495,0.0,0.0,0.0,0.0,0.0,0.0,0.0,0.0,0.0,0.0,0.0,0.0,0.0,0.0,0.0,0.0,0.0,0.0,0.0,0.0,0.0,0.0,0.0,0.0,0.0,0.0,0.0,0.0,0.0,0.0,0.0,0.0,0.0,0.0,0.0,0.0,-0.4306379176254668
148.56721305847168,148.45742273330688,3.983561027863044,2.9967466748736453,0.897512871493497,0.014408734872099578,-0.02495923014286061,-0.00914511330540266,1.0000000000000007,0.007146608225273687,-0.012511776245441187,-0.004482162322266102,0.9998861393513647,0.0,0.0,0.0,0.0,0.0,0.0,0.0,0.0,0.0,0.0,0.0,0.0,0.0,0.0,0.0,0.0,0.0,0.0,0.0,0.0,0.0,0.0,0.0,0.0,0.0,0.0,0.0,0.0,0.0,0.0,0.0,0.0,0.0,0.0,0.0,0.0,-0.5239763955685063
148.62053227424622,148.55683088302612,3.9850780243159747,3.0005881880876752,0.8934974532378747,0.019474560358313957,-0.03663019993416648,-0.003383842706788332,1.0000000000000007,0.009704494800913592,-0.018329653294338336,-0.0015132303710811278,0.9997837549813529,0.0,0.0,0.0,0.0,0.0,0.0,0.0,0.0,0.0,0.0,0.0,0.0,0.0,0.0,0.0,0.0,0.0,0.0,0.0,0.0,0.0,0.0,0.0,0.0,0.0,0.0,0.0,0.0,0.0,0.0,0.0,0.0,0.0,0.0,0.0,0.0,-0.19387990563509594
148.74986791610718,148.65786838531494,3.989347943163509,3.004059484859097,0.8902064450673514,0.010273274325605609,-0.03829843259300139,0.007273151373025084,1.0000000000000004,0.005205271111882179,-0.01912899056186761,0.003734208455675941,0.9997965005739651,0.0,0.0,0.0,0.0,0.0,0.0,0.0,0.0,0.0,0.0,0.0,0.0,0.0,0.0,0.0,0.0,0.0,0.0,0.0,0.0,0.0,0.0,0.0,0.0,0.0,0.0,0.0,0.0,0.0,0.0,0.0,0.0,0.0,0.0,0.0,0.0,0.4167208774341172
148.83164978027344,148.75731873512268,3.993533712400183,3.011334010119992,0.8884776708694251,-0.0016152653665830582,-0.03193727885380054,0.021376749943574976,1.0000000000000007,-0.0006368152523217616,-0.015975674490768834,0.010673909770302355,0.9998152028955732,0.0,0.0,0.0,0.0,0.0,0.0,0.0,0.0,0.0,0.0,0.0,0.0,0.0,0.0,0.0,0.0,0.0,0.0,0.0,0.0,0.0,0.0,0.0,0.0,0.0,0.0,0.0,0.0,0.0,0.0,0.0,0.0,0.0,0.0,0.0,0.0,1.2247975514733669
148.94552755355835,148.85872840881348,3.999453783693188,3.0225722266200012,0.8883987860372156,-0.010372733636040727,-0.02813153044473856,0.02801774657151991,1.0000000000000007,-0.004988291749508833,-0.014136377412040928,0.013933900646279874,0.9997905411594307,0.0,0.0,0.0,0.0,0.0,0.0,0.0,0.0,0.0,0.0,0.0,0.0,0.0,0.0,0.0,0.0,0.0,0.0,0.0,0.0,0.0,0.0,0.0,0.0,0.0,0.0,0.0,0.0,0.0,0.0,0.0,0.0,0.0,0.0,0.0,0.0,1.605298630015223
149.05555152893066,148.95693922042847,4.006697340355637,3.0315726864683277,0.8897289343663868,-0.0047270030947832945,-0.030299846194890238,0.025372218034939494,1.0000000000000009,-0.0021708574210898674,-0.015178061592887057,0.012648474939395693,0.9998024454391222,0.0,0.0,0.0,0.0,0.0,0.0,0.0,0.0,0.0,0.0,0.0,0.0,0.0,0.0,0.0,0.0,0.0,0.0,0.0,0.0,0.0,0.0,0.0,0.0,0.0,0.0,0.0,0.0,0.0,0.0,0.0,0.0,0.0,0.0,0.0,0.0,1.453721010287744
149.11374926567078,149.05727672576904,4.009352960061713,3.04902078031298,0.8893674814591571,-0.010450204672879193,-0.03965834893208551,0.022917138539758308,1.0000000000000007,-0.004996517395563962,-0.01988616155390967,0.01135231412445885,0.9997253124516698,0.0,0.0,0.0,0.0,0.0,0.0,0.0,0.0,0.0,0.0,0.0,0.0,0.0,0.0,0.0,0.0,0.0,0.0,0.0,0.0,0.0,0.0,0.0,0.0,0.0,0.0,0.0,0.0,0.0,0.0,0.0,0.0,0.0,0.0,0.0,0.0,1.3130553168447534
149.26181316375732,149.15827989578247,4.011846443953903,3.074027513384358,0.8889215431382679,-0.016104234588046527,-0.054583569253188545,0.027572098853293606,1.0000000000000009,-0.007672091782701706,-0.02739587991439829,0.013560326161813506,0.9995032377765369,0.0,0.0,0.0,0.0,0.0,0.0,0.0,0.0,0.0,0.0,0.0,0.0,0.0,0.0,0.0,0.0,0.0,0.0,0.0,0.0,0.0,0.0,0.0,0.0,0.0,0.0,0.0,0.0,0.0,0.0,0.0,0.0,0.0,0.0,0.0,0.0,1.5797648966112203
149.35539889335632,149.2578146457672,4.008475336138116,3.0985329544395803,0.8878510822983212,-0.006630577058100637,-0.061817093028052814,0.04346468074693785,1.0000000000000007,-0.0026413649332154075,-0.030968166848278335,0.0216177010926611,0.9992830784281381,0.0,0.0,0.0,0.0,0.0,0.0,0.0,0.0,0.0,0.0,0.0,0.0,0.0,0.0,0.0,0.0,0.0,0.0,0.0,0.0,0.0,0.0,0.0,0.0,0.0,0.0,0.0,0.0,0.0,0.0,0.0,0.0,0.0,0.0,0.0,0.0,2.4903427646830654
149.4483721256256,149.3570351600647,4.005894112319107,3.132081537994342,0.8861996170556478,-0.010004968050160965,-0.06204042498933559,0.07008669236072801,1.0000000000000007,-0.0039103450442073235,-0.031170990896745996,0.034863823210929026,0.9988981891860996,0.0,0.0,0.0,0.0,0.0,0.0,0.0,0.0,0.0,0.0,0.0,0.0,0.0,0.0,0.0,0.0,0.0,0.0,0.0,0.0,0.0,0.0,0.0,0.0,0.0,0.0,0.0,0.0,0.0,0.0,0.0,0.0,0.0,0.0,0.0,0.0,4.015671672301504
149.5180950164795,149.45710396766663,3.9991749773467795,3.166386628097694,0.8852642676625567,-0.004249231635750426,-0.05667035590573983,0.10425101438621108,1.0000000000000007,-0.0006447609267738151,-0.028403494182189567,0.052020762130616446,0.9982417873986948,0.0,0.0,0.0,0.0,0.0,0.0,0.0,0.0,0.0,0.0,0.0,0.0,0.0,0.0,0.0,0.0,0.0,0.0,0.0,0.0,0.0,0.0,0.0,0.0,0.0,0.0,0.0,0.0,0.0,0.0,0.0,0.0,0.0,0.0,0.0,0.0,5.973143134287524
149.6482377052307,149.55873489379883,3.9880019273901253,3.2024672869968995,0.8869467440215223,0.01119284885644082,-0.048152927289240935,0.15507067709827876,1.0000000000000007,0.007442662064871835,-0.02356807627857405,0.07756833688169766,0.9966806437747873,0.0,0.0,0.0,0.0,0.0,0.0,0.0,0.0,0.0,0.0,0.0,0.0,0.0,0.0,0.0,0.0,0.0,0.0,0.0,0.0,0.0,0.0,0.0,0.0,0.0,0.0,0.0,0.0,0.0,0.0,0.0,0.0,0.0,0.0,0.0,0.0,8.884895323967365
149.7712700366974,149.65754532814026,3.9722517227930814,3.239083906821787,0.892283620102252,0.04508166159706652,-0.04547343072124454,0.20789631029612432,1.0000000000000007,0.024769851667519677,-0.020268237792682643,0.10421753925632561,0.9940394144582527,0.0,0.0,0.0,0.0,0.0,0.0,0.0,0.0,0.0,0.0,0.0,0.0,0.0,0.0,0.0,0.0,0.0,0.0,0.0,0.0,0.0,0.0,0.0,0.0,0.0,0.0,0.0,0.0,0.0,0.0,0.0,0.0,0.0,0.0,0.0,0.0,11.911581156310085
149.8480532169342,149.750648021698,3.957120431813615,3.2657592479911024,0.9013362805291174,0.07694513768847135,-0.042962021025875784,0.26597694059890586,1.0000000000000007,0.04096064359589429,-0.016175038141804755,0.13328699265828253,0.9900985665101397,0.0,0.0,0.0,0.0,0.0,0.0,0.0,0.0,0.0,0.0,0.0,0.0,0.0,0.0,0.0,0.0,0.0,0.0,0.0,0.0,0.0,0.0,0.0,0.0,0.0,0.0,0.0,0.0,0.0,0.0,0.0,0.0,0.0,0.0,0.0,0.0,15.239356144119105
149.98189735412598,149.8589060306549,3.931094722675261,3.297763755977262,0.9124032817942663,0.08275577207377244,-0.051110226902128686,0.33818755801186173,1.0000000000000004,0.04505928819189681,-0.018207148844942053,0.1691320990713353,0.9843944805525389,0.0,0.0,0.0,0.0,0.0,0.0,0.0,0.0,0.0,0.0,0.0,0.0,0.0,0.0,0.0,0.0,0.0,0.0,0.0,0.0,0.0,0.0,0.0,0.0,0.0,0.0,0.0,0.0,0.0,0.0,0.0,0.0,0.0,0.0,0.0,0.0,19.376719757915367
150.0564329624176,149.9548647403717,3.903880234204442,3.320639722155153,0.9236997423246515,0.0804512017969669,-0.04620206824814268,0.4008104320409794,1.0000000000000007,0.04399389225904186,-0.014615092267822514,0.19976267726738556,0.978747060937028,0.0,0.0,0.0,0.0,0.0,0.0,0.0,0.0,0.0,0.0,0.0,0.0,0.0,0.0,0.0,0.0,0.0,0.0,0.0,0.0,0.0,0.0,0.0,0.0,0.0,0.0,0.0,0.0,0.0,0.0,0.0,0.0,0.0,0.0,0.0,0.0,22.96474614076322
150.15821361541748,150.05711460113525,3.871505831920505,3.3419201128725455,0.939486845871877,0.05733398743670094,-0.021209185160878653,0.44390864902966826,1.0000000000000004,0.030291818545217054,-0.0040305778629077865,0.22033010333996658,0.9749465655786042,0.0,0.0,0.0,0.0,0.0,0.0,0.0,0.0,0.0,0.0,0.0,0.0,0.0,0.0,0.0,0.0,0.0,0.0,0.0,0.0,0.0,0.0,0.0,0.0,0.0,0.0,0.0,0.0,0.0,0.0,0.0,0.0,0.0,0.0,0.0,0.0,25.43409207875412
150.25835013389587,150.16168928146362,3.840300476810815,3.369200553377426,0.95373013128263,0.0225907830081591,0.015764612724375245,0.4906871941135761,1.0000000000000004,0.009042176849710534,0.010389085375269535,0.24278024258236994,0.9699835358162171,0.0,0.0,0.0,0.0,0.0,0.0,0.0,0.0,0.0,0.0,0.0,0.0,0.0,0.0,0.0,0.0,0.0,0.0,0.0,0.0,0.0,0.0,0.0,0.0,0.0,0.0,0.0,0.0,0.0,0.0,0.0,0.0,0.0,0.0,0.0,0.0,28.114305283824482
150.33873009681702,150.25747418403625,3.8221661135150353,3.3914231197685085,0.9670076834496498,0.019911637116199157,0.04188158535565826,0.5385722697277917,1.0000000000000002,0.004024283032866104,0.02283168812572211,0.2657709031156071,0.9637574104620501,0.0,0.0,0.0,0.0,0.0,0.0,0.0,0.0,0.0,0.0,0.0,0.0,0.0,0.0,0.0,0.0,0.0,0.0,0.0,0.0,0.0,0.0,0.0,0.0,0.0,0.0,0.0,0.0,0.0,0.0,0.0,0.0,0.0,0.0,0.0,0.0,30.857918018183856
150.47294998168945,150.35719871520996,3.799344525280932,3.4153443811491253,0.9755822092687447,0.04014341565995654,0.0387289550292279,0.6022379976877176,1.0000000000000002,0.01342192868367858,0.024439829053095215,0.2961025634192388,0.9547490866834185,0.0,0.0,0.0,0.0,0.0,0.0,0.0,0.0,0.0,0.0,0.0,0.0,0.0,0.0,0.0,0.0,0.0,0.0,0.0,0.0,0.0,0.0,0.0,0.0,0.0,0.0,0.0,0.0,0.0,0.0,0.0,0.0,0.0,0.0,0.0,0.0,34.50569552991565
150.54902577400208,150.45729112625122,3.7681346143310934,3.443417663848945,0.9839061385031952,0.07880746849982742,-0.0036180002201982465,0.646193043682949,1.0000000000000002,0.03792904901761995,0.01079353613969309,0.3173249770474489,0.9474965676771904,0.0,0.0,0.0,0.0,0.0,0.0,0.0,0.0,0.0,0.0,0.0,0.0,0.0,0.0,0.0,0.0,0.0,0.0,0.0,0.0,0.0,0.0,0.0,0.0,0.0,0.0,0.0,0.0,0.0,0.0,0.0,0.0,0.0,0.0,0.0,0.0,37.02413415374582
150.62950921058655,150.55880761146545,3.7412994443939134,3.4643721869996984,0.9995337060111382,0.12285841850880637,-0.06401129892653187,0.6726414547831925,1.0000000000000002,0.06846217274089951,-0.009900896950312002,0.3310794753300375,0.941063910772463,0.0,0.0,0.0,0.0,0.0,0.0,0.0,0.0,0.0,0.0,0.0,0.0,0.0,0.0,0.0,0.0,0.0,0.0,0.0,0.0,0.0,0.0,0.0,0.0,0.0,0.0,0.0,0.0,0.0,0.0,0.0,0.0,0.0,0.0,0.0,0.0,38.539516484616726
150.76307034492493,150.65775203704834,3.718427554375076,3.48314293650909,1.0169648900051942,0.14343920547187783,-0.09204958961639081,0.7046198630820694,1.0000000000000002,0.08302074457680642,-0.018370948295211124,0.34690961280294613,0.9340362866471291,0.0,0.0,0.0,0.0,0.0,0.0,0.0,0.0,0.0,0.0,0.0,0.0,0.0,0.0,0.0,0.0,0.0,0.0,0.0,0.0,0.0,0.0,0.0,0.0,0.0,0.0,0.0,0.0,0.0,0.0,0.0,0.0,0.0,0.0,0.0,0.0,40.3717443156885
150.86632585525513,150.75825428962708,3.692434629213276,3.4984964725236622,1.0320051814160252,0.09977308691200468,-0.05977628260418117,0.742523548921352,1.0000000000000002,0.057275818717067904,-0.009730250960366253,0.36356701378792106,0.9297547145843746,0.0,0.0,0.0,0.0,0.0,0.0,0.0,0.0,0.0,0.0,0.0,0.0,0.0,0.0,0.0,0.0,0.0,0.0,0.0,0.0,0.0,0.0,0.0,0.0,0.0,0.0,0.0,0.0,0.0,0.0,0.0,0.0,0.0,0.0,0.0,0.0,42.543465542269175
150.93608856201172,150.85804200172424,3.666790489602338,3.515414121671565,1.0445533916543925,0.033883506210219225,0.018812154219244048,0.7961121927283125,1.0,0.011970271433340847,0.015235781431882093,0.38740749407107,0.9217049512200454,0.0,0.0,0.0,0.0,0.0,0.0,0.0,0.0,0.0,0.0,0.0,0.0,0.0,0.0,0.0,0.0,0.0,0.0,0.0,0.0,0.0,0.0,0.0,0.0,0.0,0.0,0.0,0.0,0.0,0.0,0.0,0.0,0.0,0.0,0.0,0.0,45.61386866223789
151.04574489593506,150.95723032951355,3.637328509101032,3.5280822763883863,1.0479572276747342,0.038270991069767814,0.07531971915902334,0.8940812905944276,1.0,0.0009682829718127861,0.04221068062313249,0.4312636518928775,0.9012374733805943,0.0,0.0,0.0,0.0,0.0,0.0,0.0,0.0,0.0,0.0,0.0,0.0,0.0,0.0,0.0,0.0,0.0,0.0,0.0,0.0,0.0,0.0,0.0,0.0,0.0,0.0,0.0,0.0,0.0,0.0,0.0,0.0,0.0,0.0,0.0,0.0,51.22708449267041
151.1758873462677,151.05684328079224,3.609947541854419,3.5342064298592226,1.0481701461111084,0.08795122098207106,0.06950093572988376,1.0004517349352124,1.0,0.021904055821288147,0.0515292503656612,0.47753054013515556,0.87682924901805,0.0,0.0,0.0,0.0,0.0,0.0,0.0,0.0,0.0,0.0,0.0,0.0,0.0,0.0,0.0,0.0,0.0,0.0,0.0,0.0,0.0,0.0,0.0,0.0,0.0,0.0,0.0,0.0,0.0,0.0,0.0,0.0,0.0,0.0,0.0,0.0,57.32166201832861
151.2662010192871,151.15575337409973,3.5904940404341614,3.5392756969565937,1.047529057533502,0.13215557930914842,0.013753080105147872,1.0905210658773852,0.9999999999999999,0.052894912508776544,0.04011140936955994,0.517108562643478,0.8533416300110246,0.0,0.0,0.0,0.0,0.0,0.0,0.0,0.0,0.0,0.0,0.0,0.0,0.0,0.0,0.0,0.0,0.0,0.0,0.0,0.0,0.0,0.0,0.0,0.0,0.0,0.0,0.0,0.0,0.0,0.0,0.0,0.0,0.0,0.0,0.0,0.0,62.48225454488218
151.35741448402405,151.25815176963806,3.564594743533775,3.5382187737946036,1.0503021802441073,0.15037082446605696,-0.04519913582223008,1.1738486748545987,0.9999999999999997,0.07500732354702057,0.022825319221329597,0.553510486931817,0.8291435624023498,0.0,0.0,0.0,0.0,0.0,0.0,0.0,0.0,0.0,0.0,0.0,0.0,0.0,0.0,0.0,0.0,0.0,0.0,0.0,0.0,0.0,0.0,0.0,0.0,0.0,0.0,0.0,0.0,0.0,0.0,0.0,0.0,0.0,0.0,0.0,0.0,67.25657485619294
151.43072533607483,151.35779213905334,3.542475590631036,3.5351715583746812,1.0514569980449557,0.11724059164168035,-0.058122843966179054,1.2768478728660275,0.9999999999999996,0.06431379277403429,0.011604876479062397,0.5960227958202741,0.8003036234851791,0.0,0.0,0.0,0.0,0.0,0.0,0.0,0.0,0.0,0.0,0.0,0.0,0.0,0.0,0.0,0.0,0.0,0.0,0.0,0.0,0.0,0.0,0.0,0.0,0.0,0.0,0.0,0.0,0.0,0.0,0.0,0.0,0.0,0.0,0.0,0.0,73.15799419548009
151.5787045955658,151.45832753181458,3.5131465467206793,3.530358481952349,1.052576534257187,0.04790312438158421,-0.009243527729621495,1.4058316956258585,0.9999999999999993,0.021259002528133796,0.011956525209079744,0.6463372401988212,0.7626619619783088,0.0,0.0,0.0,0.0,0.0,0.0,0.0,0.0,0.0,0.0,0.0,0.0,0.0,0.0,0.0,0.0,0.0,0.0,0.0,0.0,0.0,0.0,0.0,0.0,0.0,0.0,0.0,0.0,0.0,0.0,0.0,0.0,0.0,0.0,0.0,0.0,80.54822286508185
151.6505832672119,151.5553412437439,3.4841388683162893,3.519455110052883,1.0489619558062817,0.037698990489289645,0.07929952341619517,1.6047528193287797,0.9999999999999991,-0.015406703940682448,0.041085987585397096,0.7177977294480355,0.6948676094746823,0.0,0.0,0.0,0.0,0.0,0.0,0.0,0.0,0.0,0.0,0.0,0.0,0.0,0.0,0.0,0.0,0.0,0.0,0.0,0.0,0.0,0.0,0.0,0.0,0.0,0.0,0.0,0.0,0.0,0.0,0.0,0.0,0.0,0.0,0.0,0.0,91.94556370925899
151.72803020477295,151.65923500061035,3.457880187863881,3.5060430692062026,1.044495669275759,0.12324123745945319,0.12910995997275732,1.8796067221427364,0.9999999999999981,-0.015735139910442612,0.08760535633315214,0.8018873097511799,0.5908083017136369,0.0,0.0,0.0,0.0,0.0,0.0,0.0,0.0,0.0,0.0,0.0,0.0,0.0,0.0,0.0,0.0,0.0,0.0,0.0,0.0,0.0,0.0,0.0,0.0,0.0,0.0,0.0,0.0,0.0,0.0,0.0,0.0,0.0,0.0,0.0,0.0,107.69353232319762
151.8781397342682,151.75807166099548,3.428586353546396,3.489107244417572,1.0361996766522101,0.21529791567366224,0.08482203941431812,2.179299747174131,0.9999999999999997,0.012311554246730654,0.11466535853900649,0.878432889343996,0.46374124261478955,0.0,0.0,0.0,0.0,0.0,0.0,0.0,0.0,0.0,0.0,0.0,0.0,0.0,0.0,0.0,0.0,0.0,0.0,0.0,0.0,0.0,0.0,0.0,0.0,0.0,0.0,0.0,0.0,0.0,0.0,0.0,0.0,0.0,0.0,0.0,0.0,124.86467780700505
151.9714162349701,151.8584268093109,3.4071915313959704,3.4861014854395784,1.0239714086326033,0.23697954237005014,-0.03812184145607015,2.4458581760647613,0.9999999999999999,0.05808311636488693,0.104660004288145,0.9341086729831768,0.3363236865779107,0.0,0.0,0.0,0.0,0.0,0.0,0.0,0.0,0.0,0.0,0.0,0.0,0.0,0.0,0.0,0.0,0.0,0.0,0.0,0.0,0.0,0.0,0.0,0.0,0.0,0.0,0.0,0.0,0.0,0.0,0.0,0.0,0.0,0.0,0.0,0.0,140.13735077607626
152.0309615135193,151.95930314064026,3.4048478137806155,3.490681623416897,1.0078822190843393,0.19502712050748433,-0.2025109480332507,2.685070756507869,1.0,0.11991080046353762,0.0715833089067018,0.9666954621734527,0.2144693759757229,0.0,0.0,0.0,0.0,0.0,0.0,0.0,0.0,0.0,0.0,0.0,0.0,0.0,0.0,0.0,0.0,0.0,0.0,0.0,0.0,0.0,0.0,0.0,0.0,0.0,0.0,0.0,0.0,0.0,0.0,0.0,0.0,0.0,0.0,0.0,0.0,153.84322204190002
152.16378545761108,152.0594322681427,3.4150518367375255,3.514835372017658,0.9854548017373688,0.12835801916691067,-0.29803609004168474,2.9154909952036276,0.9999999999999999,0.15437058493648534,0.046305188267852744,0.9816558643439537,0.10186911232052201,0.0,0.0,0.0,0.0,0.0,0.0,0.0,0.0,0.0,0.0,0.0,0.0,0.0,0.0,0.0,0.0,0.0,0.0,0.0,0.0,0.0,0.0,0.0,0.0,0.0,0.0,0.0,0.0,0.0,0.0,0.0,0.0,0.0,0.0,0.0,0.0,167.045329233564
152.23469138145447,152.15931749343872,3.4250433306059036,3.5315187821413816,0.9546841228698569,0.015357288707934942,-0.2553534083238529,3.1332249947290713,1.0,0.1273570992867793,0.0070832915540269565,0.9918265650127208,0.0031719358576809994,0.0,0.0,0.0,0.0,0.0,0.0,0.0,0.0,0.0,0.0,0.0,0.0,0.0,0.0,0.0,0.0,0.0,0.0,0.0,0.0,0.0,0.0,0.0,0.0,0.0,0.0,0.0,0.0,0.0,0.0,0.0,0.0,0.0,0.0,0.0,0.0,179.5205684628754
152.3350646495819,152.25926327705383,3.438344450070512,3.5501967984497997,0.9161787550703744,0.023192928044689736,-0.1142262045929676,-2.9027742439649353,0.9999999999999997,0.05529262355124175,0.018294336075158603,0.9911147845495866,-0.11958062926584609,0.0,0.0,0.0,0.0,0.0,0.0,0.0,0.0,0.0,0.0,0.0,0.0,0.0,0.0,0.0,0.0,0.0,0.0,0.0,0.0,0.0,0.0,0.0,0.0,0.0,0.0,0.0,0.0,0.0,0.0,0.0,0.0,0.0,0.0,0.0,0.0,193.68328694153084
152.4391098022461,152.3582682609558,3.4412769179255545,3.5919421322362326,0.8845459298869456,0.2199929497434563,-0.11895018456714711,-2.623404525751692,0.9999999999999997,0.02903371826958291,0.12105996579620475,0.9574101631720345,-0.26051354540553495,0.0,0.0,0.0,0.0,0.0,0.0,0.0,0.0,0.0,0.0,0.0,0.0,0.0,0.0,0.0,0.0,0.0,0.0,0.0,0.0,0.0,0.0,0.0,0.0,0.0,0.0,0.0,0.0,0.0,0.0,0.0,0.0,0.0,0.0,0.0,0.0,209.68999271890877
152.53545498847961,152.45831990242004,3.4220350839500218,3.6540601137130433,0.8663885146072182,0.2936074946340249,-0.17210378749952482,-2.2935041768907443,0.9999999999999994,0.01752818264279339,0.1678102838504866,0.8931198392924566,-0.4169765270485562,0.0,0.0,0.0,0.0,0.0,0.0,0.0,0.0,0.0,0.0,0.0,0.0,0.0,0.0,0.0,0.0,0.0,0.0,0.0,0.0,0.0,0.0,0.0,0.0,0.0,0.0,0.0,0.0,0.0,0.0,0.0,0.0,0.0,0.0,0.0,0.0,228.59189036853456
152.63143515586853,152.55825638771057,3.393072632445194,3.7226916250414934,0.8537860239474886,0.2076838520612358,-0.1357718469749531,-1.8781499574168057,0.999999999999998,0.006623312796954239,-0.12330092596525775,-0.7966639514810315,0.5916752164780339,0.0,0.0,0.0,0.0,0.0,0.0,0.0,0.0,0.0,0.0,0.0,0.0,0.0,0.0,0.0,0.0,0.0,0.0,0.0,0.0,0.0,0.0,0.0,0.0,0.0,0.0,0.0,0.0,0.0,0.0,0.0,0.0,0.0,0.0,0.0,0.0,252.38993414734173
152.75117564201355,152.65838479995728,3.3500355989587765,3.8022896810029483,0.8405858245497208,0.09974640983399596,-0.03687459713623381,-1.4403848217890722,0.999999999999999,0.02532259367822954,-0.04671452895355088,-0.657906430557248,0.7512227683353815,0.0,0.0,0.0,0.0,0.0,0.0,0.0,0.0,0.0,0.0,0.0,0.0,0.0,0.0,0.0,0.0,0.0,0.0,0.0,0.0,0.0,0.0,0.0,0.0,0.0,0.0,0.0,0.0,0.0,0.0,0.0,0.0,0.0,0.0,0.0,0.0,277.47202883678295
152.84015440940857,152.75837111473083,3.292476030997593,3.8716280052468988,0.8315746244458535,0.06242412361618634,0.1415442411208739,-1.0255296006008063,0.9999999999999994,0.06179953925856213,0.046317278808197325,-0.4910448415700581,0.8677041490039497,0.0,0.0,0.0,0.0,0.0,0.0,0.0,0.0,0.0,0.0,0.0,0.0,0.0,0.0,0.0,0.0,0.0,0.0,0.0,0.0,0.0,0.0,0.0,0.0,0.0,0.0,0.0,0.0,0.0,0.0,0.0,0.0,0.0,0.0,0.0,0.0,301.24148211983686
152.98520374298096,152.85837411880493,3.2379304353873533,3.931281378357015,0.8284968382049128,0.061131450456395495,0.23170196644473076,-0.6850163627436238,0.9999999999999993,0.06739639906059257,0.0986319016250317,-0.33677094903936394,0.9339779447388575,0.0,0.0,0.0,0.0,0.0,0.0,0.0,0.0,0.0,0.0,0.0,0.0,0.0,0.0,0.0,0.0,0.0,0.0,0.0,0.0,0.0,0.0,0.0,0.0,0.0,0.0,0.0,0.0,0.0,0.0,0.0,0.0,0.0,0.0,0.0,0.0,320.75145351738774
153.04971837997437,152.9582805633545,3.1723335919741804,3.970178627947963,0.8289763459676375,0.07382722073732115,0.2140552389960234,-0.4359550201519986,0.9999999999999994,0.05891116301480055,0.09628928465249563,-0.2187206008063817,0.9692363732940735,0.0,0.0,0.0,0.0,0.0,0.0,0.0,0.0,0.0,0.0,0.0,0.0,0.0,0.0,0.0,0.0,0.0,0.0,0.0,0.0,0.0,0.0,0.0,0.0,0.0,0.0,0.0,0.0,0.0,0.0,0.0,0.0,0.0,0.0,0.0,0.0,335.0216172877497
153.18328046798706,153.05840015411377,3.1245372686860433,3.9820700575937713,0.8195253696722818,0.08004352882982745,0.1525021993720616,-0.2805080666105651,0.9999999999999996,0.05014371661599059,0.06979172599052676,-0.14229484268065148,0.9860866596875176,0.0,0.0,0.0,0.0,0.0,0.0,0.0,0.0,0.0,0.0,0.0,0.0,0.0,0.0,0.0,0.0,0.0,0.0,0.0,0.0,0.0,0.0,0.0,0.0,0.0,0.0,0.0,0.0,0.0,0.0,0.0,0.0,0.0,0.0,0.0,0.0,343.92807166384006
153.24976587295532,153.15836668014526,3.0837002355760106,3.975019458174414,0.805806967690877,0.07945458829260751,0.05313062168250499,-0.15590938367347057,0.9999999999999994,0.04164917509730875,0.02336873607810932,-0.07883862223675611,0.9957427981319446,0.0,0.0,0.0,0.0,0.0,0.0,0.0,0.0,0.0,0.0,0.0,0.0,0.0,0.0,0.0,0.0,0.0,0.0,0.0,0.0,0.0,0.0,0.0,0.0,0.0,0.0,0.0,0.0,0.0,0.0,0.0,0.0,0.0,0.0,0.0,0.0,351.0670503290243
153.3883273601532,153.2582733631134,3.0442056147736603,3.9475230759187965,0.7991185388770758,0.08403138917100555,-0.03867055766635379,-0.06865823269833005,0.9999999999999997,0.04130773369295781,-0.020747014547831483,-0.03347405650456894,0.9983700316343795,0.0,0.0,0.0,0.0,0.0,0.0,0.0,0.0,0.0,0.0,0.0,0.0,0.0,0.0,0.0,0.0,0.0,0.0,0.0,0.0,0.0,0.0,0.0,0.0,0.0,0.0,0.0,0.0,0.0,0.0,0.0,0.0,0.0,0.0,0.0,0.0,356.0661730375586
153.4592626094818,153.3593921661377,3.008269196773352,3.922064699797244,0.7950974047156213,0.03677936567111287,-0.0315714033739817,-0.012502133547201909,0.9999999999999996,0.018287339996691805,-0.01589700230352209,-0.005958930452487021,0.9996886263539607,0.0,0.0,0.0,0.0,0.0,0.0,0.0,0.0,0.0,0.0,0.0,0.0,0.0,0.0,0.0,0.0,0.0,0.0,0.0,0.0,0.0,0.0,0.0,0.0,0.0,0.0,0.0,0.0,0.0,0.0,0.0,0.0,0.0,0.0,0.0,0.0,359.2836805128364
153.5381441116333,153.45737051963806,2.980004879236698,3.873831932997642,0.7889164539080097,-0.03188738311209109,0.06159350578511146,0.02544139756760175,0.9999999999999994,-0.016325800838663456,0.030582775758912165,0.013203583781404541,0.9993116768201915,0.0,0.0,0.0,0.0,0.0,0.0,0.0,0.0,0.0,0.0,0.0,0.0,0.0,0.0,0.0,0.0,0.0,0.0,0.0,0.0,0.0,0.0,0.0,0.0,0.0,0.0,0.0,0.0,0.0,0.0,0.0,0.0,0.0,0.0,0.0,0.0,361.457684705538
153.63195085525513,153.55844855308533,2.9525881733944304,3.8303113486172027,0.7806844994407248,-0.07199817152080816,0.1320486938227328,0.03212838968091816,0.9999999999999996,-0.036967384042480095,0.06534824833742241,0.018392390017238018,0.9970078931210823,0.0,0.0,0.0,0.0,0.0,0.0,0.0,0.0,0.0,0.0,0.0,0.0,0.0,0.0,0.0,0.0,0.0,0.0,0.0,0.0,0.0,0.0,0.0,0.0,0.0,0.0,0.0,0.0,0.0,0.0,0.0,0.0,0.0,0.0,0.0,0.0,361.8408211312683
153.73522853851318,153.65834379196167,2.928993906463231,3.7821003920025653,0.7763183112316453,-0.05395275600349016,0.10799538804809443,0.0009402089178298149,0.9999999999999996,-0.02695915236130503,0.053939152556632196,0.0019250261482078336,0.9981783739391272,0.0,0.0,0.0,0.0,0.0,0.0,0.0,0.0,0.0,0.0,0.0,0.0,0.0,0.0,0.0,0.0,0.0,0.0,0.0,0.0,0.0,0.0,0.0,0.0,0.0,0.0,0.0,0.0,0.0,0.0,0.0,0.0,0.0,0.0,0.0,0.0,360.0538700028522
153.84523701667786,153.75840377807617,2.916286382281298,3.737267753202339,0.7728348112480617,-0.01845697045229751,0.0668951154949958,-0.04871800543085193,0.9999999999999996,-0.008405974447427342,0.033654622659410306,-0.024033417388182064,0.9991091536042929,0.0,0.0,0.0,0.0,0.0,0.0,0.0,0.0,0.0,0.0,0.0,0.0,0.0,0.0,0.0,0.0,0.0,0.0,0.0,0.0,0.0,0.0,0.0,0.0,0.0,0.0,0.0,0.0,0.0,0.0,0.0,0.0,0.0,0.0,0.0,0.0,357.2086639025167
153.92538499832153,153.85830807685852,2.905903137581223,3.696746559936468,0.7624433445184065,-0.020689928191714366,0.028677777755219062,-0.10643310080813119,0.9999999999999993,-0.009566433742849762,0.014867530108912074,-0.0530350041629201,0.9984361412866334,0.0,0.0,0.0,0.0,0.0,0.0,0.0,0.0,0.0,0.0,0.0,0.0,0.0,0.0,0.0,0.0,0.0,0.0,0.0,0.0,0.0,0.0,0.0,0.0,0.0,0.0,0.0,0.0,0.0,0.0,0.0,0.0,0.0,0.0,0.0,0.0,353.9018325232036
154.04197669029236,153.95828700065613,2.8981857052794635,3.660277804484889,0.7337130468188533,-0.03547824959054481,0.018446897072534815,-0.13894668431889323,0.9999999999999996,-0.01705449324554593,0.010430908888169273,-0.06924038527233561,0.9973996738756445,0.0,0.0,0.0,0.0,0.0,0.0,0.0,0.0,0.0,0.0,0.0,0.0,0.0,0.0,0.0,0.0,0.0,0.0,0.0,0.0,0.0,0.0,0.0,0.0,0.0,0.0,0.0,0.0,0.0,0.0,0.0,0.0,0.0,0.0,0.0,0.0,352.0389414111909
154.16125321388245,154.05829572677612,2.895355514777431,3.626956129085779,0.6860231357782846,-0.1399974876658373,0.06276327221563502,-0.14895229160387327,0.9999999999999996,-0.06738444756552578,0.036414486528211304,-0.07200011474322278,0.9944593027741947,0.0,0.0,0.0,0.0,0.0,0.0,0.0,0.0,0.0,0.0,0.0,0.0,0.0,0.0,0.0,0.0,0.0,0.0,0.0,0.0,0.0,0.0,0.0,0.0,0.0,0.0,0.0,0.0,0.0,0.0,0.0,0.0,0.0,0.0,0.0,0.0,351.4656623422961
154.26309156417847,154.15822172164917,2.892622778144404,3.601566972379068,0.6209258169072758,-0.21787504011869913,0.11369443262066299,-0.1377488372048442,0.9999999999999994,-0.10440226181630553,0.06381606761908198,-0.06213893559005306,0.9905384545412714,0.0,0.0,0.0,0.0,0.0,0.0,0.0,0.0,0.0,0.0,0.0,0.0,0.0,0.0,0.0,0.0,0.0,0.0,0.0,0.0,0.0,0.0,0.0,0.0,0.0,0.0,0.0,0.0,0.0,0.0,0.0,0.0,0.0,0.0,0.0,0.0,352.10757299532776
154.37842440605164,154.25838828086853,2.888071141656829,3.582311949242718,0.5471012927906787,-0.1784528667648631,0.09096102068124368,-0.11480467188546166,0.9999999999999994,-0.08627135023510304,0.05031630384450279,-0.0530388937123372,0.9935856276385091,0.0,0.0,0.0,0.0,0.0,0.0,0.0,0.0,0.0,0.0,0.0,0.0,0.0,0.0,0.0,0.0,0.0,0.0,0.0,0.0,0.0,0.0,0.0,0.0,0.0,0.0,0.0,0.0,0.0,0.0,0.0,0.0,0.0,0.0,0.0,0.0,353.4221768325788
154.46372961997986,154.35843133926392,2.8912752124345653,3.561162052313871,0.4751168473471922,-0.08063769486457029,0.009096647688532269,-0.10485907307436533,0.9999999999999993,-0.04001395778205348,0.006650702846055228,-0.05217930738024022,0.9978135954253112,0.0,0.0,0.0,0.0,0.0,0.0,0.0,0.0,0.0,0.0,0.0,0.0,0.0,0.0,0.0,0.0,0.0,0.0,0.0,0.0,0.0,0.0,0.0,0.0,0.0,0.0,0.0,0.0,0.0,0.0,0.0,0.0,0.0,0.0,0.0,0.0,353.992017669185
154.5221836566925,154.45828866958618,2.8877375832550305,3.5512189260980027,0.40385231296141016,0.00883677680426451,-0.06319890108458447,-0.12561139699059032,0.9999999999999993,0.0024244895615530082,-0.031808770391319505,-0.06259315115142164,0.9975291581730793,0.0,0.0,0.0,0.0,0.0,0.0,0.0,0.0,0.0,0.0,0.0,0.0,0.0,0.0,0.0,0.0,0.0,0.0,0.0,0.0,0.0,0.0,0.0,0.0,0.0,0.0,0.0,0.0,0.0,0.0,0.0,0.0,0.0,0.0,0.0,0.0,352.80299709369683
154.65570831298828,154.5583791732788,2.8899498972793003,3.530539689246237,0.33761577665283876,0.011935431979158927,-0.06586786566270121,-0.14146397927731102,0.9999999999999993,0.003622452073346393,-0.03326658477485182,-0.07043743137180997,0.9969547534568127,0.0,0.0,0.0,0.0,0.0,0.0,0.0,0.0,0.0,0.0,0.0,0.0,0.0,0.0,0.0,0.0,0.0,0.0,0.0,0.0,0.0,0.0,0.0,0.0,0.0,0.0,0.0,0.0,0.0,0.0,0.0,0.0,0.0,0.0,0.0,0.0,351.89471103428394
154.73729538917542,154.65746665000916,2.8842537179089858,3.5184620605839623,0.27085795140669555,-0.027407505177751132,-0.03170748488825404,-0.13939036407208766,0.9999999999999996,-0.014772223134084845,-0.014858943772053006,-0.06984019582442735,0.997338127347421,0.0,0.0,0.0,0.0,0.0,0.0,0.0,0.0,0.0,0.0,0.0,0.0,0.0,0.0,0.0,0.0,0.0,0.0,0.0,0.0,0.0,0.0,0.0,0.0,0.0,0.0,0.0,0.0,0.0,0.0,0.0,0.0,0.0,0.0,0.0,0.0,352.0135204338774
154.8572483062744,154.75847053527832,2.873625735887449,3.5078547779351488,0.20210349300038083,-0.05040143410275886,-0.0034754112116262797,-0.11665843616754985,0.9999999999999996,-0.0252564276068803,-0.0002652516321637952,-0.058321262198058325,0.9979782927908475,0.0,0.0,0.0,0.0,0.0,0.0,0.0,0.0,0.0,0.0,0.0,0.0,0.0,0.0,0.0,0.0,0.0,0.0,0.0,0.0,0.0,0.0,0.0,0.0,0.0,0.0,0.0,0.0,0.0,0.0,0.0,0.0,0.0,0.0,0.0,0.0,353.31596396300307
154.9562749862671,154.85660576820374,2.8621199708306913,3.501474365381023,0.13736855848575774,-0.04845763585315148,0.008679032054481822,-0.09097278270864342,0.9999999999999997,-0.024003899180528945,0.0054353249371810715,-0.04535191185421007,0.9986678497669411,0.0,0.0,0.0,0.0,0.0,0.0,0.0,0.0,0.0,0.0,0.0,0.0,0.0,0.0,0.0,0.0,0.0,0.0,0.0,0.0,0.0,0.0,0.0,0.0,0.0,0.0,0.0,0.0,0.0,0.0,0.0,0.0,0.0,0.0,0.0,0.0,354.787643500234
155.01531457901,154.95828557014465,2.8457061539040014,3.5013194247814194,0.07994308520615925,-0.052417597683953814,-0.009041058520173131,-0.07834707635186904,0.9999999999999998,-0.026362404655255075,-0.0034891936775987005,-0.0392680426904805,0.9988748019504401,0.0,0.0,0.0,0.0,0.0,0.0,0.0,0.0,0.0,0.0,0.0,0.0,0.0,0.0,0.0,0.0,0.0,0.0,0.0,0.0,0.0,0.0,0.0,0.0,0.0,0.0,0.0,0.0,0.0,0.0,0.0,0.0,0.0,0.0,0.0,0.0,355.5110431878487
155.191143989563,155.05848169326782,2.8282783857659766,3.499404139129541,0.03499423857151971,-0.05699079486796179,-0.011149672873311419,-0.09260567947645379,0.9999999999999999,-0.028718494640563322,-0.004247824377150665,-0.04642545130251844,0.9984998154857107,0.0,0.0,0.0,0.0,0.0,0.0,0.0,0.0,0.0,0.0,0.0,0.0,0.0,0.0,0.0,0.0,0.0,0.0,0.0,0.0,0.0,0.0,0.0,0.0,0.0,0.0,0.0,0.0,0.0,0.0,0.0,0.0,0.0,0.0,0.0,0.0,354.6940854070579
155.2562141418457,155.1583971977234,2.8164657057333806,3.5003571489483813,-0.0020400568569798184,-0.02710882772009883,-0.011513052825434694,-0.11057747258269024,0.9999999999999998,-0.013851141604014853,-0.004998181201705139,-0.055332484986064176,0.998359394289555,0.0,0.0,0.0,0.0,0.0,0.0,0.0,0.0,0.0,0.0,0.0,0.0,0.0,0.0,0.0,0.0,0.0,0.0,0.0,0.0,0.0,0.0,0.0,0.0,0.0,0.0,0.0,0.0,0.0,0.0,0.0,0.0,0.0,0.0,0.0,0.0,353.66437751178825
155.3390393257141,155.2583782672882,2.798478451649603,3.5079953213361805,-0.00411931290698376,-0.003613481358632854,-0.024675706804612996,-0.10466871552926786,0.9999999999999999,-0.0024495102118814974,-0.012226124370533347,-0.05232866486927928,0.9985520680543387,0.0,0.0,0.0,0.0,0.0,0.0,0.0,0.0,0.0,0.0,0.0,0.0,0.0,0.0,0.0,0.0,0.0,0.0,0.0,0.0,0.0,0.0,0.0,0.0,0.0,0.0,0.0,0.0,0.0,0.0,0.0,0.0,0.0,0.0,0.0,0.0,354.0029243531175
155.43617010116577,155.35845923423767,2.7858075124506247,3.523893974107338,0.0018933258417484066,-0.03978410012020471,-0.012531141198906352,-0.13708147541788832,1.0,-0.020272668285519567,-0.0048873495595546015,-0.0685965246671498,0.997426513352466,0.0,0.0,0.0,0.0,0.0,0.0,0.0,0.0,0.0,0.0,0.0,0.0,0.0,0.0,0.0,0.0,0.0,0.0,0.0,0.0,0.0,0.0,0.0,0.0,0.0,0.0,0.0,0.0,0.0,0.0,0.0,0.0,0.0,0.0,0.0,0.0,352.14581000912864
155.5442123413086,155.4583387374878,2.7736122165193544,3.5448429579974396,0.007847193266767175,-0.07959228188848258,-0.02088678298173084,-0.16291320680959437,0.9999999999999998,-0.04050061009454026,-0.007163289788126477,-0.08171180872785692,0.9958069934358782,0.0,0.0,0.0,0.0,0.0,0.0,0.0,0.0,0.0,0.0,0.0,0.0,0.0,0.0,0.0,0.0,0.0,0.0,0.0,0.0,0.0,0.0,0.0,0.0,0.0,0.0,0.0,0.0,0.0,0.0,0.0,0.0,0.0,0.0,0.0,0.0,350.6657608228683
155.659184217453,155.55847334861755,2.765722766671643,3.561457979313968,0.005940518099592813,-0.07018694363685951,-0.01820192123930437,-0.2018248755421442,0.9999999999999999,-0.035822592597253324,-0.005514472574149181,-0.10099274708635726,0.994226733440512,0.0,0.0,0.0,0.0,0.0,0.0,0.0,0.0,0.0,0.0,0.0,0.0,0.0,0.0,0.0,0.0,0.0,0.0,0.0,0.0,0.0,0.0,0.0,0.0,0.0,0.0,0.0,0.0,0.0,0.0,0.0,0.0,0.0,0.0,0.0,0.0,348.43628643068206
155.74014377593994,155.659850358963,2.761981591193428,3.576145806336192,0.00495433811616255,-0.05681702577987747,-0.015612973364906652,-0.2491952472969844,0.9999999999999998,-0.029153386540352103,-0.004212865429297323,-0.12444157635094177,0.991789607675638,0.0,0.0,0.0,0.0,0.0,0.0,0.0,0.0,0.0,0.0,0.0,0.0,0.0,0.0,0.0,0.0,0.0,0.0,0.0,0.0,0.0,0.0,0.0,0.0,0.0,0.0,0.0,0.0,0.0,0.0,0.0,0.0,0.0,0.0,0.0,0.0,345.722164055164
155.83012866973877,155.75840091705322,2.7643251276754226,3.5820552178402885,0.0050216833260281705,-0.055394620106173735,-0.01721516330036792,-0.26553709390067526,1.0,-0.02858803504571464,-0.004862517489151594,-0.1325594280530206,0.9907507649303879,0.0,0.0,0.0,0.0,0.0,0.0,0.0,0.0,0.0,0.0,0.0,0.0,0.0,0.0,0.0,0.0,0.0,0.0,0.0,0.0,0.0,0.0,0.0,0.0,0.0,0.0,0.0,0.0,0.0,0.0,0.0,0.0,0.0,0.0,0.0,0.0,344.7858452153223
155.97263765335083,155.8584921360016,2.764898723396363,3.5815599059704963,0.0059677961004620875,-0.054135992007931504,-0.019387816906481805,-0.2773772752452502,1.0,-0.02814317714429504,-0.005855793772855947,-0.13844716817353037,0.9899525508246568,0.0,0.0,0.0,0.0,0.0,0.0,0.0,0.0,0.0,0.0,0.0,0.0,0.0,0.0,0.0,0.0,0.0,0.0,0.0,0.0,0.0,0.0,0.0,0.0,0.0,0.0,0.0,0.0,0.0,0.0,0.0,0.0,0.0,0.0,0.0,0.0,344.1074527956086
156.0332522392273,155.95838713645935,2.7650323894141944,3.57939317674785,0.0048068823924051944,-0.05050897431018122,-0.020955692518461484,-0.27052471937569234,1.0,-0.026432243041891037,-0.0069736152035557095,-0.13506204133400762,0.9904599690090751,0.0,0.0,0.0,0.0,0.0,0.0,0.0,0.0,0.0,0.0,0.0,0.0,0.0,0.0,0.0,0.0,0.0,0.0,0.0,0.0,0.0,0.0,0.0,0.0,0.0,0.0,0.0,0.0,0.0,0.0,0.0,0.0,0.0,0.0,0.0,0.0,344.50007532581185
156.12511253356934,156.0584201812744,2.7653448925279234,3.5767418582706236,0.0021112857383273494,-0.04100274890850992,-0.022232495248228932,-0.26437518197703597,1.0,-0.021784656313395497,-0.008314940542001666,-0.13199301268970182,0.9909763544677475,0.0,0.0,0.0,0.0,0.0,0.0,0.0,0.0,0.0,0.0,0.0,0.0,0.0,0.0,0.0,0.0,0.0,0.0,0.0,0.0,0.0,0.0,0.0,0.0,0.0,0.0,0.0,0.0,0.0,0.0,0.0,0.0,0.0,0.0,0.0,0.0,344.8524178647127
156.2266662120819,156.15556263923645,2.765871480953989,3.5702961395891846,0.0010973929049644942,-0.028882086110207806,-0.02236172681397424,-0.2627265109083021,1.0,-0.015779581002975402,-0.009191757924982483,-0.13112399287187174,0.9911977678056769,0.0,0.0,0.0,0.0,0.0,0.0,0.0,0.0,0.0,0.0,0.0,0.0,0.0,0.0,0.0,0.0,0.0,0.0,0.0,0.0,0.0,0.0,0.0,0.0,0.0,0.0,0.0,0.0,0.0,0.0,0.0,0.0,0.0,0.0,0.0,0.0,344.9468797587565
156.34198904037476,156.25848174095154,2.765132179225193,3.5643131180563064,0.0005871877439409446,-0.02049245310411749,-0.022433209645062867,-0.2594070918097014,1.0000000000000002,-0.011609995393572171,-0.009796429165880952,-0.12943921735600136,0.9914709915034455,0.0,0.0,0.0,0.0,0.0,0.0,0.0,0.0,0.0,0.0,0.0,0.0,0.0,0.0,0.0,0.0,0.0,0.0,0.0,0.0,0.0,0.0,0.0,0.0,0.0,0.0,0.0,0.0,0.0,0.0,0.0,0.0,0.0,0.0,0.0,0.0,345.1370684635414
156.41313409805298,156.35680103302002,2.7648040182882565,3.5548546353745882,-0.0007918989088138568,-0.009835177753587377,-0.022359759462724824,-0.2577138241897376,1.0000000000000002,-0.006313068962480564,-0.010454955965926332,-0.12854555247448418,0.9916283981386654,0.0,0.0,0.0,0.0,0.0,0.0,0.0,0.0,0.0,0.0,0.0,0.0,0.0,0.0,0.0,0.0,0.0,0.0,0.0,0.0,0.0,0.0,0.0,0.0,0.0,0.0,0.0,0.0,0.0,0.0,0.0,0.0,0.0,0.0,0.0,0.0,345.23408555175155
156.5297794342041,156.4577980041504,2.762201218683807,3.5473355528509076,-0.0036735107628681546,0.00014023323096227589,-0.021702453184785715,-0.25422934413669795,1.0000000000000002,-0.0013060646818197138,-0.010772353839464371,-0.12676440713350268,0.9918734978170837,0.0,0.0,0.0,0.0,0.0,0.0,0.0,0.0,0.0,0.0,0.0,0.0,0.0,0.0,0.0,0.0,0.0,0.0,0.0,0.0,0.0,0.0,0.0,0.0,0.0,0.0,0.0,0.0,0.0,0.0,0.0,0.0,0.0,0.0,0.0,0.0,345.4337315525882
156.6334729194641,156.5576455593109,2.7603262366411205,3.541698418315658,-0.0032245682333142188,0.005860851364774785,-0.026519927319222085,-0.2527078711112292,1.0000000000000002,0.0012358666430343094,-0.01352306605890506,-0.12596782448806565,0.9919413825986652,0.0,0.0,0.0,0.0,0.0,0.0,0.0,0.0,0.0,0.0,0.0,0.0,0.0,0.0,0.0,0.0,0.0,0.0,0.0,0.0,0.0,0.0,0.0,0.0,0.0,0.0,0.0,0.0,0.0,0.0,0.0,0.0,0.0,0.0,0.0,0.0,345.5209055355906
156.73043394088745,156.65790557861328,2.7604337513315325,3.5345804477433793,-0.0026158438593311085,0.0053592579509522155,-0.025586433793809798,-0.2534061315982899,1.0000000000000002,0.0010413717198952206,-0.013028854854523394,-0.12631953007739752,0.9919034936964113,0.0,0.0,0.0,0.0,0.0,0.0,0.0,0.0,0.0,0.0,0.0,0.0,0.0,0.0,0.0,0.0,0.0,0.0,0.0,0.0,0.0,0.0,0.0,0.0,0.0,0.0,0.0,0.0,0.0,0.0,0.0,0.0,0.0,0.0,0.0,0.0,345.4808981566813
156.82316660881042,156.7576904296875,2.758619441531352,3.5339319223111936,-0.003630270120087247,0.006765307697809649,-0.02569777024143278,-0.2510534411057081,1.0000000000000002,0.0017471626252309796,-0.013170828068093205,-0.125143156155978,0.9920497301940476,0.0,0.0,0.0,0.0,0.0,0.0,0.0,0.0,0.0,0.0,0.0,0.0,0.0,0.0,0.0,0.0,0.0,0.0,0.0,0.0,0.0,0.0,0.0,0.0,0.0,0.0,0.0,0.0,0.0,0.0,0.0,0.0,0.0,0.0,0.0,0.0,345.61569739240673
156.9838798046112,156.85681772232056,2.7569867660418286,3.5306835990220997,-0.0024268231030477303,0.007010585748169736,-0.025317165014982906,-0.2506592486887643,1.0000000000000002,0.0018952200575177208,-0.012997014409993873,-0.12494697348814676,0.9920764786917956,0.0,0.0,0.0,0.0,0.0,0.0,0.0,0.0,0.0,0.0,0.0,0.0,0.0,0.0,0.0,0.0,0.0,0.0,0.0,0.0,0.0,0.0,0.0,0.0,0.0,0.0,0.0,0.0,0.0,0.0,0.0,0.0,0.0,0.0,0.0,0.0,345.6382829542137
157.05012035369873,156.95620703697205,2.7568573506918463,3.5270636679674254,-0.003490248255940769,0.0051206263781721755,-0.025306770365199637,-0.2502647777776333,1.0000000000000002,0.0009609161675354514,-0.01287359088765883,-0.12476354567233613,0.9921025173685649,0.0,0.0,0.0,0.0,0.0,0.0,0.0,0.0,0.0,0.0,0.0,0.0,0.0,0.0,0.0,0.0,0.0,0.0,0.0,0.0,0.0,0.0,0.0,0.0,0.0,0.0,0.0,0.0,0.0,0.0,0.0,0.0,0.0,0.0,0.0,0.0,345.6608844725622
157.1525559425354,157.05832171440125,2.755396980594119,3.5242929969187142,-0.0025483425424594735,0.0069813501387868794,-0.025434765605133493,-0.25160701651863054,1.0000000000000002,0.00186717992420115,-0.013054407969702687,-0.12541698129430412,0.9920164700622244,0.0,0.0,0.0,0.0,0.0,0.0,0.0,0.0,0.0,0.0,0.0,0.0,0.0,0.0,0.0,0.0,0.0,0.0,0.0,0.0,0.0,0.0,0.0,0.0,0.0,0.0,0.0,0.0,0.0,0.0,0.0,0.0,0.0,0.0,0.0,0.0,345.58397985760405
157.21342158317566,157.15867161750793,2.7542775761634473,3.523276925054641,-0.0032493127997406976,0.006770564363427789,-0.025460375937067688,-0.2509040476692843,1.0000000000000004,0.0017656094678457114,-0.013053272860079377,-0.12506960690349142,0.99206052643972,0.0,0.0,0.0,0.0,0.0,0.0,0.0,0.0,0.0,0.0,0.0,0.0,0.0,0.0,0.0,0.0,0.0,0.0,0.0,0.0,0.0,0.0,0.0,0.0,0.0,0.0,0.0,0.0,0.0,0.0,0.0,0.0,0.0,0.0,0.0,0.0,345.6242570058008
157.31823539733887,157.25765371322632,2.7545937805943743,3.518180502767259,-0.0015562301368192285,0.006091879414688636,-0.02612407772678489,-0.2508630460633589,1.0000000000000002,0.0013877030414264923,-0.01334001464411465,-0.125052153014342,0.9920595129910513,0.0,0.0,0.0,0.0,0.0,0.0,0.0,0.0,0.0,0.0,0.0,0.0,0.0,0.0,0.0,0.0,0.0,0.0,0.0,0.0,0.0,0.0,0.0,0.0,0.0,0.0,0.0,0.0,0.0,0.0,0.0,0.0,0.0,0.0,0.0,0.0,345.6266062247736
157.41818475723267,157.35821413993835,2.7545256224220687,3.5157489771699955,-0.0010709448824524515,0.005271156718702164,-0.026015654420521638,-0.25144194178206847,1.0000000000000002,0.0009835524793468994,-0.013235201428742889,-0.12534499145442374,0.9920244428364414,0.0,0.0,0.0,0.0,0.0,0.0,0.0,0.0,0.0,0.0,0.0,0.0,0.0,0.0,0.0,0.0,0.0,0.0,0.0,0.0,0.0,0.0,0.0,0.0,0.0,0.0,0.0,0.0,0.0,0.0,0.0,0.0,0.0,0.0,0.0,0.0,345.59343794331335
157.62544560432434,157.45763492584229,2.7554155395490323,3.5161279905524307,-0.004552435975464088,0.006914311274130236,-0.02532775571269594,-0.24963162724708846,1.0000000000000002,0.0018534795038775774,-0.012995302504059537,-0.12443781642676617,0.9921405729882716,0.0,0.0,0.0,0.0,0.0,0.0,0.0,0.0,0.0,0.0,0.0,0.0,0.0,0.0,0.0,0.0,0.0,0.0,0.0,0.0,0.0,0.0,0.0,0.0,0.0,0.0,0.0,0.0,0.0,0.0,0.0,0.0,0.0,0.0,0.0,0.0,345.6971613257588
157.66786789894104,157.55832743644714,2.7557569818906114,3.517433039126862,-0.003532354648825121,0.006673221408553763,-0.025945822950952078,-0.25050551635656576,1.0000000000000004,0.0016895942234728704,-0.013287642571797324,-0.12487136284886564,0.9920825200387879,0.0,0.0,0.0,0.0,0.0,0.0,0.0,0.0,0.0,0.0,0.0,0.0,0.0,0.0,0.0,0.0,0.0,0.0,0.0,0.0,0.0,0.0,0.0,0.0,0.0,0.0,0.0,0.0,0.0,0.0,0.0,0.0,0.0,0.0,0.0,0.0,345.64709116802334
157.75670099258423,157.6578118801117,2.758915970395597,3.511165919688191,-0.0026268484474257113,0.005719457068072606,-0.025595207974867043,-0.24742480977812426,1.0000000000000004,0.0012584990264343937,-0.013052250895278108,-0.12335015529466417,0.992276571382974,0.0,0.0,0.0,0.0,0.0,0.0,0.0,0.0,0.0,0.0,0.0,0.0,0.0,0.0,0.0,0.0,0.0,0.0,0.0,0.0,0.0,0.0,0.0,0.0,0.0,0.0,0.0,0.0,0.0,0.0,0.0,0.0,0.0,0.0,0.0,0.0,345.8236026528863
157.84569311141968,157.75583696365356,2.759139131847156,3.512181949120649,-0.002761634998306001,0.008074426742932381,-0.025860389885854426,-0.24610176277540252,1.0000000000000002,0.002419338769725605,-0.013327452021799142,-0.12267752063651147,0.9923541463373864,0.0,0.0,0.0,0.0,0.0,0.0,0.0,0.0,0.0,0.0,0.0,0.0,0.0,0.0,0.0,0.0,0.0,0.0,0.0,0.0,0.0,0.0,0.0,0.0,0.0,0.0,0.0,0.0,0.0,0.0,0.0,0.0,0.0,0.0,0.0,0.0,345.89940766223964
157.922856092453,157.85877442359924,2.758670748759146,3.5136131957308607,-0.004232376073423986,0.007235007081669709,-0.025164990765396748,-0.24613210003101435,1.0000000000000002,0.0020453306531755255,-0.01293095468820333,-0.12269994878070102,0.9923574605970295,0.0,0.0,0.0,0.0,0.0,0.0,0.0,0.0,0.0,0.0,0.0,0.0,0.0,0.0,0.0,0.0,0.0,0.0,0.0,0.0,0.0,0.0,0.0,0.0,0.0,0.0,0.0,0.0,0.0,0.0,0.0,0.0,0.0,0.0,0.0,0.0,345.8976694655311
158.05321836471558,157.95810055732727,2.7564231278578553,3.514008380129937,-0.002148460568988999,0.006561911463763527,-0.025739366156452562,-0.247691141378001,1.0000000000000004,0.0016658216298594186,-0.013175951690884497,-0.1234764335929621,0.9922586304399175,0.0,0.0,0.0,0.0,0.0,0.0,0.0,0.0,0.0,0.0,0.0,0.0,0.0,0.0,0.0,0.0,0.0,0.0,0.0,0.0,0.0,0.0,0.0,0.0,0.0,0.0,0.0,0.0,0.0,0.0,0.0,0.0,0.0,0.0,0.0,0.0,345.80834297626234
158.1305546760559,158.0544409751892,2.7571369686751166,3.5104168545278385,-0.0019002747406216135,0.005870504308976973,-0.026275443158573664,-0.247622739361997,1.0000000000000004,0.0012901346459041328,-0.013399181221501666,-0.1234458337539803,0.9922600080744838,0.0,0.0,0.0,0.0,0.0,0.0,0.0,0.0,0.0,0.0,0.0,0.0,0.0,0.0,0.0,0.0,0.0,0.0,0.0,0.0,0.0,0.0,0.0,0.0,0.0,0.0,0.0,0.0,0.0,0.0,0.0,0.0,0.0,0.0,0.0,0.0,345.81226212308957
158.27332186698914,158.15863490104675,2.7565113424179266,3.5166191833482676,-0.005668157100608444,0.007335552828944222,-0.025167907623535136,-0.24685265198496895,1.0000000000000004,0.0020903786380092734,-0.012939324370102563,-0.12305680552735038,0.9923130689532411,0.0,0.0,0.0,0.0,0.0,0.0,0.0,0.0,0.0,0.0,0.0,0.0,0.0,0.0,0.0,0.0,0.0,0.0,0.0,0.0,0.0,0.0,0.0,0.0,0.0,0.0,0.0,0.0,0.0,0.0,0.0,0.0,0.0,0.0,0.0,0.0,345.85638487964957
158.33732891082764,158.25816917419434,2.756794770577121,3.515700399698802,-0.0037078751489234376,0.0071664117985213915,-0.026331134521463354,-0.2514151797567977,1.0000000000000004,0.0019040178129264174,-0.013510430115670219,-0.12531829933915342,0.9920227652856566,0.0,0.0,0.0,0.0,0.0,0.0,0.0,0.0,0.0,0.0,0.0,0.0,0.0,0.0,0.0,0.0,0.0,0.0,0.0,0.0,0.0,0.0,0.0,0.0,0.0,0.0,0.0,0.0,0.0,0.0,0.0,0.0,0.0,0.0,0.0,0.0,345.5949712944126
158.42258262634277,158.35806465148926,2.7573472595270725,3.5119641213652724,-0.0027106137241487823,0.005950457138006631,-0.026274463926739083,-0.24898065373435033,1.0000000000000004,0.0013207613240732343,-0.013404530141023182,-0.1241189737707439,0.9921759191349695,0.0,0.0,0.0,0.0,0.0,0.0,0.0,0.0,0.0,0.0,0.0,0.0,0.0,0.0,0.0,0.0,0.0,0.0,0.0,0.0,0.0,0.0,0.0,0.0,0.0,0.0,0.0,0.0,0.0,0.0,0.0,0.0,0.0,0.0,0.0,0.0,345.7344593606135
158.52841305732727,158.457914352417,2.757109778362424,3.5110220657414177,-0.003952173592804442,0.007989473688203127,-0.025924423010258008,-0.24893445343028991,1.0000000000000002,0.0023543397280844707,-0.013357360408061571,-0.12408330106105211,0.9921791029875437,0.0,0.0,0.0,0.0,0.0,0.0,0.0,0.0,0.0,0.0,0.0,0.0,0.0,0.0,0.0,0.0,0.0,0.0,0.0,0.0,0.0,0.0,0.0,0.0,0.0,0.0,0.0,0.0,0.0,0.0,0.0,0.0,0.0,0.0,0.0,0.0,345.73710644304845
158.62164044380188,158.55816340446472,2.755124396685316,3.512937760101471,-0.004796432626474107,0.007682607613019792,-0.02542476500434262,-0.25000681019552984,1.0000000000000002,0.0022261122464416233,-0.0130916447196222,-0.12461866831812797,0.9921158403983975,0.0,0.0,0.0,0.0,0.0,0.0,0.0,0.0,0.0,0.0,0.0,0.0,0.0,0.0,0.0,0.0,0.0,0.0,0.0,0.0,0.0,0.0,0.0,0.0,0.0,0.0,0.0,0.0,0.0,0.0,0.0,0.0,0.0,0.0,0.0,0.0,345.67566492626787
158.71842741966248,158.6582989692688,2.7538684788210497,3.51247941021417,-0.0027503160909118653,0.006696965101771195,-0.02647644079517254,-0.25141256048321026,1.0000000000000004,0.001662073249961974,-0.0135530851936866,-0.1253198063226337,0.9920224279407713,0.0,0.0,0.0,0.0,0.0,0.0,0.0,0.0,0.0,0.0,0.0,0.0,0.0,0.0,0.0,0.0,0.0,0.0,0.0,0.0,0.0,0.0,0.0,0.0,0.0,0.0,0.0,0.0,0.0,0.0,0.0,0.0,0.0,0.0,0.0,0.0,345.5951213677345
158.85014986991882,158.75881910324097,2.7525106227499103,3.5135731088204323,-0.002595492873434363,0.006865492197927244,-0.026493851044798504,-0.24925268306017487,1.0000000000000004,0.001759229084994502,-0.013570388669310108,-0.12424722373270074,0.9921569316691324,0.0,0.0,0.0,0.0,0.0,0.0,0.0,0.0,0.0,0.0,0.0,0.0,0.0,0.0,0.0,0.0,0.0,0.0,0.0,0.0,0.0,0.0,0.0,0.0,0.0,0.0,0.0,0.0,0.0,0.0,0.0,0.0,0.0,0.0,0.0,0.0,345.71887322834004
158.9119951725006,158.85870671272278,2.7529676667592025,3.5140029868514673,-0.005957073107871674,0.007868774484275734,-0.02475143811449732,-0.24840371634665315,1.0000000000000004,0.002370683593038232,-0.012767342881084416,-0.12382401939390027,0.9922192232748761,0.0,0.0,0.0,0.0,0.0,0.0,0.0,0.0,0.0,0.0,0.0,0.0,0.0,0.0,0.0,0.0,0.0,0.0,0.0,0.0,0.0,0.0,0.0,0.0,0.0,0.0,0.0,0.0,0.0,0.0,0.0,0.0,0.0,0.0,0.0,0.0,345.76751543797195
159.02996826171875,158.9579315185547,2.754307990746848,3.512107421920111,-0.004715155705636884,0.006711075510212549,-0.026252741769674504,-0.2505809951971048,1.0000000000000004,0.0016886881930989772,-0.013442312322258133,-0.124907790760556,0.9920758521297327,0.0,0.0,0.0,0.0,0.0,0.0,0.0,0.0,0.0,0.0,0.0,0.0,0.0,0.0,0.0,0.0,0.0,0.0,0.0,0.0,0.0,0.0,0.0,0.0,0.0,0.0,0.0,0.0,0.0,0.0,0.0,0.0,0.0,0.0,0.0,0.0,345.64276654901795
159.11637926101685,159.05871653556824,2.7550521046861927,3.510947421606671,-0.00234679247453413,0.005978387710433489,-0.026545604607599447,-0.2502526495168387,1.0000000000000004,0.001309167773198907,-0.013541607042275049,-0.12474915774310853,0.9920950350651091,0.0,0.0,0.0,0.0,0.0,0.0,0.0,0.0,0.0,0.0,0.0,0.0,0.0,0.0,0.0,0.0,0.0,0.0,0.0,0.0,0.0,0.0,0.0,0.0,0.0,0.0,0.0,0.0,0.0,0.0,0.0,0.0,0.0,0.0,0.0,0.0,345.6615793707186
159.27248668670654,159.15856742858887,2.7548928341614634,3.5107362916591014,-0.004081205333927865,0.007637356835366227,-0.025566829779799835,-0.247885767457697,1.0000000000000002,0.00220876088702965,-0.013156961599332646,-0.12356635341732802,0.9922466286362288,0.0,0.0,0.0,0.0,0.0,0.0,0.0,0.0,0.0,0.0,0.0,0.0,0.0,0.0,0.0,0.0,0.0,0.0,0.0,0.0,0.0,0.0,0.0,0.0,0.0,0.0,0.0,0.0,0.0,0.0,0.0,0.0,0.0,0.0,0.0,0.0,345.7971917233126
159.33506798744202,159.2592511177063,2.7544743627956016,3.5129795582451373,-0.004048711862505117,0.007153933358895908,-0.02572085815926047,-0.25079721592924337,1.0000000000000002,0.001940176826778096,-0.013206348330955337,-0.12501343996961423,0.9920652538541034,0.0,0.0,0.0,0.0,0.0,0.0,0.0,0.0,0.0,0.0,0.0,0.0,0.0,0.0,0.0,0.0,0.0,0.0,0.0,0.0,0.0,0.0,0.0,0.0,0.0,0.0,0.0,0.0,0.0,0.0,0.0,0.0,0.0,0.0,0.0,0.0,345.63037801362316
159.40947890281677,159.357985496521,2.7540813528309136,3.5155675862446865,-0.0028097167624504273,0.006202998124243967,-0.026184449899162247,-0.2508736983592781,1.0000000000000002,0.0014389727384336933,-0.013376916184366403,-0.12505655324935774,0.9920583883825818,0.0,0.0,0.0,0.0,0.0,0.0,0.0,0.0,0.0,0.0,0.0,0.0,0.0,0.0,0.0,0.0,0.0,0.0,0.0,0.0,0.0,0.0,0.0,0.0,0.0,0.0,0.0,0.0,0.0,0.0,0.0,0.0,0.0,0.0,0.0,0.0,345.6259958931753
159.53904628753662,159.45783686637878,2.7556184763970495,3.519476805702313,-0.0019696900129402336,0.006947046893233825,-0.02592919681981317,-0.24934664937811576,1.0,0.0018341658631821326,-0.01329543123088372,-0.12429471785911878,0.9921545698409564,0.0,0.0,0.0,0.0,0.0,0.0,0.0,0.0,0.0,0.0,0.0,0.0,0.0,0.0,0.0,0.0,0.0,0.0,0.0,0.0,0.0,0.0,0.0,0.0,0.0,0.0,0.0,0.0,0.0,0.0,0.0,0.0,0.0,0.0,0.0,0.0,345.7134893549056
159.6195843219757,159.55668473243713,2.754217564522819,3.5198908181780557,-0.004290002075022556,0.007174969292422208,-0.02463855665447953,-0.24826123397803374,1.0,0.0020343764759970955,-0.012668241320986819,-0.12375804091523235,0.9922294715855859,0.0,0.0,0.0,0.0,0.0,0.0,0.0,0.0,0.0,0.0,0.0,0.0,0.0,0.0,0.0,0.0,0.0,0.0,0.0,0.0,0.0,0.0,0.0,0.0,0.0,0.0,0.0,0.0,0.0,0.0,0.0,0.0,0.0,0.0,0.0,0.0,345.77567907634887
159.77895593643188,159.65657901763916,2.754025695504988,3.5220504473966723,-0.0030103306605485706,0.006329657971405046,-0.026337556179419633,-0.253349520645662,1.0,0.0014755556231333224,-0.01346261724574411,-0.12628332242332116,0.9919017608363366,0.0,0.0,0.0,0.0,0.0,0.0,0.0,0.0,0.0,0.0,0.0,0.0,0.0,0.0,0.0,0.0,0.0,0.0,0.0,0.0,0.0,0.0,0.0,0.0,0.0,0.0,0.0,0.0,0.0,0.0,0.0,0.0,0.0,0.0,0.0,0.0,345.4841417253411
159.84259843826294,159.75757026672363,2.7552769189134585,3.518628979681133,-0.002742107990794806,0.006066828597085889,-0.026334480067521433,-0.25103634989638685,0.9999999999999999,0.0013609483107815848,-0.013442930999725567,-0.12513779418895268,0.9920473617178542,0.0,0.0,0.0,0.0,0.0,0.0,0.0,0.0,0.0,0.0,0.0,0.0,0.0,0.0,0.0,0.0,0.0,0.0,0.0,0.0,0.0,0.0,0.0,0.0,0.0,0.0,0.0,0.0,0.0,0.0,0.0,0.0,0.0,0.0,0.0,0.0,345.61667664656767
159.93520140647888,159.85880875587463,2.7587219380565777,3.5203875198703636,-0.00512573387429105,0.007625762733324591,-0.02524391992010881,-0.24809719486567966,0.9999999999999999,0.002221600908693824,-0.012996278867983142,-0.12367218764325362,0.992235532133636,0.0,0.0,0.0,0.0,0.0,0.0,0.0,0.0,0.0,0.0,0.0,0.0,0.0,0.0,0.0,0.0,0.0,0.0,0.0,0.0,0.0,0.0,0.0,0.0,0.0,0.0,0.0,0.0,0.0,0.0,0.0,0.0,0.0,0.0,0.0,0.0,345.7850778251618
160.01619124412537,159.95817756652832,2.7593566231455653,3.520848142364788,-0.0037158946834189776,0.00751624972064191,-0.02588763065301761,-0.2483687905176178,0.9999999999999999,0.0021256270237952975,-0.013309147683060699,-0.12380593164065862,0.9922149160279211,0.0,0.0,0.0,0.0,0.0,0.0,0.0,0.0,0.0,0.0,0.0,0.0,0.0,0.0,0.0,0.0,0.0,0.0,0.0,0.0,0.0,0.0,0.0,0.0,0.0,0.0,0.0,0.0,0.0,0.0,0.0,0.0,0.0,0.0,0.0,0.0,345.76951654057166
160.11943697929382,160.05846333503723,2.7602581791600804,3.5201101643998993,-0.0028691759198849714,0.005926711303100889,-0.02582767231951085,-0.24624241651962753,0.9999999999999998,0.0013547718760752573,-0.013179567882224692,-0.12276162475481296,0.9923477450325363,0.0,0.0,0.0,0.0,0.0,0.0,0.0,0.0,0.0,0.0,0.0,0.0,0.0,0.0,0.0,0.0,0.0,0.0,0.0,0.0,0.0,0.0,0.0,0.0,0.0,0.0,0.0,0.0,0.0,0.0,0.0,0.0,0.0,0.0,0.0,0.0,345.89134879632286
160.2380654811859,160.15866041183472,2.7598684655438754,3.5197925522304274,-0.001959601736192558,0.007580663149722851,-0.026351972021271982,-0.24671877666144074,0.9999999999999997,0.0021399890854774273,-0.01354173417857514,-0.12298563044911615,0.9923137490658808,0.0,0.0,0.0,0.0,0.0,0.0,0.0,0.0,0.0,0.0,0.0,0.0,0.0,0.0,0.0,0.0,0.0,0.0,0.0,0.0,0.0,0.0,0.0,0.0,0.0,0.0,0.0,0.0,0.0,0.0,0.0,0.0,0.0,0.0,0.0,0.0,345.8640553706687
160.31388354301453,160.2587866783142,2.7584567790686143,3.5199980754344335,-0.0033735537581944604,0.007379204810161169,-0.0252442633834306,-0.2472226148470403,0.9999999999999999,0.002104934220980613,-0.012980283761103927,-0.1232398813629205,0.9922897828391964,0.0,0.0,0.0,0.0,0.0,0.0,0.0,0.0,0.0,0.0,0.0,0.0,0.0,0.0,0.0,0.0,0.0,0.0,0.0,0.0,0.0,0.0,0.0,0.0,0.0,0.0,0.0,0.0,0.0,0.0,0.0,0.0,0.0,0.0,0.0,0.0,345.8351875690763
160.47997903823853,160.35799026489258,2.7586166245180355,3.5187489956883,-0.0021611173468380545,0.00624800920686914,-0.025816101105727542,-0.2491859217620482,0.9999999999999999,0.0014954829120697169,-0.013195763234384874,-0.12421988967855079,0.9921658401556517,0.0,0.0,0.0,0.0,0.0,0.0,0.0,0.0,0.0,0.0,0.0,0.0,0.0,0.0,0.0,0.0,0.0,0.0,0.0,0.0,0.0,0.0,0.0,0.0,0.0,0.0,0.0,0.0,0.0,0.0,0.0,0.0,0.0,0.0,0.0,0.0,345.72269836895754
160.53703236579895,160.4579999446869,2.7575858952878933,3.517929344580276,-0.0018337423952662143,0.006229509233618453,-0.02661749491974436,-0.24677230620660867,0.9999999999999998,0.0014529008118338287,-0.0135904234414629,-0.12302068320303558,0.9923099823009798,0.0,0.0,0.0,0.0,0.0,0.0,0.0,0.0,0.0,0.0,0.0,0.0,0.0,0.0,0.0,0.0,0.0,0.0,0.0,0.0,0.0,0.0,0.0,0.0,0.0,0.0,0.0,0.0,0.0,0.0,0.0,0.0,0.0,0.0,0.0,0.0,345.8609883536513
160.64257788658142,160.55790066719055,2.7572471262932994,3.5190486046994085,-0.004907896335077079,0.00803917620067814,-0.025415087177397225,-0.24738920020750002,0.9999999999999998,0.002420749521837042,-0.013105904300366983,-0.12331776720326679,0.9922777350803669,0.0,0.0,0.0,0.0,0.0,0.0,0.0,0.0,0.0,0.0,0.0,0.0,0.0,0.0,0.0,0.0,0.0,0.0,0.0,0.0,0.0,0.0,0.0,0.0,0.0,0.0,0.0,0.0,0.0,0.0,0.0,0.0,0.0,0.0,0.0,0.0,345.8256429309933
160.75145840644836,160.65686655044556,2.754926846147529,3.520254876690325,-0.004146150378052185,0.007246946960359308,-0.026371632861658136,-0.2511156147196734,0.9999999999999998,0.001943452039779407,-0.013535272817321376,-0.12516905994582417,0.9920411915924702,0.0,0.0,0.0,0.0,0.0,0.0,0.0,0.0,0.0,0.0,0.0,0.0,0.0,0.0,0.0,0.0,0.0,0.0,0.0,0.0,0.0,0.0,0.0,0.0,0.0,0.0,0.0,0.0,0.0,0.0,0.0,0.0,0.0,0.0,0.0,0.0,345.61213510672945
160.86383509635925,160.75794124603271,2.7554619379822864,3.518820742831068,-0.003789346061294264,0.005984108329791154,-0.026347885792795126,-0.2513130429567132,0.9999999999999997,0.0013172177896208287,-0.013444587124658555,-0.12527556424431424,0.9920300101396179,0.0,0.0,0.0,0.0,0.0,0.0,0.0,0.0,0.0,0.0,0.0,0.0,0.0,0.0,0.0,0.0,0.0,0.0,0.0,0.0,0.0,0.0,0.0,0.0,0.0,0.0,0.0,0.0,0.0,0.0,0.0,0.0,0.0,0.0,0.0,0.0,345.6008233019904
160.9723072052002,160.858393907547,2.75534513672894,3.520798734703419,-0.0036866117385969052,0.007922806656369975,-0.026425500556405173,-0.2471239090466823,0.9999999999999997,0.002302465908227691,-0.013599721221316051,-0.12318411435990102,0.9922879724166822,0.0,0.0,0.0,0.0,0.0,0.0,0.0,0.0,0.0,0.0,0.0,0.0,0.0,0.0,0.0,0.0,0.0,0.0,0.0,0.0,0.0,0.0,0.0,0.0,0.0,0.0,0.0,0.0,0.0,0.0,0.0,0.0,0.0,0.0,0.0,0.0,345.8408429948503
161.02838802337646,160.95893955230713,2.753984675761584,3.5194744721458764,-0.0036490893985567686,0.007344254098368765,-0.025375665937282937,-0.24929198438894928,0.9999999999999999,0.002065993683256367,-0.013045468662456735,-0.12426640645477396,0.9921609786946342,0.0,0.0,0.0,0.0,0.0,0.0,0.0,0.0,0.0,0.0,0.0,0.0,0.0,0.0,0.0,0.0,0.0,0.0,0.0,0.0,0.0,0.0,0.0,0.0,0.0,0.0,0.0,0.0,0.0,0.0,0.0,0.0,0.0,0.0,0.0,0.0,345.716621428072
161.1703109741211,161.05813479423523,2.7536474480403266,3.5173740572282046,-0.0023753947664275814,0.006332152435251714,-0.026390608889691334,-0.2514761535108472,1.0,0.001486075081157179,-0.01348769993945125,-0.12535402512714228,0.9920192749718224,0.0,0.0,0.0,0.0,0.0,0.0,0.0,0.0,0.0,0.0,0.0,0.0,0.0,0.0,0.0,0.0,0.0,0.0,0.0,0.0,0.0,0.0,0.0,0.0,0.0,0.0,0.0,0.0,0.0,0.0,0.0,0.0,0.0,0.0,0.0,0.0,345.59147775564446
161.2549867630005,161.1580126285553,2.7564839114188677,3.514792621389435,-0.0017436378775243279,0.006585278713077392,-0.026341091544192622,-0.24726727184044578,1.0,0.001643096003473935,-0.013475576263862846,-0.12326451672826937,0.9922809924591051,0.0,0.0,0.0,0.0,0.0,0.0,0.0,0.0,0.0,0.0,0.0,0.0,0.0,0.0,0.0,0.0,0.0,0.0,0.0,0.0,0.0,0.0,0.0,0.0,0.0,0.0,0.0,0.0,0.0,0.0,0.0,0.0,0.0,0.0,0.0,0.0,345.8326289118284
161.32994103431702,161.25832295417786,2.7558759548239595,3.5151986692892647,-0.004893225197317727,0.007790286307393119,-0.02489911751308229,-0.2460621969387848,1.0,0.002337620597758269,-0.012833019773228867,-0.12266238745771157,0.9923627299715639,0.0,0.0,0.0,0.0,0.0,0.0,0.0,0.0,0.0,0.0,0.0,0.0,0.0,0.0,0.0,0.0,0.0,0.0,0.0,0.0,0.0,0.0,0.0,0.0,0.0,0.0,0.0,0.0,0.0,0.0,0.0,0.0,0.0,0.0,0.0,0.0,345.90167461769073
161.48586225509644,161.35610055923462,2.75564414480865,3.5147674645098386,-0.002729691641308955,0.007014485674093767,-0.026666410961619095,-0.2501018199123586,0.9999999999999999,0.0018166116191086009,-0.013666019352219245,-0.1246669964496416,0.9921028574868208,0.0,0.0,0.0,0.0,0.0,0.0,0.0,0.0,0.0,0.0,0.0,0.0,0.0,0.0,0.0,0.0,0.0,0.0,0.0,0.0,0.0,0.0,0.0,0.0,0.0,0.0,0.0,0.0,0.0,0.0,0.0,0.0,0.0,0.0,0.0,0.0,345.6702212704809
161.54801750183105,161.45786309242249,2.7556086923826926,3.5101596075583306,-0.002692237646924973,0.005709545606930383,-0.026135449008556678,-0.2497546477809764,0.9999999999999999,0.001204725352449743,-0.01332108339783929,-0.12450485770004144,0.9921288413220459,0.0,0.0,0.0,0.0,0.0,0.0,0.0,0.0,0.0,0.0,0.0,0.0,0.0,0.0,0.0,0.0,0.0,0.0,0.0,0.0,0.0,0.0,0.0,0.0,0.0,0.0,0.0,0.0,0.0,0.0,0.0,0.0,0.0,0.0,0.0,0.0,345.69011276837364
161.62640833854675,161.55819749832153,2.7561069959097173,3.5132617358028058,-0.0035130101340830277,0.0074715973114058394,-0.025831101341302818,-0.24693325507951644,1.0,0.002116506901738506,-0.013276823541819263,-0.1230941668342449,0.9923039214104504,0.0,0.0,0.0,0.0,0.0,0.0,0.0,0.0,0.0,0.0,0.0,0.0,0.0,0.0,0.0,0.0,0.0,0.0,0.0,0.0,0.0,0.0,0.0,0.0,0.0,0.0,0.0,0.0,0.0,0.0,0.0,0.0,0.0,0.0,0.0,0.0,345.85176666251635
161.77280950546265,161.65865015983582,2.755441310187855,3.5127758721818236,-0.0031325894080076132,0.007427640730009053,-0.025805701785715465,-0.24799392204314571,0.9999999999999999,0.002089228917744426,-0.013262626101377253,-0.12362076036392253,0.9922387038805077,0.0,0.0,0.0,0.0,0.0,0.0,0.0,0.0,0.0,0.0,0.0,0.0,0.0,0.0,0.0,0.0,0.0,0.0,0.0,0.0,0.0,0.0,0.0,0.0,0.0,0.0,0.0,0.0,0.0,0.0,0.0,0.0,0.0,0.0,0.0,0.0,345.79099492203136
161.84507632255554,161.75947761535645,2.7555086710871226,3.5084797305239337,-0.0027289752933801646,0.00670698754501279,-0.025649353914232037,-0.2493938625201812,1.0,0.0017321714055267008,-0.013141730619681116,-0.12432042408320887,0.9921535801751222,0.0,0.0,0.0,0.0,0.0,0.0,0.0,0.0,0.0,0.0,0.0,0.0,0.0,0.0,0.0,0.0,0.0,0.0,0.0,0.0,0.0,0.0,0.0,0.0,0.0,0.0,0.0,0.0,0.0,0.0,0.0,0.0,0.0,0.0,0.0,0.0,345.7107842411277
161.94939517974854,161.8583197593689,2.7552033904659967,3.5084946278209785,-0.001334303841410448,0.006734316823447235,-0.026366234776508835,-0.24963787196819623,0.9999999999999999,0.0016994896364115107,-0.013499260104882565,-0.12443951329009943,0.9921339069116223,0.0,0.0,0.0,0.0,0.0,0.0,0.0,0.0,0.0,0.0,0.0,0.0,0.0,0.0,0.0,0.0,0.0,0.0,0.0,0.0,0.0,0.0,0.0,0.0,0.0,0.0,0.0,0.0,0.0,0.0,0.0,0.0,0.0,0.0,0.0,0.0,345.6968035295952
162.0948145389557,161.9582760334015,2.754481960736063,3.5106805414935147,-0.0032465587905096994,0.006531340374979323,-0.025162399425013724,-0.24776280688286242,1.0,0.0016858375577713204,-0.012887877035758763,-0.12351357865539658,0.9922577570696927,0.0,0.0,0.0,0.0,0.0,0.0,0.0,0.0,0.0,0.0,0.0,0.0,0.0,0.0,0.0,0.0,0.0,0.0,0.0,0.0,0.0,0.0,0.0,0.0,0.0,0.0,0.0,0.0,0.0,0.0,0.0,0.0,0.0,0.0,0.0,0.0,345.8042368452971
162.15497493743896,162.05834364891052,2.75585480299303,3.5086529683403134,-0.0028461219440868964,0.0069183681447861686,-0.026195689835347164,-0.24855954747029024,1.0,0.0018086488661303256,-0.013425137695799436,-0.12390376292933945,0.9922017698024318,0.0,0.0,0.0,0.0,0.0,0.0,0.0,0.0,0.0,0.0,0.0,0.0,0.0,0.0,0.0,0.0,0.0,0.0,0.0,0.0,0.0,0.0,0.0,0.0,0.0,0.0,0.0,0.0,0.0,0.0,0.0,0.0,0.0,0.0,0.0,0.0,345.75858697227073
162.29226779937744,162.15829515457153,2.755796751222026,3.5095864534304604,-0.0029966241179184517,0.006657564337666555,-0.02594749211114169,-0.2472443771305707,1.0,0.0017033873205248159,-0.013284733144888946,-0.12325363785920727,0.9922848155098298,0.0,0.0,0.0,0.0,0.0,0.0,0.0,0.0,0.0,0.0,0.0,0.0,0.0,0.0,0.0,0.0,0.0,0.0,0.0,0.0,0.0,0.0,0.0,0.0,0.0,0.0,0.0,0.0,0.0,0.0,0.0,0.0,0.0,0.0,0.0,0.0,345.83394068207747
162.34265446662903,162.2583246231079,2.7572558679544508,3.5098085989337813,-0.00345607298407833,0.007030883949896071,-0.025745060242648322,-0.24590694525686949,1.0,0.0019099226240579482,-0.013206031240321317,-0.12258808555065225,0.9923679328835027,0.0,0.0,0.0,0.0,0.0,0.0,0.0,0.0,0.0,0.0,0.0,0.0,0.0,0.0,0.0,0.0,0.0,0.0,0.0,0.0,0.0,0.0,0.0,0.0,0.0,0.0,0.0,0.0,0.0,0.0,0.0,0.0,0.0,0.0,0.0,0.0,345.9105698838268
162.46685647964478,162.3581395149231,2.7604913659398154,3.502641842657207,-0.002773873783763672,0.007235522455323489,-0.025943473955078417,-0.24473783082697606,1.0000000000000002,0.002007074554523081,-0.013315851802204032,-0.12200610438021292,0.9924379931443976,0.0,0.0,0.0,0.0,0.0,0.0,0.0,0.0,0.0,0.0,0.0,0.0,0.0,0.0,0.0,0.0,0.0,0.0,0.0,0.0,0.0,0.0,0.0,0.0,0.0,0.0,0.0,0.0,0.0,0.0,0.0,0.0,0.0,0.0,0.0,0.0,345.97755520642755
162.55102634429932,162.45839381217957,2.7620297085100427,3.497071167330348,-0.0027745523648975306,0.006976215474241066,-0.0254863717847669,-0.24352525002924472,1.0000000000000002,0.0019142328001723267,-0.01307205433595035,-0.1214072497903837,0.9925148547032234,0.0,0.0,0.0,0.0,0.0,0.0,0.0,0.0,0.0,0.0,0.0,0.0,0.0,0.0,0.0,0.0,0.0,0.0,0.0,0.0,0.0,0.0,0.0,0.0,0.0,0.0,0.0,0.0,0.0,0.0,0.0,0.0,0.0,0.0,0.0,0.0,346.04703096845617
162.6517858505249,162.5583438873291,2.7625924284059353,3.494662350122732,-0.0019368642106656992,0.00680039711243502,-0.025906380031529445,-0.24147777809020973,1.0000000000000004,0.0018150510938422953,-0.013267960040054205,-0.12039122793676782,0.9926361967316023,0.0,0.0,0.0,0.0,0.0,0.0,0.0,0.0,0.0,0.0,0.0,0.0,0.0,0.0,0.0,0.0,0.0,0.0,0.0,0.0,0.0,0.0,0.0,0.0,0.0,0.0,0.0,0.0,0.0,0.0,0.0,0.0,0.0,0.0,0.0,0.0,346.1643424692343
162.72578191757202,162.6582794189453,2.7629169980441715,3.491063961256538,-0.0022203478546777592,0.0069937123107691014,-0.025349740384558624,-0.23930544529175254,1.0000000000000002,0.001958651408713915,-0.01300120919834679,-0.11931309813587569,0.9927696192255581,0.0,0.0,0.0,0.0,0.0,0.0,0.0,0.0,0.0,0.0,0.0,0.0,0.0,0.0,0.0,0.0,0.0,0.0,0.0,0.0,0.0,0.0,0.0,0.0,0.0,0.0,0.0,0.0,0.0,0.0,0.0,0.0,0.0,0.0,0.0,0.0,346.28880797028376
162.83244729042053,162.75808668136597,2.761293884031271,3.490568210917643,-0.002630388954567607,0.007096510790745681,-0.025490505555231,-0.24045908733207422,1.0000000000000004,0.0019937316576667044,-0.013078366883063996,-0.11988470496807709,0.9926996720400724,0.0,0.0,0.0,0.0,0.0,0.0,0.0,0.0,0.0,0.0,0.0,0.0,0.0,0.0,0.0,0.0,0.0,0.0,0.0,0.0,0.0,0.0,0.0,0.0,0.0,0.0,0.0,0.0,0.0,0.0,0.0,0.0,0.0,0.0,0.0,0.0,346.22270915030447
162.920503616333,162.8584041595459,2.7602481058681634,3.488605901909709,-0.001901807245141486,0.006712806736964596,-0.02604572689897517,-0.24044088022454607,1.0000000000000004,0.0017700959191601611,-0.013330931174027876,-0.11987682085090896,0.9926976885523358,0.0,0.0,0.0,0.0,0.0,0.0,0.0,0.0,0.0,0.0,0.0,0.0,0.0,0.0,0.0,0.0,0.0,0.0,0.0,0.0,0.0,0.0,0.0,0.0,0.0,0.0,0.0,0.0,0.0,0.0,0.0,0.0,0.0,0.0,0.0,0.0,346.22375234072297
163.07090663909912,162.9583659172058,2.7586078502371607,3.4897538886933304,-0.0026926288406258626,0.007124439158137257,-0.026208501402754835,-0.24159364342194747,1.0000000000000004,0.0019569006152839884,-0.013437525593582446,-0.12044581120823551,0.992627024621179,0.0,0.0,0.0,0.0,0.0,0.0,0.0,0.0,0.0,0.0,0.0,0.0,0.0,0.0,0.0,0.0,0.0,0.0,0.0,0.0,0.0,0.0,0.0,0.0,0.0,0.0,0.0,0.0,0.0,0.0,0.0,0.0,0.0,0.0,0.0,0.0,346.15770387473384
163.1525309085846,163.05827260017395,2.756478453977749,3.489246800227072,-0.0033614191928867426,0.007687170218752869,-0.02551927079027788,-0.24492459482516357,1.0000000000000004,0.002255862304445286,-0.013133118784434348,-0.1220969118878872,0.9924287260975972,0.0,0.0,0.0,0.0,0.0,0.0,0.0,0.0,0.0,0.0,0.0,0.0,0.0,0.0,0.0,0.0,0.0,0.0,0.0,0.0,0.0,0.0,0.0,0.0,0.0,0.0,0.0,0.0,0.0,0.0,0.0,0.0,0.0,0.0,0.0,0.0,345.9668544175664
163.21650338172913,163.1583137512207,2.7576315988252,3.4859632808588343,-0.0032041537831643844,0.007157794322440285,-0.025756881396381742,-0.24370792837082195,1.0000000000000004,0.001986702360113711,-0.01321749905659348,-0.12149602640343611,0.9925019225677085,0.0,0.0,0.0,0.0,0.0,0.0,0.0,0.0,0.0,0.0,0.0,0.0,0.0,0.0,0.0,0.0,0.0,0.0,0.0,0.0,0.0,0.0,0.0,0.0,0.0,0.0,0.0,0.0,0.0,0.0,0.0,0.0,0.0,0.0,0.0,0.0,346.03656427047537
163.36828660964966,163.2584104537964,2.7552624398940018,3.486898686870184,-0.0029899598860484745,0.007313726298334317,-0.025823678110431857,-0.2461279518097664,1.0000000000000002,0.002043976486508695,-0.013262602056651186,-0.12269567098598393,0.9923536153348307,0.0,0.0,0.0,0.0,0.0,0.0,0.0,0.0,0.0,0.0,0.0,0.0,0.0,0.0,0.0,0.0,0.0,0.0,0.0,0.0,0.0,0.0,0.0,0.0,0.0,0.0,0.0,0.0,0.0,0.0,0.0,0.0,0.0,0.0,0.0,0.0,345.8979071411011
163.43093276023865,163.3582923412323,2.755228276813367,3.488329844267818,-0.0031487831797194074,0.0075692390589053886,-0.02584156506027983,-0.2423433429793529,1.0000000000000002,0.0021947972343008956,-0.013283022642624353,-0.12081587487364091,0.9925836330270076,0.0,0.0,0.0,0.0,0.0,0.0,0.0,0.0,0.0,0.0,0.0,0.0,0.0,0.0,0.0,0.0,0.0,0.0,0.0,0.0,0.0,0.0,0.0,0.0,0.0,0.0,0.0,0.0,0.0,0.0,0.0,0.0,0.0,0.0,0.0,0.0,346.1147492541917
163.55321788787842,163.45826411247253,2.7553197501812687,3.4871557198785292,-0.0029855262539590648,0.007409227833630439,-0.025968757666756347,-0.24543942376533207,1.0000000000000002,0.0020870474795999425,-0.013339727366296225,-0.12235301700994221,0.9923947980190022,0.0,0.0,0.0,0.0,0.0,0.0,0.0,0.0,0.0,0.0,0.0,0.0,0.0,0.0,0.0,0.0,0.0,0.0,0.0,0.0,0.0,0.0,0.0,0.0,0.0,0.0,0.0,0.0,0.0,0.0,0.0,0.0,0.0,0.0,0.0,0.0,345.93735689212355
163.6174123287201,163.55820417404175,2.7553826064937983,3.4852315220577124,-0.0027512504885780784,0.006854135571071863,-0.02607423581228791,-0.2454640473099512,1.0000000000000002,0.001804989963407563,-0.013358127886990787,-0.12236866945647465,0.9923931736796859,0.0,0.0,0.0,0.0,0.0,0.0,0.0,0.0,0.0,0.0,0.0,0.0,0.0,0.0,0.0,0.0,0.0,0.0,0.0,0.0,0.0,0.0,0.0,0.0,0.0,0.0,0.0,0.0,0.0,0.0,0.0,0.0,0.0,0.0,0.0,0.0,345.9359460669402
163.75791382789612,163.65836811065674,2.755922372538629,3.484775992392459,-0.0032938674894244084,0.007579832844722998,-0.026195973525907877,-0.24480163524010234,1.0000000000000002,0.00216208311420991,-0.013462217987902916,-0.12203479529359507,0.9924321653499066,0.0,0.0,0.0,0.0,0.0,0.0,0.0,0.0,0.0,0.0,0.0,0.0,0.0,0.0,0.0,0.0,0.0,0.0,0.0,0.0,0.0,0.0,0.0,0.0,0.0,0.0,0.0,0.0,0.0,0.0,0.0,0.0,0.0,0.0,0.0,0.0,345.9738994828411
163.82104063034058,163.75838661193848,2.756533340739091,3.483272644760961,-0.0038385122201279646,0.0073072095505818295,-0.025968738039299076,-0.24504579003249982,1.0000000000000004,0.0020390516854780143,-0.013333075426083767,-0.12215837492633083,0.9924189653585149,0.0,0.0,0.0,0.0,0.0,0.0,0.0,0.0,0.0,0.0,0.0,0.0,0.0,0.0,0.0,0.0,0.0,0.0,0.0,0.0,0.0,0.0,0.0,0.0,0.0,0.0,0.0,0.0,0.0,0.0,0.0,0.0,0.0,0.0,0.0,0.0,345.9599104436888
163.94487929344177,163.8583116531372,2.7559695230485395,3.4809024539373357,-0.0032062496560608333,0.007121957650293575,-0.026158955136096083,-0.24412549998035044,1.0000000000000004,0.0019416739345302564,-0.013415254711505937,-0.12170245269884608,0.992474067092155,0.0,0.0,0.0,0.0,0.0,0.0,0.0,0.0,0.0,0.0,0.0,0.0,0.0,0.0,0.0,0.0,0.0,0.0,0.0,0.0,0.0,0.0,0.0,0.0,0.0,0.0,0.0,0.0,0.0,0.0,0.0,0.0,0.0,0.0,0.0,0.0,346.01263917960483
164.04261231422424,163.95872712135315,2.754531784350433,3.485464239689853,-0.0026465969034788683,0.0071223695369710795,-0.025446236588825482,-0.24504165688731294,1.0000000000000002,0.001979297501504812,-0.013062513679451857,-0.1221588894392341,0.9924226210887922,0.0,0.0,0.0,0.0,0.0,0.0,0.0,0.0,0.0,0.0,0.0,0.0,0.0,0.0,0.0,0.0,0.0,0.0,0.0,0.0,0.0,0.0,0.0,0.0,0.0,0.0,0.0,0.0,0.0,0.0,0.0,0.0,0.0,0.0,0.0,0.0,345.96014725546416
164.11607933044434,164.05828595161438,2.75426233764391,3.4874460131119527,-0.0017805232283875047,0.00684564611900105,-0.025989430053621643,-0.24546191893750843,1.0000000000000004,0.0018059842369302895,-0.013315526666464156,-0.122367881663596,0.9923938415305164,0.0,0.0,0.0,0.0,0.0,0.0,0.0,0.0,0.0,0.0,0.0,0.0,0.0,0.0,0.0,0.0,0.0,0.0,0.0,0.0,0.0,0.0,0.0,0.0,0.0,0.0,0.0,0.0,0.0,0.0,0.0,0.0,0.0,0.0,0.0,0.0,345.93606801369845
164.25003242492676,164.158433675766,2.75358403656002,3.486616160088667,-0.002561431410054518,0.006663579410627485,-0.025166969225150364,-0.2447438053546319,1.0000000000000004,0.00177063076176835,-0.012895652776194927,-0.12201476136098939,0.9924429278382727,0.0,0.0,0.0,0.0,0.0,0.0,0.0,0.0,0.0,0.0,0.0,0.0,0.0,0.0,0.0,0.0,0.0,0.0,0.0,0.0,0.0,0.0,0.0,0.0,0.0,0.0,0.0,0.0,0.0,0.0,0.0,0.0,0.0,0.0,0.0,0.0,345.9772128912083
164.39896488189697,164.25838541984558,2.7546944734737084,3.4804588624137236,-0.0022801804705861015,0.006651842749824828,-0.025530342567833642,-0.24780439419745884,1.0000000000000004,0.0017226121742811775,-0.013077899752532592,-0.12353253929495575,0.9922528472525038,0.0,0.0,0.0,0.0,0.0,0.0,0.0,0.0,0.0,0.0,0.0,0.0,0.0,0.0,0.0,0.0,0.0,0.0,0.0,0.0,0.0,0.0,0.0,0.0,0.0,0.0,0.0,0.0,0.0,0.0,0.0,0.0,0.0,0.0,0.0,0.0,345.8018540676895
164.44831109046936,164.35827922821045,2.754029028334404,3.482318534623527,-0.0029676449800271677,0.0072108696830413144,-0.0264262909286707,-0.24446132744181961,1.0000000000000004,0.001967239397387296,-0.01355365587580848,-0.1218678119424452,0.992451845075576,0.0,0.0,0.0,0.0,0.0,0.0,0.0,0.0,0.0,0.0,0.0,0.0,0.0,0.0,0.0,0.0,0.0,0.0,0.0,0.0,0.0,0.0,0.0,0.0,0.0,0.0,0.0,0.0,0.0,0.0,0.0,0.0,0.0,0.0,0.0,0.0,345.9933976834181
164.54513502120972,164.45837378501892,2.754692703017032,3.4837120407455586,-0.0020142671266346864,0.007023865777280463,-0.025986232979191934,-0.2447036583819087,1.0000000000000004,0.0018996637435009461,-0.01332412517180881,-0.12199044746415538,0.9924400181842546,0.0,0.0,0.0,0.0,0.0,0.0,0.0,0.0,0.0,0.0,0.0,0.0,0.0,0.0,0.0,0.0,0.0,0.0,0.0,0.0,0.0,0.0,0.0,0.0,0.0,0.0,0.0,0.0,0.0,0.0,0.0,0.0,0.0,0.0,0.0,0.0,345.97951314330555
164.62554717063904,164.5583655834198,2.7585084395738515,3.4788005977972545,-0.0023854780931771543,0.00649334017809097,-0.02553298583051965,-0.24318624184296048,1.0000000000000002,0.0016739853599032637,-0.013065590453453164,-0.12124205402871752,0.9925355673496118,0.0,0.0,0.0,0.0,0.0,0.0,0.0,0.0,0.0,0.0,0.0,0.0,0.0,0.0,0.0,0.0,0.0,0.0,0.0,0.0,0.0,0.0,0.0,0.0,0.0,0.0,0.0,0.0,0.0,0.0,0.0,0.0,0.0,0.0,0.0,0.0,346.0664547067506
164.7847080230713,164.65827345848083,2.7568652362054253,3.4828153711007794,-0.001976058233323897,0.007219332831210048,-0.025852880524148966,-0.2431429098822943,1.0000000000000004,0.0020151532346996256,-0.013268307721345579,-0.12121497678638732,0.9925355512878764,0.0,0.0,0.0,0.0,0.0,0.0,0.0,0.0,0.0,0.0,0.0,0.0,0.0,0.0,0.0,0.0,0.0,0.0,0.0,0.0,0.0,0.0,0.0,0.0,0.0,0.0,0.0,0.0,0.0,0.0,0.0,0.0,0.0,0.0,0.0,0.0,346.06893744521483
164.83342385292053,164.7584638595581,2.7568458833498144,3.479509909311032,-0.0027184562090232936,0.0074266988003717505,-0.026008080896160073,-0.24386268928442328,1.0000000000000002,0.002103841167669951,-0.01335865357973007,-0.12157038746506581,0.9924906856582949,0.0,0.0,0.0,0.0,0.0,0.0,0.0,0.0,0.0,0.0,0.0,0.0,0.0,0.0,0.0,0.0,0.0,0.0,0.0,0.0,0.0,0.0,0.0,0.0,0.0,0.0,0.0,0.0,0.0,0.0,0.0,0.0,0.0,0.0,0.0,0.0,346.0276971232924
164.936420917511,164.85834050178528,2.754482839906221,3.4811992510040155,-0.0026319861377478546,0.007015776952968921,-0.026105374497418232,-0.24194410401206906,1.0000000000000002,0.0019068408591758088,-0.013380133233131112,-0.12062073852035683,0.992606655947564,0.0,0.0,0.0,0.0,0.0,0.0,0.0,0.0,0.0,0.0,0.0,0.0,0.0,0.0,0.0,0.0,0.0,0.0,0.0,0.0,0.0,0.0,0.0,0.0,0.0,0.0,0.0,0.0,0.0,0.0,0.0,0.0,0.0,0.0,0.0,0.0,346.13762396203424
165.03755497932434,164.9583079814911,2.752097362239632,3.4796978287306617,-0.002490226946972584,0.0065035391643096865,-0.025359080493727145,-0.24727114805634834,1.0000000000000002,0.0016630819071298886,-0.012983329782510407,-0.12326935743206902,0.9922869206155114,0.0,0.0,0.0,0.0,0.0,0.0,0.0,0.0,0.0,0.0,0.0,0.0,0.0,0.0,0.0,0.0,0.0,0.0,0.0,0.0,0.0,0.0,0.0,0.0,0.0,0.0,0.0,0.0,0.0,0.0,0.0,0.0,0.0,0.0,0.0,0.0,345.8324068210167
165.11529922485352,165.05846786499023,2.751007845397758,3.476726992200891,-0.0028646152444450736,0.00744886647064902,-0.025871922825685147,-0.24719008771895104,1.0000000000000002,0.0021010071555737425,-0.013295947852662499,-0.12322163677299765,0.992287877468336,0.0,0.0,0.0,0.0,0.0,0.0,0.0,0.0,0.0,0.0,0.0,0.0,0.0,0.0,0.0,0.0,0.0,0.0,0.0,0.0,0.0,0.0,0.0,0.0,0.0,0.0,0.0,0.0,0.0,0.0,0.0,0.0,0.0,0.0,0.0,0.0,345.8370512362355
165.2260811328888,165.15839076042175,2.7494075221744545,3.473192414297914,-0.003101333681106768,0.007506006142685651,-0.02598559977541916,-0.24665197401111716,1.0000000000000002,0.0021259408791831956,-0.013355296177927651,-0.12295396824545193,0.9923202296295662,0.0,0.0,0.0,0.0,0.0,0.0,0.0,0.0,0.0,0.0,0.0,0.0,0.0,0.0,0.0,0.0,0.0,0.0,0.0,0.0,0.0,0.0,0.0,0.0,0.0,0.0,0.0,0.0,0.0,0.0,0.0,0.0,0.0,0.0,0.0,0.0,345.8678828805925
165.36705422401428,165.25833559036255,2.753264010131654,3.46410320240138,-0.0034119810145826004,0.006725332468625222,-0.026048851900217346,-0.24693979762125476,1.0000000000000002,0.001732790517422855,-0.013338934064550535,-0.12310182117741887,0.9923028831449839,0.0,0.0,0.0,0.0,0.0,0.0,0.0,0.0,0.0,0.0,0.0,0.0,0.0,0.0,0.0,0.0,0.0,0.0,0.0,0.0,0.0,0.0,0.0,0.0,0.0,0.0,0.0,0.0,0.0,0.0,0.0,0.0,0.0,0.0,0.0,0.0,345.8513918024874
165.44095587730408,165.35847234725952,2.7533691025208418,3.4652960236897328,-0.001960063677653262,0.007419533762804205,-0.026448976450627555,-0.24506452957138447,1.0000000000000004,0.002065305385788489,-0.013578251040510867,-0.12216565603569005,0.9924146905894302,0.0,0.0,0.0,0.0,0.0,0.0,0.0,0.0,0.0,0.0,0.0,0.0,0.0,0.0,0.0,0.0,0.0,0.0,0.0,0.0,0.0,0.0,0.0,0.0,0.0,0.0,0.0,0.0,0.0,0.0,0.0,0.0,0.0,0.0,0.0,0.0,345.95883674720073
165.53592371940613,165.45838737487793,2.7521969484590616,3.4664178045793825,-0.004071068833347245,0.007418990770881571,-0.02536336225594347,-0.24319377441711187,1.0000000000000004,0.002143596836283872,-0.013037533301694338,-0.12124017528135544,0.992535262656072,0.0,0.0,0.0,0.0,0.0,0.0,0.0,0.0,0.0,0.0,0.0,0.0,0.0,0.0,0.0,0.0,0.0,0.0,0.0,0.0,0.0,0.0,0.0,0.0,0.0,0.0,0.0,0.0,0.0,0.0,0.0,0.0,0.0,0.0,0.0,0.0,346.0660231220429
165.64899277687073,165.55840706825256,2.7496433636519497,3.470178106907585,-0.0035715238830921264,0.006816133942589519,-0.025893092919083937,-0.2438862252464121,1.0000000000000002,0.0018076898666707808,-0.013264499243882346,-0.12158642478525318,0.9924905675244957,0.0,0.0,0.0,0.0,0.0,0.0,0.0,0.0,0.0,0.0,0.0,0.0,0.0,0.0,0.0,0.0,0.0,0.0,0.0,0.0,0.0,0.0,0.0,0.0,0.0,0.0,0.0,0.0,0.0,0.0,0.0,0.0,0.0,0.0,0.0,0.0,346.02634861200363
165.76467061042786,165.65849542617798,2.7499299436327265,3.467524877141816,-0.003423950916886288,0.006570817883887717,-0.025574891665142964,-0.24611515546085816,1.0000000000000004,0.0016907197857499447,-0.013093573545658236,-0.12269484146372969,0.9923566272649171,0.0,0.0,0.0,0.0,0.0,0.0,0.0,0.0,0.0,0.0,0.0,0.0,0.0,0.0,0.0,0.0,0.0,0.0,0.0,0.0,0.0,0.0,0.0,0.0,0.0,0.0,0.0,0.0,0.0,0.0,0.0,0.0,0.0,0.0,0.0,0.0,345.8986403178867
165.82683801651,165.75843381881714,2.748573099866245,3.4665715614321413,-0.003785033542019445,0.00801655369927029,-0.025722398889872385,-0.24341223461647418,1.0000000000000004,0.0024169180645719373,-0.013252196827235394,-0.12134369590926225,0.9925191409990051,0.0,0.0,0.0,0.0,0.0,0.0,0.0,0.0,0.0,0.0,0.0,0.0,0.0,0.0,0.0,0.0,0.0,0.0,0.0,0.0,0.0,0.0,0.0,0.0,0.0,0.0,0.0,0.0,0.0,0.0,0.0,0.0,0.0,0.0,0.0,0.0,346.05350627462786
165.93492150306702,165.858327627182,2.746065117274827,3.4600806517865377,-0.004317794783795054,0.007774445121421228,-0.02546981458532858,-0.24352909941993728,1.0000000000000004,0.0023113406439148904,-0.013112296648205367,-0.12140397790622784,0.992513878759175,0.0,0.0,0.0,0.0,0.0,0.0,0.0,0.0,0.0,0.0,0.0,0.0,0.0,0.0,0.0,0.0,0.0,0.0,0.0,0.0,0.0,0.0,0.0,0.0,0.0,0.0,0.0,0.0,0.0,0.0,0.0,0.0,0.0,0.0,0.0,0.0,346.0468104146157
166.01478052139282,165.95830869674683,2.74890256022519,3.45850672170234,-0.0024746194882274146,0.006669784359350825,-0.026008997264419166,-0.24506092722007167,1.0000000000000004,0.0017201935769985172,-0.013314131162240457,-0.12217003076763645,0.9924183887996474,0.0,0.0,0.0,0.0,0.0,0.0,0.0,0.0,0.0,0.0,0.0,0.0,0.0,0.0,0.0,0.0,0.0,0.0,0.0,0.0,0.0,0.0,0.0,0.0,0.0,0.0,0.0,0.0,0.0,0.0,0.0,0.0,0.0,0.0,0.0,0.0,345.95904314672725
166.12165069580078,166.05827283859253,2.748811124328421,3.4494093825278678,-0.0020422812586561798,0.006058210956099322,-0.02618774830265577,-0.24267251816208407,1.0000000000000004,0.0014217588863943793,-0.013363781266116795,-0.12098844852240784,0.9925629366826478,0.0,0.0,0.0,0.0,0.0,0.0,0.0,0.0,0.0,0.0,0.0,0.0,0.0,0.0,0.0,0.0,0.0,0.0,0.0,0.0,0.0,0.0,0.0,0.0,0.0,0.0,0.0,0.0,0.0,0.0,0.0,0.0,0.0,0.0,0.0,0.0,346.0958889055008
166.25765895843506,166.15735816955566,2.7466436398047356,3.4461998397671745,-0.004207747578580149,0.008511340579724207,-0.025609648609498013,-0.2394388688136242,1.0000000000000004,0.0026955785231473697,-0.013220934248258374,-0.11936868054734823,0.9927583083804512,0.0,0.0,0.0,0.0,0.0,0.0,0.0,0.0,0.0,0.0,0.0,0.0,0.0,0.0,0.0,0.0,0.0,0.0,0.0,0.0,0.0,0.0,0.0,0.0,0.0,0.0,0.0,0.0,0.0,0.0,0.0,0.0,0.0,0.0,0.0,0.0,346.2811633655927
166.36089420318604,166.25690937042236,2.74743176713312,3.4433719237827827,-0.003204352407896349,0.007280967529100807,-0.02604501888612947,-0.23915702326193375,1.0000000000000004,0.002060722981347913,-0.013363313789903379,-0.11923576556149501,0.9927738954446333,0.0,0.0,0.0,0.0,0.0,0.0,0.0,0.0,0.0,0.0,0.0,0.0,0.0,0.0,0.0,0.0,0.0,0.0,0.0,0.0,0.0,0.0,0.0,0.0,0.0,0.0,0.0,0.0,0.0,0.0,0.0,0.0,0.0,0.0,0.0,0.0,346.2973119261792
166.41628909111023,166.35845375061035,2.7492025847027075,3.4343727737381538,-0.0016559104427445765,0.006384035295547373,-0.02582301063564743,-0.23937069116351312,1.0000000000000004,0.0016273326346000563,-0.013199812106567663,-0.1193483315486958,0.9927633617863783,0.0,0.0,0.0,0.0,0.0,0.0,0.0,0.0,0.0,0.0,0.0,0.0,0.0,0.0,0.0,0.0,0.0,0.0,0.0,0.0,0.0,0.0,0.0,0.0,0.0,0.0,0.0,0.0,0.0,0.0,0.0,0.0,0.0,0.0,0.0,0.0,346.28506965720123
166.5572485923767,166.45826745033264,2.7487374185039752,3.4278506526233046,-0.003213764729243573,0.007926939629614814,-0.02586477597617467,-0.24371132684505817,1.0000000000000004,0.0023618090954104056,-0.013317768195629649,-0.12149232398569536,0.992500213662768,0.0,0.0,0.0,0.0,0.0,0.0,0.0,0.0,0.0,0.0,0.0,0.0,0.0,0.0,0.0,0.0,0.0,0.0,0.0,0.0,0.0,0.0,0.0,0.0,0.0,0.0,0.0,0.0,0.0,0.0,0.0,0.0,0.0,0.0,0.0,0.0,346.0363695522448
166.64383673667908,166.5575692653656,2.74503997339182,3.426601067430485,-0.0037558987140793496,0.007966848364307227,-0.02555226778046013,-0.23036397795516023,1.0000000000000004,0.00248841895149199,-0.01314879810653195,-0.11486662796832542,0.993290780516291,0.0,0.0,0.0,0.0,0.0,0.0,0.0,0.0,0.0,0.0,0.0,0.0,0.0,0.0,0.0,0.0,0.0,0.0,0.0,0.0,0.0,0.0,0.0,0.0,0.0,0.0,0.0,0.0,0.0,0.0,0.0,0.0,0.0,0.0,0.0,0.0,346.80111631132456
166.72877144813538,166.65827417373657,2.743079051190203,3.4261999904102405,-0.0014758812047269401,0.006562645468786379,-0.026157944677224026,-0.23207549169789296,1.0000000000000004,0.0017447721648390457,-0.01337044841461434,-0.11572436578263604,0.9931898398813253,0.0,0.0,0.0,0.0,0.0,0.0,0.0,0.0,0.0,0.0,0.0,0.0,0.0,0.0,0.0,0.0,0.0,0.0,0.0,0.0,0.0,0.0,0.0,0.0,0.0,0.0,0.0,0.0,0.0,0.0,0.0,0.0,0.0,0.0,0.0,0.0,346.70305379728734
166.86897587776184,166.75821256637573,2.742048315649359,3.4278636362635124,-0.001289015847424544,0.0068926990419775095,-0.026498315296499018,-0.23657520094791112,1.0000000000000004,0.0018584560239810332,-0.01356278572957489,-0.11795554828783715,0.9929245115377993,0.0,0.0,0.0,0.0,0.0,0.0,0.0,0.0,0.0,0.0,0.0,0.0,0.0,0.0,0.0,0.0,0.0,0.0,0.0,0.0,0.0,0.0,0.0,0.0,0.0,0.0,0.0,0.0,0.0,0.0,0.0,0.0,0.0,0.0,0.0,0.0,346.4452394482253
166.97872185707092,166.85733294487,2.740389308079822,3.434033139812468,-0.003175114765231344,0.008301461013789577,-0.024838343761775874,-0.23103443315753974,1.0000000000000004,0.0026913468455539197,-0.012814355369791223,-0.11519938831675046,0.9932560847435374,0.0,0.0,0.0,0.0,0.0,0.0,0.0,0.0,0.0,0.0,0.0,0.0,0.0,0.0,0.0,0.0,0.0,0.0,0.0,0.0,0.0,0.0,0.0,0.0,0.0,0.0,0.0,0.0,0.0,0.0,0.0,0.0,0.0,0.0,0.0,0.0,346.7627020578757
167.07725739479065,166.9584128856659,2.7393924905300744,3.435932422811246,-0.0013997874019657237,0.007075821805752331,-0.0259471919291108,-0.23557519234563307,1.0000000000000004,0.0019885486188233317,-0.013298983859831894,-0.11745921744274504,0.9929866640294952,0.0,0.0,0.0,0.0,0.0,0.0,0.0,0.0,0.0,0.0,0.0,0.0,0.0,0.0,0.0,0.0,0.0,0.0,0.0,0.0,0.0,0.0,0.0,0.0,0.0,0.0,0.0,0.0,0.0,0.0,0.0,0.0,0.0,0.0,0.0,0.0,346.5025357206126
167.14484000205994,167.05743503570557,2.742738866947362,3.436775609584862,-0.0004950558579803581,0.005806389325009665,-0.025801342157656924,-0.23773115049835944,1.0000000000000004,0.001352676875457789,-0.01315348080659622,-0.11853830847502683,0.9928614332482765,0.0,0.0,0.0,0.0,0.0,0.0,0.0,0.0,0.0,0.0,0.0,0.0,0.0,0.0,0.0,0.0,0.0,0.0,0.0,0.0,0.0,0.0,0.0,0.0,0.0,0.0,0.0,0.0,0.0,0.0,0.0,0.0,0.0,0.0,0.0,0.0,346.3790084176546
167.21612739562988,167.15676307678223,2.74381469658118,3.4407895957384804,-0.0017919969426082303,0.007623486034894275,-0.025778698763803915,-0.23732875135693204,1.0000000000000004,0.002258747674341297,-0.013249478230728176,-0.11832660374810262,0.9928837616916684,0.0,0.0,0.0,0.0,0.0,0.0,0.0,0.0,0.0,0.0,0.0,0.0,0.0,0.0,0.0,0.0,0.0,0.0,0.0,0.0,0.0,0.0,0.0,0.0,0.0,0.0,0.0,0.0,0.0,0.0,0.0,0.0,0.0,0.0,0.0,0.0,346.4020641901381
167.32978057861328,167.25846028327942,2.7459022315392985,3.448859569455296,-0.002703438535161595,0.0074626688177905276,-0.02529261399886432,-0.23706490573941513,1.0000000000000004,0.0022094078517962087,-0.01299836185272711,-0.11819795105146476,0.992902515594218,0.0,0.0,0.0,0.0,0.0,0.0,0.0,0.0,0.0,0.0,0.0,0.0,0.0,0.0,0.0,0.0,0.0,0.0,0.0,0.0,0.0,0.0,0.0,0.0,0.0,0.0,0.0,0.0,0.0,0.0,0.0,0.0,0.0,0.0,0.0,0.0,346.41718143046484
167.4825758934021,167.35851764678955,2.7479767288182644,3.4501712168057184,-0.0015298964077580534,0.006038614273654503,-0.02607779394483153,-0.23865636544823188,1.0000000000000007,0.0014454099975559573,-0.013305152308381099,-0.11899544498181158,0.9928045969804792,0.0,0.0,0.0,0.0,0.0,0.0,0.0,0.0,0.0,0.0,0.0,0.0,0.0,0.0,0.0,0.0,0.0,0.0,0.0,0.0,0.0,0.0,0.0,0.0,0.0,0.0,0.0,0.0,0.0,0.0,0.0,0.0,0.0,0.0,0.0,0.0,346.32599750588446
167.5468213558197,167.45815086364746,2.7520718404204914,3.447286734669803,-0.001444189690185196,0.0073895662032895815,-0.02598093220702294,-0.24111764682660752,1.0000000000000004,0.002105377300298533,-0.013340047102617679,-0.12020837779914022,0.9926568170503961,0.0,0.0,0.0,0.0,0.0,0.0,0.0,0.0,0.0,0.0,0.0,0.0,0.0,0.0,0.0,0.0,0.0,0.0,0.0,0.0,0.0,0.0,0.0,0.0,0.0,0.0,0.0,0.0,0.0,0.0,0.0,0.0,0.0,0.0,0.0,0.0,346.18497647070944
167.68652606010437,167.55848598480225,2.7519648519339963,3.4490700928456755,-0.004167531340652396,0.007923134741730337,-0.02524569759065053,-0.23893731333044263,1.0000000000000004,0.002428607798257686,-0.013004562520008657,-0.11912458952139994,0.9927911741092305,0.0,0.0,0.0,0.0,0.0,0.0,0.0,0.0,0.0,0.0,0.0,0.0,0.0,0.0,0.0,0.0,0.0,0.0,0.0,0.0,0.0,0.0,0.0,0.0,0.0,0.0,0.0,0.0,0.0,0.0,0.0,0.0,0.0,0.0,0.0,0.0,346.3099003779707
167.7737753391266,167.65855407714844,2.751700321910366,3.4516963988505363,-0.0026594314967931447,0.006526712802127567,-0.026174985593096882,-0.24303088355399266,1.0000000000000004,0.0016526416925666202,-0.013386085066414486,-0.12116319361490956,0.9925409623864738,0.0,0.0,0.0,0.0,0.0,0.0,0.0,0.0,0.0,0.0,0.0,0.0,0.0,0.0,0.0,0.0,0.0,0.0,0.0,0.0,0.0,0.0,0.0,0.0,0.0,0.0,0.0,0.0,0.0,0.0,0.0,0.0,0.0,0.0,0.0,0.0,346.07535608102086
167.85138082504272,167.75814747810364,2.7524609718416606,3.4503428638202616,-0.0024221337423605267,0.005953051232307857,-0.02659109568277712,-0.24142462361934017,1.0000000000000004,0.0013536130617201993,-0.013556749416672143,-0.1203689042338879,0.9926357384108567,0.0,0.0,0.0,0.0,0.0,0.0,0.0,0.0,0.0,0.0,0.0,0.0,0.0,0.0,0.0,0.0,0.0,0.0,0.0,0.0,0.0,0.0,0.0,0.0,0.0,0.0,0.0,0.0,0.0,0.0,0.0,0.0,0.0,0.0,0.0,0.0,346.16738799607737
167.95744729042053,167.85865211486816,2.7541085938903223,3.446648803701006,-0.004354230453387401,0.007973897587881168,-0.025472516055847997,-0.2414009150203594,1.0000000000000004,0.002424121818846429,-0.013123172291900168,-0.12034646768728584,0.9926422485959373,0.0,0.0,0.0,0.0,0.0,0.0,0.0,0.0,0.0,0.0,0.0,0.0,0.0,0.0,0.0,0.0,0.0,0.0,0.0,0.0,0.0,0.0,0.0,0.0,0.0,0.0,0.0,0.0,0.0,0.0,0.0,0.0,0.0,0.0,0.0,0.0,346.16874639873714
168.03524923324585,167.9581480026245,2.7551325039052608,3.44633319942671,-0.003327246425936234,0.007302399398503559,-0.026085390518613128,-0.24061097150945077,1.0000000000000004,0.002059221880450473,-0.013386131769196629,-0.11995720696465222,0.9926866774459832,0.0,0.0,0.0,0.0,0.0,0.0,0.0,0.0,0.0,0.0,0.0,0.0,0.0,0.0,0.0,0.0,0.0,0.0,0.0,0.0,0.0,0.0,0.0,0.0,0.0,0.0,0.0,0.0,0.0,0.0,0.0,0.0,0.0,0.0,0.0,0.0,346.214006827966
168.15722703933716,168.05658888816833,2.754445695183521,3.439773366750223,-0.0011159056432002428,0.006486466272384703,-0.02606093842523412,-0.23697057644713623,1.0000000000000004,0.0016799579212412495,-0.013322019822491803,-0.11815563134085867,0.9929042996742818,0.0,0.0,0.0,0.0,0.0,0.0,0.0,0.0,0.0,0.0,0.0,0.0,0.0,0.0,0.0,0.0,0.0,0.0,0.0,0.0,0.0,0.0,0.0,0.0,0.0,0.0,0.0,0.0,0.0,0.0,0.0,0.0,0.0,0.0,0.0,0.0,346.4225861007968
168.2211148738861,168.15818548202515,2.7531359734570917,3.4426047424338377,-0.0015221947263378104,0.007166826475046459,-0.025974772991946827,-0.23721135789523232,1.0000000000000004,0.0020212148147217023,-0.013319680153264525,-0.11827084775453252,0.9928899774812479,0.0,0.0,0.0,0.0,0.0,0.0,0.0,0.0,0.0,0.0,0.0,0.0,0.0,0.0,0.0,0.0,0.0,0.0,0.0,0.0,0.0,0.0,0.0,0.0,0.0,0.0,0.0,0.0,0.0,0.0,0.0,0.0,0.0,0.0,0.0,0.0,346.4087903400359
168.3498432636261,168.2586169242859,2.750687138236402,3.446660323762206,-0.003669872127120462,0.007638064445695197,-0.02491177729016357,-0.23717174607995883,1.0000000000000004,0.0023183234553593953,-0.0128197864830673,-0.11825085630130676,0.9928982895719449,0.0,0.0,0.0,0.0,0.0,0.0,0.0,0.0,0.0,0.0,0.0,0.0,0.0,0.0,0.0,0.0,0.0,0.0,0.0,0.0,0.0,0.0,0.0,0.0,0.0,0.0,0.0,0.0,0.0,0.0,0.0,0.0,0.0,0.0,0.0,0.0,346.41105992986996
168.45039916038513,168.35838556289673,2.750244381346262,3.4475805383308815,-0.00184365012362459,0.007070499543178148,-0.02617253305803246,-0.23789431257379984,1.0000000000000004,0.001957110012700069,-0.013412828758266531,-0.11861003166623507,0.9928483903060101,0.0,0.0,0.0,0.0,0.0,0.0,0.0,0.0,0.0,0.0,0.0,0.0,0.0,0.0,0.0,0.0,0.0,0.0,0.0,0.0,0.0,0.0,0.0,0.0,0.0,0.0,0.0,0.0,0.0,0.0,0.0,0.0,0.0,0.0,0.0,0.0,346.3696599193553
168.54486656188965,168.45868158340454,2.7513193705092425,3.4426748206337288,-0.0009943237257843064,0.006365987495601734,-0.026671320580378733,-0.23734727928691227,1.0000000000000004,0.0015814954849626046,-0.01361822224003936,-0.11834200565992872,0.9928782466100455,0.0,0.0,0.0,0.0,0.0,0.0,0.0,0.0,0.0,0.0,0.0,0.0,0.0,0.0,0.0,0.0,0.0,0.0,0.0,0.0,0.0,0.0,0.0,0.0,0.0,0.0,0.0,0.0,0.0,0.0,0.0,0.0,0.0,0.0,0.0,0.0,346.4010026179471
168.6735498905182,168.55837678909302,2.749672251450073,3.4470563669635075,-0.003454900715514721,0.007122308378206537,-0.025586228354485187,-0.23526347382317508,1.0000000000000004,0.002034889851595315,-0.01312218274195421,-0.11730505181876459,0.9930071461783024,0.0,0.0,0.0,0.0,0.0,0.0,0.0,0.0,0.0,0.0,0.0,0.0,0.0,0.0,0.0,0.0,0.0,0.0,0.0,0.0,0.0,0.0,0.0,0.0,0.0,0.0,0.0,0.0,0.0,0.0,0.0,0.0,0.0,0.0,0.0,0.0,346.52039587634556
168.7661530971527,168.65872073173523,2.750347072992057,3.450129473749858,-0.002300753648068363,0.006998742940572859,-0.02647259276644724,-0.2368436292432079,1.0000000000000004,0.001910801586411432,-0.013556526397918777,-0.11808815724618817,0.9929087352559249,0.0,0.0,0.0,0.0,0.0,0.0,0.0,0.0,0.0,0.0,0.0,0.0,0.0,0.0,0.0,0.0,0.0,0.0,0.0,0.0,0.0,0.0,0.0,0.0,0.0,0.0,0.0,0.0,0.0,0.0,0.0,0.0,0.0,0.0,0.0,0.0,346.42985963980294
168.84055709838867,168.758446931839,2.749224844911366,3.45517684749319,-0.001216473947077493,0.005812014608670328,-0.026069888085384987,-0.23835326001527127,1.0000000000000004,0.0013354098566059434,-0.013287543374766632,-0.11884650559781584,0.9928228270838497,0.0,0.0,0.0,0.0,0.0,0.0,0.0,0.0,0.0,0.0,0.0,0.0,0.0,0.0,0.0,0.0,0.0,0.0,0.0,0.0,0.0,0.0,0.0,0.0,0.0,0.0,0.0,0.0,0.0,0.0,0.0,0.0,0.0,0.0,0.0,0.0,346.3433641679406
168.92598867416382,168.85852193832397,2.747787075933831,3.4576336044372207,-0.001625903922778974,0.007480239638573998,-0.025924163430545606,-0.23874349032453404,1.0000000000000002,0.002169603042502831,-0.013314755208071542,-0.11902947651694892,0.9927990702234208,0.0,0.0,0.0,0.0,0.0,0.0,0.0,0.0,0.0,0.0,0.0,0.0,0.0,0.0,0.0,0.0,0.0,0.0,0.0,0.0,0.0,0.0,0.0,0.0,0.0,0.0,0.0,0.0,0.0,0.0,0.0,0.0,0.0,0.0,0.0,0.0,346.3210056181818
169.01591897010803,168.95866918563843,2.749373443927307,3.4586364508724987,-0.003191388963297218,0.007594659191149855,-0.025097226397475716,-0.23823308162074025,1.0000000000000002,0.0022789505870005233,-0.012910496271628992,-0.11877752963033052,0.9928343386110086,0.0,0.0,0.0,0.0,0.0,0.0,0.0,0.0,0.0,0.0,0.0,0.0,0.0,0.0,0.0,0.0,0.0,0.0,0.0,0.0,0.0,0.0,0.0,0.0,0.0,0.0,0.0,0.0,0.0,0.0,0.0,0.0,0.0,0.0,0.0,0.0,346.3502498827359
169.16907262802124,169.05825352668762,2.748210515495357,3.4632770932664063,-0.0012503057199834478,0.0063241228537620165,-0.02649658159789189,-0.2407434565254549,1.0000000000000004,0.0015480833620410918,-0.013531646905327504,-0.12002852826231654,0.9926770121107453,0.0,0.0,0.0,0.0,0.0,0.0,0.0,0.0,0.0,0.0,0.0,0.0,0.0,0.0,0.0,0.0,0.0,0.0,0.0,0.0,0.0,0.0,0.0,0.0,0.0,0.0,0.0,0.0,0.0,0.0,0.0,0.0,0.0,0.0,0.0,0.0,346.20641599570024
169.21398901939392,169.15878176689148,2.747076152990816,3.4634383956933066,-0.0004251306013582902,0.0067939534292787455,-0.026235710844107082,-0.2399048310162911,1.0000000000000002,0.0018025768790211458,-0.013429609550674928,-0.11960973927635356,0.9927285160476428,0.0,0.0,0.0,0.0,0.0,0.0,0.0,0.0,0.0,0.0,0.0,0.0,0.0,0.0,0.0,0.0,0.0,0.0,0.0,0.0,0.0,0.0,0.0,0.0,0.0,0.0,0.0,0.0,0.0,0.0,0.0,0.0,0.0,0.0,0.0,0.0,346.2544656979673
169.3107738494873,169.25879669189453,2.7469195450064148,3.4663233767252257,-0.0029987115434523173,0.007315517098939841,-0.024833278657001898,-0.23928328482687136,1.0000000000000002,0.002149365304572591,-0.012764021733591797,-0.1193013289284148,0.9927737168629549,0.0,0.0,0.0,0.0,0.0,0.0,0.0,0.0,0.0,0.0,0.0,0.0,0.0,0.0,0.0,0.0,0.0,0.0,0.0,0.0,0.0,0.0,0.0,0.0,0.0,0.0,0.0,0.0,0.0,0.0,0.0,0.0,0.0,0.0,0.0,0.0,346.2900776713935
169.42136311531067,169.35866737365723,2.748058587642332,3.4675552600308523,-0.0019835539350474287,0.006815997543680552,-0.026234240694377842,-0.24118449833236402,1.0000000000000002,0.001805013313180894,-0.013431355830847393,-0.12024475147227848,0.992651771947673,0.0,0.0,0.0,0.0,0.0,0.0,0.0,0.0,0.0,0.0,0.0,0.0,0.0,0.0,0.0,0.0,0.0,0.0,0.0,0.0,0.0,0.0,0.0,0.0,0.0,0.0,0.0,0.0,0.0,0.0,0.0,0.0,0.0,0.0,0.0,0.0,346.1811461615755
169.54931139945984,169.45858645439148,2.747887655192559,3.4742403834345588,-0.0010024127911101377,0.0060208774584541765,-0.026200313207271463,-0.24137294387606933,1.0000000000000002,0.0014111562666315764,-0.013366844342839027,-0.12034368913136054,0.992641290999201,0.0,0.0,0.0,0.0,0.0,0.0,0.0,0.0,0.0,0.0,0.0,0.0,0.0,0.0,0.0,0.0,0.0,0.0,0.0,0.0,0.0,0.0,0.0,0.0,0.0,0.0,0.0,0.0,0.0,0.0,0.0,0.0,0.0,0.0,0.0,0.0,346.17034902725317
169.65998530387878,169.55856490135193,2.747555594591939,3.476934333763203,-0.0024241548432273703,0.007584908794110487,-0.02568462201322351,-0.24026215636086973,1.0000000000000002,0.0022258031791564685,-0.013203771552047217,-0.11978324627061489,0.9927097663113237,0.0,0.0,0.0,0.0,0.0,0.0,0.0,0.0,0.0,0.0,0.0,0.0,0.0,0.0,0.0,0.0,0.0,0.0,0.0,0.0,0.0,0.0,0.0,0.0,0.0,0.0,0.0,0.0,0.0,0.0,0.0,0.0,0.0,0.0,0.0,0.0,346.2339924638099
169.76495361328125,169.65856862068176,2.749028259970928,3.4787878483618058,-0.0026112343422980593,0.007284822895098573,-0.025320374181373964,-0.24198233103837358,1.0000000000000002,0.002087500473856765,-0.013006804590690276,-0.12063993777281465,0.9926089213735102,0.0,0.0,0.0,0.0,0.0,0.0,0.0,0.0,0.0,0.0,0.0,0.0,0.0,0.0,0.0,0.0,0.0,0.0,0.0,0.0,0.0,0.0,0.0,0.0,0.0,0.0,0.0,0.0,0.0,0.0,0.0,0.0,0.0,0.0,0.0,0.0,346.1354337147636
169.82558822631836,169.75785517692566,2.7489222239029956,3.478465906661634,-0.0015673258591954549,0.006390929391361428,-0.026288496181092556,-0.24193590702727438,1.0000000000000002,0.0015857297961493087,-0.013433324267971669,-0.1206204095760207,0.9926065424194214,0.0,0.0,0.0,0.0,0.0,0.0,0.0,0.0,0.0,0.0,0.0,0.0,0.0,0.0,0.0,0.0,0.0,0.0,0.0,0.0,0.0,0.0,0.0,0.0,0.0,0.0,0.0,0.0,0.0,0.0,0.0,0.0,0.0,0.0,0.0,0.0,346.1380936146677
169.98803520202637,169.85777521133423,2.7490055367013495,3.4791881282267703,-0.0009099396303414019,0.00757303096511963,-0.026150227748843236,-0.23957574142302607,1.0000000000000002,0.0021966096976595993,-0.013433409678083907,-0.11944137660376784,0.9927479418086216,0.0,0.0,0.0,0.0,0.0,0.0,0.0,0.0,0.0,0.0,0.0,0.0,0.0,0.0,0.0,0.0,0.0,0.0,0.0,0.0,0.0,0.0,0.0,0.0,0.0,0.0,0.0,0.0,0.0,0.0,0.0,0.0,0.0,0.0,0.0,0.0,346.27332114274304
170.06650590896606,169.9577121734619,2.749268674617787,3.4841460140818308,-0.002815642885677402,0.007284357585587562,-0.024831888024295205,-0.2421192575794066,1.0000000000000002,0.0021158834122744605,-0.012764485887573443,-0.12070915057246433,0.9926035925310196,0.0,0.0,0.0,0.0,0.0,0.0,0.0,0.0,0.0,0.0,0.0,0.0,0.0,0.0,0.0,0.0,0.0,0.0,0.0,0.0,0.0,0.0,0.0,0.0,0.0,0.0,0.0,0.0,0.0,0.0,0.0,0.0,0.0,0.0,0.0,0.0,346.12758840185916
170.1424422264099,170.05778217315674,2.750249055482771,3.4849911830200195,-0.0017053255740038988,0.006841661706731739,-0.025982461438727636,-0.2454993738378222,1.0000000000000002,0.0018041845618071938,-0.013311858907080578,-0.12238651054689031,0.9923915967835788,0.0,0.0,0.0,0.0,0.0,0.0,0.0,0.0,0.0,0.0,0.0,0.0,0.0,0.0,0.0,0.0,0.0,0.0,0.0,0.0,0.0,0.0,0.0,0.0,0.0,0.0,0.0,0.0,0.0,0.0,0.0,0.0,0.0,0.0,0.0,0.0,345.93392200598834
170.22880625724792,170.1576840877533,2.7498673429149423,3.4871613283928813,-0.0013421336243761624,0.005550625396970598,-0.02675805826339064,-0.24428311948488804,1.0,0.001124366066848656,-0.013617016013587719,-0.12178986350887211,0.9924618591272533,0.0,0.0,0.0,0.0,0.0,0.0,0.0,0.0,0.0,0.0,0.0,0.0,0.0,0.0,0.0,0.0,0.0,0.0,0.0,0.0,0.0,0.0,0.0,0.0,0.0,0.0,0.0,0.0,0.0,0.0,0.0,0.0,0.0,0.0,0.0,0.0,346.0036082472259
170.32743287086487,170.25703835487366,2.7520639185062987,3.492887512826964,-0.003569243888560118,0.007168746324886294,-0.02595658095493304,-0.24422068708648212,1.0000000000000002,0.001976582461291622,-0.013317771471683906,-0.12174989459139943,0.9924694923531833,0.0,0.0,0.0,0.0,0.0,0.0,0.0,0.0,0.0,0.0,0.0,0.0,0.0,0.0,0.0,0.0,0.0,0.0,0.0,0.0,0.0,0.0,0.0,0.0,0.0,0.0,0.0,0.0,0.0,0.0,0.0,0.0,0.0,0.0,0.0,0.0,346.00718536015944
170.42043209075928,170.3588092327118,2.7545154008423975,3.4913316868432256,-0.002949466520009182,0.007226809425834131,-0.026088286152499286,-0.24416668526008442,1.0000000000000002,0.0019977331839003943,-0.013386608028777615,-0.12172236977810434,0.9924719000975357,0.0,0.0,0.0,0.0,0.0,0.0,0.0,0.0,0.0,0.0,0.0,0.0,0.0,0.0,0.0,0.0,0.0,0.0,0.0,0.0,0.0,0.0,0.0,0.0,0.0,0.0,0.0,0.0,0.0,0.0,0.0,0.0,0.0,0.0,0.0,0.0,346.01027943689803
170.5294749736786,170.4588327407837,2.7527535882485172,3.4897088484082968,-0.002323116109208372,0.006270804558943301,-0.026199050896148855,-0.24260523127905131,1.0000000000000002,0.0015270311734448502,-0.013382199719102672,-0.12095360747231954,0.9925667784818843,0.0,0.0,0.0,0.0,0.0,0.0,0.0,0.0,0.0,0.0,0.0,0.0,0.0,0.0,0.0,0.0,0.0,0.0,0.0,0.0,0.0,0.0,0.0,0.0,0.0,0.0,0.0,0.0,0.0,0.0,0.0,0.0,0.0,0.0,0.0,0.0,346.09974415991513
170.6589641571045,170.55865001678467,2.7498197131502597,3.4923176820416977,-0.0021764713927379686,0.007316004815689018,-0.026444849573426497,-0.24119978175583048,1.0000000000000002,0.0020404041439949657,-0.013565961925658626,-0.12024842616511427,0.9926490404129621,0.0,0.0,0.0,0.0,0.0,0.0,0.0,0.0,0.0,0.0,0.0,0.0,0.0,0.0,0.0,0.0,0.0,0.0,0.0,0.0,0.0,0.0,0.0,0.0,0.0,0.0,0.0,0.0,0.0,0.0,0.0,0.0,0.0,0.0,0.0,0.0,346.1802704859143
170.74820351600647,170.65896892547607,2.747268230242135,3.4940754336569664,-0.0034012118753144523,0.007524129146227287,-0.02529041074951744,-0.24278192836190837,1.0000000000000002,0.002202877899769768,-0.013007250380057313,-0.12103529346452341,0.9925605354347242,0.0,0.0,0.0,0.0,0.0,0.0,0.0,0.0,0.0,0.0,0.0,0.0,0.0,0.0,0.0,0.0,0.0,0.0,0.0,0.0,0.0,0.0,0.0,0.0,0.0,0.0,0.0,0.0,0.0,0.0,0.0,0.0,0.0,0.0,0.0,0.0,346.08962016281515
170.8594150543213,170.75866746902466,2.750109376488366,3.4914386613308723,-0.0016262567089224407,0.0063171682863543376,-0.02606575323445423,-0.242776771767814,1.0000000000000002,0.001556965221008783,-0.013318984460564499,-0.12103874385901899,0.9925572038916806,0.0,0.0,0.0,0.0,0.0,0.0,0.0,0.0,0.0,0.0,0.0,0.0,0.0,0.0,0.0,0.0,0.0,0.0,0.0,0.0,0.0,0.0,0.0,0.0,0.0,0.0,0.0,0.0,0.0,0.0,0.0,0.0,0.0,0.0,0.0,0.0,346.0899156138934
170.91487884521484,170.85780906677246,2.7509067768061546,3.4871509275462462,-0.0015142388777424694,0.006048337641560686,-0.02640295294116089,-0.24318576308706483,1.0000000000000002,0.0014003750847217658,-0.013470344764448075,-0.12124272988626472,0.9925304978746375,0.0,0.0,0.0,0.0,0.0,0.0,0.0,0.0,0.0,0.0,0.0,0.0,0.0,0.0,0.0,0.0,0.0,0.0,0.0,0.0,0.0,0.0,0.0,0.0,0.0,0.0,0.0,0.0,0.0,0.0,0.0,0.0,0.0,0.0,0.0,0.0,346.06648213744285
171.098313331604,170.95857572555542,2.7499112959465926,3.487823864874652,-0.0027715327671767737,0.007356475610949369,-0.0256037070343599,-0.24226045842880048,1.0,0.0021041294032134268,-0.013152037031770791,-0.12077677125023091,0.9925903324573231,0.0,0.0,0.0,0.0,0.0,0.0,0.0,0.0,0.0,0.0,0.0,0.0,0.0,0.0,0.0,0.0,0.0,0.0,0.0,0.0,0.0,0.0,0.0,0.0,0.0,0.0,0.0,0.0,0.0,0.0,0.0,0.0,0.0,0.0,0.0,0.0,346.1194981891252
171.1460371017456,171.05763149261475,2.751264590022835,3.4824565173318174,-0.002107330391224586,0.007094464543383079,-0.026104478172404858,-0.24180198914894843,1.0000000000000002,0.0019468989279286064,-0.013384295748514257,-0.12054968190666056,0.9926151542285077,0.0,0.0,0.0,0.0,0.0,0.0,0.0,0.0,0.0,0.0,0.0,0.0,0.0,0.0,0.0,0.0,0.0,0.0,0.0,0.0,0.0,0.0,0.0,0.0,0.0,0.0,0.0,0.0,0.0,0.0,0.0,0.0,0.0,0.0,0.0,0.0,346.14576654389714
171.2280821800232,171.1569790840149,2.7530261184910327,3.477506072751879,-0.0014884575026159507,0.005887980795031105,-0.02600592970513862,-0.24282286126780853,1.0000000000000002,0.0013472858139696056,-0.013263352173254542,-0.12106460701331981,0.9925551013615187,0.0,0.0,0.0,0.0,0.0,0.0,0.0,0.0,0.0,0.0,0.0,0.0,0.0,0.0,0.0,0.0,0.0,0.0,0.0,0.0,0.0,0.0,0.0,0.0,0.0,0.0,0.0,0.0,0.0,0.0,0.0,0.0,0.0,0.0,0.0,0.0,346.0872748800639
171.34389519691467,171.25885152816772,2.752995224597333,3.47300346254938,-0.0005580922611752365,0.0069063136551844205,-0.026058247604807187,-0.23911283625660956,1.0000000000000002,0.0018742552714964445,-0.013347502573690459,-0.11921629993689244,0.9927768153878191,0.0,0.0,0.0,0.0,0.0,0.0,0.0,0.0,0.0,0.0,0.0,0.0,0.0,0.0,0.0,0.0,0.0,0.0,0.0,0.0,0.0,0.0,0.0,0.0,0.0,0.0,0.0,0.0,0.0,0.0,0.0,0.0,0.0,0.0,0.0,0.0,346.2998436550936
171.43894910812378,171.3579559326172,2.7545805714292046,3.4694616176272617,-0.0018003068714232563,0.0070791358154065984,-0.025292630095070687,-0.23423296552424572,1.0,0.002037372596586321,-0.012972831344585984,-0.1167944026079793,0.9930692937953791,0.0,0.0,0.0,0.0,0.0,0.0,0.0,0.0,0.0,0.0,0.0,0.0,0.0,0.0,0.0,0.0,0.0,0.0,0.0,0.0,0.0,0.0,0.0,0.0,0.0,0.0,0.0,0.0,0.0,0.0,0.0,0.0,0.0,0.0,0.0,0.0,346.5794396526274
171.5237967967987,171.45894145965576,2.7544792193698133,3.4678296809001665,-0.001824174044484111,0.00604594787095538,-0.025716321695903342,-0.2345372456202811,1.0,0.0014976022647200209,-0.013123097899402553,-0.11695122108758094,0.9930498242158363,0.0,0.0,0.0,0.0,0.0,0.0,0.0,0.0,0.0,0.0,0.0,0.0,0.0,0.0,0.0,0.0,0.0,0.0,0.0,0.0,0.0,0.0,0.0,0.0,0.0,0.0,0.0,0.0,0.0,0.0,0.0,0.0,0.0,0.0,0.0,0.0,346.56200568733476
171.65658712387085,171.55886793136597,2.753860745157361,3.4635223827116093,-0.0013412657284739599,0.006338063354086064,-0.02652631274119557,-0.2386884381850964,1.0000000000000002,0.0015671361295353625,-0.013545636997687682,-0.11900831580570771,0.9927996175320415,0.0,0.0,0.0,0.0,0.0,0.0,0.0,0.0,0.0,0.0,0.0,0.0,0.0,0.0,0.0,0.0,0.0,0.0,0.0,0.0,0.0,0.0,0.0,0.0,0.0,0.0,0.0,0.0,0.0,0.0,0.0,0.0,0.0,0.0,0.0,0.0,346.3241598734248
171.74404406547546,171.65895533561707,2.752076334757916,3.466755026489819,-0.0037154648046117695,0.007598605424970596,-0.02556776468046985,-0.23565571757992756,1.0,0.002269879508839572,-0.013141396649591488,-0.11749672023957244,0.9929837219582491,0.0,0.0,0.0,0.0,0.0,0.0,0.0,0.0,0.0,0.0,0.0,0.0,0.0,0.0,0.0,0.0,0.0,0.0,0.0,0.0,0.0,0.0,0.0,0.0,0.0,0.0,0.0,0.0,0.0,0.0,0.0,0.0,0.0,0.0,0.0,0.0,346.49792196454325
171.86322808265686,171.758930683136,2.7515442165075696,3.4685749552377065,-0.0017585415701024396,0.00724682002292956,-0.02617239215727705,-0.23875839092009704,1.0000000000000002,0.0020388485743545012,-0.013424097564515049,-0.11903778732874801,0.9927968784645456,0.0,0.0,0.0,0.0,0.0,0.0,0.0,0.0,0.0,0.0,0.0,0.0,0.0,0.0,0.0,0.0,0.0,0.0,0.0,0.0,0.0,0.0,0.0,0.0,0.0,0.0,0.0,0.0,0.0,0.0,0.0,0.0,0.0,0.0,0.0,0.0,346.3201518769438
171.96817183494568,171.85893392562866,2.751653732295001,3.463397203735225,-0.0017821960707101168,0.00605590862319193,-0.02594631497934339,-0.23797150089618133,1.0000000000000002,0.0014663568255374392,-0.013240414060068014,-0.11865565374429439,0.992846099386855,0.0,0.0,0.0,0.0,0.0,0.0,0.0,0.0,0.0,0.0,0.0,0.0,0.0,0.0,0.0,0.0,0.0,0.0,0.0,0.0,0.0,0.0,0.0,0.0,0.0,0.0,0.0,0.0,0.0,0.0,0.0,0.0,0.0,0.0,0.0,0.0,346.3652373542551
172.06709098815918,171.95894622802734,2.752608096230692,3.4621946031660795,2.532138909214141e-05,0.006943395916665029,-0.026091533635569285,-0.23816999902504274,1.0000000000000002,0.0018969777481676867,-0.01336534280873884,-0.11874794261053837,0.9928326622411214,0.0,0.0,0.0,0.0,0.0,0.0,0.0,0.0,0.0,0.0,0.0,0.0,0.0,0.0,0.0,0.0,0.0,0.0,0.0,0.0,0.0,0.0,0.0,0.0,0.0,0.0,0.0,0.0,0.0,0.0,0.0,0.0,0.0,0.0,0.0,0.0,346.3538642492301
172.1257781982422,172.0571494102478,2.7517849379983605,3.4599230143981123,-0.0013653348034694116,0.00682534330393728,-0.02550941565781504,-0.2376855223346139,1.0000000000000002,0.0018761288853350816,-0.013068909060349243,-0.11850965701743832,0.992865119213072,0.0,0.0,0.0,0.0,0.0,0.0,0.0,0.0,0.0,0.0,0.0,0.0,0.0,0.0,0.0,0.0,0.0,0.0,0.0,0.0,0.0,0.0,0.0,0.0,0.0,0.0,0.0,0.0,0.0,0.0,0.0,0.0,0.0,0.0,0.0,0.0,346.38162271886415
172.22937893867493,172.1589162349701,2.75193113452871,3.4551300899070427,-0.001552664881229992,0.006581802257670774,-0.025900017712226123,-0.23937633462493746,1.0000000000000002,0.0017208646034689926,-0.013249842971621226,-0.11934964179149034,0.9927623800741482,0.0,0.0,0.0,0.0,0.0,0.0,0.0,0.0,0.0,0.0,0.0,0.0,0.0,0.0,0.0,0.0,0.0,0.0,0.0,0.0,0.0,0.0,0.0,0.0,0.0,0.0,0.0,0.0,0.0,0.0,0.0,0.0,0.0,0.0,0.0,0.0,346.28474631067974
172.3788890838623,172.25905966758728,2.751954835398527,3.4525760230182776,-0.00034751750475402003,0.006263848757689371,-0.026439482628878724,-0.23897826436122666,1.0000000000000002,0.0015335103009772187,-0.01349834124177429,-0.11915289029952175,0.9927829731936119,0.0,0.0,0.0,0.0,0.0,0.0,0.0,0.0,0.0,0.0,0.0,0.0,0.0,0.0,0.0,0.0,0.0,0.0,0.0,0.0,0.0,0.0,0.0,0.0,0.0,0.0,0.0,0.0,0.0,0.0,0.0,0.0,0.0,0.0,0.0,0.0,346.30755405674006
172.46369314193726,172.3589572906494,2.7517838556469676,3.451073595026875,-0.0018869783361227766,0.007170085485544283,-0.02540530513790525,-0.23445240437711173,1.0000000000000002,0.00207451720106131,-0.01303431667046858,-0.11690248674905647,0.9930556940872972,0.0,0.0,0.0,0.0,0.0,0.0,0.0,0.0,0.0,0.0,0.0,0.0,0.0,0.0,0.0,0.0,0.0,0.0,0.0,0.0,0.0,0.0,0.0,0.0,0.0,0.0,0.0,0.0,0.0,0.0,0.0,0.0,0.0,0.0,0.0,0.0,346.566866732497
172.52782440185547,172.45829916000366,2.751504917233647,3.4510575522294364,-0.0024073723576065915,0.007783508640679686,-0.026254661688347905,-0.2361946249777054,1.0000000000000002,0.0023176588084878854,-0.013493918246264973,-0.11776121216767729,0.9929475512517316,0.0,0.0,0.0,0.0,0.0,0.0,0.0,0.0,0.0,0.0,0.0,0.0,0.0,0.0,0.0,0.0,0.0,0.0,0.0,0.0,0.0,0.0,0.0,0.0,0.0,0.0,0.0,0.0,0.0,0.0,0.0,0.0,0.0,0.0,0.0,0.0,346.46704484510224
172.64783453941345,172.55907607078552,2.7531622302753465,3.448993134541812,-0.0023023638702670186,0.006963765356817153,-0.02614123410309307,-0.23547883272012257,1.0000000000000002,0.001922153594207397,-0.013388649777521805,-0.11741163646990034,0.9929912169823838,0.0,0.0,0.0,0.0,0.0,0.0,0.0,0.0,0.0,0.0,0.0,0.0,0.0,0.0,0.0,0.0,0.0,0.0,0.0,0.0,0.0,0.0,0.0,0.0,0.0,0.0,0.0,0.0,0.0,0.0,0.0,0.0,0.0,0.0,0.0,0.0,346.5080567204698
172.76361322402954,172.65909242630005,2.754443312504652,3.444901352948971,-0.0026722005970152823,0.007117736161427192,-0.02583818263591073,-0.23439789337505626,1.0,0.0020235635500899154,-0.013246134782793921,-0.11687467246267942,0.9930562703294393,0.0,0.0,0.0,0.0,0.0,0.0,0.0,0.0,0.0,0.0,0.0,0.0,0.0,0.0,0.0,0.0,0.0,0.0,0.0,0.0,0.0,0.0,0.0,0.0,0.0,0.0,0.0,0.0,0.0,0.0,0.0,0.0,0.0,0.0,0.0,0.0,346.5699899828518
172.82423329353333,172.7590844631195,2.7549317559014934,3.4408171606249804,-0.0030689680074441083,0.007259184089748453,-0.025734125120695305,-0.23448302150395534,1.0,0.002099320095291353,-0.013202823033571384,-0.11691626974513408,0.9930517933058501,0.0,0.0,0.0,0.0,0.0,0.0,0.0,0.0,0.0,0.0,0.0,0.0,0.0,0.0,0.0,0.0,0.0,0.0,0.0,0.0,0.0,0.0,0.0,0.0,0.0,0.0,0.0,0.0,0.0,0.0,0.0,0.0,0.0,0.0,0.0,0.0,346.56511250034805
172.97749423980713,172.85906958580017,2.7530815292157573,3.441270214843856,-0.0023529041551076644,0.007252806452296325,-0.026007118267949755,-0.23287976215541814,1.0000000000000002,0.0020908735518105864,-0.013336324942381378,-0.11611951785894774,0.9931435083899142,0.0,0.0,0.0,0.0,0.0,0.0,0.0,0.0,0.0,0.0,0.0,0.0,0.0,0.0,0.0,0.0,0.0,0.0,0.0,0.0,0.0,0.0,0.0,0.0,0.0,0.0,0.0,0.0,0.0,0.0,0.0,0.0,0.0,0.0,0.0,0.0,346.6569724944841
173.02826166152954,172.95810651779175,2.7538444088687055,3.442621637043928,-0.0017569492374474912,0.006223996822682573,-0.02571726163538295,-0.23164606259047446,1.0,0.0016049376990752418,-0.013131669704785963,-0.11551438429763172,0.9932177054634527,0.0,0.0,0.0,0.0,0.0,0.0,0.0,0.0,0.0,0.0,0.0,0.0,0.0,0.0,0.0,0.0,0.0,0.0,0.0,0.0,0.0,0.0,0.0,0.0,0.0,0.0,0.0,0.0,0.0,0.0,0.0,0.0,0.0,0.0,0.0,0.0,346.7276582727425
173.12324237823486,173.05915117263794,2.7533196554534993,3.4404953919472283,-0.0012695331706010394,0.00664029633576462,-0.02571469040351831,-0.23078098937018135,1.0,0.0018175139048979246,-0.013153651916898532,-0.11508204092656932,0.9932672359141975,0.0,0.0,0.0,0.0,0.0,0.0,0.0,0.0,0.0,0.0,0.0,0.0,0.0,0.0,0.0,0.0,0.0,0.0,0.0,0.0,0.0,0.0,0.0,0.0,0.0,0.0,0.0,0.0,0.0,0.0,0.0,0.0,0.0,0.0,0.0,0.0,346.7772233172351
173.25444340705872,173.15909552574158,2.7526375357471107,3.4427192206840864,-0.001808590359641147,0.0068825600567267884,-0.025555721510897786,-0.2315608676888954,1.0,0.0019418803631822742,-0.013089401622483584,-0.11546814106322155,0.9932230389319534,0.0,0.0,0.0,0.0,0.0,0.0,0.0,0.0,0.0,0.0,0.0,0.0,0.0,0.0,0.0,0.0,0.0,0.0,0.0,0.0,0.0,0.0,0.0,0.0,0.0,0.0,0.0,0.0,0.0,0.0,0.0,0.0,0.0,0.0,0.0,0.0,346.732539581039
173.31854248046875,173.25814056396484,2.75274018051388,3.4473217594804084,-0.0014082037813188922,0.006315499724254442,-0.02628646576166617,-0.23255455277560366,1.0,0.001611384399590784,-0.013420356569925514,-0.11596361387534707,0.993161486228107,0.0,0.0,0.0,0.0,0.0,0.0,0.0,0.0,0.0,0.0,0.0,0.0,0.0,0.0,0.0,0.0,0.0,0.0,0.0,0.0,0.0,0.0,0.0,0.0,0.0,0.0,0.0,0.0,0.0,0.0,0.0,0.0,0.0,0.0,0.0,0.0,346.67560561940553
173.4499168395996,173.35824751853943,2.7525035794584483,3.452046668831039,-0.0014636506679892598,0.00687858825226579,-0.0261744774280092,-0.2324291144495235,1.0000000000000002,0.0018983416204003437,-0.013397275235751146,-0.1158978168155427,0.9931689712092002,0.0,0.0,0.0,0.0,0.0,0.0,0.0,0.0,0.0,0.0,0.0,0.0,0.0,0.0,0.0,0.0,0.0,0.0,0.0,0.0,0.0,0.0,0.0,0.0,0.0,0.0,0.0,0.0,0.0,0.0,0.0,0.0,0.0,0.0,0.0,0.0,346.6827927060791
173.54147481918335,173.45832419395447,2.7525491629811287,3.453292786874091,-0.0014611628328226787,0.007158227667811176,-0.025707557622531872,-0.23422607908052606,1.0,0.0020524406376804458,-0.013183466411594527,-0.116789423680887,0.9930670743797165,0.0,0.0,0.0,0.0,0.0,0.0,0.0,0.0,0.0,0.0,0.0,0.0,0.0,0.0,0.0,0.0,0.0,0.0,0.0,0.0,0.0,0.0,0.0,0.0,0.0,0.0,0.0,0.0,0.0,0.0,0.0,0.0,0.0,0.0,0.0,0.0,346.5798342167884
173.62359523773193,173.5591380596161,2.751297760625214,3.455603924182112,-0.001821855016724752,0.006409027062452327,-0.02555000686702062,-0.2339704171507532,1.0,0.001691313883506121,-0.013061271467163703,-0.11666777676048373,0.9930836684342234,0.0,0.0,0.0,0.0,0.0,0.0,0.0,0.0,0.0,0.0,0.0,0.0,0.0,0.0,0.0,0.0,0.0,0.0,0.0,0.0,0.0,0.0,0.0,0.0,0.0,0.0,0.0,0.0,0.0,0.0,0.0,0.0,0.0,0.0,0.0,0.0,346.5944825663465
173.72122955322266,173.65907526016235,2.7527871775532415,3.4549778733628242,-0.001867851015097883,0.006459116949375729,-0.025521974573153347,-0.2342319488957531,1.0,0.001716115438665502,-0.013050498849539294,-0.11679737591645302,0.9930685335900087,0.0,0.0,0.0,0.0,0.0,0.0,0.0,0.0,0.0,0.0,0.0,0.0,0.0,0.0,0.0,0.0,0.0,0.0,0.0,0.0,0.0,0.0,0.0,0.0,0.0,0.0,0.0,0.0,0.0,0.0,0.0,0.0,0.0,0.0,0.0,0.0,346.57949790114935
173.85547733306885,173.75827622413635,2.75393765045956,3.4603585490540785,-0.0025084617799750594,0.007342341832542022,-0.0257785704906194,-0.23235054720084922,1.0000000000000002,0.0021521146349329757,-0.013227465149813303,-0.1158567116077822,0.9931755257474583,0.0,0.0,0.0,0.0,0.0,0.0,0.0,0.0,0.0,0.0,0.0,0.0,0.0,0.0,0.0,0.0,0.0,0.0,0.0,0.0,0.0,0.0,0.0,0.0,0.0,0.0,0.0,0.0,0.0,0.0,0.0,0.0,0.0,0.0,0.0,0.0,346.6872942778361
173.92511367797852,173.8583106994629,2.7534187939512242,3.4644229981947836,-0.0021537913968574644,0.007273448537960379,-0.025856752066526153,-0.2326898784762563,1.0,0.002111120290496251,-0.01326265622400257,-0.11602547351946653,0.9931554433297876,0.0,0.0,0.0,0.0,0.0,0.0,0.0,0.0,0.0,0.0,0.0,0.0,0.0,0.0,0.0,0.0,0.0,0.0,0.0,0.0,0.0,0.0,0.0,0.0,0.0,0.0,0.0,0.0,0.0,0.0,0.0,0.0,0.0,0.0,0.0,0.0,346.6678520278985
174.0769236087799,173.95836091041565,2.7543855068758907,3.467541362629421,-0.002014618180597963,0.006451028288180248,-0.025732699928353708,-0.23597644053538197,1.0,0.0016883096875500215,-0.013156135382161312,-0.11766308766195348,0.9929649860463664,0.0,0.0,0.0,0.0,0.0,0.0,0.0,0.0,0.0,0.0,0.0,0.0,0.0,0.0,0.0,0.0,0.0,0.0,0.0,0.0,0.0,0.0,0.0,0.0,0.0,0.0,0.0,0.0,0.0,0.0,0.0,0.0,0.0,0.0,0.0,0.0,346.4795458928028
174.14049363136292,174.05916118621826,2.755296074968063,3.473069822143106,-0.002198574231311089,0.007200108812095823,-0.026023091015108427,-0.23483486066047443,1.0,0.0020507346110650838,-0.013343207922854443,-0.11709061960582444,0.9930294759422837,0.0,0.0,0.0,0.0,0.0,0.0,0.0,0.0,0.0,0.0,0.0,0.0,0.0,0.0,0.0,0.0,0.0,0.0,0.0,0.0,0.0,0.0,0.0,0.0,0.0,0.0,0.0,0.0,0.0,0.0,0.0,0.0,0.0,0.0,0.0,0.0,346.544953601612
174.27097463607788,174.15833163261414,2.753012913506777,3.4804458006494263,-0.003231214910644604,0.007480821479117791,-0.025761719152955435,-0.23676621301171066,1.0,0.0021926502370508043,-0.013231992194483849,-0.11804832069676655,0.9929172677762114,0.0,0.0,0.0,0.0,0.0,0.0,0.0,0.0,0.0,0.0,0.0,0.0,0.0,0.0,0.0,0.0,0.0,0.0,0.0,0.0,0.0,0.0,0.0,0.0,0.0,0.0,0.0,0.0,0.0,0.0,0.0,0.0,0.0,0.0,0.0,0.0,346.43429526313355
174.3185679912567,174.2584195137024,2.7523710910894197,3.4828128490337495,-0.0023445515195168647,0.006793416942362923,-0.026356378658496493,-0.23801831465463316,1.0,0.0018078119761710523,-0.013487772755567763,-0.11867299286272899,0.992840134446103,0.0,0.0,0.0,0.0,0.0,0.0,0.0,0.0,0.0,0.0,0.0,0.0,0.0,0.0,0.0,0.0,0.0,0.0,0.0,0.0,0.0,0.0,0.0,0.0,0.0,0.0,0.0,0.0,0.0,0.0,0.0,0.0,0.0,0.0,0.0,0.0,346.3625551234727
174.42488360404968,174.35831952095032,2.7543836279202134,3.481649263392177,-0.0023878096630472107,0.006762454722197661,-0.025886225345749907,-0.23886704612690665,1.0,0.00181473566929604,-0.013253315440328083,-0.11909567322637248,0.9927926656573602,0.0,0.0,0.0,0.0,0.0,0.0,0.0,0.0,0.0,0.0,0.0,0.0,0.0,0.0,0.0,0.0,0.0,0.0,0.0,0.0,0.0,0.0,0.0,0.0,0.0,0.0,0.0,0.0,0.0,0.0,0.0,0.0,0.0,0.0,0.0,0.0,346.3139263921715
174.5140483379364,174.45843482017517,2.7536454555788303,3.4814650737574877,-0.0028549663672236603,0.0074125419714647575,-0.02592302198653857,-0.23775583963088318,1.0000000000000002,0.0021426385716798784,-0.01330910311932714,-0.11853964624037736,0.9928578091264211,0.0,0.0,0.0,0.0,0.0,0.0,0.0,0.0,0.0,0.0,0.0,0.0,0.0,0.0,0.0,0.0,0.0,0.0,0.0,0.0,0.0,0.0,0.0,0.0,0.0,0.0,0.0,0.0,0.0,0.0,0.0,0.0,0.0,0.0,0.0,0.0,346.37759383456114
174.6214575767517,174.55839014053345,2.751880002446437,3.483722446029829,-0.003127914108993528,0.007290090601275794,-0.02609494747254931,-0.23830252899324728,1.0,0.0020679926367772232,-0.013387758977511006,-0.11881140491257555,0.992824426260109,0.0,0.0,0.0,0.0,0.0,0.0,0.0,0.0,0.0,0.0,0.0,0.0,0.0,0.0,0.0,0.0,0.0,0.0,0.0,0.0,0.0,0.0,0.0,0.0,0.0,0.0,0.0,0.0,0.0,0.0,0.0,0.0,0.0,0.0,0.0,0.0,346.346270841393
174.75235509872437,174.65827655792236,2.7546731281165027,3.480622259364703,-0.002440489932477686,0.006561201105746184,-0.026271127054504184,-0.24177735316157387,1.0,0.0016723495464107782,-0.013434840541446884,-0.12054061635238297,0.9926160728680593,0.0,0.0,0.0,0.0,0.0,0.0,0.0,0.0,0.0,0.0,0.0,0.0,0.0,0.0,0.0,0.0,0.0,0.0,0.0,0.0,0.0,0.0,0.0,0.0,0.0,0.0,0.0,0.0,0.0,0.0,0.0,0.0,0.0,0.0,0.0,0.0,346.1471780819978
174.82641792297363,174.75838351249695,2.7563808762926536,3.4798708525623554,-0.0027314731713299874,0.0069184847463670115,-0.0261243786483115,-0.2391182634253178,1.0,0.0018763156426875773,-0.013381059481476295,-0.11921874768713142,0.9927760658308975,0.0,0.0,0.0,0.0,0.0,0.0,0.0,0.0,0.0,0.0,0.0,0.0,0.0,0.0,0.0,0.0,0.0,0.0,0.0,0.0,0.0,0.0,0.0,0.0,0.0,0.0,0.0,0.0,0.0,0.0,0.0,0.0,0.0,0.0,0.0,0.0,346.2995327012319
174.94545650482178,174.85837769508362,2.7542421785653417,3.4824754971397796,-0.003179878447377402,0.00753854664606168,-0.02629563652301786,-0.23975638081071676,1.0000000000000002,0.0021695818863419116,-0.013503722501334922,-0.11953088636371786,0.9927362739409444,0.0,0.0,0.0,0.0,0.0,0.0,0.0,0.0,0.0,0.0,0.0,0.0,0.0,0.0,0.0,0.0,0.0,0.0,0.0,0.0,0.0,0.0,0.0,0.0,0.0,0.0,0.0,0.0,0.0,0.0,0.0,0.0,0.0,0.0,0.0,0.0,346.2629712682145
175.02561569213867,174.95831108093262,2.7558111504061307,3.478772067570052,-0.0022426586547927415,0.006424558195731704,-0.026239156551488313,-0.2391228777847227,1.0000000000000002,0.0016242586105048122,-0.013408593974806083,-0.11922406657164697,0.9927754999705144,0.0,0.0,0.0,0.0,0.0,0.0,0.0,0.0,0.0,0.0,0.0,0.0,0.0,0.0,0.0,0.0,0.0,0.0,0.0,0.0,0.0,0.0,0.0,0.0,0.0,0.0,0.0,0.0,0.0,0.0,0.0,0.0,0.0,0.0,0.0,0.0,346.29926831791283
175.1376338005066,175.05841088294983,2.7558559262585445,3.4703175341697445,-0.002664526049428035,0.0073764489547179166,-0.025407972847497202,-0.23518878300343887,1.0000000000000002,0.0021720221732362426,-0.013048503979385132,-0.11726675883143672,0.9930123494381875,0.0,0.0,0.0,0.0,0.0,0.0,0.0,0.0,0.0,0.0,0.0,0.0,0.0,0.0,0.0,0.0,0.0,0.0,0.0,0.0,0.0,0.0,0.0,0.0,0.0,0.0,0.0,0.0,0.0,0.0,0.0,0.0,0.0,0.0,0.0,0.0,346.5246753450848
175.233868598938,175.15834069252014,2.754463002252197,3.4657959990872538,-0.0029139531203521457,0.007735747544796376,-0.02584786342866398,-0.23374841839979835,1.0,0.002334171990152903,-0.013286298522236733,-0.11654805932964311,0.9930934375874169,0.0,0.0,0.0,0.0,0.0,0.0,0.0,0.0,0.0,0.0,0.0,0.0,0.0,0.0,0.0,0.0,0.0,0.0,0.0,0.0,0.0,0.0,0.0,0.0,0.0,0.0,0.0,0.0,0.0,0.0,0.0,0.0,0.0,0.0,0.0,0.0,346.6072021578334
175.31372809410095,175.25829195976257,2.7518037527062584,3.4647262753327746,-0.0032004689582675622,0.007299024976036676,-0.025377878576332724,-0.23288715579936672,1.0,0.002150339168923337,-0.013026556496581151,-0.11612449099533945,0.9931469113169378,0.0,0.0,0.0,0.0,0.0,0.0,0.0,0.0,0.0,0.0,0.0,0.0,0.0,0.0,0.0,0.0,0.0,0.0,0.0,0.0,0.0,0.0,0.0,0.0,0.0,0.0,0.0,0.0,0.0,0.0,0.0,0.0,0.0,0.0,0.0,0.0,346.6565488698906
175.43500328063965,175.35846734046936,2.7495165161563415,3.4595663361694946,-0.0018810464171750614,0.006776741663247296,-0.026169625116281934,-0.23285302338479,0.9999999999999999,0.0018452096912982608,-0.01338935516287077,-0.11610901476678402,0.9931445096557722,0.0,0.0,0.0,0.0,0.0,0.0,0.0,0.0,0.0,0.0,0.0,0.0,0.0,0.0,0.0,0.0,0.0,0.0,0.0,0.0,0.0,0.0,0.0,0.0,0.0,0.0,0.0,0.0,0.0,0.0,0.0,0.0,0.0,0.0,0.0,0.0,346.6585045131905
175.56004977226257,175.45836997032166,2.74922461114232,3.457804791870705,-0.0017357371225185957,0.007152387434956568,-0.026454267995095527,-0.23564215380789896,1.0,0.0019963054240578026,-0.013555304036086247,-0.11749066333207168,0.9929794622885878,0.0,0.0,0.0,0.0,0.0,0.0,0.0,0.0,0.0,0.0,0.0,0.0,0.0,0.0,0.0,0.0,0.0,0.0,0.0,0.0,0.0,0.0,0.0,0.0,0.0,0.0,0.0,0.0,0.0,0.0,0.0,0.0,0.0,0.0,0.0,0.0,346.49869911143475
175.62767219543457,175.55836462974548,2.7485051886046272,3.4596634916018205,-0.002217720766236656,0.006967669703999471,-0.025482531658657565,-0.23460091848529346,0.9999999999999999,0.001968524821641951,-0.013060976079062904,-0.11697735533423459,0.9930467431862897,0.0,0.0,0.0,0.0,0.0,0.0,0.0,0.0,0.0,0.0,0.0,0.0,0.0,0.0,0.0,0.0,0.0,0.0,0.0,0.0,0.0,0.0,0.0,0.0,0.0,0.0,0.0,0.0,0.0,0.0,0.0,0.0,0.0,0.0,0.0,0.0,346.5583575009
175.76341676712036,175.65828943252563,2.7489704299863233,3.4619637132323415,-0.0019190637128651726,0.006146723484663065,-0.025912376123185112,-0.23718713729440477,0.9999999999999999,0.0015186423047257762,-0.013228359457629528,-0.11826574496047323,0.9928927020582607,0.0,0.0,0.0,0.0,0.0,0.0,0.0,0.0,0.0,0.0,0.0,0.0,0.0,0.0,0.0,0.0,0.0,0.0,0.0,0.0,0.0,0.0,0.0,0.0,0.0,0.0,0.0,0.0,0.0,0.0,0.0,0.0,0.0,0.0,0.0,0.0,346.4101780782406
175.82934093475342,175.75837445259094,2.75092161195391,3.4592294430225783,-0.0015059489613569327,0.004877805154636976,-0.02551014149072558,-0.23740466878895405,0.9999999999999998,0.0009110828242105862,-0.012953734355600788,-0.11838289929780886,0.9928831048256267,0.0,0.0,0.0,0.0,0.0,0.0,0.0,0.0,0.0,0.0,0.0,0.0,0.0,0.0,0.0,0.0,0.0,0.0,0.0,0.0,0.0,0.0,0.0,0.0,0.0,0.0,0.0,0.0,0.0,0.0,0.0,0.0,0.0,0.0,0.0,0.0,346.3977144416918
175.93981266021729,175.85823464393616,2.75272917914981,3.4584948732656473,-0.0034689197552481934,0.00793073009870265,-0.025640317105226098,-0.23244387033686695,1.0,0.0024517008810402653,-0.013193009251101027,-0.1158995334006231,0.993170293467947,0.0,0.0,0.0,0.0,0.0,0.0,0.0,0.0,0.0,0.0,0.0,0.0,0.0,0.0,0.0,0.0,0.0,0.0,0.0,0.0,0.0,0.0,0.0,0.0,0.0,0.0,0.0,0.0,0.0,0.0,0.0,0.0,0.0,0.0,0.0,0.0,346.68194725601137
176.0179421901703,175.9584949016571,2.7527092647304365,3.4614842366477774,-0.0030486343147974643,0.007327842912809451,-0.0257482385955541,-0.23171644775515238,1.0,0.0021508617639295347,-0.013210881701115739,-0.1155419934215514,0.9932124113977462,0.0,0.0,0.0,0.0,0.0,0.0,0.0,0.0,0.0,0.0,0.0,0.0,0.0,0.0,0.0,0.0,0.0,0.0,0.0,0.0,0.0,0.0,0.0,0.0,0.0,0.0,0.0,0.0,0.0,0.0,0.0,0.0,0.0,0.0,0.0,0.0,346.7236254998661
176.15754508972168,176.05841827392578,2.752702538435088,3.459679099664528,-0.0013495442235061297,0.006274527501521296,-0.02611447446907782,-0.23396341719414923,1.0,0.0015916255187538929,-0.013333698630570783,-0.11666387432120709,0.9930806712636203,0.0,0.0,0.0,0.0,0.0,0.0,0.0,0.0,0.0,0.0,0.0,0.0,0.0,0.0,0.0,0.0,0.0,0.0,0.0,0.0,0.0,0.0,0.0,0.0,0.0,0.0,0.0,0.0,0.0,0.0,0.0,0.0,0.0,0.0,0.0,0.0,346.5948836343167
176.22418522834778,176.15867447853088,2.752651665740335,3.4589552958698624,-0.0008793677152742008,0.007065585961296308,-0.026178974488704845,-0.23364180465407813,1.0,0.001982809307378373,-0.013411549368356045,-0.11649873404958315,0.9930983051922077,0.0,0.0,0.0,0.0,0.0,0.0,0.0,0.0,0.0,0.0,0.0,0.0,0.0,0.0,0.0,0.0,0.0,0.0,0.0,0.0,0.0,0.0,0.0,0.0,0.0,0.0,0.0,0.0,0.0,0.0,0.0,0.0,0.0,0.0,0.0,0.0,346.6133106755013
176.33737635612488,176.25841808319092,2.750978969545797,3.4595627261234596,-0.0037583855456511583,0.008137408101719347,-0.024915186493813888,-0.23246838481018123,1.0,0.0025962347050111517,-0.012844932474939131,-0.11591233945338758,0.9931729944161356,0.0,0.0,0.0,0.0,0.0,0.0,0.0,0.0,0.0,0.0,0.0,0.0,0.0,0.0,0.0,0.0,0.0,0.0,0.0,0.0,0.0,0.0,0.0,0.0,0.0,0.0,0.0,0.0,0.0,0.0,0.0,0.0,0.0,0.0,0.0,0.0,346.6805426801535
176.47098350524902,176.358051776886,2.7520453709210506,3.460810283745246,-0.0017465173756027893,0.006323485990017568,-0.026018845712639606,-0.23809116792942064,0.9999999999999999,0.001594087075434306,-0.01329238968736,-0.1187131167210689,0.9928383388956961,0.0,0.0,0.0,0.0,0.0,0.0,0.0,0.0,0.0,0.0,0.0,0.0,0.0,0.0,0.0,0.0,0.0,0.0,0.0,0.0,0.0,0.0,0.0,0.0,0.0,0.0,0.0,0.0,0.0,0.0,0.0,0.0,0.0,0.0,0.0,0.0,346.3583809383037
176.5129041671753,176.45755743980408,2.753524741388757,3.4597887092035013,-0.0006892274276280117,0.005181615537718779,-0.026343854440202787,-0.23777433745764423,1.0,0.0010100574708796068,-0.013385789391850268,-0.11856273382496192,0.9928558196305312,0.0,0.0,0.0,0.0,0.0,0.0,0.0,0.0,0.0,0.0,0.0,0.0,0.0,0.0,0.0,0.0,0.0,0.0,0.0,0.0,0.0,0.0,0.0,0.0,0.0,0.0,0.0,0.0,0.0,0.0,0.0,0.0,0.0,0.0,0.0,0.0,346.3765339871576
176.6439929008484,176.5583438873291,2.7534946787145143,3.4642212094504226,-0.003318030584835666,0.0076440287530444625,-0.02525370043778959,-0.23274514455792294,1.0,0.002329796749446884,-0.012984759731855788,-0.11605204981439597,0.9931555214545652,0.0,0.0,0.0,0.0,0.0,0.0,0.0,0.0,0.0,0.0,0.0,0.0,0.0,0.0,0.0,0.0,0.0,0.0,0.0,0.0,0.0,0.0,0.0,0.0,0.0,0.0,0.0,0.0,0.0,0.0,0.0,0.0,0.0,0.0,0.0,0.0,346.6646855146688
