topic,bag_seconds,clock,forward_px,left_px
/target/contour_center,48.498520612716675,17:21:01.674,17.0,167.0
/target/contour_center,48.53890609741211,17:21:01.714,10.0,156.0
/target/contour_center,48.571221590042114,17:21:01.747,5.0,145.0
/target/contour_center,48.598278284072876,17:21:01.774,-3.0,139.0
/target/contour_center,48.768428325653076,17:21:01.944,-4.0,-42.0
/target/contour_center,48.8006637096405,17:21:01.976,7.0,-35.0
/target/contour_center,48.83455562591553,17:21:02.010,12.0,-46.0
/target/contour_center,48.86212229728699,17:21:02.038,13.0,-51.0
/target/contour_center,48.89371299743652,17:21:02.069,11.0,-51.0
/target/contour_center,48.929738998413086,17:21:02.105,9.0,-55.0
/target/contour_center,48.96471977233887,17:21:02.140,7.0,-60.0
/target/contour_center,48.99322247505188,17:21:02.169,6.0,-64.0
/target/contour_center,49.029895305633545,17:21:02.205,5.0,-65.0
/target/contour_center,49.063119888305664,17:21:02.239,4.0,-65.0
/target/contour_center,49.101640462875366,17:21:02.277,79.0,2.0
/target/contour_center,49.13476085662842,17:21:02.310,0.0,-53.0
/target/contour_center,49.16634774208069,17:21:02.342,80.0,12.0
/target/contour_center,49.20372414588928,17:21:02.379,86.0,27.0
/target/contour_center,49.232184410095215,17:21:02.408,84.0,34.0
/target/contour_center,49.26667284965515,17:21:02.442,79.0,35.0
/target/contour_center,49.297656297683716,17:21:02.473,81.0,50.0
/target/contour_center,49.33012294769287,17:21:02.506,79.0,59.0
/target/contour_center,49.36180329322815,17:21:02.537,77.0,67.0
/target/contour_center,49.39861726760864,17:21:02.574,75.0,76.0
/target/contour_center,49.433011054992676,17:21:02.608,75.0,82.0
/target/contour_center,49.46314358711243,17:21:02.639,69.0,94.0
/target/contour_center,49.502190351486206,17:21:02.678,65.0,102.0
/target/contour_center,49.556811571121216,17:21:02.732,64.0,107.0
/target/contour_center,49.581209897994995,17:21:02.757,59.0,113.0
/target/contour_center,49.617960929870605,17:21:02.793,55.0,119.0
/target/contour_center,49.64905548095703,17:21:02.825,52.0,125.0
/target/contour_center,49.67955160140991,17:21:02.855,50.0,132.0
/target/contour_center,49.717883825302124,17:21:02.893,56.0,118.0
/target/contour_center,49.73055362701416,17:21:02.906,52.0,124.0
/target/contour_center,49.760767221450806,17:21:02.936,51.0,129.0
/target/contour_center,49.796868085861206,17:21:02.972,48.0,133.0
/target/contour_center,49.83073592185974,17:21:03.006,45.0,135.0
/target/contour_center,49.86390495300293,17:21:03.039,43.0,137.0
/target/contour_center,49.89999079704285,17:21:03.075,39.0,138.0
/target/contour_center,49.93310284614563,17:21:03.109,37.0,139.0
/target/contour_center,49.96572470664978,17:21:03.141,33.0,141.0
/target/contour_center,50.00056600570679,17:21:03.176,-28.0,75.0
/target/contour_center,50.02957320213318,17:21:03.205,3.0,100.0
/target/contour_center,50.063350677490234,17:21:03.239,-25.0,79.0
/target/contour_center,50.096856355667114,17:21:03.272,40.0,77.0
/target/contour_center,50.12889790534973,17:21:03.304,40.0,81.0
/target/contour_center,50.162150382995605,17:21:03.338,41.0,84.0
/target/contour_center,50.19988560676575,17:21:03.375,40.0,87.0
/target/contour_center,50.23209810256958,17:21:03.408,41.0,90.0
/target/contour_center,50.26157736778259,17:21:03.437,41.0,92.0
/target/contour_center,50.29776644706726,17:21:03.473,10.0,117.0
/target/contour_center,50.32846641540527,17:21:03.504,41.0,97.0
/target/contour_center,50.363433837890625,17:21:03.539,39.0,98.0
/target/contour_center,50.39716148376465,17:21:03.573,37.0,100.0
/target/contour_center,50.42798829078674,17:21:03.603,35.0,99.0
/target/contour_center,50.46223282814026,17:21:03.638,33.0,99.0
/target/contour_center,50.4977126121521,17:21:03.673,32.0,100.0
/target/contour_center,50.530771017074585,17:21:03.706,32.0,100.0
/target/contour_center,50.575899600982666,17:21:03.751,31.0,100.0
/target/contour_center,50.59550929069519,17:21:03.771,32.0,100.0
/target/contour_center,50.628989458084106,17:21:03.804,32.0,101.0
/target/contour_center,50.66479516029358,17:21:03.840,33.0,101.0
/target/contour_center,50.70283055305481,17:21:03.878,33.0,102.0
/target/contour_center,50.73616337776184,17:21:03.912,33.0,103.0
/target/contour_center,50.77781057357788,17:21:03.953,33.0,103.0
/target/contour_center,50.80412030220032,17:21:03.980,33.0,103.0
/target/contour_center,50.83427286148071,17:21:04.010,31.0,104.0
/target/contour_center,50.872164487838745,17:21:04.048,4.0,123.0
/target/contour_center,50.90458869934082,17:21:04.080,32.0,104.0
/target/contour_center,50.93641257286072,17:21:04.112,32.0,104.0
/target/contour_center,50.973899602890015,17:21:04.149,33.0,104.0
/target/contour_center,51.00315976142883,17:21:04.179,33.0,104.0
/target/contour_center,51.036099910736084,17:21:04.212,36.0,104.0
/target/contour_center,51.07099103927612,17:21:04.246,38.0,104.0
/target/contour_center,51.10574460029602,17:21:04.281,40.0,104.0
/target/contour_center,51.13656258583069,17:21:04.312,42.0,105.0
/target/contour_center,51.173280000686646,17:21:04.349,44.0,104.0
/target/contour_center,51.19991374015808,17:21:04.375,18.0,124.0
/target/contour_center,51.23021125793457,17:21:04.406,43.0,104.0
/target/contour_center,51.26699924468994,17:21:04.442,45.0,104.0
/target/contour_center,51.299237966537476,17:21:04.475,18.0,123.0
/target/contour_center,51.3329598903656,17:21:04.508,43.0,103.0
/target/contour_center,51.36773705482483,17:21:04.543,42.0,103.0
/target/contour_center,51.4009747505188,17:21:04.576,14.0,122.0
/target/contour_center,51.43063497543335,17:21:04.606,41.0,101.0
/target/contour_center,51.46498155593872,17:21:04.640,14.0,120.0
/target/contour_center,51.49608612060547,17:21:04.672,39.0,99.0
/target/contour_center,51.52805304527283,17:21:04.704,11.0,117.0
/target/contour_center,51.563865661621094,17:21:04.739,8.0,116.0
/target/contour_center,51.59640049934387,17:21:04.772,37.0,171.0
/target/contour_center,51.62982892990112,17:21:04.805,40.0,171.0
/target/contour_center,51.66281867027283,17:21:04.838,15.0,77.0
/target/contour_center,51.694756746292114,17:21:04.870,-10.0,103.0
/target/contour_center,51.72771191596985,17:21:04.903,47.0,172.0
/target/contour_center,51.76368975639343,17:21:04.939,72.0,155.0
/target/contour_center,51.79615044593811,17:21:04.972,52.0,172.0
/target/contour_center,51.82930827140808,17:21:05.005,79.0,156.0
/target/contour_center,51.867146730422974,17:21:05.043,82.0,156.0
/target/contour_center,51.89904427528381,17:21:05.075,84.0,157.0
/target/contour_center,51.93153500556946,17:21:05.107,63.0,174.0
/target/contour_center,51.96517610549927,17:21:05.141,88.0,158.0
/target/contour_center,51.99876642227173,17:21:05.174,65.0,175.0
/target/contour_center,52.03513741493225,17:21:05.211,69.0,175.0
/target/contour_center,52.06405544281006,17:21:05.240,94.0,160.0
/target/contour_center,52.0989031791687,17:21:05.274,98.0,163.0
/target/contour_center,52.13468313217163,17:21:05.310,79.0,180.0
/target/contour_center,52.165820837020874,17:21:05.341,79.0,182.0
/target/contour_center,52.197060346603394,17:21:05.373,76.0,182.0
/target/contour_center,52.234145641326904,17:21:05.410,72.0,182.0
/target/contour_center,52.263779401779175,17:21:05.439,21.0,116.0
/target/contour_center,52.29541349411011,17:21:05.471,21.0,120.0
/target/contour_center,52.333282709121704,17:21:05.509,21.0,123.0
/target/contour_center,52.368677377700806,17:21:05.544,20.0,126.0
/target/contour_center,52.3998658657074,17:21:05.575,19.0,126.0
/target/contour_center,52.43614840507507,17:21:05.612,17.0,128.0
/target/contour_center,52.46623086929321,17:21:05.642,18.0,126.0
/target/contour_center,52.498597621917725,17:21:05.674,70.0,192.0
/target/contour_center,52.533032178878784,17:21:05.708,15.0,124.0
/target/contour_center,52.56411147117615,17:21:05.740,14.0,122.0
/target/contour_center,52.59512686729431,17:21:05.771,69.0,193.0
/target/contour_center,52.63047814369202,17:21:05.806,69.0,193.0
/target/contour_center,52.66399669647217,17:21:05.839,84.0,181.0
/target/contour_center,52.69715332984924,17:21:05.873,69.0,190.0
/target/contour_center,52.732112884521484,17:21:05.908,70.0,189.0
/target/contour_center,52.76347804069519,17:21:05.939,69.0,186.0
/target/contour_center,52.7963662147522,17:21:05.972,68.0,185.0
/target/contour_center,52.8322377204895,17:21:06.008,70.0,181.0
/target/contour_center,52.86369824409485,17:21:06.039,71.0,178.0
/target/contour_center,52.897241830825806,17:21:06.073,71.0,174.0
/target/contour_center,52.93502473831177,17:21:06.110,71.0,169.0
/target/contour_center,52.96593356132507,17:21:06.141,72.0,165.0
/target/contour_center,52.997745752334595,17:21:06.173,74.0,159.0
/target/contour_center,53.0337119102478,17:21:06.209,75.0,153.0
/target/contour_center,53.06302332878113,17:21:06.238,76.0,147.0
/target/contour_center,53.0961537361145,17:21:06.272,-14.0,81.0
/target/contour_center,53.13168239593506,17:21:06.307,78.0,136.0
/target/contour_center,53.16403245925903,17:21:06.339,-14.0,72.0
/target/contour_center,53.19817113876343,17:21:06.374,-13.0,67.0
/target/contour_center,53.23530054092407,17:21:06.411,74.0,154.0
/target/contour_center,53.26782846450806,17:21:06.443,75.0,146.0
/target/contour_center,53.29803204536438,17:21:06.473,-13.0,57.0
/target/contour_center,53.33380341529846,17:21:06.509,-12.0,53.0
/target/contour_center,53.36567234992981,17:21:06.541,-9.0,52.0
/target/contour_center,53.400999307632446,17:21:06.576,-5.0,54.0
/target/contour_center,53.434165716171265,17:21:06.610,-1.0,52.0
/target/contour_center,53.46621870994568,17:21:06.642,2.0,44.0
/target/contour_center,53.50386428833008,17:21:06.679,3.0,35.0
/target/contour_center,53.53434085845947,17:21:06.710,4.0,25.0
/target/contour_center,53.56666016578674,17:21:06.742,6.0,14.0
/target/contour_center,53.599689960479736,17:21:06.775,8.0,3.0
/target/contour_center,53.6340274810791,17:21:06.809,8.0,-8.0
/target/contour_center,53.66618037223816,17:21:06.842,10.0,-20.0
/target/contour_center,53.69941329956055,17:21:06.875,11.0,-32.0
/target/contour_center,53.731300592422485,17:21:06.907,37.0,-7.0
/target/contour_center,53.76220440864563,17:21:06.938,37.0,-20.0
/target/contour_center,53.7980751991272,17:21:06.974,37.0,-34.0
/target/contour_center,53.83366417884827,17:21:07.009,38.0,-48.0
/target/contour_center,53.864208459854126,17:21:07.040,38.0,-63.0
/target/contour_center,53.90117025375366,17:21:07.077,40.0,-76.0
/target/contour_center,53.935752153396606,17:21:07.111,40.0,-87.0
/target/contour_center,53.963634729385376,17:21:07.139,39.0,-98.0
/target/contour_center,54.00058436393738,17:21:07.176,18.0,-73.0
/target/contour_center,54.03311538696289,17:21:07.209,86.0,-132.0
/target/contour_center,54.06444239616394,17:21:07.240,84.0,-145.0
/target/contour_center,54.10338282585144,17:21:07.279,85.0,-160.0
/target/contour_center,54.13394284248352,17:21:07.309,80.0,-159.0
/target/contour_center,54.16632032394409,17:21:07.342,21.0,-100.0
/target/contour_center,54.19977593421936,17:21:07.375,23.0,-107.0
/target/contour_center,54.23134636878967,17:21:07.407,27.0,-114.0
/target/contour_center,54.26142358779907,17:21:07.437,30.0,-121.0
/target/contour_center,54.29771018028259,17:21:07.473,33.0,-129.0
/target/contour_center,54.33038687705994,17:21:07.506,36.0,-137.0
/target/contour_center,54.3618106842041,17:21:07.537,39.0,-145.0
/target/contour_center,54.39938759803772,17:21:07.575,42.0,-153.0
/target/contour_center,54.433621644973755,17:21:07.609,47.0,-161.0
/target/contour_center,69.94503664970398,17:21:23.121,60.0,-237.0
/target/contour_center,69.9751284122467,17:21:23.151,57.0,-233.0
/target/contour_center,70.00853157043457,17:21:23.184,55.0,-230.0
/target/contour_center,70.04455208778381,17:21:23.220,54.0,-228.0
/target/contour_center,70.07651329040527,17:21:23.252,52.0,-227.0
/target/contour_center,70.10963678359985,17:21:23.285,51.0,-226.0
/target/contour_center,70.14614582061768,17:21:23.322,53.0,-228.0
/target/contour_center,70.97050762176514,17:21:24.146,61.0,-261.0
/target/contour_center,71.00838971138,17:21:24.184,63.0,-260.0
/target/contour_center,71.03833627700806,17:21:24.214,66.0,-260.0
/target/contour_center,71.81025290489197,17:21:24.986,63.0,-243.0
/target/contour_center,71.84836459159851,17:21:25.024,62.0,-242.0
/target/contour_center,71.87542176246643,17:21:25.051,62.0,-242.0
/target/contour_center,71.91108322143555,17:21:25.087,63.0,-242.0
/target/contour_center,71.94345569610596,17:21:25.119,66.0,-244.0
/target/contour_center,72.34024810791016,17:21:25.516,70.0,-257.0
/target/contour_center,72.3739185333252,17:21:25.549,68.0,-255.0
/target/contour_center,72.40778493881226,17:21:25.583,65.0,-254.0
/target/contour_center,72.43683123588562,17:21:25.612,63.0,-252.0
/target/contour_center,72.47577786445618,17:21:25.651,61.0,-251.0
/target/contour_center,72.5083863735199,17:21:25.684,60.0,-251.0
/target/contour_center,72.54138922691345,17:21:25.717,58.0,-251.0
/target/contour_center,72.57664847373962,17:21:25.752,57.0,-251.0
/target/contour_center,72.60894513130188,17:21:25.784,55.0,-250.0
/target/contour_center,72.6439917087555,17:21:25.819,54.0,-250.0
/target/contour_center,72.67697310447693,17:21:25.852,53.0,-249.0
/target/contour_center,72.70709323883057,17:21:25.883,52.0,-249.0
/target/contour_center,72.74250531196594,17:21:25.918,51.0,-248.0
/target/contour_center,72.77623391151428,17:21:25.952,50.0,-247.0
/target/contour_center,72.81208276748657,17:21:25.988,50.0,-247.0
/target/contour_center,72.84412884712219,17:21:26.020,49.0,-246.0
/target/contour_center,72.87444162368774,17:21:26.050,49.0,-245.0
/target/contour_center,72.90771126747131,17:21:26.083,48.0,-244.0
/target/contour_center,72.94542980194092,17:21:26.121,48.0,-242.0
/target/contour_center,72.97484540939331,17:21:26.150,47.0,-240.0
/target/contour_center,73.00623369216919,17:21:26.182,47.0,-239.0
/target/contour_center,73.03792905807495,17:21:26.213,46.0,-238.0
/target/contour_center,73.07468867301941,17:21:26.250,46.0,-236.0
/target/contour_center,73.10905027389526,17:21:26.285,45.0,-235.0
/target/contour_center,73.13767433166504,17:21:26.313,45.0,-234.0
/target/contour_center,73.17577934265137,17:21:26.351,45.0,-232.0
/target/contour_center,73.20816802978516,17:21:26.384,44.0,-231.0
/target/contour_center,73.23978471755981,17:21:26.415,44.0,-230.0
/target/contour_center,73.27555966377258,17:21:26.451,44.0,-228.0
/target/contour_center,73.30614614486694,17:21:26.482,43.0,-227.0
/target/contour_center,73.33967137336731,17:21:26.515,43.0,-225.0
/target/contour_center,73.37478351593018,17:21:26.550,43.0,-224.0
/target/contour_center,73.40609526634216,17:21:26.582,42.0,-221.0
/target/contour_center,73.43940305709839,17:21:26.615,42.0,-219.0
/target/contour_center,73.47300601005554,17:21:26.648,41.0,-218.0
/target/contour_center,73.50540375709534,17:21:26.681,42.0,-216.0
/target/contour_center,73.54145836830139,17:21:26.717,41.0,-215.0
/target/contour_center,73.57465362548828,17:21:26.750,41.0,-213.0
/target/contour_center,73.60775876045227,17:21:26.783,40.0,-211.0
/target/contour_center,73.6459972858429,17:21:26.821,39.0,-209.0
/target/contour_center,73.6784553527832,17:21:26.854,38.0,-207.0
/target/contour_center,73.71031594276428,17:21:26.886,38.0,-205.0
/target/contour_center,73.74825191497803,17:21:26.924,38.0,-204.0
/target/contour_center,73.77754235267639,17:21:26.953,39.0,-203.0
/target/contour_center,73.80807685852051,17:21:26.984,38.0,-202.0
/target/contour_center,73.84542679786682,17:21:27.021,39.0,-201.0
/target/contour_center,73.87525868415833,17:21:27.051,38.0,-199.0
/target/contour_center,73.90578031539917,17:21:27.081,38.0,-198.0
/target/contour_center,73.94390296936035,17:21:27.119,38.0,-196.0
/target/contour_center,73.97681927680969,17:21:27.152,38.0,-195.0
/target/contour_center,74.00991296768188,17:21:27.185,39.0,-193.0
/target/contour_center,74.04490113258362,17:21:27.220,39.0,-192.0
/target/contour_center,74.07720446586609,17:21:27.253,39.0,-191.0
/target/contour_center,74.11121606826782,17:21:27.287,39.0,-189.0
/target/contour_center,74.14198470115662,17:21:27.317,39.0,-187.0
/target/contour_center,74.17685604095459,17:21:27.352,39.0,-185.0
/target/contour_center,74.21052384376526,17:21:27.386,38.0,-183.0
/target/contour_center,74.24815011024475,17:21:27.424,38.0,-181.0
/target/contour_center,74.27578783035278,17:21:27.451,37.0,-179.0
/target/contour_center,74.30680680274963,17:21:27.482,36.0,-177.0
/target/contour_center,74.34097981452942,17:21:27.516,36.0,-176.0
/target/contour_center,74.37355184555054,17:21:27.549,35.0,-174.0
/target/contour_center,74.40768051147461,17:21:27.583,35.0,-172.0
/target/contour_center,74.4413857460022,17:21:27.617,34.0,-170.0
/target/contour_center,74.47403836250305,17:21:27.650,34.0,-169.0
/target/contour_center,74.50643706321716,17:21:27.682,33.0,-168.0
/target/contour_center,74.54518270492554,17:21:27.721,33.0,-166.0
/target/contour_center,74.5720317363739,17:21:27.747,32.0,-164.0
/target/contour_center,74.607088804245,17:21:27.783,31.0,-162.0
/target/contour_center,74.64244961738586,17:21:27.818,30.0,-160.0
/target/contour_center,74.6745707988739,17:21:27.850,29.0,-158.0
/target/contour_center,74.70985674858093,17:21:27.885,28.0,-157.0
/target/contour_center,74.74424743652344,17:21:27.920,28.0,-155.0
/target/contour_center,74.78022384643555,17:21:27.956,27.0,-154.0
/target/contour_center,74.81106090545654,17:21:27.987,27.0,-153.0
/target/contour_center,74.84607887268066,17:21:28.022,26.0,-152.0
/target/contour_center,74.87814712524414,17:21:28.054,25.0,-151.0
/target/contour_center,74.91179037094116,17:21:28.087,25.0,-149.0
/target/contour_center,74.9463438987732,17:21:28.122,24.0,-147.0
/target/contour_center,74.97915649414062,17:21:28.155,23.0,-146.0
/target/contour_center,75.01547741889954,17:21:28.191,23.0,-144.0
/target/contour_center,75.04993796348572,17:21:28.225,23.0,-143.0
/target/contour_center,75.08004379272461,17:21:28.256,22.0,-142.0
/target/contour_center,75.11175036430359,17:21:28.287,20.0,-141.0
/target/contour_center,75.14521431922913,17:21:28.321,19.0,-138.0
/target/contour_center,75.17944526672363,17:21:28.355,17.0,-136.0
/target/contour_center,75.21509718894958,17:21:28.391,17.0,-132.0
/target/contour_center,75.24749803543091,17:21:28.423,16.0,-130.0
/target/contour_center,75.28006196022034,17:21:28.456,15.0,-129.0
/target/contour_center,75.32017159461975,17:21:28.496,15.0,-128.0
/target/contour_center,75.34785509109497,17:21:28.523,15.0,-128.0
/target/contour_center,75.37737250328064,17:21:28.553,15.0,-126.0
/target/contour_center,75.41883063316345,17:21:28.594,15.0,-126.0
/target/contour_center,75.44703006744385,17:21:28.622,15.0,-126.0
/target/contour_center,75.48020720481873,17:21:28.656,16.0,-125.0
/target/contour_center,75.51581954956055,17:21:28.691,15.0,-125.0
/target/contour_center,75.54038190841675,17:21:28.716,15.0,-125.0
/target/contour_center,75.57383489608765,17:21:28.749,16.0,-124.0
/target/contour_center,75.60825610160828,17:21:28.784,16.0,-123.0
/target/contour_center,75.6417224407196,17:21:28.817,15.0,-123.0
/target/contour_center,75.67248463630676,17:21:28.848,15.0,-122.0
/target/contour_center,75.71286940574646,17:21:28.888,15.0,-121.0
/target/contour_center,75.74195146560669,17:21:28.917,15.0,-120.0
/target/contour_center,75.77434706687927,17:21:28.950,15.0,-120.0
/target/contour_center,75.81507658958435,17:21:28.991,15.0,-120.0
/target/contour_center,75.84656977653503,17:21:29.022,15.0,-120.0
/target/contour_center,75.87661075592041,17:21:29.052,16.0,-119.0
/target/contour_center,75.91350936889648,17:21:29.089,16.0,-118.0
/target/contour_center,75.94881796836853,17:21:29.124,16.0,-118.0
/target/contour_center,75.98341131210327,17:21:29.159,17.0,-118.0
/target/contour_center,76.0169608592987,17:21:29.192,17.0,-117.0
/target/contour_center,76.04303359985352,17:21:29.219,18.0,-116.0
/target/contour_center,76.07303595542908,17:21:29.249,17.0,-116.0
/target/contour_center,76.11380243301392,17:21:29.289,18.0,-115.0
/target/contour_center,76.14925956726074,17:21:29.325,18.0,-115.0
/target/contour_center,76.18023228645325,17:21:29.356,18.0,-114.0
/target/contour_center,76.21900081634521,17:21:29.394,19.0,-113.0
/target/contour_center,76.25079035758972,17:21:29.426,19.0,-113.0
/target/contour_center,76.27833533287048,17:21:29.454,19.0,-112.0
/target/contour_center,76.31406307220459,17:21:29.490,19.0,-111.0
/target/contour_center,76.34337735176086,17:21:29.519,20.0,-110.0
/target/contour_center,76.37247920036316,17:21:29.548,20.0,-109.0
/target/contour_center,76.41116666793823,17:21:29.587,20.0,-109.0
/target/contour_center,76.44224262237549,17:21:29.618,21.0,-108.0
/target/contour_center,76.47842717170715,17:21:29.654,21.0,-107.0
/target/contour_center,76.50983738899231,17:21:29.685,22.0,-106.0
/target/contour_center,76.54221272468567,17:21:29.718,23.0,-106.0
/target/contour_center,76.57825112342834,17:21:29.754,23.0,-105.0
/target/contour_center,76.60987043380737,17:21:29.785,23.0,-105.0
/target/contour_center,76.6418936252594,17:21:29.817,23.0,-104.0
/target/contour_center,76.68073606491089,17:21:29.856,23.0,-103.0
/target/contour_center,76.71114945411682,17:21:29.887,24.0,-103.0
/target/contour_center,76.74819588661194,17:21:29.924,24.0,-102.0
/target/contour_center,76.77664828300476,17:21:29.952,24.0,-102.0
/target/contour_center,76.81429481506348,17:21:29.990,24.0,-101.0
/target/contour_center,76.84196090698242,17:21:30.017,24.0,-100.0
/target/contour_center,76.88174200057983,17:21:30.057,24.0,-100.0
/target/contour_center,76.91401839256287,17:21:30.089,24.0,-99.0
/target/contour_center,76.94208574295044,17:21:30.118,24.0,-99.0
/target/contour_center,76.98058462142944,17:21:30.156,24.0,-98.0
/target/contour_center,77.01334428787231,17:21:30.189,24.0,-97.0
/target/contour_center,77.04590034484863,17:21:30.221,23.0,-98.0
/target/contour_center,77.0799388885498,17:21:30.255,24.0,-97.0
/target/contour_center,77.11151576042175,17:21:30.287,24.0,-96.0
/target/contour_center,77.14063477516174,17:21:30.316,24.0,-95.0
/target/contour_center,77.17652583122253,17:21:30.352,24.0,-95.0
/target/contour_center,77.21114253997803,17:21:30.387,24.0,-94.0
/target/contour_center,77.24179363250732,17:21:30.417,24.0,-94.0
/target/contour_center,77.27677655220032,17:21:30.452,24.0,-93.0
/target/contour_center,77.31117296218872,17:21:30.487,24.0,-93.0
/target/contour_center,77.34191489219666,17:21:30.517,24.0,-93.0
/target/contour_center,77.37874054908752,17:21:30.554,24.0,-93.0
/target/contour_center,77.41025710105896,17:21:30.586,24.0,-93.0
/target/contour_center,77.4464361667633,17:21:30.622,25.0,-92.0
/target/contour_center,77.47944021224976,17:21:30.655,24.0,-92.0
/target/contour_center,77.51297283172607,17:21:30.688,24.0,-92.0
/target/contour_center,77.54460024833679,17:21:30.720,24.0,-92.0
/target/contour_center,77.57838702201843,17:21:30.754,24.0,-91.0
/target/contour_center,77.61445569992065,17:21:30.790,24.0,-91.0
/target/contour_center,77.64772582054138,17:21:30.823,25.0,-89.0
/target/contour_center,77.67861604690552,17:21:30.854,25.0,-89.0
/target/contour_center,77.71249151229858,17:21:30.888,25.0,-89.0
/target/contour_center,77.74516153335571,17:21:30.921,26.0,-88.0
/target/contour_center,77.78246736526489,17:21:30.958,86.0,-156.0
/target/contour_center,77.81685304641724,17:21:30.992,87.0,-158.0
/target/contour_center,77.84947848320007,17:21:31.025,89.0,-158.0
/target/contour_center,77.87768578529358,17:21:31.053,89.0,-159.0
/target/contour_center,77.9075517654419,17:21:31.083,90.0,-159.0
/target/contour_center,77.9450352191925,17:21:31.121,91.0,-158.0
/target/contour_center,77.98409748077393,17:21:31.160,91.0,-156.0
/target/contour_center,78.01545858383179,17:21:31.191,91.0,-156.0
/target/contour_center,78.04573464393616,17:21:31.221,91.0,-155.0
/target/contour_center,78.07558608055115,17:21:31.251,91.0,-155.0
/target/contour_center,78.10729622840881,17:21:31.283,92.0,-155.0
/target/contour_center,78.14393353462219,17:21:31.319,92.0,-157.0
/target/contour_center,78.17592144012451,17:21:31.351,93.0,-157.0
/target/contour_center,78.2156355381012,17:21:31.391,93.0,-158.0
/target/contour_center,78.25097918510437,17:21:31.426,93.0,-159.0
/target/contour_center,78.28295826911926,17:21:31.458,93.0,-159.0
/target/contour_center,78.31696224212646,17:21:31.492,93.0,-159.0
/target/contour_center,78.3456962108612,17:21:31.521,93.0,-159.0
/target/contour_center,78.3779706954956,17:21:31.553,93.0,-159.0
/target/contour_center,78.40856099128723,17:21:31.584,93.0,-158.0
/target/contour_center,78.44735956192017,17:21:31.623,93.0,-158.0
/target/contour_center,78.47896361351013,17:21:31.654,92.0,-157.0
/target/contour_center,78.50960159301758,17:21:31.685,92.0,-157.0
/target/contour_center,78.55084204673767,17:21:31.726,92.0,-155.0
/target/contour_center,78.57837343215942,17:21:31.754,92.0,-153.0
/target/contour_center,78.61013913154602,17:21:31.786,92.0,-152.0
/target/contour_center,78.64667344093323,17:21:31.822,92.0,-151.0
/target/contour_center,78.67757034301758,17:21:31.853,92.0,-149.0
/target/contour_center,78.71013021469116,17:21:31.886,92.0,-148.0
/target/contour_center,78.74660110473633,17:21:31.922,91.0,-147.0
/target/contour_center,78.77869987487793,17:21:31.954,91.0,-146.0
/target/contour_center,78.81183099746704,17:21:31.987,91.0,-146.0
/target/contour_center,78.84656620025635,17:21:32.022,90.0,-144.0
/target/contour_center,78.88074517250061,17:21:32.056,90.0,-142.0
/target/contour_center,78.91291928291321,17:21:32.088,90.0,-140.0
/target/contour_center,78.95084476470947,17:21:32.126,89.0,-138.0
/target/contour_center,78.97682285308838,17:21:32.152,90.0,-136.0
/target/contour_center,79.00770783424377,17:21:32.183,90.0,-134.0
/target/contour_center,79.04325127601624,17:21:32.219,89.0,-132.0
/target/contour_center,79.07526588439941,17:21:32.251,89.0,-131.0
/target/contour_center,79.11434698104858,17:21:32.290,89.0,-129.0
/target/contour_center,79.14462280273438,17:21:32.320,88.0,-127.0
/target/contour_center,79.17975759506226,17:21:32.355,88.0,-125.0
/target/contour_center,79.21865344047546,17:21:32.394,87.0,-123.0
/target/contour_center,79.25004363059998,17:21:32.426,87.0,-122.0
/target/contour_center,79.27932953834534,17:21:32.455,30.0,-86.0
/target/contour_center,79.3208429813385,17:21:32.496,31.0,-88.0
/target/contour_center,79.34979581832886,17:21:32.525,31.0,-89.0
/target/contour_center,79.38187980651855,17:21:32.557,32.0,-91.0
/target/contour_center,79.41709756851196,17:21:32.593,32.0,-93.0
/target/contour_center,79.4506459236145,17:21:32.626,33.0,-95.0
/target/contour_center,79.48359966278076,17:21:32.659,33.0,-97.0
/target/contour_center,79.52109265327454,17:21:32.697,33.0,-98.0
/target/contour_center,79.55253672599792,17:21:32.728,33.0,-98.0
/target/contour_center,79.58323383331299,17:21:32.759,33.0,-98.0
/target/contour_center,79.61890006065369,17:21:32.794,33.0,-98.0
/target/contour_center,79.6517322063446,17:21:32.827,33.0,-98.0
/target/contour_center,79.68619346618652,17:21:32.862,33.0,-98.0
/target/contour_center,79.71721529960632,17:21:32.893,33.0,-97.0
/target/contour_center,79.75201392173767,17:21:32.927,33.0,-97.0
/target/contour_center,79.77865290641785,17:21:32.954,34.0,-97.0
/target/contour_center,79.81810307502747,17:21:32.994,35.0,-97.0
/target/contour_center,79.85379910469055,17:21:33.029,35.0,-97.0
/target/contour_center,79.88279342651367,17:21:33.058,35.0,-96.0
/target/contour_center,79.91775965690613,17:21:33.093,36.0,-96.0
/target/contour_center,79.94966554641724,17:21:33.125,36.0,-96.0
/target/contour_center,79.9818103313446,17:21:33.157,37.0,-96.0
/target/contour_center,80.01891279220581,17:21:33.194,37.0,-95.0
/target/contour_center,80.04675531387329,17:21:33.222,37.0,-96.0
/target/contour_center,80.07619190216064,17:21:33.252,36.0,-95.0
/target/contour_center,80.11288714408875,17:21:33.288,36.0,-95.0
/target/contour_center,80.14751887321472,17:21:33.323,35.0,-94.0
/target/contour_center,80.18128108978271,17:21:33.357,34.0,-92.0
/target/contour_center,80.21852540969849,17:21:33.394,34.0,-91.0
/target/contour_center,80.24987816810608,17:21:33.425,34.0,-89.0
/target/contour_center,80.28178691864014,17:21:33.457,33.0,-88.0
/target/contour_center,80.31697058677673,17:21:33.492,32.0,-86.0
/target/contour_center,80.34702944755554,17:21:33.522,32.0,-84.0
/target/contour_center,80.37647938728333,17:21:33.552,32.0,-82.0
/target/contour_center,80.4132661819458,17:21:33.589,32.0,-81.0
/target/contour_center,80.44591498374939,17:21:33.621,32.0,-79.0
/target/contour_center,80.47826766967773,17:21:33.654,32.0,-77.0
/target/contour_center,80.51263546943665,17:21:33.688,32.0,-75.0
/target/contour_center,80.54291605949402,17:21:33.718,32.0,-74.0
/target/contour_center,80.57586193084717,17:21:33.751,32.0,-72.0
/target/contour_center,80.61124634742737,17:21:33.787,32.0,-71.0
/target/contour_center,80.64371347427368,17:21:33.819,32.0,-69.0
/target/contour_center,80.67571234703064,17:21:33.851,32.0,-68.0
/target/contour_center,80.71098494529724,17:21:33.886,32.0,-67.0
/target/contour_center,80.750009059906,17:21:33.925,32.0,-65.0
/target/contour_center,80.78481268882751,17:21:33.960,32.0,-64.0
/target/contour_center,80.81618165969849,17:21:33.992,32.0,-64.0
/target/contour_center,80.84882164001465,17:21:34.024,31.0,-61.0
/target/contour_center,80.88405251502991,17:21:34.060,30.0,-59.0
/target/contour_center,80.91648316383362,17:21:34.092,30.0,-56.0
/target/contour_center,80.94702458381653,17:21:34.122,30.0,-54.0
/target/contour_center,80.98407053947449,17:21:34.160,30.0,-52.0
/target/contour_center,81.01448655128479,17:21:34.190,30.0,-51.0
/target/contour_center,81.04447650909424,17:21:34.220,30.0,-50.0
/target/contour_center,81.08385133743286,17:21:34.259,30.0,-50.0
/target/contour_center,81.11564755439758,17:21:34.291,31.0,-49.0
/target/contour_center,81.14777326583862,17:21:34.323,29.0,-37.0
/target/contour_center,81.17968821525574,17:21:34.355,11.0,-7.0
/target/contour_center,81.21131443977356,17:21:34.387,73.0,17.0
/target/contour_center,81.24249315261841,17:21:34.418,92.0,40.0
/target/contour_center,81.28362607955933,17:21:34.459,91.0,59.0
/target/contour_center,81.31567573547363,17:21:34.491,91.0,68.0
/target/contour_center,81.34892678260803,17:21:34.524,92.0,67.0
/target/contour_center,81.3848557472229,17:21:34.560,92.0,60.0
/target/contour_center,81.41688323020935,17:21:34.592,93.0,47.0
/target/contour_center,81.44902563095093,17:21:34.624,95.0,32.0
/target/contour_center,81.478191614151,17:21:34.654,96.0,14.0
/target/contour_center,81.51117277145386,17:21:34.687,98.0,-4.0
/target/contour_center,81.54453682899475,17:21:34.720,28.0,-9.0
/target/contour_center,81.5810775756836,17:21:34.757,29.0,-28.0
/target/contour_center,81.61020612716675,17:21:34.786,30.0,-47.0
/target/contour_center,81.6432454586029,17:21:34.819,31.0,-66.0
/target/contour_center,81.67987871170044,17:21:34.855,32.0,-83.0
/target/contour_center,81.71328830718994,17:21:34.889,33.0,-101.0
/target/contour_center,81.74803876876831,17:21:34.924,28.0,-101.0
/target/contour_center,81.78128862380981,17:21:34.957,82.0,-135.0
/target/contour_center,81.81292629241943,17:21:34.988,83.0,-149.0
/target/contour_center,81.84537315368652,17:21:35.021,83.0,-163.0
/target/contour_center,81.88123917579651,17:21:35.057,80.0,-162.0
/target/contour_center,81.91461300849915,17:21:35.090,13.0,-98.0
/target/contour_center,81.95160388946533,17:21:35.127,15.0,-104.0
/target/contour_center,81.98618078231812,17:21:35.162,18.0,-109.0
/target/contour_center,82.01706337928772,17:21:35.193,21.0,-116.0
/target/contour_center,82.04663825035095,17:21:35.222,25.0,-121.0
/target/contour_center,82.0841236114502,17:21:35.260,27.0,-127.0
/target/contour_center,82.11871981620789,17:21:35.294,29.0,-133.0
/target/contour_center,82.14470267295837,17:21:35.320,32.0,-139.0
/target/contour_center,82.18118166923523,17:21:35.357,35.0,-144.0
/target/contour_center,82.2144718170166,17:21:35.390,38.0,-150.0
/target/contour_center,82.24668502807617,17:21:35.422,42.0,-155.0
/target/contour_center,82.27781844139099,17:21:35.453,45.0,-160.0
/target/contour_center,82.31015014648438,17:21:35.486,48.0,-164.0
/target/contour_center,82.34587049484253,17:21:35.521,52.0,-168.0
/target/contour_center,82.3792929649353,17:21:35.555,55.0,-171.0
/target/contour_center,82.41176962852478,17:21:35.587,58.0,-174.0
/target/contour_center,82.44691562652588,17:21:35.622,60.0,-177.0
/target/contour_center,82.47915625572205,17:21:35.655,63.0,-179.0
/target/contour_center,82.51268172264099,17:21:35.688,66.0,-181.0
/target/contour_center,82.5483124256134,17:21:35.724,69.0,-184.0
/target/contour_center,82.5814619064331,17:21:35.757,71.0,-187.0
/target/contour_center,83.57817053794861,17:21:36.754,70.0,-229.0
/target/contour_center,83.61512732505798,17:21:36.791,66.0,-227.0
/target/contour_center,83.64712595939636,17:21:36.823,63.0,-224.0
/target/contour_center,83.68029451370239,17:21:36.856,60.0,-222.0
/target/contour_center,83.7215723991394,17:21:36.897,57.0,-219.0
/target/contour_center,83.74786424636841,17:21:36.923,55.0,-217.0
/target/contour_center,83.78097796440125,17:21:36.956,52.0,-215.0
/target/contour_center,83.8151490688324,17:21:36.991,51.0,-214.0
/target/contour_center,83.85614037513733,17:21:37.032,50.0,-214.0
/target/contour_center,83.88353657722473,17:21:37.059,48.0,-215.0
/target/contour_center,83.923663854599,17:21:37.099,48.0,-216.0
/target/contour_center,83.95008659362793,17:21:37.126,48.0,-218.0
/target/contour_center,83.9789969921112,17:21:37.154,48.0,-221.0
/target/contour_center,84.01602220535278,17:21:37.191,48.0,-225.0
/target/contour_center,84.04511213302612,17:21:37.221,50.0,-230.0
/target/contour_center,84.07826161384583,17:21:37.254,52.0,-235.0
/target/contour_center,84.11696791648865,17:21:37.292,56.0,-241.0
/target/contour_center,84.1489827632904,17:21:37.324,58.0,-247.0
/target/contour_center,84.17917370796204,17:21:37.355,59.0,-252.0
/target/contour_center,84.2181601524353,17:21:37.394,61.0,-258.0
/target/contour_center,91.08296275138855,17:21:44.258,130.0,-146.0
/target/contour_center,91.11487627029419,17:21:44.290,127.0,-140.0
/target/contour_center,91.15082025527954,17:21:44.326,124.0,-133.0
/target/contour_center,91.18273711204529,17:21:44.358,121.0,-129.0
/target/contour_center,91.31907558441162,17:21:44.495,107.0,-10.0
/target/contour_center,91.35359621047974,17:21:44.529,109.0,25.0
/target/contour_center,91.38579106330872,17:21:44.561,110.0,46.0
/target/contour_center,91.42031621932983,17:21:44.596,111.0,55.0
/target/contour_center,91.45594358444214,17:21:44.631,112.0,58.0
/target/contour_center,91.48891091346741,17:21:44.664,114.0,58.0
/target/contour_center,91.52054142951965,17:21:44.696,116.0,56.0
/target/contour_center,91.55486798286438,17:21:44.730,117.0,54.0
/target/contour_center,91.587486743927,17:21:44.763,118.0,52.0
/target/contour_center,91.61694693565369,17:21:44.792,119.0,49.0
/target/contour_center,91.65446352958679,17:21:44.830,120.0,45.0
/target/contour_center,91.68401288986206,17:21:44.859,120.0,41.0
/target/contour_center,91.71782755851746,17:21:44.893,120.0,37.0
/target/contour_center,91.75255274772644,17:21:44.928,121.0,32.0
/target/contour_center,91.78309226036072,17:21:44.959,122.0,28.0
/target/contour_center,91.81554746627808,17:21:44.991,122.0,25.0
/target/contour_center,91.85095167160034,17:21:45.026,123.0,21.0
/target/contour_center,91.88440299034119,17:21:45.060,124.0,17.0
/target/contour_center,91.91540336608887,17:21:45.091,125.0,14.0
/target/contour_center,91.9529938697815,17:21:45.128,126.0,11.0
/target/contour_center,91.98524904251099,17:21:45.161,127.0,7.0
/target/contour_center,92.01702857017517,17:21:45.192,127.0,4.0
/target/contour_center,92.05479907989502,17:21:45.230,127.0,1.0
/target/contour_center,92.08626103401184,17:21:45.262,127.0,-3.0
/target/contour_center,92.1162314414978,17:21:45.292,127.0,-6.0
/target/contour_center,92.1506359577179,17:21:45.326,126.0,-9.0
/target/contour_center,92.18301463127136,17:21:45.358,125.0,-13.0
/target/contour_center,92.21522808074951,17:21:45.391,124.0,-15.0
/target/contour_center,92.25133514404297,17:21:45.427,124.0,-18.0
/target/contour_center,92.28441214561462,17:21:45.460,123.0,-20.0
/target/contour_center,92.32167983055115,17:21:45.497,123.0,-21.0
/target/contour_center,92.35595655441284,17:21:45.531,122.0,-22.0
/target/contour_center,92.38576173782349,17:21:45.561,122.0,-22.0
/target/contour_center,92.42373442649841,17:21:45.599,122.0,-21.0
/target/contour_center,92.45499181747437,17:21:45.630,122.0,-20.0
/target/contour_center,92.48950529098511,17:21:45.665,122.0,-18.0
/target/contour_center,92.52278542518616,17:21:45.698,122.0,-16.0
/target/contour_center,92.55497479438782,17:21:45.730,121.0,-15.0
/target/contour_center,92.58708500862122,17:21:45.763,121.0,-13.0
/target/contour_center,92.62452459335327,17:21:45.800,121.0,-12.0
/target/contour_center,92.65306830406189,17:21:45.829,121.0,-11.0
/target/contour_center,92.68782234191895,17:21:45.863,121.0,-11.0
/target/contour_center,92.72269129753113,17:21:45.898,121.0,-10.0
/target/contour_center,92.75532913208008,17:21:45.931,121.0,-10.0
/target/contour_center,92.78754901885986,17:21:45.963,121.0,-10.0
/target/contour_center,92.82289385795593,17:21:45.998,121.0,-11.0
/target/contour_center,92.85464668273926,17:21:46.030,120.0,-11.0
/target/contour_center,92.88620781898499,17:21:46.062,120.0,-11.0
/target/contour_center,92.92296433448792,17:21:46.098,120.0,-12.0
/target/contour_center,92.95419311523438,17:21:46.130,120.0,-12.0
/target/contour_center,92.98512148857117,17:21:46.161,120.0,-12.0
/target/contour_center,93.02209782600403,17:21:46.198,119.0,-12.0
/target/contour_center,93.0547046661377,17:21:46.230,119.0,-11.0
/target/contour_center,93.08841609954834,17:21:46.264,119.0,-10.0
/target/contour_center,93.12507152557373,17:21:46.301,119.0,-10.0
/target/contour_center,93.15305161476135,17:21:46.329,119.0,-9.0
/target/contour_center,93.18530464172363,17:21:46.361,119.0,-8.0
/target/contour_center,93.22247099876404,17:21:46.398,119.0,-8.0
/target/contour_center,93.2588529586792,17:21:46.434,119.0,-8.0
/target/contour_center,93.28293704986572,17:21:46.458,120.0,-8.0
/target/contour_center,93.31810164451599,17:21:46.494,120.0,-7.0
/target/contour_center,93.35125303268433,17:21:46.527,120.0,-6.0
/target/contour_center,93.38659358024597,17:21:46.562,119.0,-6.0
/target/contour_center,93.42322587966919,17:21:46.599,119.0,-5.0
/target/contour_center,93.45425176620483,17:21:46.630,118.0,-5.0
/target/contour_center,93.48563480377197,17:21:46.661,118.0,-4.0
/target/contour_center,93.51963639259338,17:21:46.695,117.0,-5.0
/target/contour_center,93.55121612548828,17:21:46.727,117.0,-4.0
/target/contour_center,93.58701038360596,17:21:46.762,117.0,-5.0
/target/contour_center,93.62205815315247,17:21:46.798,116.0,-5.0
/target/contour_center,93.6526997089386,17:21:46.828,116.0,-6.0
/target/contour_center,93.69203209877014,17:21:46.867,116.0,-7.0
/target/contour_center,93.72204518318176,17:21:46.898,116.0,-7.0
/target/contour_center,93.75121641159058,17:21:46.927,116.0,-6.0
/target/contour_center,93.78844666481018,17:21:46.964,116.0,-6.0
/target/contour_center,93.82168316841125,17:21:46.997,115.0,-6.0
/target/contour_center,93.85267925262451,17:21:47.028,115.0,-5.0
/target/contour_center,93.88932514190674,17:21:47.065,114.0,-6.0
/target/contour_center,93.9249062538147,17:21:47.100,114.0,-6.0
/target/contour_center,93.95545816421509,17:21:47.131,113.0,-5.0
/target/contour_center,93.99385094642639,17:21:47.169,113.0,-5.0
/target/contour_center,94.0261869430542,17:21:47.202,112.0,-5.0
/target/contour_center,94.05644035339355,17:21:47.232,111.0,-6.0
/target/contour_center,94.09327745437622,17:21:47.269,110.0,-7.0
/target/contour_center,94.12521600723267,17:21:47.301,110.0,-8.0
/target/contour_center,94.15845441818237,17:21:47.334,109.0,-9.0
/target/contour_center,94.19353914260864,17:21:47.369,108.0,-10.0
/target/contour_center,94.22619485855103,17:21:47.402,108.0,-11.0
/target/contour_center,94.25448656082153,17:21:47.430,107.0,-12.0
/target/contour_center,94.2863712310791,17:21:47.462,107.0,-13.0
/target/contour_center,94.32190704345703,17:21:47.497,106.0,-14.0
/target/contour_center,94.34997129440308,17:21:47.525,106.0,-15.0
/target/contour_center,94.38649559020996,17:21:47.562,105.0,-15.0
/target/contour_center,94.41867733001709,17:21:47.594,104.0,-17.0
/target/contour_center,94.4510223865509,17:21:47.626,104.0,-18.0
/target/contour_center,94.48864412307739,17:21:47.664,102.0,-19.0
/target/contour_center,94.52439785003662,17:21:47.700,102.0,-19.0
/target/contour_center,94.5539960861206,17:21:47.729,101.0,-20.0
/target/contour_center,94.59373569488525,17:21:47.769,100.0,-22.0
/target/contour_center,94.62262988090515,17:21:47.798,99.0,-23.0
/target/contour_center,94.65803527832031,17:21:47.834,98.0,-24.0
/target/contour_center,94.68756413459778,17:21:47.863,98.0,-24.0
/target/contour_center,94.71884155273438,17:21:47.894,96.0,-25.0
/target/contour_center,94.75171709060669,17:21:47.927,95.0,-24.0
/target/contour_center,94.78908586502075,17:21:47.965,94.0,-23.0
/target/contour_center,94.819331407547,17:21:47.995,92.0,-24.0
/target/contour_center,94.85079622268677,17:21:48.026,91.0,-25.0
/target/contour_center,94.88889622688293,17:21:48.064,89.0,-26.0
/target/contour_center,94.92196369171143,17:21:48.097,88.0,-28.0
/target/contour_center,94.9550256729126,17:21:48.130,87.0,-29.0
/target/contour_center,94.98747420310974,17:21:48.163,86.0,-30.0
/target/contour_center,95.02133846282959,17:21:48.197,84.0,-30.0
/target/contour_center,95.05250835418701,17:21:48.228,82.0,-31.0
/target/contour_center,95.08704376220703,17:21:48.263,80.0,-32.0
/target/contour_center,95.12446999549866,17:21:48.300,78.0,-32.0
/target/contour_center,95.1575288772583,17:21:48.333,76.0,-34.0
/target/contour_center,95.18896484375,17:21:48.364,74.0,-35.0
/target/contour_center,95.22299098968506,17:21:48.398,73.0,-36.0
/target/contour_center,95.259840965271,17:21:48.435,72.0,-36.0
/target/contour_center,95.29044842720032,17:21:48.466,77.0,-29.0
/target/contour_center,95.3190770149231,17:21:48.495,71.0,-37.0
/target/contour_center,95.35697937011719,17:21:48.532,71.0,-38.0
/target/contour_center,95.39042019844055,17:21:48.566,70.0,-38.0
/target/contour_center,95.4230420589447,17:21:48.599,70.0,-39.0
/target/contour_center,95.45527648925781,17:21:48.631,70.0,-40.0
/target/contour_center,95.48644542694092,17:21:48.662,68.0,-40.0
/target/contour_center,95.5193178653717,17:21:48.695,68.0,-40.0
/target/contour_center,95.55482864379883,17:21:48.730,67.0,-41.0
/target/contour_center,95.58718132972717,17:21:48.763,67.0,-42.0
/target/contour_center,95.61825799942017,17:21:48.794,66.0,-43.0
/target/contour_center,95.6549551486969,17:21:48.830,72.0,-34.0
/target/contour_center,95.68753123283386,17:21:48.863,64.0,-44.0
/target/contour_center,95.7211287021637,17:21:48.897,63.0,-44.0
/target/contour_center,95.75407648086548,17:21:48.930,62.0,-46.0
/target/contour_center,95.78911709785461,17:21:48.965,60.0,-48.0
/target/contour_center,95.82086777687073,17:21:48.996,59.0,-50.0
/target/contour_center,95.85692596435547,17:21:49.032,67.0,-38.0
/target/contour_center,95.8890552520752,17:21:49.065,57.0,-52.0
/target/contour_center,95.92226052284241,17:21:49.098,55.0,-53.0
/target/contour_center,95.95845174789429,17:21:49.134,64.0,-41.0
/target/contour_center,95.9907009601593,17:21:49.166,53.0,-55.0
/target/contour_center,96.03083515167236,17:21:49.206,51.0,-56.0
/target/contour_center,96.06556725502014,17:21:49.241,61.0,-42.0
/target/contour_center,96.0933780670166,17:21:49.269,60.0,-43.0
/target/contour_center,96.12527012825012,17:21:49.301,48.0,-58.0
/target/contour_center,96.1634931564331,17:21:49.339,60.0,-42.0
/target/contour_center,96.1947135925293,17:21:49.370,47.0,-59.0
/target/contour_center,96.2227578163147,17:21:49.398,58.0,-42.0
/target/contour_center,96.25383710861206,17:21:49.429,57.0,-41.0
/target/contour_center,96.29388785362244,17:21:49.469,44.0,-59.0
/target/contour_center,96.3221492767334,17:21:49.498,56.0,-41.0
/target/contour_center,96.35768508911133,17:21:49.533,55.0,-40.0
/target/contour_center,96.38707280158997,17:21:49.563,53.0,-39.0
/target/contour_center,96.42289853096008,17:21:49.598,53.0,-38.0
/target/contour_center,96.45353388786316,17:21:49.629,52.0,-38.0
/target/contour_center,96.48629474639893,17:21:49.662,52.0,-37.0
/target/contour_center,96.52095413208008,17:21:49.696,51.0,-37.0
/target/contour_center,96.55685520172119,17:21:49.732,36.0,-57.0
/target/contour_center,96.58744740486145,17:21:49.763,51.0,-38.0
/target/contour_center,96.62142276763916,17:21:49.797,50.0,-38.0
/target/contour_center,96.65410685539246,17:21:49.830,49.0,-39.0
/target/contour_center,96.68871545791626,17:21:49.864,49.0,-39.0
/target/contour_center,96.72325038909912,17:21:49.899,48.0,-39.0
/target/contour_center,96.75630831718445,17:21:49.932,47.0,-39.0
/target/contour_center,96.7875645160675,17:21:49.963,46.0,-39.0
/target/contour_center,96.8262529373169,17:21:50.002,29.0,-63.0
/target/contour_center,96.85615420341492,17:21:50.032,46.0,-40.0
/target/contour_center,96.88636374473572,17:21:50.062,46.0,-41.0
/target/contour_center,96.92663860321045,17:21:50.102,46.0,-43.0
/target/contour_center,96.95603322982788,17:21:50.132,46.0,-44.0
/target/contour_center,96.98694396018982,17:21:50.162,45.0,-45.0
/target/contour_center,97.02537131309509,17:21:50.201,45.0,-46.0
/target/contour_center,97.05524015426636,17:21:50.231,44.0,-45.0
/target/contour_center,97.09042835235596,17:21:50.266,44.0,-46.0
/target/contour_center,97.12290024757385,17:21:50.298,43.0,-46.0
/target/contour_center,97.1536476612091,17:21:50.329,43.0,-46.0
/target/contour_center,97.1871383190155,17:21:50.363,42.0,-47.0
/target/contour_center,97.22251796722412,17:21:50.398,41.0,-48.0
/target/contour_center,97.255375623703,17:21:50.431,41.0,-48.0
/target/contour_center,97.28753972053528,17:21:50.463,40.0,-48.0
/target/contour_center,97.32634997367859,17:21:50.502,40.0,-48.0
/target/contour_center,97.3578782081604,17:21:50.533,39.0,-48.0
/target/contour_center,97.38914656639099,17:21:50.565,38.0,-48.0
/target/contour_center,97.42328786849976,17:21:50.599,38.0,-48.0
/target/contour_center,97.45648169517517,17:21:50.632,37.0,-48.0
/target/contour_center,97.49003863334656,17:21:50.666,36.0,-48.0
/target/contour_center,97.5260272026062,17:21:50.701,35.0,-47.0
/target/contour_center,97.5538763999939,17:21:50.729,35.0,-48.0
/target/contour_center,97.58799982070923,17:21:50.763,34.0,-48.0
/target/contour_center,97.6253662109375,17:21:50.801,33.0,-49.0
/target/contour_center,97.6563618183136,17:21:50.832,93.0,-39.0
/target/contour_center,97.6851966381073,17:21:50.861,83.0,-27.0
/target/contour_center,97.73322463035583,17:21:50.909,67.0,-16.0
/target/contour_center,97.76295447349548,17:21:50.938,52.0,-10.0
/target/contour_center,97.79889249801636,17:21:50.974,40.0,-9.0
/target/contour_center,97.8220751285553,17:21:50.998,27.0,-10.0
/target/contour_center,97.85306429862976,17:21:51.029,26.0,-16.0
/target/contour_center,97.88639879226685,17:21:51.062,28.0,-21.0
/target/contour_center,97.92115521430969,17:21:51.097,33.0,-26.0
/target/contour_center,97.96539211273193,17:21:51.141,48.0,-32.0
/target/contour_center,98.00540590286255,17:21:51.181,58.0,-36.0
/target/contour_center,98.03398966789246,17:21:51.209,70.0,-39.0
/target/contour_center,98.05391550064087,17:21:51.229,81.0,-43.0
/target/contour_center,98.090496301651,17:21:51.266,91.0,-47.0
/target/contour_center,98.1216835975647,17:21:51.297,98.0,-51.0
/target/contour_center,98.15448546409607,17:21:51.330,38.0,-59.0
/target/contour_center,98.1899516582489,17:21:51.365,41.0,-65.0
/target/contour_center,98.22201347351074,17:21:51.397,44.0,-72.0
/target/contour_center,98.25419783592224,17:21:51.430,48.0,-78.0
/target/contour_center,98.29280352592468,17:21:51.468,52.0,-84.0
/target/contour_center,98.32493162155151,17:21:51.500,55.0,-89.0
/target/contour_center,98.35455989837646,17:21:51.530,58.0,-94.0
/target/contour_center,98.39074182510376,17:21:51.566,61.0,-98.0
/target/contour_center,98.42528748512268,17:21:51.601,62.0,-99.0
/target/contour_center,98.45415830612183,17:21:51.630,61.0,-97.0
/target/contour_center,98.49340391159058,17:21:51.669,60.0,-94.0
/target/contour_center,98.52336859703064,17:21:51.699,58.0,-90.0
/target/contour_center,98.55563735961914,17:21:51.731,58.0,-87.0
/target/contour_center,98.59293627738953,17:21:51.768,55.0,-81.0
/target/contour_center,98.62417387962341,17:21:51.800,57.0,-81.0
/target/contour_center,98.6553704738617,17:21:51.831,59.0,-82.0
/target/contour_center,98.69026780128479,17:21:51.866,61.0,-83.0
/target/contour_center,98.72415471076965,17:21:51.900,64.0,-83.0
/target/contour_center,98.75327801704407,17:21:51.929,67.0,-84.0
/target/contour_center,98.7889347076416,17:21:51.964,69.0,-86.0
/target/contour_center,98.82060360908508,17:21:51.996,71.0,-88.0
/target/contour_center,98.85391688346863,17:21:52.029,76.0,-88.0
/target/contour_center,98.89139437675476,17:21:52.067,78.0,-90.0
/target/contour_center,98.92382597923279,17:21:52.099,82.0,-91.0
/target/contour_center,98.9571967124939,17:21:52.133,84.0,-92.0
/target/contour_center,98.99526023864746,17:21:52.171,87.0,-93.0
/target/contour_center,99.024174451828,17:21:52.200,89.0,-94.0
/target/contour_center,99.05661678314209,17:21:52.232,91.0,-95.0
/target/contour_center,99.09117007255554,17:21:52.267,93.0,-96.0
/target/contour_center,99.12234306335449,17:21:52.298,95.0,-97.0
/target/contour_center,99.15547180175781,17:21:52.331,97.0,-98.0
/target/contour_center,99.1917552947998,17:21:52.367,98.0,-98.0
/target/contour_center,99.2229835987091,17:21:52.398,99.0,-99.0
/target/contour_center,99.25731253623962,17:21:52.433,101.0,-101.0
/target/contour_center,99.28949570655823,17:21:52.465,103.0,-105.0
/target/contour_center,99.32142925262451,17:21:52.497,106.0,-108.0
/target/contour_center,99.35400056838989,17:21:52.529,109.0,-110.0
/target/contour_center,99.3890426158905,17:21:52.565,111.0,-113.0
/target/contour_center,99.4224374294281,17:21:52.598,114.0,-115.0
/target/contour_center,99.46009969711304,17:21:52.636,116.0,-117.0
/target/contour_center,99.49384021759033,17:21:52.669,117.0,-117.0
/target/contour_center,99.52509355545044,17:21:52.701,117.0,-119.0
/target/contour_center,99.56600069999695,17:21:52.741,116.0,-119.0
/target/contour_center,99.59161448478699,17:21:52.767,115.0,-119.0
/target/contour_center,99.62417101860046,17:21:52.800,113.0,-119.0
/target/contour_center,99.65829563140869,17:21:52.834,111.0,-119.0
/target/contour_center,99.68976330757141,17:21:52.865,110.0,-118.0
/target/contour_center,99.72412395477295,17:21:52.900,108.0,-117.0
/target/contour_center,99.75752091407776,17:21:52.933,107.0,-117.0
/target/contour_center,99.79406642913818,17:21:52.970,106.0,-116.0
/target/contour_center,99.82580924034119,17:21:53.001,104.0,-115.0
/target/contour_center,99.85654044151306,17:21:53.032,103.0,-113.0
/target/contour_center,99.8887927532196,17:21:53.064,103.0,-111.0
/target/contour_center,99.92103862762451,17:21:53.097,102.0,-109.0
/target/contour_center,99.95647263526917,17:21:53.132,101.0,-106.0
/target/contour_center,99.98840475082397,17:21:53.164,100.0,-103.0
/target/contour_center,100.02318811416626,17:21:53.199,100.0,-101.0
/target/contour_center,100.05817914009094,17:21:53.234,101.0,-99.0
/target/contour_center,100.09281730651855,17:21:53.268,101.0,-98.0
/target/contour_center,100.12376832962036,17:21:53.299,101.0,-96.0
/target/contour_center,100.16303205490112,17:21:53.338,103.0,-97.0
/target/contour_center,100.19169974327087,17:21:53.367,104.0,-99.0
/target/contour_center,100.22415590286255,17:21:53.400,92.0,-85.0
/target/contour_center,100.29672169685364,17:21:53.472,73.0,5.0
/target/contour_center,100.32251954078674,17:21:53.498,85.0,41.0
/target/contour_center,100.35728573799133,17:21:53.533,89.0,72.0
/target/contour_center,100.39009141921997,17:21:53.566,92.0,89.0
/target/contour_center,100.422598361969,17:21:53.598,93.0,95.0
/target/contour_center,100.45951819419861,17:21:53.635,92.0,94.0
/target/contour_center,100.49118447303772,17:21:53.667,93.0,91.0
/target/contour_center,100.5227837562561,17:21:53.698,92.0,85.0
/target/contour_center,100.5582857131958,17:21:53.734,91.0,79.0
/target/contour_center,100.59990406036377,17:21:53.775,90.0,72.0
/target/contour_center,100.62907361984253,17:21:53.805,89.0,65.0
/target/contour_center,100.6619770526886,17:21:53.837,88.0,58.0
/target/contour_center,100.69747996330261,17:21:53.873,86.0,50.0
/target/contour_center,100.7244508266449,17:21:53.900,85.0,43.0
/target/contour_center,100.76131749153137,17:21:53.937,84.0,37.0
/target/contour_center,100.79475688934326,17:21:53.970,83.0,31.0
/target/contour_center,100.82383036613464,17:21:53.999,82.0,24.0
/target/contour_center,100.86276769638062,17:21:54.038,82.0,18.0
/target/contour_center,100.897390127182,17:21:54.073,82.0,12.0
/target/contour_center,100.92671918869019,17:21:54.102,84.0,7.0
/target/contour_center,100.95621156692505,17:21:54.132,85.0,3.0
/target/contour_center,100.98952865600586,17:21:54.165,87.0,-1.0
/target/contour_center,101.02612829208374,17:21:54.202,89.0,-5.0
/target/contour_center,101.0600893497467,17:21:54.236,91.0,-7.0
/target/contour_center,101.0936849117279,17:21:54.269,92.0,-10.0
/target/contour_center,101.13537287712097,17:21:54.311,93.0,-13.0
/target/contour_center,101.16017460823059,17:21:54.336,94.0,-17.0
/target/contour_center,101.19394087791443,17:21:54.369,95.0,-21.0
/target/contour_center,101.23138093948364,17:21:54.407,96.0,-25.0
/target/contour_center,101.25726318359375,17:21:54.433,97.0,-27.0
/target/contour_center,101.2900447845459,17:21:54.466,98.0,-30.0
/target/contour_center,101.32812333106995,17:21:54.504,98.0,-32.0
/target/contour_center,101.35841202735901,17:21:54.534,98.0,-34.0
/target/contour_center,101.39117741584778,17:21:54.567,97.0,-36.0
/target/contour_center,101.42627000808716,17:21:54.602,97.0,-38.0
/target/contour_center,101.45665645599365,17:21:54.632,96.0,-40.0
/target/contour_center,101.49286651611328,17:21:54.668,96.0,-42.0
/target/contour_center,101.52820420265198,17:21:54.704,95.0,-44.0
/target/contour_center,101.55892086029053,17:21:54.734,95.0,-45.0
/target/contour_center,101.59077572822571,17:21:54.766,95.0,-46.0
/target/contour_center,101.62962222099304,17:21:54.805,95.0,-46.0
/target/contour_center,101.66322565078735,17:21:54.839,95.0,-46.0
/target/contour_center,101.69369673728943,17:21:54.869,95.0,-45.0
/target/contour_center,101.73107147216797,17:21:54.907,96.0,-44.0
/target/contour_center,101.75650906562805,17:21:54.932,97.0,-42.0
/target/contour_center,101.79039359092712,17:21:54.966,99.0,-40.0
/target/contour_center,101.82509303092957,17:21:55.001,100.0,-37.0
/target/contour_center,101.85880064964294,17:21:55.034,102.0,-33.0
/target/contour_center,101.89143943786621,17:21:55.067,102.0,-30.0
/target/contour_center,101.9276430606842,17:21:55.103,102.0,-27.0
/target/contour_center,101.95771837234497,17:21:55.133,102.0,-26.0
/target/contour_center,101.99290299415588,17:21:55.168,102.0,-24.0
/target/contour_center,102.03009176254272,17:21:55.206,101.0,-24.0
/target/contour_center,102.06000566482544,17:21:55.235,100.0,-24.0
/target/contour_center,102.08872604370117,17:21:55.264,99.0,-25.0
/target/contour_center,102.1260404586792,17:21:55.302,98.0,-26.0
/target/contour_center,102.15641498565674,17:21:55.332,97.0,-26.0
/target/contour_center,102.1892991065979,17:21:55.365,96.0,-26.0
/target/contour_center,102.22530198097229,17:21:55.401,95.0,-25.0
/target/contour_center,102.25598549842834,17:21:55.431,94.0,-24.0
/target/contour_center,102.28928709030151,17:21:55.465,93.0,-23.0
/target/contour_center,102.32471966743469,17:21:55.500,93.0,-22.0
/target/contour_center,102.35816264152527,17:21:55.534,93.0,-20.0
/target/contour_center,102.39655303955078,17:21:55.572,92.0,-17.0
/target/contour_center,102.42733931541443,17:21:55.603,92.0,-16.0
/target/contour_center,102.46080541610718,17:21:55.636,91.0,-13.0
/target/contour_center,102.49403357505798,17:21:55.670,89.0,-11.0
/target/contour_center,102.52633118629456,17:21:55.702,88.0,-9.0
/target/contour_center,102.56195759773254,17:21:55.737,87.0,-5.0
/target/contour_center,102.59457111358643,17:21:55.770,87.0,-3.0
/target/contour_center,102.62565302848816,17:21:55.801,86.0,0.0
/target/contour_center,102.65671372413635,17:21:55.832,85.0,4.0
/target/contour_center,102.69273018836975,17:21:55.868,84.0,8.0
/target/contour_center,102.72758555412292,17:21:55.903,83.0,12.0
/target/contour_center,102.75621914863586,17:21:55.932,82.0,15.0
/target/contour_center,102.79245519638062,17:21:55.968,82.0,19.0
/target/contour_center,102.82652473449707,17:21:56.002,82.0,23.0
/target/contour_center,102.8568925857544,17:21:56.032,81.0,27.0
/target/contour_center,102.89509606361389,17:21:56.071,81.0,31.0
/target/contour_center,102.92802000045776,17:21:56.103,81.0,34.0
/target/contour_center,102.96168804168701,17:21:56.137,80.0,39.0
/target/contour_center,102.99716639518738,17:21:56.173,80.0,42.0
/target/contour_center,103.02762651443481,17:21:56.203,79.0,46.0
/target/contour_center,103.0597620010376,17:21:56.235,79.0,51.0
/target/contour_center,103.09437370300293,17:21:56.270,78.0,56.0
/target/contour_center,103.12413954734802,17:21:56.300,78.0,60.0
/target/contour_center,103.15580534934998,17:21:56.331,77.0,64.0
/target/contour_center,103.19180202484131,17:21:56.367,76.0,68.0
/target/contour_center,103.22454380989075,17:21:56.400,74.0,70.0
/target/contour_center,103.25564241409302,17:21:56.431,58.0,8.0
/target/contour_center,103.29346489906311,17:21:56.469,56.0,10.0
/target/contour_center,103.32833528518677,17:21:56.504,55.0,12.0
/target/contour_center,103.35964465141296,17:21:56.535,54.0,13.0
/target/contour_center,103.39288282394409,17:21:56.568,52.0,16.0
/target/contour_center,103.42429041862488,17:21:56.600,51.0,18.0
/target/contour_center,103.45587348937988,17:21:56.631,58.0,70.0
/target/contour_center,103.49510383605957,17:21:56.671,49.0,24.0
/target/contour_center,103.52924466133118,17:21:56.705,48.0,29.0
/target/contour_center,103.5583267211914,17:21:56.734,48.0,34.0
/target/contour_center,103.59856152534485,17:21:56.774,47.0,40.0
/target/contour_center,103.63035607337952,17:21:56.806,46.0,46.0
/target/contour_center,103.66289067268372,17:21:56.838,46.0,52.0
/target/contour_center,103.69769239425659,17:21:56.873,45.0,58.0
/target/contour_center,103.73062896728516,17:21:56.906,44.0,65.0
/target/contour_center,103.76624202728271,17:21:56.942,44.0,70.0
/target/contour_center,103.79867339134216,17:21:56.974,43.0,77.0
/target/contour_center,103.83032298088074,17:21:57.006,42.0,81.0
/target/contour_center,103.86637091636658,17:21:57.042,41.0,84.0
/target/contour_center,103.89861822128296,17:21:57.074,41.0,86.0
/target/contour_center,103.93107891082764,17:21:57.107,40.0,88.0
/target/contour_center,103.97176766395569,17:21:57.147,40.0,90.0
/target/contour_center,103.9996771812439,17:21:57.175,40.0,92.0
/target/contour_center,104.03035831451416,17:21:57.206,40.0,94.0
/target/contour_center,104.07083487510681,17:21:57.246,40.0,95.0
/target/contour_center,104.10111856460571,17:21:57.277,40.0,98.0
/target/contour_center,104.13427901268005,17:21:57.310,40.0,100.0
/target/contour_center,104.16688990592957,17:21:57.342,41.0,101.0
/target/contour_center,104.19979977607727,17:21:57.375,42.0,104.0
/target/contour_center,104.23191785812378,17:21:57.407,84.0,149.0
/target/contour_center,104.25995683670044,17:21:57.435,62.0,70.0
/target/contour_center,104.29380989074707,17:21:57.469,43.0,110.0
/target/contour_center,104.32348132133484,17:21:57.499,62.0,76.0
/target/contour_center,104.35968947410583,17:21:57.535,45.0,113.0
/target/contour_center,104.39518165588379,17:21:57.571,61.0,83.0
/target/contour_center,104.43335437774658,17:21:57.609,61.0,87.0
/target/contour_center,104.46665549278259,17:21:57.642,61.0,90.0
/target/contour_center,104.49811792373657,17:21:57.674,45.0,121.0
/target/contour_center,104.53190612792969,17:21:57.707,60.0,98.0
/target/contour_center,104.5691466331482,17:21:57.745,47.0,124.0
/target/contour_center,104.6003520488739,17:21:57.776,58.0,106.0
/target/contour_center,104.62577414512634,17:21:57.801,58.0,109.0
/target/contour_center,104.66552996635437,17:21:57.841,57.0,113.0
/target/contour_center,104.69331645965576,17:21:57.869,57.0,117.0
/target/contour_center,104.725759267807,17:21:57.901,56.0,122.0
/target/contour_center,104.76046109199524,17:21:57.936,55.0,128.0
/target/contour_center,104.79387259483337,17:21:57.969,55.0,133.0
/target/contour_center,104.82692098617554,17:21:58.002,54.0,139.0
/target/contour_center,104.86290860176086,17:21:58.038,54.0,144.0
/target/contour_center,104.89375114440918,17:21:58.069,53.0,149.0
/target/contour_center,104.92541360855103,17:21:58.101,53.0,154.0
/target/contour_center,104.95961022377014,17:21:58.135,52.0,160.0
/target/contour_center,104.99243974685669,17:21:58.168,52.0,165.0
/target/contour_center,105.02372288703918,17:21:58.199,53.0,167.0
/target/contour_center,105.06210660934448,17:21:58.238,54.0,169.0
/target/contour_center,105.09600019454956,17:21:58.271,55.0,170.0
/target/contour_center,105.13022923469543,17:21:58.306,55.0,173.0
/target/contour_center,105.16986441612244,17:21:58.345,55.0,175.0
/target/contour_center,105.19399905204773,17:21:58.369,57.0,177.0
/target/contour_center,105.23209381103516,17:21:58.408,57.0,180.0
/target/contour_center,105.26035189628601,17:21:58.436,58.0,182.0
/target/contour_center,124.30949115753174,17:22:17.485,-59.0,-269.0
/target/contour_center,124.34060859680176,17:22:17.516,-57.0,-266.0
/target/contour_center,124.3738169670105,17:22:17.549,-56.0,-263.0
/target/contour_center,124.40841579437256,17:22:17.584,-54.0,-259.0
/target/contour_center,124.5759105682373,17:22:17.751,-34.0,-215.0
/target/contour_center,124.6144289970398,17:22:17.790,-31.0,-211.0
/target/contour_center,124.64649891853333,17:22:17.822,-30.0,-208.0
/target/contour_center,124.68118119239807,17:22:17.857,-30.0,-206.0
/target/contour_center,124.71335244178772,17:22:17.889,-27.0,-205.0
/target/contour_center,124.7458565235138,17:22:17.921,-27.0,-204.0
/target/contour_center,124.77588367462158,17:22:17.951,-26.0,-204.0
/target/contour_center,124.81313252449036,17:22:17.989,-27.0,-204.0
/target/contour_center,124.8433141708374,17:22:18.019,-25.0,-203.0
/target/contour_center,124.87809252738953,17:22:18.054,-23.0,-202.0
/target/contour_center,124.91190934181213,17:22:18.087,-22.0,-200.0
/target/contour_center,124.94070291519165,17:22:18.116,-22.0,-198.0
/target/contour_center,124.9726574420929,17:22:18.148,-21.0,-196.0
/target/contour_center,125.00908064842224,17:22:18.185,-20.0,-194.0
/target/contour_center,125.04325985908508,17:22:18.219,-18.0,-191.0
/target/contour_center,125.07459211349487,17:22:18.250,-18.0,-189.0
/target/contour_center,125.11323928833008,17:22:18.289,-15.0,-186.0
/target/contour_center,125.1433207988739,17:22:18.319,-16.0,-184.0
/target/contour_center,125.17590069770813,17:22:18.351,-14.0,-182.0
/target/contour_center,125.21492910385132,17:22:18.390,-13.0,-180.0
/target/contour_center,125.2399754524231,17:22:18.415,-13.0,-179.0
/target/contour_center,125.27224397659302,17:22:18.448,-13.0,-177.0
/target/contour_center,125.30878686904907,17:22:18.484,-13.0,-176.0
/target/contour_center,125.33968567848206,17:22:18.515,-12.0,-175.0
/target/contour_center,125.3761773109436,17:22:18.552,-13.0,-174.0
/target/contour_center,125.41103959083557,17:22:18.587,-12.0,-174.0
/target/contour_center,125.44134974479675,17:22:18.617,-12.0,-172.0
/target/contour_center,125.47760915756226,17:22:18.653,-12.0,-172.0
/target/contour_center,125.50998759269714,17:22:18.685,-12.0,-171.0
/target/contour_center,125.54036498069763,17:22:18.716,-12.0,-170.0
/target/contour_center,125.57974743843079,17:22:18.755,-11.0,-170.0
/target/contour_center,125.61166787147522,17:22:18.787,-11.0,-169.0
/target/contour_center,125.64352536201477,17:22:18.819,-11.0,-168.0
/target/contour_center,125.67676568031311,17:22:18.852,-10.0,-167.0
/target/contour_center,125.70986151695251,17:22:18.885,-11.0,-166.0
/target/contour_center,125.74330544471741,17:22:18.919,-10.0,-165.0
/target/contour_center,125.77951574325562,17:22:18.955,-9.0,-163.0
/target/contour_center,125.81237745285034,17:22:18.988,-8.0,-162.0
/target/contour_center,125.84597992897034,17:22:19.021,-9.0,-161.0
/target/contour_center,125.87818956375122,17:22:19.054,-8.0,-159.0
/target/contour_center,125.9143316745758,17:22:19.090,-6.0,-158.0
/target/contour_center,125.94513392448425,17:22:19.121,-7.0,-156.0
/target/contour_center,125.97695708274841,17:22:19.152,-6.0,-154.0
/target/contour_center,126.00905346870422,17:22:19.185,-6.0,-152.0
/target/contour_center,126.03978657722473,17:22:19.215,-3.0,-149.0
/target/contour_center,126.0788516998291,17:22:19.254,-3.0,-146.0
/target/contour_center,126.11512017250061,17:22:19.291,-1.0,-143.0
/target/contour_center,126.14391827583313,17:22:19.319,1.0,-140.0
/target/contour_center,126.17895221710205,17:22:19.354,2.0,-138.0
/target/contour_center,126.21369314193726,17:22:19.389,6.0,-132.0
/target/contour_center,126.2429883480072,17:22:19.418,0.0,-133.0
/target/contour_center,126.27993679046631,17:22:19.455,0.0,-131.0
/target/contour_center,126.31044936180115,17:22:19.486,8.0,-122.0
/target/contour_center,126.34341478347778,17:22:19.519,2.0,-126.0
/target/contour_center,126.37611484527588,17:22:19.552,1.0,-125.0
/target/contour_center,126.41126298904419,17:22:19.587,3.0,-124.0
/target/contour_center,126.43990778923035,17:22:19.615,10.0,-117.0
/target/contour_center,126.477374792099,17:22:19.653,2.0,-123.0
/target/contour_center,126.51188731193542,17:22:19.687,2.0,-123.0
/target/contour_center,126.54338908195496,17:22:19.719,1.0,-123.0
/target/contour_center,126.57717180252075,17:22:19.753,-1.0,-124.0
/target/contour_center,126.60908269882202,17:22:19.785,0.0,-124.0
/target/contour_center,126.64091157913208,17:22:19.816,-1.0,-124.0
/target/contour_center,126.67543530464172,17:22:19.851,-2.0,-124.0
/target/contour_center,126.70941019058228,17:22:19.885,-1.0,-124.0
/target/contour_center,126.74319815635681,17:22:19.919,-1.0,-124.0
/target/contour_center,126.77845931053162,17:22:19.954,-1.0,-123.0
/target/contour_center,126.81183099746704,17:22:19.987,-1.0,-123.0
/target/contour_center,126.84515357017517,17:22:20.021,-1.0,-122.0
/target/contour_center,126.8771800994873,17:22:20.053,-2.0,-121.0
/target/contour_center,126.91160988807678,17:22:20.087,-3.0,-120.0
/target/contour_center,126.94964504241943,17:22:20.125,-2.0,-119.0
/target/contour_center,126.98117733001709,17:22:20.157,-2.0,-119.0
/target/contour_center,127.01509165763855,17:22:20.191,-1.0,-118.0
/target/contour_center,127.0499382019043,17:22:20.225,0.0,-117.0
/target/contour_center,127.08393144607544,17:22:20.259,-1.0,-115.0
/target/contour_center,127.11510992050171,17:22:20.291,0.0,-115.0
/target/contour_center,127.14929008483887,17:22:20.325,1.0,-114.0
/target/contour_center,127.18248963356018,17:22:20.358,20.0,-100.0
/target/contour_center,127.21481132507324,17:22:20.390,0.0,-114.0
/target/contour_center,127.2513530254364,17:22:20.427,-1.0,-113.0
/target/contour_center,127.28077602386475,17:22:20.456,-2.0,-113.0
/target/contour_center,127.31306886672974,17:22:20.489,-4.0,-114.0
/target/contour_center,127.34784388542175,17:22:20.523,-5.0,-113.0
/target/contour_center,127.38150262832642,17:22:20.557,-4.0,-113.0
/target/contour_center,127.4120740890503,17:22:20.588,-5.0,-113.0
/target/contour_center,127.44941067695618,17:22:20.625,-5.0,-112.0
/target/contour_center,127.4787585735321,17:22:20.654,-5.0,-112.0
/target/contour_center,127.50842189788818,17:22:20.684,-6.0,-112.0
/target/contour_center,127.54411816596985,17:22:20.720,-5.0,-112.0
/target/contour_center,127.58256530761719,17:22:20.758,-5.0,-113.0
/target/contour_center,127.61762762069702,17:22:20.793,-5.0,-112.0
/target/contour_center,127.65021562576294,17:22:20.826,-7.0,-112.0
/target/contour_center,127.68297171592712,17:22:20.858,-6.0,-111.0
/target/contour_center,127.71434593200684,17:22:20.890,-6.0,-110.0
/target/contour_center,127.74680519104004,17:22:20.922,-7.0,-110.0
/target/contour_center,127.77651309967041,17:22:20.952,-6.0,-110.0
/target/contour_center,127.81174278259277,17:22:20.987,-6.0,-110.0
/target/contour_center,127.84382677078247,17:22:21.019,-7.0,-110.0
/target/contour_center,127.87747240066528,17:22:21.053,-7.0,-110.0
/target/contour_center,127.91119742393494,17:22:21.087,-6.0,-110.0
/target/contour_center,127.94496035575867,17:22:21.120,-6.0,-109.0
/target/contour_center,127.97940158843994,17:22:21.155,-6.0,-109.0
/target/contour_center,128.01182889938354,17:22:21.187,-6.0,-109.0
/target/contour_center,128.0482633113861,17:22:21.224,-6.0,-108.0
/target/contour_center,128.07767915725708,17:22:21.253,-6.0,-108.0
/target/contour_center,128.1081943511963,17:22:21.284,-5.0,-107.0
/target/contour_center,128.1445872783661,17:22:21.320,-6.0,-107.0
/target/contour_center,128.17655777931213,17:22:21.352,-5.0,-107.0
/target/contour_center,128.21215438842773,17:22:21.388,-4.0,-106.0
/target/contour_center,128.24632287025452,17:22:21.422,-4.0,-106.0
/target/contour_center,128.2787709236145,17:22:21.454,-3.0,-105.0
/target/contour_center,128.31797313690186,17:22:21.493,-2.0,-105.0
/target/contour_center,128.34829711914062,17:22:21.524,-2.0,-105.0
/target/contour_center,128.38030648231506,17:22:21.556,-1.0,-105.0
/target/contour_center,128.41464638710022,17:22:21.590,0.0,-104.0
/target/contour_center,128.44730257987976,17:22:21.623,0.0,-105.0
/target/contour_center,128.47861289978027,17:22:21.654,0.0,-103.0
/target/contour_center,128.5166301727295,17:22:21.692,1.0,-103.0
/target/contour_center,128.55083560943604,17:22:21.726,1.0,-103.0
/target/contour_center,128.57679867744446,17:22:21.752,1.0,-102.0
/target/contour_center,128.61305856704712,17:22:21.789,0.0,-102.0
/target/contour_center,128.64621806144714,17:22:21.822,-2.0,-101.0
/target/contour_center,128.6751208305359,17:22:21.851,-3.0,-101.0
/target/contour_center,128.713623046875,17:22:21.889,-2.0,-100.0
/target/contour_center,128.74714422225952,17:22:21.923,-4.0,-100.0
/target/contour_center,128.77999544143677,17:22:21.955,-4.0,-99.0
/target/contour_center,128.81538558006287,17:22:21.991,-5.0,-97.0
/target/contour_center,128.84588646888733,17:22:22.021,-5.0,-96.0
/target/contour_center,128.87711834907532,17:22:22.053,-5.0,-95.0
/target/contour_center,128.91255855560303,17:22:22.088,-5.0,-93.0
/target/contour_center,128.94448709487915,17:22:22.120,-11.0,-155.0
/target/contour_center,128.97960662841797,17:22:22.155,-3.0,-89.0
/target/contour_center,129.01572275161743,17:22:22.191,-6.0,-91.0
/target/contour_center,129.05429315567017,17:22:22.230,-2.0,-85.0
/target/contour_center,129.08282089233398,17:22:22.258,-16.0,-148.0
/target/contour_center,129.1162383556366,17:22:22.292,-17.0,-145.0
/target/contour_center,129.14467763900757,17:22:22.320,-3.0,-86.0
/target/contour_center,129.1769561767578,17:22:22.352,-2.0,-85.0
/target/contour_center,129.21284461021423,17:22:22.388,-3.0,-85.0
/target/contour_center,129.24656128883362,17:22:22.422,-2.0,-84.0
/target/contour_center,129.27883291244507,17:22:22.454,-1.0,-83.0
/target/contour_center,129.33090829849243,17:22:22.506,-23.0,-138.0
/target/contour_center,129.36841440200806,17:22:22.544,-23.0,-137.0
/target/contour_center,129.39826846122742,17:22:22.574,-23.0,-134.0
/target/contour_center,129.43461179733276,17:22:22.610,-23.0,-134.0
/target/contour_center,129.44519066810608,17:22:22.621,-3.0,-83.0
/target/contour_center,129.47641968727112,17:22:22.652,-4.0,-83.0
/target/contour_center,129.51145887374878,17:22:22.687,-4.0,-82.0
/target/contour_center,129.543954372406,17:22:22.719,-4.0,-84.0
/target/contour_center,129.57781648635864,17:22:22.753,-5.0,-83.0
/target/contour_center,129.6455795764923,17:22:22.821,-22.0,-124.0
/target/contour_center,129.6798722743988,17:22:22.855,-22.0,-122.0
/target/contour_center,129.69321632385254,17:22:22.869,-4.0,-83.0
/target/contour_center,129.7442548274994,17:22:22.920,-22.0,-118.0
/target/contour_center,129.75605487823486,17:22:22.932,-5.0,-83.0
/target/contour_center,129.80597281455994,17:22:22.981,-22.0,-115.0
/target/contour_center,129.84721994400024,17:22:23.023,-22.0,-114.0
/target/contour_center,129.8772485256195,17:22:23.053,-20.0,-111.0
/target/contour_center,129.88975524902344,17:22:23.065,-7.0,-86.0
/target/contour_center,129.922016620636,17:22:23.097,-6.0,-86.0
/target/contour_center,129.95559787750244,17:22:23.131,-18.0,-103.0
/target/contour_center,129.9892897605896,17:22:23.165,-18.0,-102.0
/target/contour_center,130.0228786468506,17:22:23.198,-7.0,-89.0
/target/contour_center,130.05967211723328,17:22:23.235,-17.0,-100.0
/target/contour_center,130.12346744537354,17:22:23.299,-20.0,-102.0
/target/contour_center,130.13787126541138,17:22:23.313,-18.0,-97.0
/target/contour_center,130.18291592597961,17:22:23.358,-21.0,-98.0
/target/contour_center,130.19457387924194,17:22:23.370,-19.0,-95.0
/target/contour_center,130.2245228290558,17:22:23.400,35.0,-45.0
/target/contour_center,130.25911140441895,17:22:23.435,-18.0,-93.0
/target/contour_center,130.2907576560974,17:22:23.466,-17.0,-93.0
/target/contour_center,130.32315516471863,17:22:23.499,-10.0,-90.0
/target/contour_center,130.35970997810364,17:22:23.535,-15.0,-92.0
/target/contour_center,130.39274668693542,17:22:23.568,-14.0,-92.0
/target/contour_center,130.46780395507812,17:22:23.643,-14.0,-92.0
/target/contour_center,130.48289942741394,17:22:23.658,-13.0,-91.0
/target/contour_center,130.49468612670898,17:22:23.670,-12.0,-89.0
/target/contour_center,130.5236954689026,17:22:23.699,-12.0,-88.0
/target/contour_center,130.5559117794037,17:22:23.731,-12.0,-87.0
/target/contour_center,130.59053206443787,17:22:23.766,-12.0,-85.0
/target/contour_center,130.63003206253052,17:22:23.805,-9.0,-85.0
/target/contour_center,130.65773510932922,17:22:23.833,-15.0,-83.0
/target/contour_center,130.69076442718506,17:22:23.866,-16.0,-81.0
/target/contour_center,130.724595785141,17:22:23.900,-18.0,-79.0
/target/contour_center,130.7596571445465,17:22:23.935,34.0,-32.0
/target/contour_center,130.7906460762024,17:22:23.966,-21.0,-75.0
/target/contour_center,130.8499517440796,17:22:24.025,-24.0,-73.0
/target/contour_center,130.86095905303955,17:22:24.036,-23.0,-71.0
/target/contour_center,130.8897581100464,17:22:24.065,-24.0,-69.0
/target/contour_center,130.92293095588684,17:22:24.098,-24.0,-66.0
/target/contour_center,130.95730662345886,17:22:24.133,-25.0,-64.0
/target/contour_center,130.99130773544312,17:22:24.167,-10.0,-62.0
/target/contour_center,131.06311798095703,17:22:24.239,-30.0,-62.0
/target/contour_center,131.07507848739624,17:22:24.251,-9.0,-60.0
/target/contour_center,131.09083223342896,17:22:24.266,-9.0,-60.0
/target/contour_center,131.14682817459106,17:22:24.322,-32.0,-61.0
/target/contour_center,131.17923021316528,17:22:24.355,-33.0,-60.0
/target/contour_center,131.20544910430908,17:22:24.381,-34.0,-58.0
/target/contour_center,131.22260427474976,17:22:24.398,32.0,-11.0
/target/contour_center,131.27452993392944,17:22:24.450,-34.0,-53.0
/target/contour_center,131.31062865257263,17:22:24.486,-34.0,-50.0
/target/contour_center,131.34174275398254,17:22:24.517,-34.0,-49.0
/target/contour_center,131.355881690979,17:22:24.531,-8.0,-46.0
/target/contour_center,131.40951991081238,17:22:24.585,-33.0,-45.0
/target/contour_center,131.43797373771667,17:22:24.613,-32.0,-38.0
/target/contour_center,131.4635944366455,17:22:24.639,-28.0,-8.0
/target/contour_center,131.49570631980896,17:22:24.671,137.0,13.0
/target/contour_center,131.52933263778687,17:22:24.705,134.0,41.0
/target/contour_center,131.5560371875763,17:22:24.732,-19.0,80.0
/target/contour_center,131.59175395965576,17:22:24.767,-14.0,97.0
/target/contour_center,131.6471815109253,17:22:24.823,-10.0,94.0
/target/contour_center,131.65905284881592,17:22:24.835,-6.0,100.0
/target/contour_center,131.70600247383118,17:22:24.881,-7.0,80.0
/target/contour_center,131.73840355873108,17:22:24.914,-7.0,75.0
/target/contour_center,131.75663256645203,17:22:24.932,-11.0,56.0
/target/contour_center,131.79863715171814,17:22:24.974,-17.0,29.0
/target/contour_center,131.8245439529419,17:22:25.000,-15.0,28.0
/target/contour_center,131.85681319236755,17:22:25.032,-28.0,-7.0
/target/contour_center,131.89518976211548,17:22:25.071,-9.0,-12.0
/target/contour_center,131.92600107192993,17:22:25.101,22.0,-5.0
/target/contour_center,131.95672059059143,17:22:25.132,23.0,-24.0
/target/contour_center,132.008882522583,17:22:25.184,-56.0,-86.0
/target/contour_center,132.0425295829773,17:22:25.218,-60.0,-102.0
/target/contour_center,132.0696771144867,17:22:25.245,-62.0,-120.0
/target/contour_center,132.10132789611816,17:22:25.277,-65.0,-140.0
/target/contour_center,132.1246063709259,17:22:25.300,-66.0,-150.0
/target/contour_center,132.157142162323,17:22:25.333,-67.0,-157.0
/target/contour_center,132.19155406951904,17:22:25.367,-66.0,-157.0
/target/contour_center,132.22539520263672,17:22:25.401,-65.0,-159.0
/target/contour_center,132.2572467327118,17:22:25.433,-65.0,-163.0
/target/contour_center,132.29320573806763,17:22:25.469,-64.0,-167.0
/target/contour_center,132.32883405685425,17:22:25.504,-63.0,-171.0
/target/contour_center,132.3602797985077,17:22:25.536,-62.0,-176.0
/target/contour_center,132.3949944972992,17:22:25.570,-62.0,-180.0
/target/contour_center,132.42574548721313,17:22:25.601,-60.0,-184.0
/target/contour_center,132.45733380317688,17:22:25.633,9.0,-124.0
/target/contour_center,132.49134469032288,17:22:25.667,8.0,-130.0
/target/contour_center,132.5261526107788,17:22:25.702,5.0,-134.0
/target/contour_center,132.55868124961853,17:22:25.734,4.0,-140.0
/target/contour_center,132.5926694869995,17:22:25.768,3.0,-145.0
/target/contour_center,132.62693214416504,17:22:25.802,0.0,-150.0
/target/contour_center,132.65712904930115,17:22:25.833,-1.0,-155.0
/target/contour_center,132.69020009040833,17:22:25.866,-4.0,-159.0
/target/contour_center,132.72337460517883,17:22:25.899,-5.0,-164.0
/target/contour_center,132.7571280002594,17:22:25.933,-7.0,-168.0
/target/contour_center,132.79239344596863,17:22:25.968,-8.0,-172.0
/target/contour_center,132.8256652355194,17:22:26.001,-10.0,-177.0
/target/contour_center,132.85955095291138,17:22:26.035,-11.0,-180.0
/target/contour_center,132.8930823802948,17:22:26.069,-13.0,-184.0
/target/contour_center,132.9288456439972,17:22:26.104,-14.0,-187.0
/target/contour_center,132.96567273139954,17:22:26.141,-16.0,-191.0
/target/contour_center,132.9895462989807,17:22:26.165,-16.0,-194.0
/target/contour_center,133.02225279808044,17:22:26.198,-19.0,-197.0
/target/contour_center,133.05741143226624,17:22:26.233,-20.0,-200.0
/target/contour_center,133.0905556678772,17:22:26.266,-22.0,-202.0
/target/contour_center,133.12278509140015,17:22:26.298,-23.0,-204.0
/target/contour_center,133.1554148197174,17:22:26.331,-23.0,-206.0
/target/contour_center,133.18892884254456,17:22:26.364,-25.0,-207.0
/target/contour_center,133.22281551361084,17:22:26.398,-24.0,-208.0
/target/contour_center,133.25551462173462,17:22:26.431,-26.0,-209.0
/target/contour_center,133.28939366340637,17:22:26.465,-26.0,-210.0
/target/contour_center,133.32488989830017,17:22:26.500,-27.0,-212.0
/target/contour_center,133.35921239852905,17:22:26.535,-27.0,-213.0
/target/contour_center,133.3910791873932,17:22:26.567,-29.0,-219.0
/target/contour_center,133.4224729537964,17:22:26.598,-34.0,-226.0
/target/contour_center,133.45736598968506,17:22:26.633,-39.0,-233.0
/target/contour_center,133.49144315719604,17:22:26.667,-43.0,-238.0
/target/contour_center,133.52765560150146,17:22:26.703,-47.0,-243.0
/target/contour_center,133.56212186813354,17:22:26.738,-49.0,-246.0
/target/contour_center,133.5916793346405,17:22:26.767,-52.0,-247.0
/target/contour_center,133.63133931159973,17:22:26.807,-53.0,-248.0
/target/contour_center,133.66088914871216,17:22:26.836,-54.0,-248.0
/target/contour_center,133.6914792060852,17:22:26.867,-55.0,-248.0
/target/contour_center,133.72543239593506,17:22:26.901,-55.0,-247.0
/target/contour_center,133.75777578353882,17:22:26.933,-56.0,-245.0
/target/contour_center,133.79221510887146,17:22:26.968,-56.0,-243.0
/target/contour_center,133.82539463043213,17:22:27.001,-55.0,-241.0
/target/contour_center,133.85898685455322,17:22:27.034,-54.0,-238.0
/target/contour_center,133.89268040657043,17:22:27.068,-53.0,-235.0
/target/contour_center,133.92468070983887,17:22:27.100,-53.0,-232.0
/target/contour_center,133.95682525634766,17:22:27.132,-51.0,-229.0
/target/contour_center,133.98950338363647,17:22:27.165,-50.0,-226.0
/target/contour_center,134.02390027046204,17:22:27.199,-50.0,-223.0
/target/contour_center,134.05754733085632,17:22:27.233,-48.0,-221.0
/target/contour_center,134.09410429000854,17:22:27.270,-48.0,-218.0
/target/contour_center,134.12444829940796,17:22:27.300,-47.0,-216.0
/target/contour_center,134.15784120559692,17:22:27.333,-47.0,-214.0
/target/contour_center,134.1953842639923,17:22:27.371,-46.0,-211.0
/target/contour_center,134.23244833946228,17:22:27.408,-46.0,-209.0
/target/contour_center,134.26165008544922,17:22:27.437,-45.0,-207.0
/target/contour_center,134.29037356376648,17:22:27.466,-45.0,-205.0
/target/contour_center,134.3222210407257,17:22:27.498,-45.0,-203.0
/target/contour_center,134.35795164108276,17:22:27.533,-45.0,-201.0
/target/contour_center,134.39382314682007,17:22:27.569,-44.0,-198.0
/target/contour_center,134.42746376991272,17:22:27.603,-43.0,-196.0
/target/contour_center,134.4635350704193,17:22:27.639,-42.0,-194.0
/target/contour_center,134.4973063468933,17:22:27.673,-40.0,-191.0
/target/contour_center,134.53067445755005,17:22:27.706,-39.0,-189.0
/target/contour_center,134.56228017807007,17:22:27.738,-38.0,-186.0
/target/contour_center,134.59749126434326,17:22:27.773,-36.0,-184.0
/target/contour_center,134.63003945350647,17:22:27.806,-34.0,-181.0
/target/contour_center,134.6619930267334,17:22:27.837,-33.0,-179.0
/target/contour_center,134.69595742225647,17:22:27.871,-30.0,-176.0
/target/contour_center,134.7310266494751,17:22:27.906,-29.0,-173.0
/target/contour_center,134.76033854484558,17:22:27.936,-26.0,-170.0
/target/contour_center,134.7943890094757,17:22:27.970,-24.0,-167.0
/target/contour_center,134.82995128631592,17:22:28.005,-22.0,-164.0
/target/contour_center,134.86013436317444,17:22:28.036,-20.0,-162.0
/target/contour_center,134.8917417526245,17:22:28.067,-20.0,-159.0
/target/contour_center,134.9313259124756,17:22:28.107,-17.0,-157.0
/target/contour_center,134.96089148521423,17:22:28.136,-15.0,-155.0
/target/contour_center,134.99796199798584,17:22:28.173,-13.0,-153.0
/target/contour_center,135.02674174308777,17:22:28.202,-11.0,-150.0
/target/contour_center,135.06174659729004,17:22:28.237,-9.0,-147.0
/target/contour_center,135.09404063224792,17:22:28.270,-7.0,-144.0
/target/contour_center,135.13032698631287,17:22:28.306,-6.0,-141.0
/target/contour_center,135.16239714622498,17:22:28.338,-3.0,-138.0
/target/contour_center,135.18901824951172,17:22:28.364,-2.0,-135.0
/target/contour_center,135.22511911392212,17:22:28.401,-1.0,-131.0
/target/contour_center,135.2557463645935,17:22:28.431,0.0,-128.0
/target/contour_center,135.28947234153748,17:22:28.465,2.0,-126.0
/target/contour_center,135.32736897468567,17:22:28.503,4.0,-123.0
/target/contour_center,135.36088228225708,17:22:28.536,6.0,-121.0
/target/contour_center,135.3913745880127,17:22:28.567,7.0,-118.0
/target/contour_center,135.4264543056488,17:22:28.602,7.0,-116.0
/target/contour_center,135.46265149116516,17:22:28.638,8.0,-113.0
/target/contour_center,135.49162459373474,17:22:28.667,-5.0,-119.0
/target/contour_center,135.52922081947327,17:22:28.705,-10.0,-122.0
/target/contour_center,135.5640742778778,17:22:28.740,-16.0,-124.0
/target/contour_center,135.59505653381348,17:22:28.771,-18.0,-125.0
/target/contour_center,135.6302878856659,17:22:28.806,-18.0,-123.0
/target/contour_center,135.6582224369049,17:22:28.834,-12.0,-121.0
/target/contour_center,135.69615030288696,17:22:28.872,-7.0,-119.0
/target/contour_center,135.72677302360535,17:22:28.902,0.0,-116.0
/target/contour_center,135.76445412635803,17:22:28.940,6.0,-114.0
/target/contour_center,135.7964644432068,17:22:28.972,12.0,-110.0
/target/contour_center,135.82725071907043,17:22:29.003,12.0,-106.0
/target/contour_center,135.85638761520386,17:22:29.032,30.0,-167.0
/target/contour_center,135.89371514320374,17:22:29.069,36.0,-158.0
/target/contour_center,135.92416048049927,17:22:29.100,43.0,-154.0
/target/contour_center,135.9592251777649,17:22:29.135,49.0,-149.0
/target/contour_center,136.0143847465515,17:22:29.190,55.0,-141.0
/target/contour_center,136.04203343391418,17:22:29.218,61.0,-133.0
/target/contour_center,136.070880651474,17:22:29.246,68.0,-125.0
/target/contour_center,136.08913111686707,17:22:29.265,74.0,-116.0
/target/contour_center,136.12257075309753,17:22:29.298,80.0,-108.0
/target/contour_center,136.15651655197144,17:22:29.332,84.0,-102.0
/target/contour_center,136.19161248207092,17:22:29.367,88.0,-95.0
/target/contour_center,136.22481632232666,17:22:29.400,93.0,-89.0
/target/contour_center,136.2595498561859,17:22:29.435,31.0,-81.0
/target/contour_center,136.2939805984497,17:22:29.469,34.0,-72.0
/target/contour_center,136.32413935661316,17:22:29.500,37.0,-69.0
/target/contour_center,136.35608649253845,17:22:29.532,40.0,-63.0
/target/contour_center,136.39063620567322,17:22:29.566,42.0,-57.0
/target/contour_center,136.42734265327454,17:22:29.603,46.0,-53.0
/target/contour_center,136.4605884552002,17:22:29.636,48.0,-49.0
/target/contour_center,136.49065470695496,17:22:29.666,50.0,-43.0
/target/contour_center,136.52723956108093,17:22:29.703,54.0,-39.0
/target/contour_center,136.56443572044373,17:22:29.740,57.0,-34.0
/target/contour_center,136.59042596817017,17:22:29.766,60.0,-31.0
/target/contour_center,136.62398028373718,17:22:29.799,62.0,-26.0
/target/contour_center,136.65650701522827,17:22:29.832,64.0,-21.0
/target/contour_center,136.69189834594727,17:22:29.867,66.0,-18.0
/target/contour_center,136.7244725227356,17:22:29.900,70.0,-15.0
/target/contour_center,136.75644445419312,17:22:29.932,73.0,-10.0
/target/contour_center,136.79031562805176,17:22:29.966,77.0,-5.0
/target/contour_center,136.82586097717285,17:22:30.001,68.0,-16.0
/target/contour_center,136.85961294174194,17:22:30.035,82.0,13.0
/target/contour_center,136.8953139781952,17:22:30.071,85.0,29.0
/target/contour_center,136.9241909980774,17:22:30.100,90.0,42.0
/target/contour_center,136.9595081806183,17:22:30.135,96.0,51.0
/target/contour_center,136.99624943733215,17:22:30.172,100.0,58.0
/target/contour_center,137.0284128189087,17:22:30.204,105.0,62.0
/target/contour_center,137.0595235824585,17:22:30.235,109.0,63.0
/target/contour_center,137.09364652633667,17:22:30.269,111.0,64.0
/target/contour_center,137.12725591659546,17:22:30.303,114.0,63.0
/target/contour_center,137.15895056724548,17:22:30.334,117.0,62.0
/target/contour_center,137.19038248062134,17:22:30.366,119.0,60.0
/target/contour_center,137.22477197647095,17:22:30.400,120.0,60.0
/target/contour_center,137.26217603683472,17:22:30.438,122.0,60.0
/target/contour_center,137.2938506603241,17:22:30.469,123.0,59.0
/target/contour_center,137.3272669315338,17:22:30.503,124.0,57.0
/target/contour_center,137.3583426475525,17:22:30.534,125.0,56.0
/target/contour_center,137.38891625404358,17:22:30.564,126.0,55.0
/target/contour_center,137.42222356796265,17:22:30.598,127.0,54.0
/target/contour_center,137.45641660690308,17:22:30.632,128.0,52.0
/target/contour_center,137.4907672405243,17:22:30.666,130.0,53.0
/target/contour_center,137.52697730064392,17:22:30.702,131.0,52.0
/target/contour_center,137.56035780906677,17:22:30.736,133.0,52.0
/target/contour_center,137.5922396183014,17:22:30.768,135.0,53.0
/target/contour_center,137.62777280807495,17:22:30.803,136.0,55.0
/target/contour_center,137.65804719924927,17:22:30.834,138.0,54.0
/target/contour_center,137.69335174560547,17:22:30.869,139.0,55.0
/target/contour_center,137.72877764701843,17:22:30.904,141.0,55.0
/target/contour_center,137.75887942314148,17:22:30.934,142.0,55.0
/target/contour_center,137.79363584518433,17:22:30.969,143.0,54.0
/target/contour_center,137.82633781433105,17:22:31.002,143.0,54.0
/target/contour_center,137.8599555492401,17:22:31.035,142.0,51.0
/target/contour_center,137.89337539672852,17:22:31.069,141.0,45.0
/target/contour_center,137.93207263946533,17:22:31.108,141.0,38.0
/target/contour_center,137.96606469154358,17:22:31.142,142.0,32.0
/target/contour_center,137.9907729625702,17:22:31.166,143.0,27.0
/target/contour_center,138.0277807712555,17:22:31.203,144.0,22.0
/target/contour_center,138.0649106502533,17:22:31.240,146.0,19.0
/target/contour_center,138.09089732170105,17:22:31.266,147.0,15.0
/target/contour_center,138.12546491622925,17:22:31.301,149.0,14.0
/target/contour_center,138.155375957489,17:22:31.331,150.0,13.0
/target/contour_center,138.19052290916443,17:22:31.366,152.0,14.0
/target/contour_center,138.22694158554077,17:22:31.402,154.0,15.0
/target/contour_center,138.25903487205505,17:22:31.435,155.0,16.0
/target/contour_center,138.29310822486877,17:22:31.469,157.0,16.0
/target/contour_center,138.32784152030945,17:22:31.503,158.0,16.0
/target/contour_center,138.36119389533997,17:22:31.537,160.0,16.0
/target/contour_center,138.3905646800995,17:22:31.566,161.0,18.0
/target/contour_center,138.42666220664978,17:22:31.602,163.0,21.0
/target/contour_center,138.4576292037964,17:22:31.633,163.0,25.0
/target/contour_center,138.48930835723877,17:22:31.665,164.0,28.0
/target/contour_center,138.5255331993103,17:22:31.701,165.0,33.0
/target/contour_center,138.55787920951843,17:22:31.733,165.0,39.0
/target/contour_center,138.59000992774963,17:22:31.765,165.0,45.0
/target/contour_center,138.62668204307556,17:22:31.802,166.0,51.0
/target/contour_center,138.6573770046234,17:22:31.833,165.0,58.0
/target/contour_center,138.69280171394348,17:22:31.868,165.0,66.0
/target/contour_center,138.72888278961182,17:22:31.904,164.0,73.0
/target/contour_center,138.760479927063,17:22:31.936,164.0,81.0
/target/contour_center,138.7939863204956,17:22:31.969,163.0,91.0
/target/contour_center,138.82848715782166,17:22:32.004,162.0,100.0
/target/contour_center,138.86338138580322,17:22:32.039,161.0,110.0
/target/contour_center,138.89391946792603,17:22:32.069,158.0,118.0
/target/contour_center,138.9272117614746,17:22:32.103,156.0,122.0
/target/contour_center,138.96279978752136,17:22:32.138,151.0,124.0
/target/contour_center,138.99331784248352,17:22:32.169,148.0,127.0
/target/contour_center,139.02825117111206,17:22:32.204,145.0,131.0
/target/contour_center,144.1282091140747,17:22:37.304,-91.0,161.0
/target/contour_center,144.16343927383423,17:22:37.339,-88.0,155.0
/target/contour_center,144.19054341316223,17:22:37.366,-86.0,148.0
/target/contour_center,144.2271511554718,17:22:37.403,-85.0,142.0
/target/contour_center,144.2628664970398,17:22:37.438,-82.0,137.0
/target/contour_center,144.29248642921448,17:22:37.468,-79.0,132.0
/target/contour_center,144.3279526233673,17:22:37.503,-79.0,125.0
/target/contour_center,144.35725593566895,17:22:37.533,-80.0,118.0
/target/contour_center,144.3909683227539,17:22:37.566,-78.0,112.0
/target/contour_center,144.4254596233368,17:22:37.601,-76.0,109.0
/target/contour_center,144.46405124664307,17:22:37.640,-76.0,102.0
/target/contour_center,144.4923939704895,17:22:37.668,-74.0,98.0
/target/contour_center,144.52914762496948,17:22:37.705,-74.0,92.0
/target/contour_center,144.56107783317566,17:22:37.737,-74.0,87.0
/target/contour_center,144.59299850463867,17:22:37.768,-73.0,83.0
/target/contour_center,144.62893748283386,17:22:37.804,-75.0,76.0
/target/contour_center,144.65926313400269,17:22:37.835,-79.0,74.0
/target/contour_center,144.69373083114624,17:22:37.869,-87.0,78.0
/target/contour_center,144.729496717453,17:22:37.905,-92.0,74.0
/target/contour_center,144.7596402168274,17:22:37.935,-93.0,59.0
/target/contour_center,144.79430627822876,17:22:37.970,-93.0,43.0
/target/contour_center,144.82614493370056,17:22:38.002,-93.0,29.0
/target/contour_center,144.85871481895447,17:22:38.034,-94.0,12.0
/target/contour_center,144.89237689971924,17:22:38.068,-94.0,-4.0
/target/contour_center,144.9235188961029,17:22:38.099,-95.0,-17.0
/target/contour_center,144.9582405090332,17:22:38.134,-96.0,-32.0
/target/contour_center,144.99220657348633,17:22:38.168,-96.0,-46.0
/target/contour_center,145.02483367919922,17:22:38.200,-95.0,-60.0
/target/contour_center,145.05808448791504,17:22:38.234,-95.0,-75.0
/target/contour_center,145.09293031692505,17:22:38.268,-93.0,-88.0
/target/contour_center,145.12288403511047,17:22:38.298,-86.0,-87.0
/target/contour_center,145.15723252296448,17:22:38.333,-82.0,-88.0
/target/contour_center,145.189227104187,17:22:38.365,-80.0,-93.0
/target/contour_center,145.2244131565094,17:22:38.400,-79.0,-98.0
/target/contour_center,145.25805187225342,17:22:38.434,-79.0,-105.0
/target/contour_center,145.2910315990448,17:22:38.466,-79.0,-111.0
/target/contour_center,145.3263521194458,17:22:38.502,-80.0,-118.0
/target/contour_center,145.35749769210815,17:22:38.533,-81.0,-125.0
/target/contour_center,145.3942584991455,17:22:38.570,-83.0,-131.0
/target/contour_center,145.4240219593048,17:22:38.599,-86.0,-137.0
/target/contour_center,145.4624903202057,17:22:38.638,-87.0,-145.0
/target/contour_center,159.00607657432556,17:22:52.182,-117.0,141.0
/target/contour_center,159.03939390182495,17:22:52.215,-116.0,138.0
/target/contour_center,159.06834030151367,17:22:52.244,-116.0,134.0
/target/contour_center,159.10224604606628,17:22:52.278,-115.0,131.0
/target/contour_center,159.1387927532196,17:22:52.314,-115.0,128.0
/target/contour_center,159.16834831237793,17:22:52.344,-115.0,125.0
/target/contour_center,159.20254158973694,17:22:52.378,-114.0,120.0
/target/contour_center,159.24111890792847,17:22:52.417,-113.0,117.0
/target/contour_center,159.26936388015747,17:22:52.445,-113.0,112.0
/target/contour_center,159.3009548187256,17:22:52.476,-113.0,108.0
/target/contour_center,159.3375587463379,17:22:52.513,-114.0,105.0
/target/contour_center,159.37215328216553,17:22:52.548,-116.0,103.0
/target/contour_center,159.39959239959717,17:22:52.575,-119.0,100.0
/target/contour_center,159.43744826316833,17:22:52.613,-119.0,86.0
/target/contour_center,159.4719295501709,17:22:52.647,-117.0,69.0
/target/contour_center,159.50531339645386,17:22:52.681,-115.0,54.0
/target/contour_center,159.54232621192932,17:22:52.718,-115.0,37.0
/target/contour_center,159.57995867729187,17:22:52.755,-113.0,21.0
/target/contour_center,159.6060426235199,17:22:52.782,-113.0,5.0
/target/contour_center,159.6412501335144,17:22:52.817,-112.0,-10.0
/target/contour_center,159.67266654968262,17:22:52.848,-110.0,-25.0
/target/contour_center,159.70618391036987,17:22:52.882,-109.0,-40.0
/target/contour_center,159.74022889137268,17:22:52.916,-108.0,-55.0
/target/contour_center,159.7760307788849,17:22:52.951,-108.0,-70.0
/target/contour_center,159.80319905281067,17:22:52.979,-107.0,-83.0
/target/contour_center,159.8391432762146,17:22:53.015,-107.0,-96.0
/target/contour_center,159.87087893486023,17:22:53.046,-104.0,-103.0
/target/contour_center,159.90983533859253,17:22:53.085,-98.0,-100.0
/target/contour_center,159.93762493133545,17:22:53.113,-93.0,-99.0
/target/contour_center,159.97119736671448,17:22:53.147,-92.0,-102.0
/target/contour_center,160.00740885734558,17:22:53.183,-91.0,-105.0
/target/contour_center,160.04235529899597,17:22:53.218,-91.0,-108.0
/target/contour_center,160.07408118247986,17:22:53.250,-91.0,-111.0
/target/contour_center,160.1068902015686,17:22:53.282,-91.0,-113.0
/target/contour_center,160.14081740379333,17:22:53.316,-91.0,-117.0
/target/contour_center,160.1686453819275,17:22:53.344,-92.0,-119.0
/target/contour_center,160.20925378799438,17:22:53.385,-93.0,-123.0
/target/contour_center,160.24419832229614,17:22:53.420,-94.0,-125.0
/target/contour_center,160.27149772644043,17:22:53.447,-95.0,-128.0
/target/contour_center,160.30708861351013,17:22:53.483,-96.0,-131.0
/target/contour_center,160.34653615951538,17:22:53.522,-98.0,-133.0
/target/contour_center,160.36850833892822,17:22:53.544,-99.0,-134.0
/target/contour_center,160.406809091568,17:22:53.582,-100.0,-136.0
/target/contour_center,160.43871593475342,17:22:53.614,-101.0,-138.0
/target/contour_center,160.46905255317688,17:22:53.645,-102.0,-140.0
/target/contour_center,160.5054771900177,17:22:53.681,-103.0,-142.0
/target/contour_center,160.53637146949768,17:22:53.712,-104.0,-143.0
/target/contour_center,160.57075095176697,17:22:53.746,-106.0,-144.0
/target/contour_center,160.6078577041626,17:22:53.783,-108.0,-146.0
/target/contour_center,160.6379747390747,17:22:53.813,-109.0,-147.0
/target/contour_center,160.67334270477295,17:22:53.849,-110.0,-148.0
/target/contour_center,160.7079405784607,17:22:53.883,-111.0,-149.0
/target/contour_center,160.7403209209442,17:22:53.916,-112.0,-149.0
/target/contour_center,160.77051448822021,17:22:53.946,-113.0,-150.0
/target/contour_center,160.8088960647583,17:22:53.984,-114.0,-150.0
/target/contour_center,182.16101479530334,17:23:15.336,93.0,142.0
/target/contour_center,182.18927931785583,17:23:15.365,91.0,134.0
/target/contour_center,182.22813153266907,17:23:15.404,89.0,127.0
/target/contour_center,182.25808668136597,17:23:15.434,87.0,114.0
/target/contour_center,182.43070793151855,17:23:15.606,96.0,-50.0
/target/contour_center,182.4559805393219,17:23:15.631,99.0,-122.0
/target/contour_center,182.5960545539856,17:23:15.772,100.0,-143.0
/target/contour_center,182.6605875492096,17:23:15.836,143.0,-54.0
/target/contour_center,182.68786525726318,17:23:15.863,140.0,-52.0
/target/contour_center,182.72757267951965,17:23:15.903,92.0,-132.0
/target/contour_center,182.75569891929626,17:23:15.931,103.0,-44.0
/target/contour_center,182.7870810031891,17:23:15.963,140.0,-26.0
/target/contour_center,182.82444524765015,17:23:16.000,88.0,-41.0
/target/contour_center,182.85848474502563,17:23:16.034,95.0,-11.0
/target/contour_center,182.89794492721558,17:23:16.073,83.0,-21.0
/target/contour_center,182.92968678474426,17:23:16.105,80.0,-12.0
/target/contour_center,182.96228647232056,17:23:16.138,76.0,-6.0
/target/contour_center,182.9938633441925,17:23:16.169,73.0,-2.0
/target/contour_center,183.02547240257263,17:23:16.201,70.0,4.0
/target/contour_center,183.05612969398499,17:23:16.232,61.0,-63.0
/target/contour_center,183.09207558631897,17:23:16.268,62.0,13.0
/target/contour_center,183.12648749351501,17:23:16.302,115.0,48.0
/target/contour_center,183.15874910354614,17:23:16.334,112.0,52.0
/target/contour_center,183.19367337226868,17:23:16.369,50.0,20.0
/target/contour_center,183.23035502433777,17:23:16.406,65.0,59.0
/target/contour_center,183.25817108154297,17:23:16.434,63.0,59.0
/target/contour_center,183.29344058036804,17:23:16.469,62.0,62.0
/target/contour_center,183.32347536087036,17:23:16.499,38.0,21.0
/target/contour_center,183.35645747184753,17:23:16.532,60.0,66.0
/target/contour_center,183.39389538764954,17:23:16.569,34.0,24.0
/target/contour_center,183.43005323410034,17:23:16.606,58.0,72.0
/target/contour_center,183.45684266090393,17:23:16.632,56.0,73.0
/target/contour_center,183.49186301231384,17:23:16.667,32.0,-45.0
/target/contour_center,183.52332091331482,17:23:16.699,30.0,27.0
/target/contour_center,183.5544731616974,17:23:16.730,29.0,28.0
/target/contour_center,183.59228467941284,17:23:16.768,54.0,74.0
/target/contour_center,183.62518048286438,17:23:16.801,53.0,74.0
/target/contour_center,183.654682636261,17:23:16.830,52.0,74.0
/target/contour_center,183.69431924819946,17:23:16.870,51.0,71.0
/target/contour_center,183.72276496887207,17:23:16.898,48.0,72.0
/target/contour_center,183.7594027519226,17:23:16.935,46.0,71.0
/target/contour_center,183.79390120506287,17:23:16.969,42.0,74.0
/target/contour_center,183.82775735855103,17:23:17.003,37.0,74.0
/target/contour_center,183.85941767692566,17:23:17.035,80.0,77.0
/target/contour_center,183.89385795593262,17:23:17.069,0.0,29.0
/target/contour_center,183.92629384994507,17:23:17.102,10.0,54.0
/target/contour_center,183.95589447021484,17:23:17.131,-12.0,25.0
/target/contour_center,183.9941337108612,17:23:17.170,-16.0,19.0
/target/contour_center,184.026029586792,17:23:17.201,-16.0,-61.0
/target/contour_center,184.05797934532166,17:23:17.233,-26.0,5.0
/target/contour_center,184.09732961654663,17:23:17.273,-27.0,-68.0
/target/contour_center,184.13137912750244,17:23:17.307,-31.0,-73.0
/target/contour_center,184.1837990283966,17:23:17.359,26.0,33.0
/target/contour_center,184.20051312446594,17:23:17.376,-40.0,-82.0
/target/contour_center,184.22560667991638,17:23:17.401,-48.0,-85.0
/target/contour_center,184.2588655948639,17:23:17.434,-55.0,-90.0
/target/contour_center,184.29382729530334,17:23:17.469,1.0,-208.0
/target/contour_center,184.32538962364197,17:23:17.501,13.0,22.0
/target/contour_center,184.36275959014893,17:23:17.538,-35.0,-216.0
/target/contour_center,184.39522218704224,17:23:17.571,-68.0,-211.0
/target/contour_center,184.42928075790405,17:23:17.605,-57.0,167.0
/target/contour_center,184.46318459510803,17:23:17.639,-67.0,164.0
/target/contour_center,184.4928925037384,17:23:17.668,-78.0,160.0
/target/contour_center,184.52652049064636,17:23:17.702,-88.0,158.0
/target/contour_center,184.5648717880249,17:23:17.740,-98.0,155.0
/target/contour_center,184.59281206130981,17:23:17.768,-108.0,152.0
/target/contour_center,184.62305092811584,17:23:17.799,-118.0,150.0
/target/contour_center,184.6588110923767,17:23:17.834,-127.0,147.0
/target/contour_center,184.69189834594727,17:23:17.867,-136.0,146.0
/target/contour_center,184.7248978614807,17:23:17.900,-144.0,144.0
/target/contour_center,184.7623860836029,17:23:17.938,-151.0,142.0
/target/contour_center,184.7939965724945,17:23:17.969,-158.0,140.0
/target/contour_center,184.82775402069092,17:23:18.003,-164.0,139.0
/target/contour_center,184.8598506450653,17:23:18.035,-169.0,137.0
/target/contour_center,184.8939733505249,17:23:18.069,-174.0,136.0
/target/contour_center,184.92658948898315,17:23:18.102,-178.0,136.0
/target/contour_center,184.95970606803894,17:23:18.135,-180.0,136.0
/target/contour_center,184.99184775352478,17:23:18.167,-182.0,137.0
/target/contour_center,185.02299094200134,17:23:18.198,-184.0,137.0
/target/contour_center,185.06137585639954,17:23:18.237,-186.0,137.0
/target/contour_center,185.093914270401,17:23:18.269,-187.0,136.0
/target/contour_center,185.12490129470825,17:23:18.300,-188.0,136.0
/target/contour_center,185.17330932617188,17:23:18.349,-189.0,136.0
/target/contour_center,185.19970655441284,17:23:18.375,-190.0,135.0
/target/contour_center,185.2298994064331,17:23:18.405,-191.0,133.0
/target/contour_center,185.2650330066681,17:23:18.441,-191.0,132.0
/target/contour_center,185.29563522338867,17:23:18.471,-192.0,130.0
/target/contour_center,185.32576489448547,17:23:18.501,-192.0,129.0
/target/contour_center,185.36081886291504,17:23:18.536,-192.0,127.0
/target/contour_center,185.39388990402222,17:23:18.569,-192.0,126.0
/target/contour_center,185.42467141151428,17:23:18.600,-191.0,125.0
/target/contour_center,185.46140456199646,17:23:18.637,-191.0,124.0
/target/contour_center,185.49403977394104,17:23:18.670,-190.0,123.0
/target/contour_center,185.52505803108215,17:23:18.701,-189.0,121.0
/target/contour_center,185.56140041351318,17:23:18.737,-188.0,120.0
/target/contour_center,185.59643459320068,17:23:18.772,-188.0,118.0
/target/contour_center,185.62989020347595,17:23:18.805,-187.0,115.0
/target/contour_center,185.6614179611206,17:23:18.837,-186.0,114.0
/target/contour_center,185.69264841079712,17:23:18.868,-186.0,113.0
/target/contour_center,185.725567817688,17:23:18.901,-186.0,110.0
/target/contour_center,185.75949263572693,17:23:18.935,-185.0,109.0
/target/contour_center,185.79504919052124,17:23:18.971,-185.0,107.0
/target/contour_center,185.8285903930664,17:23:19.004,-184.0,105.0
/target/contour_center,185.86198115348816,17:23:19.037,-184.0,103.0
/target/contour_center,185.89417552947998,17:23:19.070,-183.0,101.0
/target/contour_center,185.93230628967285,17:23:19.108,-183.0,99.0
/target/contour_center,185.96818089485168,17:23:19.144,-182.0,98.0
/target/contour_center,185.9948170185089,17:23:19.170,-181.0,96.0
/target/contour_center,186.0309886932373,17:23:19.206,-181.0,94.0
/target/contour_center,186.06505942344666,17:23:19.241,-180.0,94.0
/target/contour_center,186.091050863266,17:23:19.267,-180.0,93.0
/target/contour_center,186.1352288722992,17:23:19.311,-180.0,92.0
/target/contour_center,186.16443872451782,17:23:19.340,-180.0,91.0
/target/contour_center,186.19872450828552,17:23:19.374,-179.0,90.0
/target/contour_center,186.2426290512085,17:23:19.418,-178.0,89.0
/target/contour_center,186.26624155044556,17:23:19.442,-178.0,88.0
/target/contour_center,186.3001744747162,17:23:19.476,-178.0,89.0
/target/contour_center,186.33675336837769,17:23:19.512,-178.0,89.0
/target/contour_center,186.36968183517456,17:23:19.545,-178.0,89.0
/target/contour_center,186.39386510849,17:23:19.569,-179.0,89.0
/target/contour_center,186.43216156959534,17:23:19.608,-179.0,90.0
/target/contour_center,186.4620475769043,17:23:19.638,-180.0,90.0
/target/contour_center,186.49404764175415,17:23:19.670,-181.0,92.0
/target/contour_center,186.53361320495605,17:23:19.709,-181.0,92.0
/target/contour_center,186.56355023384094,17:23:19.739,-182.0,92.0
/target/contour_center,186.59731650352478,17:23:19.773,-183.0,93.0
/target/contour_center,186.6284167766571,17:23:19.804,-183.0,93.0
/target/contour_center,186.65904259681702,17:23:19.835,-184.0,93.0
/target/contour_center,186.6911780834198,17:23:19.867,-185.0,92.0
/target/contour_center,186.72754740715027,17:23:19.903,-185.0,93.0
/target/contour_center,186.76043844223022,17:23:19.936,-186.0,93.0
/target/contour_center,186.7979714870453,17:23:19.973,-187.0,92.0
/target/contour_center,186.8338646888733,17:23:20.009,-188.0,92.0
/target/contour_center,186.8639521598816,17:23:20.039,-190.0,92.0
/target/contour_center,186.89289093017578,17:23:20.068,-191.0,92.0
/target/contour_center,186.9291055202484,17:23:20.105,-192.0,92.0
/target/contour_center,186.9588587284088,17:23:20.134,-193.0,91.0
/target/contour_center,186.99184918403625,17:23:20.167,-194.0,91.0
/target/contour_center,187.02787399291992,17:23:20.203,-195.0,90.0
/target/contour_center,187.06072568893433,17:23:20.236,-197.0,90.0
/target/contour_center,187.09420824050903,17:23:20.270,-198.0,91.0
/target/contour_center,187.13506722450256,17:23:20.311,-199.0,92.0
/target/contour_center,187.16415357589722,17:23:20.340,-201.0,93.0
/target/contour_center,187.19280123710632,17:23:20.368,-202.0,95.0
/target/contour_center,187.22677898406982,17:23:20.402,-202.0,97.0
/target/contour_center,187.26044750213623,17:23:20.436,-203.0,98.0
/target/contour_center,187.2959487438202,17:23:20.471,-202.0,99.0
/target/contour_center,187.33728957176208,17:23:20.513,-202.0,99.0
/target/contour_center,187.36120867729187,17:23:20.537,-201.0,100.0
/target/contour_center,187.39649391174316,17:23:20.572,-201.0,101.0
/target/contour_center,187.42903900146484,17:23:20.605,-200.0,101.0
/target/contour_center,187.45883798599243,17:23:20.634,-200.0,102.0
/target/contour_center,187.4955644607544,17:23:20.671,-199.0,102.0
/target/contour_center,187.5266854763031,17:23:20.702,-199.0,102.0
/target/contour_center,187.55872893333435,17:23:20.734,-198.0,102.0
/target/contour_center,187.5954191684723,17:23:20.771,-198.0,102.0
/target/contour_center,187.62817072868347,17:23:20.804,-198.0,102.0
/target/contour_center,187.66012263298035,17:23:20.836,-197.0,102.0
/target/contour_center,187.6967258453369,17:23:20.872,-196.0,102.0
/target/contour_center,187.730144739151,17:23:20.906,-196.0,101.0
/target/contour_center,187.7609248161316,17:23:20.936,-195.0,100.0
/target/contour_center,187.7954556941986,17:23:20.971,-195.0,100.0
/target/contour_center,187.83344745635986,17:23:21.009,-194.0,100.0
/target/contour_center,187.86101722717285,17:23:21.036,-193.0,99.0
/target/contour_center,187.8974769115448,17:23:21.073,-193.0,98.0
/target/contour_center,187.92789506912231,17:23:21.103,-193.0,97.0
/target/contour_center,187.9598743915558,17:23:21.135,-193.0,97.0
/target/contour_center,187.9968240261078,17:23:21.172,-192.0,98.0
/target/contour_center,188.02714085578918,17:23:21.203,-193.0,97.0
/target/contour_center,188.0607521533966,17:23:21.236,-193.0,97.0
/target/contour_center,188.09760737419128,17:23:21.273,-193.0,97.0
/target/contour_center,188.13123393058777,17:23:21.307,-193.0,97.0
/target/contour_center,188.16111493110657,17:23:21.337,-193.0,96.0
/target/contour_center,188.19532465934753,17:23:21.371,-192.0,96.0
/target/contour_center,188.22850847244263,17:23:21.404,-192.0,95.0
/target/contour_center,188.25908184051514,17:23:21.435,-191.0,95.0
/target/contour_center,188.29638671875,17:23:21.472,-190.0,94.0
/target/contour_center,188.33230900764465,17:23:21.508,-189.0,95.0
/target/contour_center,188.3629879951477,17:23:21.538,-188.0,96.0
/target/contour_center,188.39693236351013,17:23:21.572,-187.0,96.0
/target/contour_center,188.43175172805786,17:23:21.607,-186.0,97.0
/target/contour_center,188.46611428260803,17:23:21.642,-184.0,98.0
/target/contour_center,188.50009083747864,17:23:21.676,-184.0,98.0
/target/contour_center,188.53151202201843,17:23:21.707,-183.0,98.0
/target/contour_center,188.56047677993774,17:23:21.736,-183.0,99.0
/target/contour_center,188.59601640701294,17:23:21.771,-184.0,98.0
/target/contour_center,188.63260746002197,17:23:21.808,-185.0,98.0
/target/contour_center,188.66664791107178,17:23:21.842,-186.0,98.0
/target/contour_center,188.6976261138916,17:23:21.873,-187.0,98.0
/target/contour_center,188.73093247413635,17:23:21.906,-188.0,98.0
/target/contour_center,188.76475548744202,17:23:21.940,-189.0,98.0
/target/contour_center,188.7959122657776,17:23:21.971,-189.0,98.0
/target/contour_center,188.82661366462708,17:23:22.002,-190.0,98.0
/target/contour_center,188.86805057525635,17:23:22.044,-190.0,98.0
/target/contour_center,188.89916682243347,17:23:22.075,-191.0,98.0
/target/contour_center,188.93138933181763,17:23:22.107,-192.0,101.0
/target/contour_center,188.96702241897583,17:23:22.142,-193.0,103.0
/target/contour_center,188.99780344963074,17:23:22.173,-194.0,107.0
/target/contour_center,189.02873516082764,17:23:22.204,-196.0,113.0
/target/contour_center,189.06356406211853,17:23:22.239,-197.0,120.0
/target/contour_center,189.09630250930786,17:23:22.272,-198.0,127.0
/target/contour_center,189.12776613235474,17:23:22.303,-198.0,138.0
/target/contour_center,189.16636085510254,17:23:22.342,-197.0,153.0
/target/contour_center,189.19789338111877,17:23:22.373,-193.0,166.0
/target/contour_center,189.22998571395874,17:23:22.405,-191.0,161.0
/target/contour_center,189.26343250274658,17:23:22.439,-183.0,149.0
/target/contour_center,189.29566764831543,17:23:22.471,-173.0,131.0
/target/contour_center,189.3269968032837,17:23:22.502,-165.0,115.0
/target/contour_center,189.36481714248657,17:23:22.540,-157.0,105.0
/target/contour_center,189.39609599113464,17:23:22.572,-149.0,99.0
/target/contour_center,189.43453168869019,17:23:22.610,-140.0,97.0
/target/contour_center,189.46455216407776,17:23:22.640,-129.0,99.0
/target/contour_center,189.4971535205841,17:23:22.673,-120.0,24.0
/target/contour_center,189.5288074016571,17:23:22.704,-103.0,23.0
/target/contour_center,189.56428408622742,17:23:22.740,-80.0,136.0
/target/contour_center,189.59625840187073,17:23:22.772,-67.0,18.0
/target/contour_center,189.62964916229248,17:23:22.805,-51.0,21.0
/target/contour_center,189.66496515274048,17:23:22.840,-36.0,162.0
/target/contour_center,189.69727969169617,17:23:22.873,-23.0,168.0
/target/contour_center,189.73058772087097,17:23:22.906,-9.0,173.0
/target/contour_center,189.76434683799744,17:23:22.940,4.0,178.0
/target/contour_center,189.79764223098755,17:23:22.973,16.0,182.0
/target/contour_center,189.83398413658142,17:23:23.009,26.0,186.0
/target/contour_center,189.8677327632904,17:23:23.043,34.0,189.0
/target/contour_center,189.8964593410492,17:23:23.072,-44.0,-172.0
/target/contour_center,189.92799496650696,17:23:23.103,-24.0,-177.0
/target/contour_center,189.96384024620056,17:23:23.139,-4.0,-182.0
/target/contour_center,189.99617910385132,17:23:23.172,10.0,-184.0
/target/contour_center,190.03003001213074,17:23:23.205,21.0,-184.0
/target/contour_center,190.06318759918213,17:23:23.239,30.0,-183.0
/target/contour_center,190.09497046470642,17:23:23.270,82.0,52.0
/target/contour_center,190.13843178749084,17:23:23.314,63.0,118.0
/target/contour_center,190.16688418388367,17:23:23.342,89.0,60.0
/target/contour_center,190.19991946220398,17:23:23.375,93.0,65.0
/target/contour_center,190.23582005500793,17:23:23.411,97.0,71.0
/target/contour_center,190.2633593082428,17:23:23.439,21.0,-33.0
/target/contour_center,190.29917454719543,17:23:23.475,25.0,-27.0
/target/contour_center,190.33447647094727,17:23:23.510,30.0,-22.0
/target/contour_center,190.36461353302002,17:23:23.540,34.0,-17.0
/target/contour_center,190.39689779281616,17:23:23.572,37.0,-14.0
/target/contour_center,190.43386006355286,17:23:23.609,41.0,-11.0
/target/contour_center,190.46627616882324,17:23:23.642,44.0,-7.0
/target/contour_center,190.49799823760986,17:23:23.673,47.0,-2.0
/target/contour_center,190.53196835517883,17:23:23.707,50.0,2.0
/target/contour_center,190.5633625984192,17:23:23.739,52.0,6.0
/target/contour_center,190.5984342098236,17:23:23.774,55.0,9.0
/target/contour_center,190.6367416381836,17:23:23.812,57.0,13.0
/target/contour_center,190.6672899723053,17:23:23.843,59.0,17.0
/target/contour_center,190.6962628364563,17:23:23.872,61.0,43.0
/target/contour_center,190.73248529434204,17:23:23.908,63.0,22.0
/target/contour_center,190.76666855812073,17:23:23.942,65.0,25.0
/target/contour_center,190.797034740448,17:23:23.973,66.0,27.0
/target/contour_center,190.83259272575378,17:23:24.008,68.0,31.0
/target/contour_center,190.86425018310547,17:23:24.040,70.0,33.0
/target/contour_center,190.8965721130371,17:23:24.072,72.0,36.0
/target/contour_center,190.93485260009766,17:23:24.110,74.0,40.0
/target/contour_center,190.96446442604065,17:23:24.140,76.0,62.0
/target/contour_center,190.99629521369934,17:23:24.172,77.0,47.0
/target/contour_center,191.03628873825073,17:23:24.212,79.0,66.0
/target/contour_center,191.06535601615906,17:23:24.241,81.0,52.0
/target/contour_center,191.09723830223083,17:23:24.273,83.0,55.0
/target/contour_center,191.13522171974182,17:23:24.311,86.0,59.0
/target/contour_center,191.16491675376892,17:23:24.340,88.0,66.0
/target/contour_center,191.19832801818848,17:23:24.374,90.0,83.0
/target/contour_center,191.23129153251648,17:23:24.407,91.0,85.0
/target/contour_center,191.26387691497803,17:23:24.439,93.0,93.0
/target/contour_center,191.2960057258606,17:23:24.471,95.0,99.0
/target/contour_center,191.33182454109192,17:23:24.507,96.0,104.0
/target/contour_center,191.36524271965027,17:23:24.541,97.0,107.0
/target/contour_center,191.39643692970276,17:23:24.572,99.0,110.0
/target/contour_center,191.43508553504944,17:23:24.611,100.0,113.0
/target/contour_center,191.4643189907074,17:23:24.640,100.0,114.0
/target/contour_center,191.4970531463623,17:23:24.673,100.0,117.0
/target/contour_center,191.53500270843506,17:23:24.710,100.0,118.0
/target/contour_center,191.56490564346313,17:23:24.740,100.0,118.0
/target/contour_center,191.6007218360901,17:23:24.776,100.0,118.0
/target/contour_center,191.6338768005371,17:23:24.809,101.0,117.0
/target/contour_center,191.66239643096924,17:23:24.838,100.0,117.0
/target/contour_center,191.70002222061157,17:23:24.875,100.0,116.0
/target/contour_center,191.73414516448975,17:23:24.910,100.0,114.0
/target/contour_center,191.77065563201904,17:23:24.946,100.0,113.0
/target/contour_center,191.8032898902893,17:23:24.979,101.0,111.0
/target/contour_center,191.83485746383667,17:23:25.010,102.0,109.0
/target/contour_center,191.8647334575653,17:23:25.040,104.0,107.0
/target/contour_center,191.89909768104553,17:23:25.075,105.0,104.0
/target/contour_center,191.93739318847656,17:23:25.113,106.0,99.0
/target/contour_center,191.96715807914734,17:23:25.143,109.0,98.0
/target/contour_center,192.00234842300415,17:23:25.178,111.0,83.0
/target/contour_center,192.03714513778687,17:23:25.213,114.0,93.0
/target/contour_center,192.06274127960205,17:23:25.238,117.0,63.0
/target/contour_center,192.1007056236267,17:23:25.276,122.0,87.0
/target/contour_center,192.13485479354858,17:23:25.310,122.0,43.0
/target/contour_center,192.1639096736908,17:23:25.339,131.0,83.0
/target/contour_center,192.1980938911438,17:23:25.374,136.0,82.0
/target/contour_center,192.23434710502625,17:23:25.410,141.0,80.0
/target/contour_center,192.26364016532898,17:23:25.439,145.0,70.0
/target/contour_center,192.30039238929749,17:23:25.476,147.0,57.0
/target/contour_center,192.3306188583374,17:23:25.506,149.0,46.0
/target/contour_center,192.36281967163086,17:23:25.538,150.0,32.0
/target/contour_center,192.40093755722046,17:23:25.576,151.0,19.0
/target/contour_center,192.43461441993713,17:23:25.610,152.0,4.0
/target/contour_center,192.46562027931213,17:23:25.641,154.0,-12.0
/target/contour_center,192.5043511390686,17:23:25.680,156.0,-28.0
/target/contour_center,192.53744173049927,17:23:25.713,157.0,-43.0
/target/contour_center,192.56730914115906,17:23:25.743,158.0,-57.0
/target/contour_center,192.60154223442078,17:23:25.777,158.0,-71.0
/target/contour_center,192.6325650215149,17:23:25.808,159.0,-84.0
/target/contour_center,192.66786527633667,17:23:25.843,159.0,-100.0
/target/contour_center,192.6988365650177,17:23:25.874,158.0,-111.0
/target/contour_center,192.73388195037842,17:23:25.909,155.0,-118.0
/target/contour_center,192.76530480384827,17:23:25.941,153.0,-124.0
/target/contour_center,192.7994773387909,17:23:25.975,151.0,-131.0
/target/contour_center,192.8316147327423,17:23:26.007,150.0,-138.0
/target/contour_center,192.86276173591614,17:23:26.038,149.0,-145.0
/target/contour_center,193.96843934059143,17:23:27.144,32.0,166.0
/target/contour_center,193.9992332458496,17:23:27.175,37.0,154.0
/target/contour_center,194.034681558609,17:23:27.210,44.0,145.0
/target/contour_center,194.21620678901672,17:23:27.392,55.0,-20.0
/target/contour_center,194.250102519989,17:23:27.426,-54.0,7.0
/target/contour_center,194.28652358055115,17:23:27.462,-35.0,-33.0
/target/contour_center,194.33414840698242,17:23:27.510,89.0,-37.0
/target/contour_center,194.3477442264557,17:23:27.523,23.0,-99.0
/target/contour_center,194.36597561836243,17:23:27.541,21.0,-108.0
/target/contour_center,194.41789531707764,17:23:27.593,-67.0,-28.0
/target/contour_center,194.44954013824463,17:23:27.625,-36.0,-50.0
/target/contour_center,194.4827756881714,17:23:27.658,-62.0,-23.0
/target/contour_center,194.49803638458252,17:23:27.674,19.0,-91.0
/target/contour_center,194.53399419784546,17:23:27.709,-64.0,-20.0
/target/contour_center,194.56613492965698,17:23:27.742,-65.0,-16.0
/target/contour_center,194.5994029045105,17:23:27.775,-65.0,-10.0
/target/contour_center,194.63421940803528,17:23:27.810,-65.0,7.0
/target/contour_center,194.66716527938843,17:23:27.843,-67.0,5.0
/target/contour_center,194.70034193992615,17:23:27.876,-67.0,14.0
/target/contour_center,194.73716521263123,17:23:27.913,-65.0,32.0
/target/contour_center,194.7774260044098,17:23:27.953,-67.0,33.0
/target/contour_center,194.8016233444214,17:23:27.977,-67.0,50.0
/target/contour_center,194.8411054611206,17:23:28.017,-68.0,59.0
/target/contour_center,194.86995244026184,17:23:28.045,-68.0,68.0
/target/contour_center,194.90392065048218,17:23:28.079,-70.0,71.0
/target/contour_center,194.93930888175964,17:23:28.115,-72.0,85.0
/target/contour_center,194.96870493888855,17:23:28.144,-72.0,87.0
/target/contour_center,194.99856185913086,17:23:28.174,-72.0,94.0
/target/contour_center,195.03386735916138,17:23:28.209,16.0,41.0
/target/contour_center,195.06626319885254,17:23:28.242,-69.0,103.0
/target/contour_center,195.099755525589,17:23:28.275,11.0,43.0
/target/contour_center,195.13777494430542,17:23:28.313,-70.0,112.0
/target/contour_center,195.16670894622803,17:23:28.342,4.0,45.0
/target/contour_center,195.2009081840515,17:23:28.376,2.0,47.0
/target/contour_center,195.2363908290863,17:23:28.412,-74.0,124.0
/target/contour_center,195.2666540145874,17:23:28.442,-1.0,53.0
/target/contour_center,195.30144047737122,17:23:28.477,-3.0,55.0
/target/contour_center,195.3336730003357,17:23:28.509,-5.0,57.0
/target/contour_center,195.36814904212952,17:23:28.544,-7.0,60.0
/target/contour_center,195.40015149116516,17:23:28.576,-9.0,63.0
/target/contour_center,195.43763184547424,17:23:28.613,-11.0,65.0
/target/contour_center,195.46946167945862,17:23:28.645,-13.0,69.0
/target/contour_center,195.49856781959534,17:23:28.674,-15.0,72.0
/target/contour_center,195.5364375114441,17:23:28.712,-17.0,74.0
/target/contour_center,195.56812858581543,17:23:28.744,-20.0,77.0
/target/contour_center,195.60218954086304,17:23:28.778,-23.0,79.0
/target/contour_center,195.63674068450928,17:23:28.812,-27.0,80.0
/target/contour_center,195.6662347316742,17:23:28.842,-29.0,83.0
/target/contour_center,195.69814372062683,17:23:28.874,-33.0,85.0
/target/contour_center,195.73586010932922,17:23:28.911,-36.0,86.0
/target/contour_center,195.76845383644104,17:23:28.944,-39.0,88.0
/target/contour_center,195.8013458251953,17:23:28.977,-41.0,89.0
/target/contour_center,195.83662176132202,17:23:29.012,-44.0,92.0
/target/contour_center,195.8675696849823,17:23:29.043,-45.0,94.0
/target/contour_center,195.9088954925537,17:23:29.084,-48.0,95.0
/target/contour_center,195.9396104812622,17:23:29.115,-49.0,97.0
/target/contour_center,195.9700939655304,17:23:29.146,-50.0,99.0
/target/contour_center,196.00535130500793,17:23:29.181,-51.0,101.0
/target/contour_center,196.0401520729065,17:23:29.216,-52.0,103.0
/target/contour_center,196.07271242141724,17:23:29.248,-53.0,104.0
/target/contour_center,196.1073338985443,17:23:29.283,-54.0,106.0
/target/contour_center,196.13895058631897,17:23:29.314,-54.0,107.0
/target/contour_center,196.16858863830566,17:23:29.344,-55.0,109.0
/target/contour_center,196.2071235179901,17:23:29.383,-56.0,109.0
/target/contour_center,196.2430191040039,17:23:29.418,-57.0,111.0
/target/contour_center,196.26798486709595,17:23:29.443,-57.0,112.0
/target/contour_center,196.30489921569824,17:23:29.480,-58.0,114.0
/target/contour_center,196.33548545837402,17:23:29.511,-59.0,116.0
/target/contour_center,196.36765384674072,17:23:29.543,-60.0,116.0
/target/contour_center,196.40227913856506,17:23:29.578,-61.0,118.0
/target/contour_center,196.43451952934265,17:23:29.610,-61.0,118.0
/target/contour_center,196.46828866004944,17:23:29.644,-61.0,120.0
/target/contour_center,196.5027494430542,17:23:29.678,-62.0,120.0
/target/contour_center,196.53888130187988,17:23:29.714,-62.0,121.0
/target/contour_center,196.57000517845154,17:23:29.745,-60.0,122.0
/target/contour_center,196.60345435142517,17:23:29.779,-60.0,122.0
/target/contour_center,196.63530087471008,17:23:29.811,-58.0,123.0
/target/contour_center,196.6667103767395,17:23:29.842,-74.0,91.0
/target/contour_center,196.70260334014893,17:23:29.878,-56.0,123.0
/target/contour_center,196.73506379127502,17:23:29.911,-55.0,123.0
/target/contour_center,196.76716589927673,17:23:29.943,-53.0,123.0
/target/contour_center,196.80165576934814,17:23:29.977,-52.0,122.0
/target/contour_center,196.83442282676697,17:23:30.010,-50.0,123.0
/target/contour_center,196.86617350578308,17:23:30.042,-49.0,123.0
/target/contour_center,196.90298414230347,17:23:30.078,-48.0,124.0
/target/contour_center,196.93602967262268,17:23:30.111,-47.0,123.0
/target/contour_center,196.96899700164795,17:23:30.144,-46.0,124.0
/target/contour_center,197.0082142353058,17:23:30.184,-44.0,125.0
/target/contour_center,197.0367181301117,17:23:30.212,-43.0,124.0
/target/contour_center,197.07543182373047,17:23:30.251,-41.0,126.0
/target/contour_center,197.10934448242188,17:23:30.285,-57.0,100.0
/target/contour_center,197.14212894439697,17:23:30.318,-39.0,126.0
/target/contour_center,197.17480850219727,17:23:30.350,-38.0,126.0
/target/contour_center,197.21024465560913,17:23:30.386,-53.0,101.0
/target/contour_center,197.24230456352234,17:23:30.418,-35.0,127.0
/target/contour_center,197.27205801010132,17:23:30.448,-34.0,128.0
/target/contour_center,197.30709600448608,17:23:30.483,-34.0,128.0
/target/contour_center,197.3380479812622,17:23:30.514,-33.0,128.0
/target/contour_center,197.37855625152588,17:23:30.554,-33.0,128.0
/target/contour_center,197.40844655036926,17:23:30.584,-33.0,128.0
/target/contour_center,197.44184017181396,17:23:30.617,-33.0,128.0
/target/contour_center,197.47642374038696,17:23:30.652,-33.0,127.0
/target/contour_center,197.50932574272156,17:23:30.685,-32.0,127.0
/target/contour_center,197.53965306282043,17:23:30.715,-32.0,126.0
/target/contour_center,197.57462167739868,17:23:30.750,-33.0,125.0
/target/contour_center,197.60337686538696,17:23:30.779,-32.0,126.0
/target/contour_center,197.6373529434204,17:23:30.813,-33.0,124.0
/target/contour_center,197.6701784133911,17:23:30.846,-33.0,124.0
/target/contour_center,197.70178627967834,17:23:30.877,-34.0,124.0
/target/contour_center,197.73481726646423,17:23:30.910,-33.0,124.0
/target/contour_center,197.77335906028748,17:23:30.949,-33.0,124.0
/target/contour_center,197.80540132522583,17:23:30.981,-32.0,123.0
/target/contour_center,197.8363299369812,17:23:31.012,-32.0,122.0
/target/contour_center,197.8700978755951,17:23:31.046,-31.0,123.0
/target/contour_center,197.90208888053894,17:23:31.078,-30.0,122.0
/target/contour_center,197.9370551109314,17:23:31.113,-30.0,121.0
/target/contour_center,197.97320365905762,17:23:31.149,-29.0,121.0
/target/contour_center,198.0038299560547,17:23:31.179,-30.0,120.0
/target/contour_center,198.03599452972412,17:23:31.211,-28.0,121.0
/target/contour_center,198.07227516174316,17:23:31.248,-27.0,122.0
/target/contour_center,198.10802626609802,17:23:31.283,-25.0,124.0
/target/contour_center,198.14185976982117,17:23:31.317,-32.0,115.0
/target/contour_center,198.1762659549713,17:23:31.352,-23.0,131.0
/target/contour_center,198.20844340324402,17:23:31.384,-23.0,135.0
/target/contour_center,198.2388653755188,17:23:31.414,-24.0,138.0
/target/contour_center,198.27692937850952,17:23:31.452,-24.0,141.0
/target/contour_center,198.30973720550537,17:23:31.485,-25.0,143.0
/target/contour_center,198.34098505973816,17:23:31.516,-26.0,145.0
/target/contour_center,198.37782263755798,17:23:31.553,-27.0,146.0
/target/contour_center,198.4061233997345,17:23:31.582,-28.0,146.0
/target/contour_center,198.43915247917175,17:23:31.615,-29.0,146.0
/target/contour_center,198.47546339035034,17:23:31.651,-29.0,145.0
/target/contour_center,198.50818014144897,17:23:31.684,-29.0,144.0
/target/contour_center,198.5393772125244,17:23:31.715,-29.0,143.0
/target/contour_center,198.57577276229858,17:23:31.751,-29.0,140.0
/target/contour_center,198.6087875366211,17:23:31.784,-28.0,138.0
/target/contour_center,198.63619375228882,17:23:31.812,-27.0,134.0
/target/contour_center,198.67599844932556,17:23:31.851,-25.0,131.0
/target/contour_center,198.70512342453003,17:23:31.881,-24.0,127.0
/target/contour_center,198.73991703987122,17:23:31.915,-22.0,122.0
/target/contour_center,198.77756571769714,17:23:31.953,-20.0,118.0
/target/contour_center,198.8069727420807,17:23:31.982,-17.0,114.0
/target/contour_center,198.84178757667542,17:23:32.017,-14.0,109.0
/target/contour_center,198.87147760391235,17:23:32.047,-11.0,106.0
/target/contour_center,198.9050943851471,17:23:32.081,-8.0,101.0
/target/contour_center,198.94107151031494,17:23:32.117,-6.0,96.0
/target/contour_center,198.97037816047668,17:23:32.146,-2.0,93.0
/target/contour_center,199.0028748512268,17:23:32.178,0.0,88.0
/target/contour_center,199.03905320167542,17:23:32.215,4.0,84.0
/target/contour_center,199.07050919532776,17:23:32.246,6.0,80.0
/target/contour_center,199.10434532165527,17:23:32.280,9.0,75.0
/target/contour_center,199.13941478729248,17:23:32.315,12.0,70.0
/target/contour_center,199.17184162139893,17:23:32.347,14.0,66.0
/target/contour_center,199.20292568206787,17:23:32.378,15.0,61.0
/target/contour_center,199.24144649505615,17:23:32.417,-66.0,138.0
/target/contour_center,199.27169752120972,17:23:32.447,18.0,52.0
/target/contour_center,199.30335664749146,17:23:32.479,19.0,49.0
/target/contour_center,199.3383321762085,17:23:32.514,-66.0,102.0
/target/contour_center,199.373033285141,17:23:32.549,15.0,50.0
/target/contour_center,199.40437078475952,17:23:32.580,12.0,47.0
/target/contour_center,199.44176316261292,17:23:32.617,13.0,32.0
/target/contour_center,199.47273468971252,17:23:32.648,13.0,16.0
/target/contour_center,199.504638671875,17:23:32.680,13.0,2.0
/target/contour_center,199.54537224769592,17:23:32.721,-70.0,23.0
/target/contour_center,199.5754828453064,17:23:32.751,-70.0,10.0
/target/contour_center,199.60724806785583,17:23:32.783,-70.0,-2.0
/target/contour_center,199.64110803604126,17:23:32.817,-16.0,-13.0
/target/contour_center,199.6742227077484,17:23:32.850,-71.0,-29.0
/target/contour_center,199.70477485656738,17:23:32.880,-17.0,-40.0
/target/contour_center,199.7420768737793,17:23:32.918,-17.0,-53.0
/target/contour_center,199.77314519882202,17:23:32.949,-18.0,-66.0
/target/contour_center,199.80274558067322,17:23:32.978,-18.0,-79.0
/target/contour_center,199.84018182754517,17:23:33.016,-17.0,-90.0
/target/contour_center,199.87186861038208,17:23:33.047,-89.0,-108.0
/target/contour_center,199.90365600585938,17:23:33.079,-88.0,-119.0
/target/contour_center,199.94107460975647,17:23:33.117,-86.0,-130.0
/target/contour_center,199.97113013267517,17:23:33.147,-85.0,-142.0
/target/contour_center,200.00243306159973,17:23:33.178,-84.0,-153.0
/target/contour_center,200.03823590278625,17:23:33.214,-83.0,-165.0
/target/contour_center,200.06966471672058,17:23:33.245,-77.0,-160.0
/target/contour_center,200.10240030288696,17:23:33.278,-77.0,-162.0
/target/contour_center,200.1397774219513,17:23:33.315,-76.0,-166.0
/target/contour_center,200.17098093032837,17:23:33.346,-76.0,-172.0
/target/contour_center,200.20741748809814,17:23:33.383,-75.0,-177.0
/target/contour_center,200.23807430267334,17:23:33.414,-74.0,-184.0
/target/contour_center,200.27100777626038,17:23:33.446,-4.0,-136.0
/target/contour_center,200.3094561100006,17:23:33.485,-10.0,-145.0
/target/contour_center,200.33984327316284,17:23:33.515,-16.0,-155.0
/target/contour_center,200.37129402160645,17:23:33.547,-22.0,-164.0
/target/contour_center,200.40794944763184,17:23:33.583,-28.0,-175.0
/target/circle_center,49.55677795410156,17:21:02.732,59.0,110.0
/target/circle_center,49.581711769104004,17:21:02.757,57.0,113.0
/target/circle_center,49.61836290359497,17:21:02.794,53.0,121.0
/target/circle_center,49.64930081367493,17:21:02.825,45.0,127.0
/target/circle_center,49.679935932159424,17:21:02.855,45.0,127.0
/target/circle_center,49.718159675598145,17:21:02.894,47.0,139.0
/target/circle_center,97.76316142082214,17:21:50.939,46.0,-12.0
/target/circle_center,97.79902482032776,17:21:50.974,43.0,-12.0
/target/circle_center,97.96584677696228,17:21:51.141,51.0,-30.0
/target/circle_center,98.00559282302856,17:21:51.181,65.0,-37.0
/target/circle_center,98.03435778617859,17:21:51.210,67.0,-40.0
/target/circle_center,129.33139657974243,17:22:22.507,-20.0,-136.0
/target/circle_center,129.36873626708984,17:22:22.544,-21.0,-136.0
/target/circle_center,129.39854645729065,17:22:22.574,-21.0,-134.0
/target/circle_center,129.43487238883972,17:22:22.610,-22.0,-133.0
/target/circle_center,129.64575481414795,17:22:22.821,-21.0,-125.0
/target/circle_center,129.68010067939758,17:22:22.856,-22.0,-121.0
/target/circle_center,129.744478225708,17:22:22.920,-21.0,-114.0
/target/circle_center,129.80635976791382,17:22:22.982,-21.0,-116.0
/target/circle_center,129.84740281105042,17:22:23.023,-18.0,-114.0
/target/circle_center,129.87743401527405,17:22:23.053,-22.0,-111.0
/target/circle_center,130.12376761436462,17:22:23.299,-19.0,-99.0
/target/circle_center,130.18312168121338,17:22:23.359,-19.0,-93.0
/target/circle_center,130.46823382377625,17:22:23.644,-12.0,-88.0
/target/circle_center,130.85015320777893,17:22:24.026,-23.0,-74.0
/target/circle_center,131.0637321472168,17:22:24.239,-26.0,-61.0
/target/circle_center,131.14712715148926,17:22:24.323,-32.0,-58.0
/target/circle_center,131.17935180664062,17:22:24.355,-31.0,-71.0
/target/circle_center,131.20559215545654,17:22:24.381,-35.0,-53.0
/target/circle_center,131.2747039794922,17:22:24.450,-31.0,-53.0
/target/circle_center,131.31080389022827,17:22:24.486,-31.0,-51.0
/target/circle_center,131.34202766418457,17:22:24.517,-30.0,-49.0
/target/circle_center,131.40969610214233,17:22:24.585,-30.0,-43.0
/target/circle_center,131.43862676620483,17:22:24.614,-35.0,-44.0
/target/circle_center,131.64748287200928,17:22:24.823,-9.0,79.0
/target/circle_center,131.70619440078735,17:22:24.882,-9.0,65.0
/target/circle_center,131.73872590065002,17:22:24.914,-8.0,67.0
/target/circle_center,132.0094780921936,17:22:25.185,-57.0,-100.0
/target/circle_center,132.0428056716919,17:22:25.218,-58.0,-104.0
/target/circle_center,132.06991696357727,17:22:25.245,-59.0,-102.0
/target/circle_center,132.10180163383484,17:22:25.277,-64.0,-151.0
/target/circle_center,136.014652967453,17:22:29.190,58.0,-133.0
/target/circle_center,136.04190492630005,17:22:29.217,62.0,-128.0
/target/circle_center,136.0710780620575,17:22:29.247,68.0,-125.0
/target/circle_center,184.18458771705627,17:23:17.360,163.0,59.0
/target/circle_center,194.25036120414734,17:23:27.426,-45.0,56.0
/target/circle_center,194.28670358657837,17:23:27.462,-47.0,47.0
/target/circle_center,194.33430743217468,17:23:27.510,-50.0,32.0
/target/circle_center,194.41808533668518,17:23:27.594,-55.0,14.0
/target/circle_center,194.44976949691772,17:23:27.625,-53.0,6.0
/target/circle_center,194.48293590545654,17:23:27.658,-59.0,0.0
/target/red_cross_center,184.72511053085327,17:23:17.901,59.0,56.0
/target/red_cross_center,184.7627146244049,17:23:17.938,40.0,115.0
/target/red_cross_center,185.32645392417908,17:23:18.502,96.0,112.0
/target/red_cross_center,185.4255452156067,17:23:18.601,179.0,-21.0
/target/red_cross_center,185.6299319267273,17:23:18.805,197.0,-38.0
/target/red_cross_center,185.69302248954773,17:23:18.868,156.0,18.0
/target/red_cross_center,185.86228942871094,17:23:19.038,217.0,-59.0
/target/red_cross_center,185.96852946281433,17:23:19.144,176.0,5.0
/target/red_cross_center,186.26665782928467,17:23:19.442,156.0,175.0
/target/red_cross_center,186.59808325767517,17:23:19.774,171.0,51.0
/target/red_cross_center,186.72798013687134,17:23:19.903,206.0,-50.0
/target/red_cross_center,186.89456701278687,17:23:20.070,227.0,-88.0
/target/red_cross_center,187.1354959011078,17:23:20.311,208.0,-59.0
/target/red_cross_center,187.22685432434082,17:23:20.402,192.0,-41.0
/target/red_cross_center,187.26067328453064,17:23:20.436,219.0,-94.0
/target/red_cross_center,187.3378562927246,17:23:20.513,167.0,56.0
/target/red_cross_center,187.5955662727356,17:23:20.771,177.0,61.0
/target/red_cross_center,187.69682717323303,17:23:20.872,227.0,-92.0
/target/red_cross_center,187.7612509727478,17:23:20.937,183.0,59.0
/target/red_cross_center,187.79588556289673,17:23:20.971,186.0,55.0
/target/red_cross_center,187.83384609222412,17:23:21.009,216.0,-45.0
/target/red_cross_center,187.86169028282166,17:23:21.037,231.0,-100.0
/target/red_cross_center,187.9284348487854,17:23:21.104,220.0,-46.0
/target/red_cross_center,187.99735975265503,17:23:21.173,191.0,203.0
/target/red_cross_center,188.1319818496704,17:23:21.307,214.0,-54.0
/target/red_cross_center,188.16115140914917,17:23:21.337,183.0,118.0
/target/red_cross_center,188.33305263519287,17:23:21.509,196.0,122.0
/target/red_cross_center,188.43246221542358,17:23:21.608,226.0,48.0
/target/red_cross_center,188.50014877319336,17:23:21.676,215.0,141.0
/target/red_cross_center,188.56080842018127,17:23:21.736,220.0,137.0
/target/red_cross_center,188.59628462791443,17:23:21.772,230.0,-28.0
/target/red_cross_center,188.63293290138245,17:23:21.808,215.0,131.0
/target/red_cross_center,188.73182559013367,17:23:21.907,225.0,-72.0
/target/red_cross_center,188.8269374370575,17:23:22.002,220.0,-87.0
/target/red_cross_center,189.0289831161499,17:23:22.204,212.0,-135.0
/target/red_cross_center,189.06436562538147,17:23:22.240,209.0,-142.0
/target/red_cross_center,189.1282935142517,17:23:22.304,161.0,59.0
/target/red_cross_center,189.19819903373718,17:23:22.374,143.0,21.0
/target/red_cross_center,189.2962462902069,17:23:22.472,111.0,-107.0
/target/red_cross_center,189.89717364311218,17:23:23.073,224.0,-55.0
/target/red_cross_center,189.92829608917236,17:23:23.104,144.0,32.0
/target/red_cross_center,189.96439409255981,17:23:23.140,217.0,-35.0
