bag_seconds,x,y,z,yaw_rad
0.0,-0.00701780608794404,0.004341209302704795,0.03081178163804239,-0.001134166922473146
0.11696672439575195,-0.006573450266805402,0.0036797778425673795,0.030989752191142604,-0.00032690912580504445
0.2358407974243164,-0.006362471422822544,0.0042199320018242725,0.03165801134387226,-0.0003637362410199049
0.3313937187194824,-0.005553616832127701,0.0043137809785420795,0.031221239735646424,-0.00108111487378736
0.42402100563049316,-0.0053435482217692835,0.003586985165062109,0.03064230759781368,-0.0005116442190318686
0.5103111267089844,-0.004310141372978743,0.006131125323352157,0.030755399750025145,-5.55063794320953e-05
0.6389203071594238,-0.0034288346036724015,0.007367486779070058,0.030430148805790373,0.00030404730309525565
0.7420563697814941,-0.003667903877407041,0.006841654630656815,0.03038901180987421,0.0002985150681901864
0.8235697746276855,-0.003956032574412369,0.006856996922157552,0.03067973824247153,0.0002960535484453146
0.9117333889007568,-0.004526879521538774,0.009003764080220229,0.030736826632741635,5.2973358084355925e-05
1.0327541828155518,-0.004624281435295504,0.0072073124300170025,0.03030862521509737,-0.00047182101792150866
1.1405572891235352,-0.004478617671902677,0.007447191715650032,0.030456621205790603,0.000320930942194882
1.242523431777954,-0.004233174957338709,0.009308126850231557,0.03094566176732197,0.0005144018812542391
1.3339791297912598,-0.0033257878288060843,0.00811834723584075,0.031123228948856066,-4.08550931604429e-05
1.4025328159332275,-0.0032018105908991406,0.00858353130838991,0.031091929296423654,0.0005784192912025583
1.5342121124267578,-0.003740315550003387,0.008035444348811666,0.03106702311896588,0.00025553943085983863
1.6264140605926514,-0.0034005075007049264,0.008985916209044133,0.030659470354013334,0.00044153504889840416
1.705268144607544,-0.0029326978934483016,0.00984558159877926,0.030741365581942175,0.0005669006797065528
1.829798698425293,-0.0032336474803926697,0.01077673732038872,0.03032171635254484,0.0007571901861618762
1.906750202178955,-0.0034670922519291878,0.01120382865531587,0.02987505108191903,0.00026154099250971536
2.001586675643921,-0.0027409675191633824,0.012425026808488405,0.030134928721901363,0.0004769575222691646
2.1383073329925537,-0.0025255263826467604,0.013084163792238623,0.030725708229766995,0.001306757937508604
2.2351841926574707,-0.002841386441528906,0.014398632495199837,0.03135164048133515,0.0011676896816759862
2.349184036254883,-0.003290534255161199,0.012116136003407557,0.031121186016592275,0.0004702131299132124
2.4314024448394775,-0.0033359095041597914,0.01200257903679285,0.03158836437745749,0.0005609285793072358
2.5323190689086914,-0.003670512342762458,0.009655244526429026,0.031340208921938346,-2.0056838474945066e-05
2.611611843109131,-0.004199713447832485,0.009029551960918312,0.03129757091501157,0.0007731240596402746
2.7394285202026367,-0.004067499433179078,0.009501957131112605,0.030918322187323093,-0.0007281341894263846
2.820020914077759,-0.003625393476854846,0.008818316502458816,0.03103181892798437,0.0010433568122580573
2.932892084121704,-0.003738733233436087,0.009877013340490093,0.03074645728930231,-8.042968993153852e-06
3.0691704750061035,-0.0033905241525682703,0.009327122625491327,0.03006975169394494,-0.0003053964361488083
3.105358362197876,-0.002941598508899033,0.011892806922137318,0.030535725156620522,0.00041849958935935995
3.2085816860198975,-0.0033789523372863574,0.00939429940190233,0.030519175825925775,-0.0001910112305439406
3.3056540489196777,-0.00347660780719184,0.009696727336261889,0.030530499904921612,-0.0001120797740152322
3.434664487838745,-0.003129964126584291,0.009288663900525167,0.030582016219306257,-0.0005438363735312726
3.511369228363037,-0.0035682453204166887,0.011566194156307967,0.03080524691153836,0.0010239308476071754
3.606372117996216,-0.0032869111934676547,0.01235072709861957,0.030660331739094056,0.000505722231084556
3.7445549964904785,-0.0033608814284037418,0.011878759099653687,0.031062901623053564,-0.00039784342116931616
3.8425991535186768,-0.0032830626766005683,0.014339116631332981,0.03097407901803393,0.0009310724528991824
3.9406418800354004,-0.002758080247359704,0.014079846442199763,0.030842577133519032,0.001002849697785108
4.008848428726196,-0.002490892143255049,0.013533732215948665,0.030759617769025457,0.000278065483310905
4.132874965667725,-0.0035173671043447698,0.01391407356419349,0.030994014848448884,-3.153061450396621e-05
4.213058233261108,-0.003744271590811481,0.009456575234144005,0.030742988521068788,-1.4734670851357926e-05
4.303425550460815,-0.0038418583750481506,0.007740379440941031,0.03071726895377473,0.0006641787932306161
4.429264783859253,-0.003303623139501849,0.005787922876225728,0.030760980897205067,-0.0007993878233914542
4.509656667709351,-0.004225405494463958,0.00453026740698176,0.031211104167693078,0.00021268904419150997
4.615777969360352,-0.0031607613706922063,0.005196553824910982,0.0310917825670612,0.0012603584660075488
4.7335145473480225,-0.0031067708737373065,0.006828314673045384,0.0306801991835513,-0.00018639137414084127
4.8397862911224365,-0.0032892271976101535,0.00693361073554769,0.030334092435839247,0.0003804202389857229
4.9297404289245605,-0.00348027239322531,0.007013620535138752,0.03035853779017591,-0.00023187464883620806
5.007745981216431,-0.0036215087648621045,0.004760244158290949,0.0300335604191014,-8.078450879328668e-05
5.132282733917236,-0.0035960648856578474,0.004184024551178768,0.02991969895822132,-5.138046695994387e-06
5.232179641723633,-0.004027352585135888,0.004784496035362491,0.030247266497936225,0.0004987571697160968
5.3255980014801025,-0.0040232630843417775,0.004707116286887971,0.03057522224355801,3.6416108053587696e-05
5.419781684875488,-0.0037831437156987126,0.004669698723908624,0.030279644022332682,-4.201173597996469e-06
5.523207187652588,-0.00421890617272471,0.003815476071013598,0.03042999084469256,-0.0004366945535410496
5.615811109542847,-0.0038473301501179306,0.003990601926823394,0.030792767158016255,-0.0005038820895815028
5.75694727897644,-0.003689151575464405,0.0038013361144237424,0.030556239448776973,-0.00012811761061946284
5.815608263015747,-0.004173539182932241,0.004595009779432033,0.030515748016829346,8.174346094383451e-05
5.9490580558776855,-0.0043511903876971795,0.005005983689983731,0.030883048870134894,-0.00031928376211844877
6.01639199256897,-0.004460469513532961,0.007084422036623173,0.03140059376721718,0.0005645623267659395
6.13969349861145,-0.004612972822684651,0.003968863073482943,0.031039023286780532,-0.0006988666830889517
6.208353042602539,-0.004887526185125626,0.003735361468664414,0.031234907478413607,0.0001297905155321819
6.329586982727051,-0.004892383098761597,0.0038761157522551044,0.03104044113912307,1.7617021556203963e-05
6.403503894805908,-0.004255647261871148,0.0034900232062604858,0.03139061668360493,-0.0011021711133047815
6.5381317138671875,-0.0042408082914311244,0.004330126677846258,0.031124569926632616,0.00036858932087902876
6.6262476444244385,-0.004059263099837991,0.005571832024683749,0.03084765604247316,-5.943006198171937e-05
6.736222743988037,-0.003708395506127624,0.004695483597097972,0.030774552249696968,0.000442379512096126
6.8383214473724365,-0.004088868896839156,0.006020665904776492,0.030575879759081135,0.0001237448971702481
6.9439778327941895,-0.004645158818578929,0.00443576452444557,0.030699789780208032,-0.0005256041590772665
7.041287422180176,-0.0043611541385998685,0.005394288320102162,0.03095856434697423,0.000445886763431969
7.125298261642456,-0.004541270415215583,0.005386818883013603,0.03140974875841461,-0.0002434572652127862
7.238218307495117,-0.005153257456508242,0.0047695444445164815,0.030993893533850177,0.0001094030258845566
7.343796014785767,-0.005004968935437044,0.006262066620392776,0.03032607401297983,-0.0002245940405940598
7.429052114486694,-0.0055710506769562785,0.0062506579620146135,0.03025064063207394,-0.00013751043926888126
7.512448072433472,-0.005639461177284755,0.007791470605651632,0.03008082633132409,-0.0001698668161989357
7.635250091552734,-0.005006075598966625,0.007950879135951713,0.030424644093938687,-0.0006311559578084899
7.702443599700928,-0.005339951273717333,0.009193794735203854,0.030908034169026752,-0.0003924535603170754
7.841142416000366,-0.005509998303092315,0.009174120314040463,0.031542462823972175,-0.00027568711871216455
7.939055919647217,-0.005144316324251116,0.009536766312149773,0.031186238087446003,0.00011140895307820399
8.035298585891724,-0.005298698757288899,0.008202622379854448,0.0309321684871864,-0.0005820470581845097
8.105768203735352,-0.005656397376149723,0.008408774591013909,0.031049010459950885,-0.00026747038108076613
8.22799801826477,-0.0053247363457354195,0.008745710953073173,0.030806149281874952,-0.00040332233550738767
8.338226318359375,-0.0053940656498393256,0.007156278201334943,0.03091715072762974,-0.00022379642219579407
8.43182373046875,-0.004926584913889192,0.0062467059120519496,0.031344323601811136,0.0003713163273209969
8.539957284927368,-0.0046602702423030815,0.00730648500634668,0.031311675053651185,-0.0003472209617335616
8.60952377319336,-0.0049754853534843034,0.0067640117933084045,0.031086530957081183,-0.00040940089278692493
8.715369701385498,-0.003881459910660998,0.005639009979950664,0.03104667146764086,-4.5175154409841576e-05
8.83894395828247,-0.004448624464658905,0.005769575240209236,0.030877416754494066,-5.089286974138237e-05
8.94011664390564,-0.0037093955626084528,0.007018155190973693,0.030609129490332013,0.00023880375693556145
9.030960321426392,-0.003910711394432914,0.007333202654217134,0.03070199943150909,0.0002864309820606305
9.150280952453613,-0.003962970585039469,0.007331511456599777,0.030893926395327037,3.9229845170534287e-05
9.243653535842896,-0.0036747033428289363,0.008333476863867567,0.030610334604998207,-0.0008972000678046043
9.330634593963623,-0.004101814187396731,0.009917346721741958,0.03049343255104354,0.00011303457665127028
9.439494132995605,-0.005031085814396093,0.0076641465394389685,0.03092952524110545,0.000695943561714577
9.52764892578125,-0.005258664778348578,0.009102254311984444,0.03089851202689957,-5.189667815989317e-05
9.633395671844482,-0.005521590858071505,0.009813386160306017,0.030821622219783913,-0.00013532815901295874
9.726179599761963,-0.005435059518124918,0.0084892051601777,0.03086850346327513,-0.00038500041849786964
9.817903518676758,-0.0057364202996023515,0.007832433281119574,0.030397352401787994,-0.0008278284303317713
9.911972999572754,-0.005481393821241262,0.008296721246394075,0.030552041659072864,-0.00041053459569823347
10.040778160095215,-0.0051820006881203706,0.009285421050394524,0.0305951405593923,-0.00012188634996435862
10.153872013092041,-0.005753363853024375,0.008644904628626002,0.030487971635892428,0.00024338456788871376
10.23278546333313,-0.00617427111477356,0.009666470772975087,0.031015466709490274,-0.0001331896251603035
10.33879017829895,-0.006079194957040803,0.008256118187469883,0.03084541491214079,-0.0004508387729239347
10.438343048095703,-0.006334897437756724,0.008301769272046781,0.03059459274089127,-0.0007651174340629383
10.538276672363281,-0.0060978688420094,0.008870519967320195,0.030606342590951664,7.776276633649382e-05
10.633479595184326,-0.005583851101908372,0.008708786328014842,0.030710216272667516,-0.00030526584154799604
10.745147705078125,-0.005194360772449718,0.007998885705003213,0.030622684563843445,-0.0005525955099595882
10.827893495559692,-0.0052905070237883505,0.008962563732337754,0.030541576040004875,0.0004058184440712739
10.934568405151367,-0.005091237459690801,0.010125551870504328,0.030737829239307797,0.0005623623029087399
11.053912878036499,-0.004958801819290601,0.007305302862371271,0.03018249679974542,-0.0003657294988332026
11.121093273162842,-0.005821055228757188,0.00799336419995928,0.02998580183012106,-0.0003620466293346203
11.232540845870972,-0.005498089707473623,0.008274406424580815,0.030275153871062055,0.00027319803533019964
11.33712911605835,-0.005954028806148681,0.008686018378398766,0.030705788892932327,5.766494835044998e-05
11.440372705459595,-0.006013274767986773,0.006481223384526222,0.030435875051813006,-0.000603853310004835
11.534847974777222,-0.005420536351899343,0.005960513688794788,0.031102991408215826,0.0007503771812434815
11.61343264579773,-0.004893975699815345,0.007421147699397724,0.03148721861498632,0.00016234322353339312
11.711924076080322,-0.004385212513224064,0.00629585304963914,0.03144706504800671,-0.0007730841765134599
11.834102869033813,-0.004362723338939984,0.00732969005870931,0.031158693010844812,0.001162119723588915
11.9134681224823,-0.004100801483978119,0.00850840347936389,0.03110264244165066,0.001275468836321072
12.027132749557495,-0.0030591802843614453,0.009756190779405061,0.030714538128117343,0.0007760130352261219
12.146300077438354,-0.003776276730652611,0.010864360300674074,0.030820482948254985,1.556185221698107e-05
12.234060287475586,-0.003901796383388981,0.011734927443047806,0.0312855541811611,0.0008562852587408531
12.319872856140137,-0.00526643995386645,0.013552217919429772,0.03185294853072719,0.0010515443776691906
12.41832447052002,-0.005424473495703532,0.012774117604302158,0.03211640984455144,0.00014979310463788785
12.517457246780396,-0.005318944557005557,0.014312930361736873,0.031825765404974664,0.0007867146867034199
12.607188940048218,-0.005346027218807353,0.01589468873666299,0.0315620301542864,6.399811215338604e-05
12.724848747253418,-0.004720215289323295,0.019442586106013588,0.030966364407515018,0.0010696777256071779
12.81646203994751,-0.004209072271628221,0.019306047885527342,0.03068423845102857,0.0009145286877172467
12.921099424362183,-0.0031946973689862754,0.020529261364731013,0.030769021919433367,0.001569315137724931
13.008028268814087,-0.002960835239503892,0.018774904193695353,0.030222960044368034,0.0009518926986906487
13.12319278717041,-0.003159174271592951,0.018064165917253117,0.030056852283618447,0.001276639322490505
13.234781742095947,-0.003601871312865947,0.019611451148147694,0.03027827315274825,0.0007942759052592796
13.326061487197876,-0.004540581738332799,0.02233956592368691,0.030998669577516774,0.0012842028405094749
13.410388708114624,-0.0038925460717836075,0.027446890791600124,0.030785290144107597,0.0025225621376092754
13.537479162216187,-0.0026037251882988434,0.03001713701953048,0.030756515533571345,0.0027007355970499977
13.676285743713379,-0.0003622660535781886,0.03610821484046345,0.031090982967806234,0.003823727183006952
13.703484058380127,-0.0005585905498126169,0.037469048014398806,0.031144889269542116,0.002599023737246922
13.81316614151001,-0.0015946363280251675,0.04117062726365224,0.031394824659136907,0.0016457596680498204
13.935676574707031,-0.0014633002619455079,0.042690295991562335,0.03172043280973457,0.0022464977688268803
14.038150310516357,-0.002850259272042356,0.0463802532437245,0.03181184900611128,0.0022229407279958854
14.109444618225098,-0.0027206793951960345,0.047857390492408225,0.031758815167844213,0.0020416688354987092
14.238756895065308,-0.002854897982245856,0.04514229669289067,0.03164667864832693,0.0023091401756402314
14.319629192352295,-0.002634678093088749,0.03974165239028965,0.031376590608125844,0.002107295292378813
14.431436777114868,-0.0014598466177033842,0.036788342074499866,0.030923645353590032,0.003397600155265357
14.53253698348999,-0.0007579506526272817,0.03492135783296531,0.03088958051219613,0.0016331904577416795
14.629925966262817,-0.0006207358483400462,0.031887416526784694,0.031100365501928143,0.0030216136495332764
14.728648662567139,-0.0017738861034758658,0.028822307276976683,0.03114438989981755,0.002494460496950727
14.830275535583496,-0.0016035885221740388,0.02788080863254053,0.031295611755449634,0.0013778687880954409
14.907713651657104,-0.0026713773943496943,0.026638622877120332,0.030734983883653005,0.001404910939865361
15.008668184280396,-0.0024177350258346724,0.023600195492857218,0.030556122389393932,0.001792613651558361
15.139676094055176,-0.00141381127245881,0.02217696412130646,0.03013707648875042,0.002125282881396672
15.2155179977417,-0.002316210889450858,0.024501104557553742,0.030282044529573195,0.001631610811354879
15.331959962844849,-0.0038037060471723225,0.022212635310574838,0.029963500118376687,0.0008282867209656009
15.43105411529541,-0.005151183087934484,0.02134559094196851,0.029584732067906173,0.0010319131771815548
15.547421216964722,-0.006168839260914425,0.01923011335072097,0.03007105071761594,0.0008417693991275615
15.62430715560913,-0.00518319466327036,0.020901476135372424,0.03046178353955375,0.001851346005021455
15.733943223953247,-0.0051662712103400414,0.020740790264404077,0.030663193442177203,0.0013650824370920011
15.880509614944458,-0.004020815926747243,0.01942060529184517,0.030933381027640636,0.0008177623540427675
15.911068677902222,-0.002490294962905936,0.022008527921256422,0.03213023752073024,0.002016853805517208
16.012773513793945,-0.002288240953397946,0.0208402392712624,0.03232139911502936,0.0017235792710623714
16.11134099960327,-0.0021097532649867862,0.02338921489912442,0.03194503313770965,0.002192569583851382
16.28860068321228,-0.002250972298892053,0.024318255750503868,0.031844203063853604,0.0018627186041018603
16.33220601081848,-0.0027372384096134646,0.02118684174952146,0.031285586452911705,0.0014546631262893474
16.40952157974243,-0.0030900057288706546,0.022862618538034705,0.030803008448965722,0.001434514947542339
16.518514156341553,-0.0028099955273379216,0.024394043334324732,0.03074733025742703,0.001040312011621995
16.633864879608154,-0.004087006298204987,0.027036771287205334,0.031117584013431968,0.0007479253432517594
16.713918209075928,-0.0046296138011289786,0.025589384141651447,0.03108940432780386,0.001673064001674069
16.820003986358643,-0.003978019689572966,0.026110725015252703,0.03079455883133023,0.0010567271639831855
16.93614435195923,-0.0032509519317078087,0.024884969609785666,0.0307515963008794,0.0009956364964110388
17.038389444351196,-0.003937497474788198,0.022450947500565508,0.031131230378120635,0.0008603849338626901
17.128872871398926,-0.004184081803578814,0.02133969307546863,0.030817453234539483,0.001217965580345297
17.245628595352173,-0.0039545442126493165,0.021882911634806542,0.030975723149385653,0.00012699258805721719
17.348018169403076,-0.004587276598831816,0.022281935611753123,0.031069847139386073,-7.82841653676668e-05
17.42175531387329,-0.004722724283280669,0.023442465509379094,0.03123271921863713,0.0010935139356038927
17.5160174369812,-0.004887723634727682,0.022331695816442496,0.030763182559057363,0.0017234412737093623
17.646812677383423,-0.004639639149503445,0.02313402106690527,0.03058316065136546,0.0017902024395339813
17.730788230895996,-0.004291674557911101,0.0193493347677902,0.030830139806447374,0.0009809098662271558
17.851038694381714,-0.004012078650884428,0.018184820850851213,0.03070457423335402,0.001051578058121082
17.917957067489624,-0.003966992816228942,0.019325335913769198,0.031203243739430217,0.0005869451957706093
18.006880283355713,-0.0038414207365966594,0.019553609065654988,0.031053460244371653,0.0010479062416164535
18.1069438457489,-0.003518308362856889,0.017169426821808834,0.03103607527029926,0.000848714464121371
18.216260194778442,-0.003621976342932,0.01854563700682134,0.03165776524280977,0.001996549860885603
18.30821990966797,-0.0034078629562187307,0.019768888764146553,0.032221649535996384,0.0018771038687994425
18.45091700553894,-0.0036488902555750296,0.018737386265134805,0.03253801490467782,0.0027201842549366513
18.52846121788025,-0.004939646251951647,0.017477683701559988,0.03358966474258189,0.0018385117296368634
18.624085664749146,-0.005366431198737077,0.01604114981357358,0.03494192523908066,0.004863126148242806
18.75075650215149,-0.0037733348703246684,0.010830152302839267,0.04024145834990543,0.01472142397382404
18.84699773788452,0.00019011967748292207,0.004879418157149138,0.06350845358083489,0.03643791184486752
18.93455457687378,0.006509814196663751,-0.000835315103729968,0.10784213674735289,0.03780034215172305
19.041927337646484,0.01211460413674595,-0.010340195176668374,0.17572682143296203,0.025128649477221345
19.110357522964478,0.015274589588093895,-0.019675857636049073,0.25239269183020063,0.015269746397778753
19.251518487930298,0.01773136515020782,-0.028471744977436507,0.33033768775780453,0.01309107752026271
19.308377504348755,0.018541140225111934,-0.0338775196362321,0.4021023141535351,0.018668333879751614
19.43582010269165,0.017576618590360357,-0.03595834337033466,0.46729398561128666,0.029888738053164058
19.50858736038208,0.01700296410526762,-0.03431363227813033,0.5255610791121396,0.04320407240193115
19.608664512634277,0.016096242629569324,-0.03304648907670846,0.5777027599547236,0.055322695432270724
19.709995985031128,0.012008794075249553,-0.030054628811055622,0.6260632083719857,0.06302225357905569
19.836814880371094,0.008512246646654027,-0.02704327412372836,0.6688078853326395,0.06849607647557125
19.94031262397766,0.004421559055408131,-0.019232707536359236,0.707429439478452,0.07002062378235409
20.045278549194336,0.0012226809753529398,-0.012480115272941699,0.7423409148347448,0.07013921698400105
20.125529050827026,-0.0010128532793974368,-0.01204414996658799,0.7725100181442605,0.06689439113577877
20.24244213104248,-0.0038487879763348114,-0.00650366851878972,0.8004749578270692,0.06283960036635826
20.337798833847046,-0.006935863614899797,0.001984664957088485,0.8258222930891116,0.058721183760163956
20.430553197860718,-0.010535385032975117,0.004223454994925585,0.8485382530673824,0.054034136278330334
20.53526020050049,-0.013131993735586843,0.00612480021435494,0.8700091000929966,0.05270750227195947
20.640612363815308,-0.01623674115488848,0.008137727764978866,0.8890530902775816,0.05151948649340861
20.713564157485962,-0.018410636204434463,0.008875218244598729,0.906241041770841,0.04989440395856293
20.81475567817688,-0.019559359319700938,0.007939113674735676,0.9220513390444568,0.047584452589576415
20.934186220169067,-0.020866612490266317,0.007579320163567815,0.9371389021406714,0.04448277445006444
21.03709602355957,-0.023196417877175367,0.005244371795703812,0.9513203156265465,0.040578234484084603
21.151355504989624,-0.025854386885220362,0.0033639684683956605,0.9657929427303201,0.03848666709604329
21.22032380104065,-0.0277469604404685,0.0031018219511356297,0.979018898923098,0.03596264551461561
21.350647449493408,-0.029343439974860757,0.0025777026438781386,0.9917225625263414,0.033089164862885524
21.43949866294861,-0.031168617604131522,0.0005658912095225497,1.0041355111650692,0.03182842079947084
21.50982093811035,-0.03324034075573283,-0.0008072774464899521,1.0155889724334175,0.03013690930514304
21.635740518569946,-0.034759470906754034,0.0013737655165228949,1.0262103617674092,0.028255448748024593
21.710366249084473,-0.03528581554752462,0.0011465323366237309,1.0361552785863264,0.027859978946225505
21.81035542488098,-0.036705555410495326,0.0017373506383630355,1.0467706402486465,0.02555570982394254
21.90699529647827,-0.03800465970120424,0.0021578746444235225,1.0563512258330763,0.02438451449064543
22.041906595230103,-0.03844542846757229,0.002948653344064028,1.0653387510683183,0.022220639046740397
22.141387939453125,-0.03998194994933726,0.005705758933443805,1.0750261628857605,0.021133449759592995
22.23812985420227,-0.04172266161183136,0.005408703820227239,1.083058994750373,0.018409552882958678
22.34085202217102,-0.043207371712492025,0.004287169179892452,1.0908996700981244,0.017607679676395326
22.44263195991516,-0.04427703886104263,0.0038045652415696226,1.097950416778291,0.016101055944927462
22.542651414871216,-0.04645231479208985,0.004191362201440262,1.1049561678351199,0.016308823910920506
22.619200229644775,-0.04768416541313032,0.005083973229440691,1.1114906638323587,0.015253959018069745
22.725938320159912,-0.0489801520137428,0.005612153575333692,1.1171469127137297,0.01466864116427694
22.844910144805908,-0.05251189758441431,0.007099910789978188,1.1188738815364023,0.01436128528396053
22.90316128730774,-0.0571383087200023,0.011238781590075337,1.1155937026951148,0.016451458702592812
23.014136791229248,-0.06303657698227574,0.01907489755137975,1.1101237548222354,0.018568724308117276
23.125404834747314,-0.0707011525620313,0.03141837315236895,1.1046195114310549,0.021150609234951625
23.23508644104004,-0.08021023278791113,0.04693213249984372,1.1007179829554081,0.020636045659694582
23.308518648147583,-0.08986622635393761,0.06879481581449895,1.0968508970010449,0.0186709925734832
23.432989597320557,-0.10127313443045559,0.09617403285947837,1.094181195087207,0.01707177080475442
23.51547908782959,-0.11300494587214753,0.13235772821685973,1.0913330186402326,0.01532154396044178
23.616063833236694,-0.12431132782182862,0.1751403614932412,1.0883143798030195,0.014944605544252525
23.737804889678955,-0.1359336391853262,0.2256595030310539,1.0856386550131407,0.014955761541938598
23.838409662246704,-0.14780412123971368,0.28190623139150317,1.0839099616335957,0.01600471566802752
23.95388388633728,-0.16043633475816485,0.34493406375689817,1.08243276341379,0.014172894997272364
24.021387100219727,-0.1748214258792264,0.41340913016284797,1.0809974552326502,0.012985850856091054
24.11173152923584,-0.18834443941425172,0.4826378693597298,1.0795398832204086,0.0107578277751708
24.244866371154785,-0.20082636594645523,0.5568101839367006,1.078575837045016,0.009503638626952974
24.310497522354126,-0.2135931270426389,0.6317633126329736,1.077744549760433,0.008180754952058618
24.416558265686035,-0.22576921453358298,0.7117138646389299,1.076461798301035,0.008313059073530076
24.580106258392334,-0.23746579392837908,0.7897842166878494,1.0772187959900612,0.005665973170643322
24.63025140762329,-0.2475646845621062,0.8705086222951267,1.0765723367665176,0.004464690446362896
24.738260984420776,-0.2568371749901131,0.9591719154322957,1.075780820516563,0.005350419191124904
24.814871072769165,-0.265639934850247,1.0468313873729465,1.0750659332703454,0.004356785561713094
24.944044589996338,-0.27239385865626226,1.1390971762968163,1.074317071247324,0.0022420962437407787
25.048353672027588,-0.27904159355106406,1.2296633802594217,1.0742301147672684,0.0017893129288379457
25.13107705116272,-0.2846696470553211,1.3249434701811469,1.0737231908077263,-0.0002310468041585486
25.24637460708618,-0.2894233697251954,1.4128750676645805,1.0730682100727784,0.0006042510513742559
25.336551427841187,-0.2932980001179559,1.5119225451917766,1.072146061725603,0.00157088407606044
25.413410902023315,-0.29504177723394576,1.6092245494409188,1.0712035863645197,0.002553693785824975
25.541361331939697,-0.29590457148725313,1.7068911244392113,1.071910565840715,0.0017405531318106916
25.62895369529724,-0.2967277602269653,1.8001127630852365,1.0715183777216473,0.0005520958478886109
25.73888611793518,-0.29587047423747875,1.8911695355233316,1.071262346215713,0.00010935284167742764
25.843315601348877,-0.2953463674025059,1.9896517462349386,1.0703151595712197,-0.0015704756512649688
25.942235231399536,-0.2941122324906135,2.0860433550385387,1.0718936341778569,0.00031252552314672637
26.037596702575684,-0.291712820701025,2.187541882019841,1.0715725769652071,0.0005617158793685386
26.139899015426636,-0.2895787643674498,2.2847942431709822,1.0710932747618458,0.0014174752884700832
26.23214030265808,-0.286103818309563,2.3842433983035916,1.072593284066976,0.0023370341461782652
26.319947004318237,-0.28096645367065853,2.487665420904802,1.073539565923016,-0.0004951414150919977
26.445500373840332,-0.27601863225120754,2.5889831094909375,1.0737417320726435,-0.0037418459803129594
26.54431462287903,-0.27130585171686694,2.6886984782633117,1.0755728418467465,-0.003516509690574553
26.620341539382935,-0.2663526313917004,2.7901513325992156,1.0765671590234271,-0.0038089797418851845
26.72446370124817,-0.2607354248155225,2.8948246635269355,1.075013337702816,-0.006057426988481306
26.827631950378418,-0.2545493346048105,2.998706866250437,1.076624475987824,-0.010117652402357152
26.922030925750732,-0.24867014065345758,3.105064362383357,1.0774698300121248,-0.012918826679305329
27.030051469802856,-0.24125198118332022,3.209395812765135,1.0764574525452977,-0.014302337720419552
27.128838062286377,-0.23431643897218948,3.312960524774485,1.0772280798664142,-0.010026754556724415
27.21917963027954,-0.2258987896873288,3.4240599169289228,1.0760249793949488,-0.006163132887760972
27.312025785446167,-0.21796225673100508,3.532164710001328,1.077498559968263,-0.0010106363744118584
27.435336112976074,-0.20905176780305312,3.631839450074369,1.0788704480672813,0.0021168510152216997
27.588900327682495,-0.20364163490622053,3.73854361105794,1.07931838359593,0.010065018153528248
27.653621196746826,-0.1974076645848085,3.8458736559935884,1.0814180084366745,0.012388100985704652
27.745110988616943,-0.1916557612909902,3.9506666291466743,1.0814933157689177,0.014744267768794716
27.822877645492554,-0.1867871654334172,4.053274124471773,1.0832910370618194,0.014327859333816147
27.964844226837158,-0.18109602699603727,4.152023441030962,1.0866728233291985,0.014913564478659916
28.027416944503784,-0.17870737467585115,4.254477712166225,1.0892682442108141,0.014017840066973252
28.16893482208252,-0.17535679827522058,4.356905940167007,1.088880133414916,0.011300380939217843
28.232340335845947,-0.17176202991909523,4.4557469468145765,1.0950482968115782,0.009550810472923933
28.34253716468811,-0.1670731054112124,4.553952764711404,1.098260100844498,0.004912399721563826
28.42381715774536,-0.16299634610746258,4.6514748150586565,1.0994025142982435,0.003671765492530725
28.532450199127197,-0.16026095573336285,4.749212803508285,1.1002320911957622,0.0024133603598368676
28.64198064804077,-0.15610184473258704,4.840110895166569,1.1022654675081742,0.001765540309536676
28.743654489517212,-0.15285760715512045,4.936033764650834,1.1026862494541942,0.0008704654456796659
28.85645890235901,-0.14792075201574317,5.034169734975859,1.1036788801533193,-0.00027472375829652767
28.949511766433716,-0.14430139007445097,5.134312690777301,1.1031396417190236,0.004257649943939852
29.02286434173584,-0.1423686939129139,5.227456369036595,1.1035734450755432,0.005545185872993565
29.14753222465515,-0.13915954208197548,5.321507956074108,1.1035394295041432,0.0060576408061770535
29.292384147644043,-0.13517596608963794,5.420247487356024,1.1039264188318854,0.006311802426930685
29.352530479431152,-0.13087321139505137,5.517498928297893,1.1041411551164468,0.006696700021804664
29.427417278289795,-0.12743359524680978,5.613005407832752,1.1030715543271847,0.007504312300221332
29.53566265106201,-0.1246175824154211,5.710398368780398,1.1032245472067488,0.007890829875952314
29.634273052215576,-0.12303572956120037,5.805034215411309,1.1039654942922543,0.0065580951858776665
29.712262392044067,-0.12109872618877071,5.8969597421099165,1.1049802081742734,0.005001302694873903
29.823246955871582,-0.11808829989344133,5.9915105512253914,1.1053350837292437,0.004762804461203901
29.928767919540405,-0.11509573465909713,6.081782647428914,1.105762411244525,0.005445582056884929
30.03255844116211,-0.11361620156640434,6.171560213792899,1.106835880271085,0.005260643250497316
30.15083956718445,-0.11629384957170247,6.2669658124133205,1.1083386897508054,0.008182284828576348
30.239639043807983,-0.11439060230377694,6.355802620186084,1.1105812130380448,0.003509694539178677
30.32890224456787,-0.11443371962259027,6.441100043683192,1.1114105948289235,0.0028125297967942185
30.46978783607483,-0.11016570987280959,6.521683696025638,1.1132817891302913,-0.0007895698312547371
30.52881407737732,-0.1093868745201863,6.595023983295202,1.113974187716994,-4.0653911565075775e-05
30.646599054336548,-0.1108294261428392,6.66773409786858,1.1145731187869883,0.005708204800346754
30.725959062576294,-0.11144976100535221,6.731494971249164,1.1164714540205538,0.006085775457016758
30.843993186950684,-0.10667268769025146,6.7889934825898175,1.1181539752880914,0.007686511831325571
30.919994831085205,-0.10332288513629291,6.8443099408999695,1.1202171271268382,0.011294822673748582
31.053064346313477,-0.10215203439393496,6.893514330214902,1.1217781155554465,0.015930416148631384
31.130167245864868,-0.099297487876473,6.934593664157973,1.1247255639904448,0.015978788083811223
31.29380512237549,-0.09865689907593377,6.973065388815008,1.1268014260386663,0.0188562169125925
31.33607506752014,-0.09679859696084216,7.010980974059368,1.1275885269010955,0.01929579142678021
31.461605072021484,-0.09225760778402678,7.040753757084481,1.1284671295333855,0.017931141645708023
31.548969507217407,-0.0895100634569976,7.065511845582964,1.1295474397432428,0.017562267337291923
31.63967800140381,-0.08651090206337933,7.090069067651499,1.1324731849954999,0.01641074085308612
31.725636959075928,-0.08447262905174699,7.113365862513925,1.1350957071602477,0.015115206521518525
31.947356939315796,-0.0827947589712716,7.132635725553108,1.1355602582623043,0.015221107696261324
32.00322771072388,-0.07717926177136666,7.152075429598759,1.1381170778976069,0.01264153323293814
32.05481195449829,-0.07384411639760943,7.170543343038815,1.1400003959054121,0.01474424040989114
32.12487435340881,-0.07024676925730773,7.182971114574907,1.140041878081048,0.012320679878537355
32.263126611709595,-0.06935787341997803,7.196254808977942,1.1408222901055978,0.011089769525212229
32.3416850566864,-0.07109939427402445,7.20998206641339,1.1433528093295195,0.010289111793211805
32.46385145187378,-0.06643229551121897,7.2212307649619225,1.1430710944237408,0.0027121992672020107
32.56750154495239,-0.06364928246467,7.230257493991177,1.1419085155086455,0.0027284372270378514
32.64352774620056,-0.059583292094006146,7.238831329613968,1.1424720018252283,0.0003123508219396317
32.716718912124634,-0.05335365579419556,7.250677492210044,1.1432676852975838,0.0002466380814977138
32.824753761291504,-0.03779265362341222,7.253929709316574,1.1439915680208657,-0.004640694504018414
32.93778038024902,-0.02109845919994092,7.257219337240182,1.1446500414627154,-0.005411000893240103
33.03014588356018,0.0017434708356691888,7.26383470589882,1.1452306759664024,-0.007670630766724669
33.147016525268555,0.032479103816445275,7.268204257251907,1.1463618857567597,-0.009606850227597285
33.26693844795227,0.0694217776780241,7.270701809708261,1.1476024326633936,-0.008416930638101297
33.37061548233032,0.10458571657683094,7.274366052070558,1.1479425784265862,-0.0030194713398806173
33.42122721672058,0.14883849320005652,7.27785243054136,1.1479054911432476,-0.003243557916511875
33.58529019355774,0.21218233261489436,7.279719360357217,1.14874128442229,-0.008270365015683574
33.63603496551514,0.2699706124226006,7.2830069250355995,1.1493078734822928,-0.0023321583863119702
33.71010684967041,0.3311009680848643,7.284975209500834,1.1490713775886445,0.00012385072863598507
33.84424114227295,0.3977541922202215,7.285748252278061,1.150232882263402,0.00039692781955449923
33.941571950912476,0.4662171776622088,7.280634204880473,1.1529110029681864,-0.0033850643007830917
34.05447292327881,0.5304731483884217,7.27298244221057,1.154405400789791,-0.0014303369244030148
34.159412145614624,0.5905180135815976,7.258533586279536,1.1531839716414207,0.0016647273310854455
34.25899600982666,0.6532136222437758,7.23587829371484,1.1531574389602286,3.671252734760837e-05
34.35017108917236,0.6989456906254926,7.204298779167603,1.1507613482079224,0.013479135410744853
34.45616817474365,0.7523771121658185,7.1624666294388035,1.1499865249602241,0.01228878048048435
34.54460263252258,0.794964578084851,7.1185714016266,1.1503920527632172,0.018098735462841204
34.645596981048584,0.8391508050086675,7.065884968275913,1.150502580357095,0.020289120408371747
34.75130105018616,0.8780658210631228,7.00258077127964,1.150116261225164,0.022188125036844086
34.83272981643677,0.9141596999635013,6.936335502704712,1.1482640088256837,0.02705405038102059
34.96273851394653,0.9467116687859483,6.870165833556904,1.1474207852078415,0.03205573856055681
35.03932785987854,0.974317330215527,6.79314961849657,1.1457506072872286,0.03911911353548024
35.11752271652222,0.9998858413112709,6.708406460126137,1.1437600636568277,0.03947130542640991
35.23217153549194,1.0241151590042272,6.625262160141278,1.1455702461338741,0.028761479311431592
35.32947492599487,1.0462474138757227,6.538067356094484,1.1472130611704605,0.014143595599000915
35.428080320358276,1.0648476250277674,6.446721266254729,1.1481738932910022,-0.005885676305901038
35.57439947128296,1.0840567937233516,6.349762405948481,1.1492353449325325,-0.03010137792009833
35.62210249900818,1.0990775229645984,6.25002536112119,1.1494921386262962,-0.05149007401315924
35.7744562625885,1.1065646524684094,6.155912679971316,1.1480119121138022,-0.06626271883494292
35.83227300643921,1.1157210990892696,6.053242744049283,1.1451247077669446,-0.08165309088647732
35.96842360496521,1.1214775686720049,5.950248075016961,1.1421070417151606,-0.0871685778620615
36.0633008480072,1.127373841225165,5.845845827917904,1.1352184911777752,-0.09410747987672889
36.14317178726196,1.1279043442251129,5.744048524508478,1.1295665236169856,-0.08590050512483548
36.22748875617981,1.1276942017576268,5.634088881785188,1.1249895071911302,-0.08068843245313043
36.351818799972534,1.1272900747578896,5.526006356056491,1.1220747940178208,-0.07785121273660832
36.44488739967346,1.1258823389317176,5.41915153384018,1.1218187830325708,-0.07746880233544261
36.53330874443054,1.1261604102814733,5.31449810237583,1.1211373986060327,-0.07789461150080919
36.63102173805237,1.1234091691721149,5.209246968165223,1.1211065709052372,-0.0816029137260633
36.76125907897949,1.1168870784874347,5.107509317979641,1.121025434372127,-0.08681182996804428
36.84881663322449,1.1108239383760257,5.001958961475722,1.120370403096312,-0.09481885103999381
36.95762252807617,1.102524638709948,4.8989451113240845,1.120544018903593,-0.10191501448498581
37.04203820228577,1.0936896646067482,4.795581918182342,1.1199486970460646,-0.10598795243501244
37.10832071304321,1.0817803948658884,4.697377912327264,1.119805245051341,-0.10510394132332682
37.23380422592163,1.067944906634435,4.596692728477185,1.1195531868226334,-0.09960118378888572
37.332135915756226,1.053970181042893,4.496048875249826,1.1199193441528494,-0.08720699050374635
37.444753646850586,1.0404207107503152,4.396636872682393,1.1193313075045181,-0.07339763290079071
37.56760239601135,1.026788977781863,4.298365510565175,1.119123974235801,-0.05347027997646449
37.644116163253784,1.014447479088345,4.198179409081602,1.1185036749549802,-0.036116084282580896
37.74353504180908,1.0048716539525187,4.101236723437948,1.1166290821597116,-0.017979624993575874
37.84577655792236,0.9974518266228757,4.000090729423917,1.1154864780104465,-0.0005750146401261368
37.91974496841431,0.9911641192928581,3.9002457199133285,1.1140011577388926,0.015515123991356303
38.019798040390015,0.9866709367740719,3.8024085731203043,1.1105751019121353,0.02873374027633075
38.12610936164856,0.9834625293716996,3.7030721351993217,1.1101929596528024,0.03644186553609946
38.26941156387329,0.9855677209192529,3.602284762302371,1.1100162629051005,0.04317030647696676
38.32819318771362,0.989525232792961,3.5052602104632884,1.1079779226053692,0.04441153387114308
38.41386270523071,0.9944197978534934,3.4109648023139294,1.106706351776305,0.04218491440904734
38.55552363395691,1.0001554470670053,3.316152101418246,1.1066797881546582,0.03296655081670564
38.62819504737854,1.0067160698935198,3.216828434608938,1.1070718077037667,0.018885499129344323
38.76410245895386,1.0129157823008825,3.118130058956623,1.1064333483285158,0.003426169785791074
38.85312867164612,1.0173307221140828,3.0251932426946855,1.1042806950339819,-0.009998994042665462
38.94121289253235,1.020882593999849,2.9274037795706493,1.1035495782755662,-0.020364313341377907
39.027867794036865,1.0228316617862332,2.8285104656799995,1.103518054900065,-0.026753075796774616
39.12140774726868,1.024019289799687,2.7316748234647585,1.1028596965337054,-0.027230963205254255
39.215044260025024,1.0226050817036545,2.6370156619380434,1.1018773739506096,-0.026529851337134355
39.31722140312195,1.023108816094555,2.541741240108339,1.1001620845940725,-0.022384989050753517
39.419583320617676,1.0224506772113566,2.4476936817644264,1.0980166495085986,-0.01459271996821932
39.51417112350464,1.021459155522324,2.351672240644827,1.096628256881112,-0.006060861204785634
39.631120920181274,1.0209411343183086,2.2568766198329073,1.0951394127192786,0.0035749328927220285
39.74613285064697,1.020946860814549,2.164886313087809,1.0924258191428486,0.011937482599779819
39.82001447677612,1.0220424064883933,2.0758382957338966,1.0905453399919707,0.01624315862563079
39.921154499053955,1.0249826461883227,1.9859372242669733,1.0910315756617017,0.016689221394184457
40.01577138900757,1.0271777198360594,1.891836688559357,1.0938836464492432,0.009257830109651864
40.12635374069214,1.0288875680332505,1.7979064743167854,1.094967249248938,-0.005271679491176021
40.21759366989136,1.0300600628410983,1.7080296785138291,1.0964444239667026,-0.020560199851760354
40.32927918434143,1.0307580183470644,1.61998041657911,1.0974649580046951,-0.03343273528594972
40.47050452232361,1.0316457402960915,1.5295806538484225,1.096653805958063,-0.04200457993884077
40.516027212142944,1.0313199163003215,1.4383755278146724,1.0949203016016245,-0.05018364850600163
40.64197397232056,1.031475743931587,1.338301763585356,1.0954682580067678,-0.05194581877978277
40.72687482833862,1.0314375367984039,1.241155160746786,1.094514842056092,-0.05082622654348244
40.833592653274536,1.0318629891897244,1.1436157748742592,1.0940766359839187,-0.04609125009245525
40.919342041015625,1.0317668248493288,1.045034954016111,1.0942307917211904,-0.04009276271341556
41.03174352645874,1.0319278654197357,0.9517762267557316,1.0958992395852045,-0.03249291035572447
41.1325786113739,1.032574691774288,0.8545287971872567,1.0968683394325525,-0.028140084960545077
41.25132751464844,1.0321375223929043,0.7636840617392245,1.098393728305213,-0.025957057797930075
41.337817430496216,1.0340329710656906,0.6801599459461956,1.0998398731508674,-0.025001946914459363
41.43849778175354,1.034225344375651,0.5982159920120834,1.1011712414266617,-0.03163280812131958
41.53132081031799,1.0323791673122416,0.5232494095216502,1.101116488673275,-0.03652751333215229
41.611642360687256,1.03285667827051,0.4550605951589637,1.101637178902198,-0.038281229934491685
41.71457576751709,1.033148143529234,0.3997418763681862,1.1024306495180545,-0.03907657223704156
41.84191846847534,1.033462293612573,0.3432720087745409,1.1033260180884867,-0.03533918258905389
41.94536900520325,1.031325454710797,0.2966843289146293,1.1039696820858924,-0.031570315158073466
42.041343450546265,1.0296397732205147,0.2519862539877215,1.1046973268371634,-0.02770414534921803
42.147075176239014,1.0266245332953694,0.21079402585299356,1.1055617552091457,-0.02171869313994243
42.23633646965027,1.022791197632787,0.17562200696402344,1.1061118164145038,-0.013029383256584563
42.33379864692688,1.0191044587554567,0.1462745523803638,1.106112034119474,-0.0028383762314021705
42.420849323272705,1.01599303661247,0.12176189068248366,1.1065874150799653,0.005297094012099187
42.52189040184021,1.0136071747893396,0.10229071284620864,1.1079660052530886,0.014130589936088175
42.652734994888306,1.0122349696990904,0.08318739268598281,1.108895772392012,0.025145222623875862
42.71183729171753,1.0105540001059534,0.06675859636814058,1.1112280057273358,0.03565872949456977
42.820510387420654,1.0104574966561313,0.050557827700481076,1.114263415967035,0.04487286133419786
42.991140842437744,1.0108869987223976,0.03408260230704986,1.1168820599263118,0.05845028993063234
43.040947675704956,1.0109735486465874,0.017816304786106095,1.1199418140876878,0.07205830496613443
43.126410484313965,1.0124700222814913,0.0022599559609067657,1.1231831169826516,0.08844242543076578
43.2513792514801,1.0143733706484073,-0.01551915687403607,1.1253775457979929,0.09941084525493912
43.35997009277344,1.0178509029357818,-0.03177037778585314,1.1277472940012492,0.10113317844561388
43.43954634666443,1.0233368871382977,-0.044186450471547886,1.1308927973761025,0.09750812425027791
43.51485300064087,1.0298750151660356,-0.06033834303511545,1.1315186872276268,0.08786344804683795
43.61393117904663,1.038655346926793,-0.07146333550090632,1.131286133899603,0.07373976144811874
43.73049855232239,1.0500197256842814,-0.07943606563035781,1.1309653604080188,0.060241510997932006
43.83012104034424,1.0649811800586262,-0.09056783740738358,1.1307011233508886,0.04597076122440952
43.90636873245239,1.0837251048830203,-0.09769131060953581,1.1305846096698051,0.03780785589290481
44.03827619552612,1.107103169823014,-0.1051232800811322,1.1308365443596327,0.03043264503033133
44.118287086486816,1.1362048611480025,-0.10830595378008415,1.1311801184102552,0.02690673634846321
44.21301603317261,1.1711777375527654,-0.10744077716938424,1.1310383594627653,0.0286699001936311
44.31285524368286,1.2129921724117758,-0.10621715886079297,1.1307319956560733,0.03730370585404525
44.46331167221069,1.2605376627991391,-0.10260702272784479,1.1301094154505849,0.04701348471823987
44.54253816604614,1.313939305384737,-0.09566284994937982,1.1307816564962718,0.05907161685853811
44.68886137008667,1.3727153560349246,-0.08858309659163471,1.131307082714157,0.07055177818517086
44.715248823165894,1.4345582931858263,-0.0836232217440882,1.1323031782927373,0.0804702648231457
44.85014295578003,1.498597831496042,-0.07581965174445954,1.1344376816416428,0.09244809588360146
44.9318265914917,1.5645913924769985,-0.06320218664482335,1.136113741236289,0.10307306815878278
45.0186550617218,1.626165465535531,-0.04476473723662015,1.1386912979639336,0.10567728573313194
45.12267851829529,1.6865745260953067,-0.023741982583558315,1.1405193065216832,0.10076900868406483
45.286285638809204,1.7440277382336118,0.005859024737551714,1.142776446666309,0.09233285411171303
45.36569547653198,1.7940830174459628,0.04210894239618836,1.1434166775231145,0.08077644656567456
45.43362736701965,1.8387841526487319,0.08876027679318728,1.1418763781403314,0.06525307937686921
45.54578709602356,1.8806581580534023,0.1402918646182684,1.1385661915609866,0.04796855092670461
45.613364458084106,1.9157198291591588,0.1977731495681054,1.134418280935435,0.03148909612732379
45.7218062877655,1.9453345768969876,0.26060474728746397,1.130545183239573,0.012928217359657134
45.84577202796936,1.970614598261529,0.32545560482217567,1.123709704322282,-0.005601841505170576
45.9340980052948,1.9926391210285697,0.3982665691214751,1.1169474106411375,-0.019481833650732694
46.01684784889221,2.0119199642607146,0.4711522859304191,1.1126029219162064,-0.03193502834140032
46.11861968040466,2.028995187966273,0.5492727257099347,1.1066408545567605,-0.04333976548042189
46.217896461486816,2.0450049925642944,0.6280936588698202,1.1011556952874393,-0.053629247001720094
46.31459617614746,2.0600309314253797,0.7087106670190931,1.0971759203554359,-0.05923391564591997
46.42454123497009,2.074682677626926,0.7918766562937728,1.0948649154432128,-0.05822152975175899
46.55237913131714,2.0904315033467413,0.8756589610119782,1.0926926417270182,-0.05232317477656674
46.63592267036438,2.1051707469728806,0.9622943962172966,1.0920885162843093,-0.043198150842947314
46.732417821884155,2.1202795649585395,1.0460442056761752,1.0923530315387326,-0.03196979336694789
46.85553741455078,2.1358735571740266,1.1366830087602515,1.0936663186424571,-0.020277563498851275
46.91906380653381,2.150579085600373,1.2237891204883198,1.095242731412753,-0.007445770343521614
47.02641725540161,2.1647668477492825,1.3117708621186666,1.0949226144164856,0.001597132059930775
47.115192890167236,2.1792156399872677,1.399461333805211,1.096992061071308,0.008788145416995987
47.21326541900635,2.193924983779084,1.4890100962546555,1.0982219009227108,0.01613703377937232
47.33993887901306,2.206588750108601,1.5763472389061963,1.101065528279994,0.022005133876030446
47.44535183906555,2.218188929009334,1.6636042564109912,1.1019604479247285,0.02787416388656673
47.52314019203186,2.2284990090871113,1.750130269976765,1.1008077342877827,0.03503477799718885
47.64698028564453,2.2374864323202877,1.8399131645425508,1.1018752496873718,0.036192030440548334
47.73440408706665,2.2445031707280436,1.936008089272851,1.1027150845979257,0.034661362420002464
47.829195976257324,2.2510873674454634,2.0324442304278545,1.1052158153060205,0.03150884983537568
47.9424102306366,2.2557139084635334,2.1280212632228914,1.1084373804592773,0.024676707551385135
48.02727746963501,2.2600185072323677,2.2245611149294624,1.1097452381770518,0.020151373715792
48.111950397491455,2.2639314499662118,2.321709130741402,1.1119710870357735,0.012944623948517494
48.20884084701538,2.2680008541033825,2.423710840840963,1.1117461876515748,0.004345494889870884
48.33687710762024,2.273938187646169,2.529403527667986,1.112226719003846,-0.006485641557627913
48.4515814781189,2.279299686105201,2.630063541011966,1.1130275556400056,-0.01757611690795214
48.557457447052,2.285622878715701,2.733910421817938,1.1126299853610113,-0.02387505505827279
48.617263317108154,2.292124845102285,2.8376027928997782,1.1117414272983202,-0.03004728112449764
48.78671073913574,2.300858312070429,2.924722331667285,1.1201752555022553,-0.045380061092389054
48.83079814910889,2.3099233200754674,3.000325268190099,1.1297668858502858,-0.062270936553724426
48.94051265716553,2.320099940605976,3.0632837761105387,1.1331529327871697,-0.0759588423714135
49.014495849609375,2.328620101035167,3.105567106014037,1.132559057709429,-0.08284257205542832
49.12216520309448,2.3378920673126298,3.12560234534367,1.132388454850775,-0.07366056402843943
49.240756034851074,2.3469452606477956,3.137904185725683,1.1303635614641543,-0.05444865246190968
49.33414673805237,2.358185752165169,3.1368889224663463,1.1291739884179623,-0.03878645276025962
49.42839288711548,2.369293432815617,3.1293611378568404,1.126207310413101,-0.02605421894690434
49.56059694290161,2.3796165693816804,3.1126249395471124,1.1261973193894743,-0.024385476325998228
49.64278483390808,2.392843274673803,3.092283922694306,1.1247925700947377,-0.028540461192861615
49.74109601974487,2.4065088131963774,3.0704073508575274,1.1254300338482357,-0.03142918684903149
49.82387971878052,2.4204744487447885,3.046461615775281,1.1265454455440242,-0.028875400013356027
49.922629594802856,2.431227792796991,3.0253014958657634,1.1261193686033133,-0.02026082130843991
50.03311252593994,2.4410020663181844,3.009222630170455,1.1281098798735019,-0.011877799421884355
50.11551213264465,2.45282380580133,2.98848843954525,1.1322214710786098,-0.0009299252691347124
50.24935793876648,2.4612430674854724,2.973690450125993,1.1366400283395044,0.01071037563117708
50.31600594520569,2.4675008556799187,2.962822596876058,1.1416696653007612,0.01739590748841607
50.53008580207825,2.4749162636293556,2.9514100055413266,1.1464721195112533,0.01731884239340063
50.56447649002075,2.481709398108406,2.9403443482078626,1.1503984560015679,0.018980892466195987
50.62259912490845,2.4848702308266057,2.9321529106876323,1.1529401425751649,0.029694261606953463
50.7221999168396,2.4839716388784154,2.9275584206883294,1.155929409595022,0.03415531141986991
50.83934426307678,2.483885387748871,2.9177195923161916,1.160422400362002,0.03880989507389424
50.92351746559143,2.4813073947919144,2.916646996043945,1.1626966127852396,0.04374923372807844
51.03164768218994,2.475436841705747,2.913314819967062,1.1647869982515118,0.04410765581369405
51.15388488769531,2.470926304182213,2.9074789292045025,1.167932561190025,0.04137770237433643
51.24881839752197,2.4649288312391637,2.9023368472580016,1.1697506475277304,0.03910976303757337
51.327067375183105,2.456632407249169,2.901913102634545,1.1691716739536842,0.036292113542044445
51.46572184562683,2.447422989600257,2.8994971036374557,1.1704459154956592,0.029936602478240395
51.514986991882324,2.4387226710756007,2.89112904770522,1.1732197476251005,0.0252256530561005
51.63713884353638,2.426922466493387,2.886879356686338,1.1723741156551337,0.02519427141637139
51.71507287025452,2.4151265408943536,2.881828458475304,1.1706840698813792,0.026653335818505153
51.82243728637695,2.404836400607009,2.87951059359273,1.167924811243064,0.02400673047222101
51.94260811805725,2.3920423772079578,2.875535263589151,1.1667807747029706,0.019234737091583295
52.03308463096619,2.3798967988432507,2.870434022421452,1.1656829571558138,0.015886608433769586
52.12763786315918,2.3686474809771294,2.866464598172674,1.1627267253145261,0.013564662813675741
52.24654173851013,2.361195398465902,2.86403468657951,1.1619138440431553,0.012566417756133928
52.306286096572876,2.3535504637921885,2.8690748517208724,1.1629062244952677,0.013902112300474877
52.438316822052,2.3469909556822537,2.8749193414090013,1.165219680813916,0.012191153325268302
52.53729438781738,2.340298554871405,2.8888503840560773,1.1665251617482286,0.0058103563380834545
52.61559438705444,2.3351959275831744,2.909926035334443,1.1660655269075386,-0.002635351666385774
52.74823975563049,2.331080091614015,2.93401687615021,1.1650871173061406,-0.01505815580064587
52.842564821243286,2.3257767344271856,2.971183020612223,1.1630974455925778,-0.0214131743187854
52.940646171569824,2.319391202790253,3.0083716168208516,1.1595211809536847,-0.03291023157004109
53.049264430999756,2.3114536697502137,3.053538186221267,1.1542729917897123,-0.04208327513929064
53.11187171936035,2.303487150534687,3.10213476985675,1.1495259328688294,-0.05331332421095846
53.25784635543823,2.293595091547151,3.1567385973700235,1.1442964238120474,-0.0621689621369587
53.346328020095825,2.284792597329343,3.216966637570262,1.1394001778092637,-0.0724730840954707
53.44064807891846,2.2747630943701025,3.2856646529052447,1.134149786166138,-0.08387262902483388
53.53898620605469,2.2680460785304204,3.3519432559560016,1.1298551006803719,-0.09071097428395121
53.62374448776245,2.262332749852616,3.4210264458130046,1.1271973802541206,-0.09402234036739104
53.742441177368164,2.2580735424542673,3.4951036686756787,1.1245686970446576,-0.09362796301187315
53.82446622848511,2.2530402396033358,3.5722179079752574,1.1202082878644968,-0.09530538562133004
53.95145082473755,2.251054987024072,3.6493509899689576,1.1212097588711463,-0.09263828835257995
54.035566568374634,2.248349694273204,3.7281816464961577,1.1215134181734165,-0.08545296849237626
54.145031213760376,2.2461517575359142,3.8125541933625673,1.1176300314222078,-0.07887150576415444
54.25246238708496,2.2449478357448838,3.8987536166199175,1.1156790633775526,-0.07434909585422252
54.330347299575806,2.2462098735780214,3.980060384490664,1.1153888184287342,-0.07048618956584693
54.43864393234253,2.2452774048867723,4.064884861614308,1.1139781381431795,-0.06946779950416075
54.53375768661499,2.245240057306144,4.153270011730558,1.1103322244732183,-0.07438171109850795
54.663928747177124,2.2473817744765445,4.239035290084027,1.1090465234274685,-0.07872141729665973
54.74433612823486,2.2485935140860627,4.309325791027823,1.1170810761123575,-0.09681533763422423
54.838083028793335,2.2536053633885773,4.36712920105257,1.1249479535021445,-0.11257188391075974
54.93022966384888,2.258999618333583,4.417588931162527,1.1254398731627895,-0.12405786135613375
55.026317834854126,2.2665588204350926,4.444370598439284,1.1246223594296616,-0.12938644007812844
55.12405061721802,2.2762937451268375,4.45682501959399,1.121809822982248,-0.11829866796998771
55.248947858810425,2.2854653360898496,4.463439538441698,1.117469541754343,-0.10209240073618678
55.3576717376709,2.2937354916006494,4.464093253648289,1.114142876060337,-0.09234773060348207
55.436702251434326,2.3018248345820695,4.460999751255384,1.113256054868548,-0.09681431277111552
55.53020000457764,2.30927829262487,4.4615977220104215,1.1115173349915484,-0.10960529383609674
55.644277572631836,2.3205830797671374,4.459321228741698,1.1098415866614426,-0.12419531468517514
55.76338267326355,2.330058978256525,4.453070610417914,1.1104026818944444,-0.14477933588718347
55.86284947395325,2.337482918405783,4.452905060726566,1.1105804160695636,-0.15214889129552236
55.91842794418335,2.3478057971321378,4.455672171134631,1.1112341637405048,-0.15137288768840737
56.05248761177063,2.356290909427705,4.457257585814025,1.1145785785126368,-0.14242441088501182
56.143089294433594,2.3642886575469286,4.4595096736255915,1.1169652862056405,-0.12907251551036653
56.224708795547485,2.3707362284846543,4.467236171171403,1.1176630637703686,-0.1218317754531343
56.36583876609802,2.3800896592064777,4.472244064049571,1.118035157714985,-0.12173294751773903
56.45745873451233,2.3908917293749323,4.4684940862372,1.1199883653051852,-0.1209377274387594
56.541762828826904,2.399476412154803,4.471610487210301,1.1201696936146495,-0.11365592256928436
56.633912801742554,2.4082289522032325,4.473631807793159,1.1215648287145281,-0.10223460431602248
56.75105404853821,2.4138381769335733,4.472247350648889,1.1227489629040068,-0.09070232624427696
56.82839775085449,2.419335403434712,4.475124243377569,1.1229734796525028,-0.07458468893814255
56.947590589523315,2.425207594563008,4.477880293638331,1.1235127907287965,-0.06373975688335391
57.02664542198181,2.4308930320696036,4.481829452456648,1.1230852228117152,-0.058683344951428115
57.13074254989624,2.4355292469714733,4.487626997389027,1.1240268648359095,-0.0596952742062089
57.24613428115845,2.439590726788325,4.490806315303293,1.1237610846767698,-0.0650235292212456
57.34647297859192,2.4428585527174844,4.498846604913818,1.123138803615071,-0.07349387955734439
57.43239402770996,2.4462170067974087,4.503637726408572,1.122465526017549,-0.08301061286030309
57.5954167842865,2.4499510497980594,4.502703867165681,1.1226791856840885,-0.0919322934703768
57.668391942977905,2.452828544167004,4.504209534105113,1.122929236173092,-0.0900355088349162
57.7762188911438,2.454184943190702,4.505646316406333,1.122656182768114,-0.08944988935927319
57.844712257385254,2.45667048877459,4.511381043552577,1.1232215698982781,-0.09048448781619589
57.94079399108887,2.4569379006189287,4.514485534344961,1.123806149576959,-0.09425565032710907
58.04026985168457,2.4569897157592666,4.520348886227133,1.1251394031457176,-0.09626333802992673
58.15807819366455,2.456903448929399,4.519445762525618,1.126199655414453,-0.09902818185908784
58.24853873252869,2.4544889813066235,4.515831410067741,1.12901656094878,-0.10283497807816351
58.35585641860962,2.4539222164401915,4.516632522122351,1.1311610328977642,-0.10231180400077457
58.44771409034729,2.4508831760984804,4.516746838602857,1.1347176562932646,-0.10535668388050429
58.561222314834595,2.447410622863327,4.522588506829627,1.1368090759416833,-0.10581708074005453
58.65069651603699,2.445305028206747,4.5224096496648265,1.1382304861749846,-0.10644396435082015
58.73828458786011,2.440963400512696,4.524165951961327,1.1391117945208198,-0.1022707648751909
58.847601652145386,2.4395855513647553,4.528743812048448,1.141553478732006,-0.09647156350773332
58.97849416732788,2.4366939532171457,4.53151683316807,1.14256013947619,-0.08972320296422363
59.085782527923584,2.4324911063435306,4.53448488276826,1.1422321134865134,-0.08578911802931317
59.148473024368286,2.4296328412960735,4.5319863047990285,1.1427655205742406,-0.08494647626537882
59.22074365615845,2.425569787823287,4.532997971710432,1.143499001467308,-0.07761402132219516
59.33169078826904,2.4210353456172373,4.534860827231372,1.1417344881408993,-0.07282740077756905
59.430378913879395,2.417194106266555,4.538452706039334,1.1407426112940904,-0.06843751503924912
59.55480432510376,2.412090478146181,4.545245978109672,1.1406233954809502,-0.062035085222028066
59.63388514518738,2.4072521861230816,4.547001745985833,1.1387166533751445,-0.056806648891533834
59.76254463195801,2.4029896800385098,4.552576950174501,1.1366019224423531,-0.047819162339053284
59.844290018081665,2.3998083816126807,4.548565164695627,1.1362302862121432,-0.04029788839540676
59.94547963142395,2.394681502897456,4.5504344121405325,1.13575302055918,-0.031085325683865735
60.02764868736267,2.3901520809139436,4.549028825750475,1.1344929930006706,-0.02522250673981834
60.16350293159485,2.3852684156232797,4.548347528398853,1.134719938567926,-0.024814778790731993
60.24183249473572,2.3803354273159236,4.5483991229074485,1.1342899997513682,-0.023390128844644354
60.32991433143616,2.374629543473128,4.547128386458823,1.1336625181453284,-0.022076228438692332
60.47405791282654,2.368705490148137,4.55053192244629,1.1323463674623486,-0.025009085278805358
60.53898334503174,2.3650761900011186,4.546853825680567,1.1327400709866737,-0.027541166280897103
60.661399126052856,2.361577705709959,4.544107424365163,1.133526927176474,-0.03349602077461161
60.71512413024902,2.356240572337751,4.540956632584766,1.1340546796080941,-0.03696618084120823
60.81831884384155,2.3518447345698394,4.539969095179813,1.1359608370357888,-0.04263522487996937
60.96388220787048,2.3507367818850007,4.539320485311777,1.1380575370110315,-0.0459334911310946
61.0171320438385,2.347412402460279,4.532695229237828,1.137467317266166,-0.04514808488992624
61.129831075668335,2.344003106903984,4.532320524685965,1.1362370394560788,-0.04148275197748469
61.247145652770996,2.3408222702750474,4.5233328187604,1.13398481057316,-0.03718904011394905
61.34598636627197,2.3365286605312896,4.518487780731428,1.1315721593973889,-0.028937471426537437
61.416964530944824,2.330608995986922,4.513839138735735,1.1278635595642805,-0.020945614374781055
61.515674114227295,2.324154680318688,4.508070832259836,1.1257583910096316,-0.02168869764697895
61.63490080833435,2.3184613540549996,4.506446026304971,1.1236813357370476,-0.028647419619325296
61.740293979644775,2.3124879450267337,4.499065983093192,1.121386900255981,-0.03880053826942586
61.831257343292236,2.3080619340586757,4.499478947316945,1.1195232490725233,-0.05172174284224608
61.93705892562866,2.3020461628866298,4.498061435661594,1.12033570439188,-0.06547080291481841
62.0540931224823,2.29440085829116,4.501509301623739,1.1228965443956924,-0.07965407316611718
62.15388298034668,2.2896503661566836,4.50285663823284,1.124975322366139,-0.09144180941811622
62.28064489364624,2.2842159389723875,4.504554706174914,1.1285794384893013,-0.10325269903619354
62.34750509262085,2.2810448236707597,4.503474227053431,1.1321155227905413,-0.1090237219371787
62.43665814399719,2.2770707917085584,4.500117420091684,1.1339622017387476,-0.11037058672012244
62.5298798084259,2.2723794315601493,4.501472573552161,1.1363319755550012,-0.10815903764455775
62.641191720962524,2.2673978926900653,4.501826896860073,1.1385242496087562,-0.10367209915064432
62.73373460769653,2.262577073206492,4.500215559961739,1.1424043038098415,-0.09832023405676334
62.86715269088745,2.2594973721281923,4.500812899911508,1.1439701691793287,-0.09526499201397233
62.934858322143555,2.2549106831116186,4.498502161549116,1.147013277084802,-0.09397599781644479
63.058425426483154,2.252271760890603,4.492868787473616,1.1502181116037866,-0.09604959648363685
63.14070177078247,2.249011074571918,4.4917324802451475,1.15336401886747,-0.09533913047229316
63.24104356765747,2.2435850158043715,4.494091499811116,1.1549495663145461,-0.09332698495351818
63.341060161590576,2.2392265952835477,4.494739181397487,1.1576024561206781,-0.09007720653176624
63.44760346412659,2.2339977897555623,4.497404620870473,1.1611358288825808,-0.08122024830234731
63.544106006622314,2.2296900768317602,4.497765261522262,1.1600834344941984,-0.06828640791205255
63.612863302230835,2.22687959354192,4.497171361512208,1.1581891951215113,-0.055313114537841226
63.73275303840637,2.225479550537446,4.4914628220002495,1.1566232378553323,-0.04319245990602414
63.8521203994751,2.2237781856709944,4.489048386873002,1.1544705192516374,-0.03243579435458055
63.94765877723694,2.22086232518979,4.488550355212296,1.1515308183247728,-0.025810861482009357
64.02994108200073,2.2191677149211952,4.488714969700467,1.1499875104188435,-0.02385012984020158
64.15029287338257,2.217833230751395,4.486021800837685,1.1495765554093504,-0.02547259568821466
64.25813555717468,2.2152026664073237,4.487352683222015,1.1484290338998244,-0.0282628113667357
64.32409572601318,2.215181780710187,4.488654145908548,1.1481264778060698,-0.030848292815125983
64.46062350273132,2.214765687833887,4.488100550111257,1.1485595415635343,-0.03316682011270832
64.55378031730652,2.213843483977646,4.489748365027625,1.1497876275913241,-0.03493293053515407
64.63386678695679,2.2143071664616967,4.489531482036102,1.1494176991416505,-0.04072812649734248
64.7283627986908,2.2155034507821108,4.4859164388465285,1.150742010442292,-0.04693784984781997
64.83892345428467,2.217694990605536,4.48166704904963,1.1517917979733807,-0.047312220476767954
64.91113901138306,2.215736792915707,4.482233399783632,1.1494353461441533,-0.047173317168664526
65.04610323905945,2.216044324357981,4.4827267310144325,1.1471672126296923,-0.04695351777536589
65.14926648139954,2.215892789397693,4.480659632828868,1.1479223846344568,-0.04804765237167181
65.24211359024048,2.2165665616096,4.4811375922438295,1.1465820781540348,-0.048158802643842216
65.34570479393005,2.218775155379699,4.4794759755733295,1.1457106422745695,-0.04475740393046305
65.4530930519104,2.220846916419043,4.476891878741699,1.146578433415949,-0.03650141335558167
65.53937721252441,2.223512270740195,4.475003563715113,1.1465130117036317,-0.024124451638781682
65.63939642906189,2.22553353471874,4.475017747949783,1.145033732881974,-0.011674855363472611
65.7508339881897,2.2280296650408125,4.474435035911313,1.1449387056877967,0.002658010437640479
65.80848455429077,2.229458485585754,4.473279600523425,1.143220202261207,0.012999185606868949
65.95590782165527,2.2317043715096596,4.472788572819064,1.1393100890116827,0.019762664951414842
66.02483248710632,2.2332505154930566,4.471488134660115,1.136952764881442,0.02664010121994983
66.13915705680847,2.23439238331792,4.468371551943949,1.1366998637416805,0.027609774655884316
66.23879313468933,2.235727298581402,4.465878980651667,1.1362680913603442,0.02945054467694771
66.32552647590637,2.2373764986869835,4.464956281488241,1.1346393915121815,0.027099440391647647
66.4535584449768,2.24021543143712,4.464362540609307,1.1358086827315423,0.022177295658701572
66.53790307044983,2.2444887334257544,4.463115125752688,1.1381812031937772,0.021644136392329993
66.62113666534424,2.248094375786043,4.462744393661797,1.1372039386345438,0.018800638723144584
66.70545220375061,2.251352763026593,4.460488129223726,1.1397988526431455,0.015201732278767312
66.8375141620636,2.254167405310906,4.45827853069533,1.1406721894046383,0.011717808871131642
66.92424440383911,2.256325411197013,4.458482035263857,1.1406166627825307,0.0076793209710756295
67.00908398628235,2.2593867223787996,4.456649414363185,1.139996556560679,0.00575463231497615
67.1121973991394,2.261777081384737,4.456028685522654,1.1411219095496594,-0.0004725536584972275
67.24185991287231,2.2641380119300876,4.457470461471138,1.14124634007252,-0.010561898326232255
67.3334755897522,2.26766403301519,4.455815670765365,1.142867387061903,-0.022104687775734988
67.47943758964539,2.270515292317096,4.453924717695716,1.1431793331265017,-0.035413253818636005
67.52986216545105,2.274882175609548,4.449776486361433,1.1451038823326811,-0.04229731080661985
67.64881110191345,2.277389891989674,4.445654243273596,1.146739923293382,-0.046190835825428454
67.74188327789307,2.2795949146931918,4.4432408471298475,1.1468978361622573,-0.04716930836987139
67.86144924163818,2.283313244009519,4.43908063763102,1.1476222390538091,-0.045327515746191815
67.95702600479126,2.2863597382718583,4.43551245463533,1.1475069812703014,-0.04581118023088828
68.00097632408142,2.287349991116142,4.431876896634606,1.1445415947172806,-0.04367517785476189
68.15278458595276,2.2897449162911023,4.426741299638863,1.142275763011493,-0.04137764046516631
68.2457628250122,2.2941928167881755,4.418314033797335,1.1408783153986937,-0.03408892420738724
68.31098246574402,2.295155383122419,4.411106513567601,1.1384357381871357,-0.025745479165472204
68.45951890945435,2.293345578590023,4.409450694612152,1.1353373186816889,-0.020502081372397788
68.542471408844,2.2923857685239573,4.406665095829851,1.1352202226445223,-0.014435081663993276
68.64569997787476,2.292335775937032,4.4028250917512946,1.133582404642067,-0.010501675704915331
68.73601198196411,2.292160527430635,4.400230154413042,1.1317809982729512,-0.008316153962104778
68.83866024017334,2.2921181508881925,4.39558455582101,1.1315768015976213,-0.005506223338540116
68.94261169433594,2.292219013527471,4.393024652765181,1.1331596887000202,-0.00020126559203092302
69.07004976272583,2.2915822251512017,4.3872929346518585,1.1310298374866457,0.0042689426992557475
69.1317527294159,2.2905216962173918,4.382371066298062,1.1301087464020132,0.006970986698906198
69.23716592788696,2.2889480742715578,4.378520986481709,1.13109822390709,0.008066323013562042
69.350337266922,2.2856097124424295,4.376657631643128,1.1303360819546462,0.006881414559343971
69.43147802352905,2.28324085506024,4.375748490112971,1.1284260783093287,0.007546512278840238
69.53183794021606,2.2808798222600406,4.369429943446569,1.1303023991087329,0.00880567920667514
69.62420153617859,2.279685434683488,4.3649102362803625,1.1326918623679372,0.013636748454650231
69.74723863601685,2.277926483854869,4.359980784310694,1.1322697593347928,0.02020837962633175
69.84749865531921,2.275634066513604,4.357058182311402,1.1316363759108536,0.02531791061892747
69.94789409637451,2.2733558251515693,4.360198782389935,1.1325572164643138,0.03204335151267897
70.02559089660645,2.270966717583258,4.361660895826386,1.1319184359773415,0.04522204929925202
70.14156794548035,2.268530928062638,4.36683522270973,1.1325661363483326,0.05887274855817399
70.23870491981506,2.2642284643635406,4.377932466465266,1.1337586152353505,0.07127300688812559
70.3440113067627,2.2621541523727187,4.384998762996417,1.139332593200525,0.06619366342892541
70.41942381858826,2.2631861439098477,4.393838676315935,1.141339122721211,0.0640481590376325
70.51140785217285,2.2649006766654223,4.403287210081853,1.1416873514835502,0.06400962344143138
70.61136317253113,2.2662761418320665,4.407542375811377,1.1404273028836078,0.06783621268993423
70.7323865890503,2.270878648257541,4.405242125482339,1.140518935692109,0.07608527495770452
70.84776067733765,2.273671787882248,4.397767997091037,1.1417237407895586,0.08038297493859857
70.93599843978882,2.2733825695895975,4.394431151461015,1.1426168810421442,0.07457815946426767
71.05570673942566,2.273414055892946,4.389239669758734,1.143999889909968,0.05953092450212102
71.147869348526,2.2724956001854286,4.384991188561107,1.1438784557476844,0.041041567582958925
71.24589228630066,2.27232985976722,4.379402706068767,1.145005212268061,0.022979333487250654
71.35533881187439,2.270521416415882,4.375155111051458,1.1456347880674762,0.013448270438050308
71.40140318870544,2.2691923864887977,4.3715447273451575,1.1478607714382052,0.008972627684205623
71.55981111526489,2.2683823485289643,4.364812458327382,1.1488409342945403,0.01212354514770412
71.66594886779785,2.2696846532450357,4.358657034660436,1.1498245277731365,0.018589760913935244
71.72668981552124,2.271183449434118,4.351810952180913,1.150863867485352,0.025164233472441313
71.84256196022034,2.272360952927904,4.34511023598166,1.1523476937024517,0.028721920523157765
71.9345543384552,2.2743334621401683,4.336743278928458,1.1537510654278633,0.031072417224321795
72.04343342781067,2.2758896747171873,4.332062939675158,1.1571618795370116,0.03283872880163441
72.1296501159668,2.2777796989719965,4.327988604359953,1.1576005936765288,0.03392796816244332
72.25848150253296,2.2773922789177345,4.324083470126304,1.1581543165658392,0.04041201704065384
72.35857510566711,2.279464895083207,4.318592497165337,1.1571559034053314,0.0491760917380935
72.45321083068848,2.282515778501359,4.310555313721169,1.1575160561323943,0.0643202987691909
72.5281765460968,2.284020518519478,4.303359216918811,1.157584422186461,0.07982319883653687
72.63827514648438,2.286731232147253,4.29690887675052,1.1587250725612015,0.09232669006322924
72.73959112167358,2.28908010526499,4.290101607727806,1.1592446743821587,0.09931811355615575
72.84719324111938,2.2921633271500714,4.282292424341679,1.161719635182658,0.09908563296686038
72.9416434764862,2.2945418791368315,4.272450422889226,1.1619201157891208,0.09806939120062708
73.04268980026245,2.296661926966005,4.264987394891466,1.1612200984117578,0.09562501270126403
73.12879824638367,2.3004922598327515,4.253877755460931,1.160952666861047,0.09378999154511558
73.23850655555725,2.3021706136663798,4.2449233638444985,1.1607421053810187,0.09003797004150678
73.35895085334778,2.3035887896482747,4.234846317758899,1.160453164983971,0.08680101210004297
73.42629814147949,2.305921453459211,4.222847781912822,1.1613234526746032,0.07910999188264586
73.49907612800598,2.3063387969187925,4.214645084989122,1.1623299441834691,0.0698152334367984
73.63618993759155,2.3073458441627177,4.207704346790135,1.1612148486033744,0.05985585324779396
73.74234437942505,2.309370084839542,4.194140766581863,1.1607942949979242,0.04539703924488245
73.84732842445374,2.3119928267117413,4.181073428482385,1.159827222357804,0.03333512988078545
73.93510007858276,2.312065786333858,4.170313310672401,1.1577410066805651,0.01773599779204869
74.0279610157013,2.3120834045509175,4.159635557592516,1.1550775711405592,0.0030862989039348756
74.12284421920776,2.3128522583484914,4.148238336516224,1.1534959413830725,-0.010878101751714851
74.23943042755127,2.3133126190188165,4.133527562504903,1.1524021064984478,-0.024433628271607093
74.3232262134552,2.311562643158849,4.122781512365334,1.1500843742974036,-0.03178120889702416
74.43332815170288,2.3135384052197177,4.106232430332832,1.1494747235021558,-0.03408899465469379
74.53943419456482,2.313843335474602,4.089865447525272,1.150439386039948,-0.033714785374260474
74.62677526473999,2.3123538442584812,4.076556897990099,1.1479659429784719,-0.03158658128703334
74.72512483596802,2.311181616141037,4.06180438438514,1.1469799072913964,-0.02991308263711283
74.85486817359924,2.310538198650705,4.044946946005941,1.1495847081673747,-0.0279155134047198
74.9312150478363,2.3074255815712092,4.031800771027719,1.1494862656510856,-0.026349909814805
75.03311038017273,2.3061989399180742,4.016404813664098,1.1487363310674374,-0.023395597004645573
75.1625747680664,2.305056591590193,4.000740823697342,1.1500328931719068,-0.019690635846232984
75.22612237930298,2.3018291223810046,3.9874894230923426,1.1493642392159007,-0.014647534810686954
75.35648727416992,2.298158681173867,3.9760889547219436,1.1470631290195137,-0.0066230680576243855
75.43080615997314,2.294599084812884,3.9629449046882153,1.1484165303839284,-0.0011432402056807903
75.52047348022461,2.2910595215336507,3.9495545755816543,1.1497431181572606,0.005708555966450716
75.61824989318848,2.2839523034651172,3.940333305023208,1.1477500653282262,0.01284885706488634
75.72629165649414,2.2786887503489797,3.9315482201895615,1.1468496446285246,0.018852016699416413
75.82574415206909,2.2729669452160053,3.9223020025661315,1.1496335485733895,0.025800495227895653
75.98517847061157,2.2671726089610176,3.9134364226516802,1.1507242414897234,0.033685171576018226
76.05965614318848,2.2607552387635943,3.9068931946555723,1.1506859781320762,0.03885454733087304
76.13713598251343,2.2567530376097635,3.897080894779017,1.152754991256722,0.042295260303528405
76.24221920967102,2.251394198046644,3.885250472326211,1.1552849503274076,0.04304048297977747
76.34877300262451,2.2438955055912273,3.880206873870926,1.155147693569596,0.04010348343551462
76.428950548172,2.238382508009645,3.871836574147931,1.1570089001226938,0.03688597012169839
76.54450011253357,2.2342018644609807,3.8613016541892047,1.159315205184875,0.032252657289137045
76.62449908256531,2.227971740367831,3.852845383545961,1.1601545236067448,0.02630009618034596
76.74252462387085,2.2220172409827437,3.8496665079480614,1.159258745855643,0.02362662579153213
76.82058930397034,2.218838930334948,3.83887918159832,1.1594103073978723,0.021711504684238603
76.92984199523926,2.21567523187957,3.8312335951663568,1.1587033782213605,0.0228306795683335
77.06773781776428,2.2128278927139204,3.8251330442702933,1.1573496400516639,0.02357859269740431
77.1501235961914,2.210749461850788,3.8179418757276293,1.1580142368477842,0.022338335744527114
77.23589324951172,2.2089467632280244,3.813344560330257,1.1605674241312796,0.01692380095870746
77.32474827766418,2.2067915377498184,3.806317666063276,1.1593075009534266,0.01188092292852138
77.46206593513489,2.204588249895378,3.7980271242383417,1.1586346596778614,0.008087600041241476
77.52182483673096,2.2028502873571156,3.7901859667222637,1.1584400762495426,0.005490278700351905
77.64768958091736,2.2028549780982307,3.780280814204226,1.1576531366296556,0.0014517028466293361
77.74719476699829,2.199329226083734,3.7734950247640455,1.1563407477165877,-0.004200870499094768
77.84007024765015,2.1979663956382978,3.769279104108528,1.1552473635164795,-0.00991775612027011
77.93339157104492,2.196128976296106,3.7631686028205245,1.1541028025514068,-0.013662063685703038
78.033358335495,2.1958957848385436,3.759130549547601,1.1538060800560457,-0.018753861780036036
78.13299536705017,2.1967960732298004,3.7539135948249855,1.15539028158967,-0.02436401179804385
78.23260450363159,2.1981388293547877,3.7480578857977616,1.1541744629114445,-0.02628205490368314
78.33786964416504,2.200729091670185,3.7432126367973555,1.1521117043931957,-0.026239323824898013
78.44275093078613,2.2026104110419737,3.7363445440066214,1.152546978793326,-0.025286138235932593
78.56562995910645,2.204962532092817,3.727558281201154,1.1524807626002924,-0.025380393104169823
78.62752223014832,2.208455538748264,3.719647579324886,1.150907450987766,-0.0271566911794095
78.78221344947815,2.2124012542973586,3.7123063723499063,1.1525152253758324,-0.027635762797673682
78.83062171936035,2.2162022854999606,3.701818934056573,1.1544859787163664,-0.03140567303875596
78.95317792892456,2.219790209696038,3.691541346240803,1.1533431449859775,-0.03238740079147639
79.03181791305542,2.223862278544622,3.6835858176299863,1.1527377953427713,-0.03402318770517276
79.12533354759216,2.2274312549430992,3.6729420048952695,1.1548701834923076,-0.03494571092348609
79.22916555404663,2.232497046955,3.6645622157483917,1.1556957451546486,-0.036098605912715534
79.32727217674255,2.2374459851884683,3.6591219954121748,1.1534451479222867,-0.03607309737692499
79.42343163490295,2.2421942848723644,3.6504456436136694,1.1538269157050278,-0.037524514528429365
79.52650117874146,2.2488056273482675,3.638708203908954,1.1543962424879617,-0.03698710330914867
79.6287145614624,2.2505435808003598,3.6362338094677145,1.1511719485501117,-0.03494619627659888
79.73567843437195,2.253160902788684,3.6284581460800927,1.148763773545603,-0.03130279036801219
79.83856630325317,2.2552942245142935,3.618419026929949,1.1493777212813152,-0.02888585385150983
79.92329144477844,2.2566299248525143,3.6114087251561826,1.14849407267816,-0.026868974795139132
80.03923511505127,2.2548670788250713,3.6059701392722494,1.1448806054649734,-0.02928521292815418
80.10390877723694,2.2560689818251443,3.5969243472839296,1.1454275187934253,-0.030475470746206372
80.22570371627808,2.2576631791148802,3.5880302346014057,1.1462860623796747,-0.029601083535688466
80.32024788856506,2.258009560778071,3.576075250749577,1.1443200861700704,-0.029114930998225458
80.4278609752655,2.2597618758769866,3.5654902124228762,1.1433884957607698,-0.0269539738955645
80.5321786403656,2.2626265866180173,3.5528066093842425,1.1457523735403263,-0.023236072749060793
80.63417744636536,2.262930734204916,3.5461807443727684,1.1454220884696273,-0.016595482583830222
80.73411512374878,2.2625608931741277,3.538874923385465,1.1431122138848164,-0.011574058826143815
80.93122005462646,2.2631724567647518,3.5282528791301484,1.1445534950111902,-0.0029424229980685125
80.96824097633362,2.263262677116617,3.5171643916248905,1.1457851011330964,0.007178574144253754
81.02395486831665,2.2623902801952003,3.5093444267367917,1.1436010124592175,0.015238361707607576
81.1231427192688,2.2619442733193873,3.500574096009368,1.144530413471808,0.021146215781979394
81.25273108482361,2.2594106636887545,3.499375397760459,1.1474466887718997,0.03296872748046457
81.32587099075317,2.258097290411967,3.5106356584060734,1.1532712197039952,0.05198492399337344
81.44263100624084,2.2542213778495004,3.532502226444182,1.1600501435350905,0.06303372182784972
81.53342056274414,2.250492494011268,3.56654253437737,1.1677291566945522,0.06351248010717529
81.65489435195923,2.244515383150359,3.610654284690316,1.1709325990071935,0.05182264991132849
81.75439310073853,2.238948816975798,3.6617184595695433,1.172460370727451,0.03747693390429244
81.8207311630249,2.2318616909234277,3.71961829138218,1.1712730126571558,0.025981491443489397
81.969571352005,2.22511132030888,3.7782229352581056,1.1690334442623278,0.020605670398685574
82.03213882446289,2.2168958476465255,3.835197141450086,1.1652434059829808,0.024340381337432868
82.12241435050964,2.210363483032809,3.8878099639598056,1.1632830761584687,0.029206203026335156
82.23037338256836,2.2051103130886447,3.936299556103446,1.163283629264178,0.03135926678659632
82.32478260993958,2.1999874030781816,3.979582678840557,1.1611421467645395,0.02708122196350178
82.43081617355347,2.1963329312273303,4.0246862871751405,1.1578178294897887,0.014134614472724641
82.52706408500671,2.193052519548214,4.06119266300133,1.1558560014010624,-0.0016151853659354337
82.6185348033905,2.192828499186242,4.092683982801117,1.153059835681424,-0.017706306088438865
82.73306608200073,2.1937392442975123,4.120130165071993,1.1472837334516928,-0.029383306645709113
82.818363904953,2.197094852202071,4.1455913550115095,1.142778982758112,-0.03909664178783657
82.94439744949341,2.2017641279478113,4.16608311063021,1.1364284751603386,-0.04761516411343144
83.027592420578,2.2101712296883615,4.1843517260477,1.1300404597076366,-0.05340921887757007
83.12848854064941,2.219389463438278,4.201707378651613,1.1229049920097387,-0.06052187113171872
83.23056983947754,2.228849922790087,4.216032929085103,1.117564045496741,-0.06661903344047901
83.33993244171143,2.238684395953091,4.229853211507698,1.1116769806144655,-0.06466179001427874
83.43805718421936,2.2506347984996604,4.242017047587388,1.1086033597788618,-0.059955559576301276
83.53535676002502,2.261927419096852,4.2531794327866805,1.1065369409399723,-0.045901306002243236
83.63394975662231,2.2724091996292413,4.26168348082194,1.1046718319972375,-0.02896911212306302
83.74241232872009,2.2818249993648503,4.274062464038214,1.1058211388716563,-0.008634228565259949
83.84645795822144,2.2908220735649767,4.289268963254166,1.108982958620843,0.01330496559491784
83.9500470161438,2.2986050778573053,4.313011018533439,1.1123522578302152,0.029597198057411907
84.03457832336426,2.3084231343067674,4.338329305481307,1.1177809508818053,0.036989584682873465
84.13734149932861,2.314230719378016,4.371956150419116,1.121235205040936,0.04153437885272276
84.26522016525269,2.3194049213709036,4.416101876471439,1.1233168191975658,0.045452381943038016
84.329270362854,2.3235694468337513,4.469174895379447,1.1261693285872296,0.050317351904418856
84.46142983436584,2.3290211362348026,4.521526336969762,1.127401557900513,0.05986789554578053
84.53673505783081,2.3304850794900345,4.580617312133611,1.1268858850327486,0.06605833410924167
84.62886595726013,2.332037851658264,4.650320221550358,1.1304079719329256,0.07358656919290198
84.75156164169312,2.332727780934966,4.7248464797658825,1.1344360955631456,0.07401982005358924
84.84480929374695,2.333470297100802,4.795597889490095,1.137502893669989,0.06842581534505389
84.9591794013977,2.3292638000418044,4.877780486960152,1.1406330055505325,0.06448516428148683
85.04199075698853,2.325456659720485,4.960137585176901,1.1434082776647803,0.05559721593311094
85.13218474388123,2.3199515785014966,5.043632706490179,1.1444329461975036,0.03837396321561779
85.21442127227783,2.3141108689701557,5.129895685267569,1.1444766255715855,0.02084125606424838
85.33880186080933,2.308011459817476,5.221058111490719,1.1443682694073276,0.003841323834016512
85.43347907066345,2.303083041426609,5.305908968053653,1.1440561751231615,-0.016062782733368565
85.52995371818542,2.2996827471992156,5.39011944106477,1.140281273802844,-0.03378656026563619
85.61985230445862,2.2967124768440894,5.47776100470043,1.1366861243841113,-0.04529661809971213
85.74867749214172,2.2950529138463676,5.564811843019093,1.1346779005406262,-0.04719703781718347
85.85275602340698,2.2896728062997806,5.656164760176209,1.1338739768724397,-0.046479810120053075
85.97507452964783,2.2858541812678017,5.737445622684827,1.1312379791694966,-0.052792400126350975
86.06171226501465,2.28696586983931,5.824921877646604,1.128885206703302,-0.05705319326564855
86.13893222808838,2.293968546713469,5.907161037531142,1.127850147383072,-0.05584488909060458
86.24969124794006,2.2959288369023776,5.993371387796063,1.126489701282027,-0.05066895990230329
86.34986877441406,2.2990983532090388,6.078399118497232,1.126338417365603,-0.04343929750436424
86.43852829933167,2.299680860963955,6.170232993889777,1.1269021112645223,-0.03147802531654735
86.55121517181396,2.3044533181017397,6.256219645327227,1.1270307280971854,-0.026680959682037635
86.63252997398376,2.3107222336143534,6.3438611853321225,1.128480184354731,-0.020435174901782586
86.74073934555054,2.3155948735669947,6.427645296001665,1.1290127758233448,-0.015671579645522692
86.85505414009094,2.3247798213920494,6.514244674268529,1.1310731626018091,-0.016316187775357732
86.968994140625,2.3275457533849693,6.593045719324038,1.1305194530378044,-0.011749770743702783
87.0380048751831,2.330241753764646,6.664859560851833,1.1318160045682462,-0.01306484638095405
87.1288058757782,2.3370799204533466,6.729439106283882,1.1340886817343694,-0.01573703012706608
87.2324891090393,2.337895759832669,6.789931639062376,1.1355710254842815,-0.018298457324875506
87.34687161445618,2.343240458174122,6.846512154451143,1.1362668843226997,-0.025052731572933105
87.44886589050293,2.351422784143595,6.8990302773255445,1.137372992671989,-0.036138968105966666
87.53996586799622,2.3616220818040103,6.94328606636027,1.1377784823072659,-0.04798479196090304
87.65447878837585,2.368241230979726,6.9828034370332555,1.1375785394723577,-0.053773288805336376
87.7234365940094,2.3735793530177243,7.022252669708037,1.1378276209954614,-0.061638617168920044
87.83264493942261,2.380944715044717,7.054052890733406,1.1365414125860718,-0.0637779824335443
87.95518898963928,2.3888698849937393,7.083292248066591,1.1353165564908072,-0.06558292249682718
88.04503607749939,2.3969469130772865,7.106257438557956,1.1349042303562162,-0.06235174444320647
88.13106298446655,2.4052280510100426,7.1296474707797,1.1340191046323835,-0.0611321589780509
88.2222011089325,2.413796231005134,7.1511158565230515,1.1338855998507225,-0.05948336338568352
88.32634544372559,2.4228676138424086,7.16712484584758,1.1326703953827644,-0.05699898170204679
88.43483018875122,2.430387998090992,7.184143720908205,1.132512441125149,-0.054653253653120154
88.53433990478516,2.4392986321003383,7.196954529254905,1.1321529496651108,-0.054327159342389894
88.6406409740448,2.445836893299778,7.207784255571744,1.1325469941585777,-0.050339285794987844
88.75301694869995,2.45307398753475,7.2187756371629135,1.1340643295960722,-0.04951754154309736
88.86124420166016,2.459847763606929,7.228309362718468,1.13372870142933,-0.052965626650061375
88.93511939048767,2.4660524054068427,7.237217960890456,1.1339581760988757,-0.049104305919574015
89.04468035697937,2.472415288264965,7.246691399953972,1.135458057750855,-0.04480067554789556
89.13617372512817,2.4837474747978154,7.256073065410201,1.1376031121643069,-0.04405319776430486
89.27369332313538,2.50181325717817,7.261463096558376,1.138851213752882,-0.04547224855968576
89.34147000312805,2.5240329437876428,7.2671210985942,1.1418481011577672,-0.04525849276972754
89.43137454986572,2.5506692416142713,7.272539819958358,1.147011027836456,-0.04364888931318685
89.56071066856384,2.5870791521029326,7.2765022189066215,1.148803298271923,-0.04430287315423913
89.6532518863678,2.6278614699641167,7.281513943915594,1.1502738888482267,-0.03917690392968706
89.75036907196045,2.677007759750673,7.287195602955279,1.1520245696033677,-0.03508543250961456
89.84357786178589,2.7293734554921416,7.293559252620406,1.1521450733162522,-0.03263425597374471
89.92986989021301,2.78592358197696,7.2999594612590375,1.1521565651352506,-0.029356436577902986
90.04928183555603,2.8494631638303645,7.306833535898374,1.1538612119539584,-0.027281784602454763
90.14204549789429,2.9131211262718018,7.312148408794287,1.1536657793774288,-0.028140929500333336
90.22919869422913,2.9784101070853666,7.314544909126799,1.1525711778487522,-0.03712947991426035
90.36588048934937,3.045243697587705,7.3089795705332525,1.1508418033908308,-0.046213181832290874
90.44266819953918,3.117399819845854,7.2948909394573676,1.1468257069882577,-0.05978511037461804
90.55821323394775,3.1723326968996997,7.276017625328122,1.1438320054957036,-0.06492724690244331
90.63792634010315,3.225361951614271,7.251651592456866,1.1403172499144907,-0.07141622011583512
90.74950981140137,3.2688819006000664,7.218880764110426,1.1349320851789013,-0.07253820965088105
90.82949662208557,3.3098848310952245,7.175096379067965,1.1296615118139868,-0.07641870685687438
90.95286726951599,3.3453600747854315,7.124948072416032,1.1273702874816764,-0.08342543991159687
91.03036999702454,3.3796409274848327,7.065282150765516,1.1244534330071485,-0.08811145782445558
91.17338919639587,3.408412548508372,6.998310130028968,1.1211685250683088,-0.08782468230086295
91.21956706047058,3.435892847840673,6.926971502012019,1.122310565807792,-0.08888663663979404
91.36804962158203,3.4556923553900014,6.867358016636806,1.1237534421996254,-0.07432306253497124
91.45024085044861,3.4672443875479675,6.814085553723346,1.1269133273153515,-0.05480847805058117
91.57771825790405,3.469223936095564,6.771234711306713,1.1301375776362397,-0.04764657660365989
91.65162754058838,3.4773638603908523,6.740935669914899,1.1321949100371596,-0.053727532381896745
91.75408172607422,3.481089149196266,6.719481202123016,1.1327737173362193,-0.06886913495129018
91.84179401397705,3.4863688462184736,6.7062400866172505,1.1326226745017254,-0.07321359047073422
91.93992471694946,3.4912005980123335,6.695829937791155,1.1327800978563798,-0.08094780718433131
92.05804753303528,3.4948598478095247,6.6889745733665045,1.1311965059626978,-0.07661172045497427
92.12551093101501,3.4973347735580487,6.688215817420938,1.1290209960406994,-0.061805474950445305
92.23380756378174,3.497190828878499,6.690446829372959,1.128287610320953,-0.046073809107316774
92.34167051315308,3.5015291728071873,6.689962238851825,1.126028414756947,-0.036754351824949925
92.42954802513123,3.50453338148132,6.690812730240411,1.1243205461266808,-0.03634877021804987
92.54374408721924,3.5098809963616886,6.68974385239147,1.123541450126867,-0.05145686701754239
92.63060712814331,3.508789942625361,6.691758673877712,1.1226624125701274,-0.06080788462043626
92.72264432907104,3.5056198206981044,6.689167170090071,1.119710979222164,-0.0673187302656555
92.8869993686676,3.5082786210180457,6.6861754046294175,1.1178425454351657,-0.07159921071857722
92.92161774635315,3.5069460281680116,6.686405072668961,1.1160079434473367,-0.06706293591634585
93.03817319869995,3.5071809236479496,6.683038777121674,1.1131497881948307,-0.0598423634015659
93.13053822517395,3.5116628303740938,6.680882894874873,1.1123867229062314,-0.06254849462303384
93.25404953956604,3.513651503908151,6.68047378612392,1.1124497821142467,-0.0665094752714333
93.32629346847534,3.514944989853523,6.680090744281525,1.1122558709725743,-0.06819669820219373
93.49202394485474,3.5202409315318732,6.6790109095369035,1.1119944504157129,-0.0753314554169491
93.51121091842651,3.5214151310601416,6.678453253801418,1.1099475540253443,-0.07760602882465786
93.66089844703674,3.5205304844147496,6.679147091401065,1.107990688568082,-0.0751857102376978
93.73271036148071,3.525267009132816,6.675603422034279,1.106604465870171,-0.07191451150804293
93.85922026634216,3.5314031248141737,6.674832496179739,1.1067342294052016,-0.06603596281943629
93.94665551185608,3.5359004612814493,6.67666712054918,1.1051411790082621,-0.05867897330323698
94.06289649009705,3.537749329627872,6.676673694166774,1.1030482360714269,-0.05128798454647947
94.16806316375732,3.5397056499965998,6.676742682158868,1.1031268052963576,-0.04001190170780058
94.26065468788147,3.542772879873141,6.678091955339666,1.103923523355281,-0.031089233910913793
94.32918906211853,3.5542597818677724,6.673441639736939,1.1051324122000297,-0.021970868851266524
94.42168855667114,3.564028203564729,6.672422694991011,1.1054771811119164,-0.010151117317953881
94.549640417099,3.5714083637225453,6.673477711426823,1.1087108236119647,-0.0007659344406423821
94.66702461242676,3.58033946154807,6.672732627066925,1.1080637414776706,0.007438190776794367
94.74209499359131,3.5937148083838872,6.670047683148101,1.1091361752281996,0.015140616586889404
94.83430218696594,3.600189729793025,6.672353544278801,1.1115968997019559,0.020664691179105018
94.95069932937622,3.607353758947465,6.675436701436525,1.1117829502013046,0.025441028551029424
95.03799867630005,3.614256771248361,6.6772730938520874,1.1120369190218278,0.0300910861569219
95.13458895683289,3.6241914907432116,6.677642442800933,1.113653930105725,0.03291553054081773
95.28032779693604,3.6287766666648427,6.681061859718961,1.1131636418684123,0.03327112212581844
95.33053588867188,3.629076843582903,6.683116901586035,1.113706532213441,0.03617620391634551
95.447594165802,3.6388194110602097,6.683243624242449,1.1164530328501625,0.03753886021447562
95.52383589744568,3.65124677981189,6.681676384914362,1.1200594570933482,0.04476125758214552
95.63338232040405,3.660944114640264,6.6817659080941985,1.1219227999937484,0.05365316944787366
95.73273062705994,3.672029424202707,6.681190231946736,1.1249376247529825,0.05597667009028732
95.84350919723511,3.674564203162029,6.683678828967877,1.1288392655752284,0.058261106357863426
95.91472220420837,3.68569128621513,6.684715755351192,1.1321644938485536,0.06323612978579571
96.06564784049988,3.6882762545078833,6.68749222877874,1.1338600914775179,0.06845942918332547
96.14971494674683,3.697670012088508,6.6867008023392245,1.1357544006583746,0.07239386825786966
96.23699831962585,3.7109161586868566,6.686576019962763,1.138351858037486,0.07526067761899691
96.36280155181885,3.7230881244663783,6.684278266753757,1.1375000361103815,0.07769845640749573
96.43827843666077,3.73167182238059,6.687714935838915,1.1386813945109437,0.08358539151393658
96.51290845870972,3.736313591707127,6.6892811436061175,1.1399471156034924,0.08610139251364225
96.63101100921631,3.747419282803333,6.690310302778615,1.1405594018829017,0.08474401291348171
96.73425197601318,3.7586253377040904,6.692007684835601,1.1416812573480712,0.07994171370670322
96.84717583656311,3.763710023664442,6.693319005535636,1.1436539023829313,0.07969729474700193
96.93901419639587,3.772764074584808,6.6951731921261715,1.1449711200767256,0.07644410655009248
97.05387115478516,3.779154165947035,6.698556003857975,1.1448395134119427,0.07443408147792502
97.13212060928345,3.788801824865631,6.699812741423498,1.146643799929733,0.07181887077056609
97.22432374954224,3.7940706075326607,6.702403778060196,1.1472577161429482,0.06614184606159552
97.3625967502594,3.8028824334195335,6.704272306670232,1.1475300048666222,0.06286670517660851
97.43075370788574,3.814495557977637,6.705462004159812,1.146036875989815,0.06031403320018889
97.53435945510864,3.818916752127998,6.7075755853708845,1.144364712287228,0.05662862834593403
97.63952016830444,3.8259253449864556,6.709357006251401,1.1427265409496175,0.05662747282618588
97.7409462928772,3.8247042670002385,6.716015953624849,1.1399971614910238,0.06354653993481307
97.84430837631226,3.8260529179115896,6.72214615200057,1.136658638479755,0.06594336139956483
97.93164539337158,3.8186994356958923,6.731414311980205,1.1352471058259792,0.06480335932205987
98.03876852989197,3.8010613937654862,6.744436532860462,1.1331274108735905,0.06682990488873233
98.148033618927,3.7820318657003185,6.760334037219753,1.1302859052646725,0.07165084410015485
98.24242877960205,3.758424100588105,6.777385991579148,1.1300066211313413,0.0753835227925428
98.33092975616455,3.7329732686848995,6.793089103950562,1.1298764394207705,0.06693001212173065
98.43767213821411,3.7097788589532437,6.807006316023421,1.12906375999611,0.05641304738960941
98.57717323303223,3.6816458821335916,6.824963354387731,1.1285155271655547,0.051281532991065054
98.61630392074585,3.657422047712102,6.841210325807648,1.1280513137991566,0.05127797651192051
98.78185677528381,3.6319736416378374,6.855793062171896,1.1257664637993596,0.055697899937877604
98.83193516731262,3.6109573733055846,6.867248028132148,1.1237150877355835,0.05132601713742228
98.935720205307,3.5917349398641556,6.879914495813284,1.1222600218933962,0.04524038222294156
99.04811120033264,3.576321056463873,6.890023130839327,1.12086020339243,0.03827586837427442
99.13804483413696,3.5606292411612195,6.89645687230085,1.1194335687844295,0.03339680301728818
99.25928497314453,3.5426789566059704,6.905942392368905,1.1167951514787826,0.022560674272908872
99.34761619567871,3.529724198244627,6.912874551440406,1.1149408402077579,0.015890579147609787
99.44270634651184,3.519848886393698,6.917799724347904,1.1129767490370848,0.0074694325224173895
99.57380056381226,3.5228613786392744,6.913471584120162,1.111900609195003,-0.0004504633710718921
99.65378475189209,3.5179168191593666,6.908036170532922,1.1121287323631854,-0.00802070516055069
99.72052025794983,3.5237189050487663,6.893244405369638,1.1118980223833776,-0.014869368254883554
99.84335589408875,3.5291828303545856,6.8728866771503725,1.1105805991198072,-0.01891023354377763
99.94487810134888,3.5327646463285785,6.846188979458431,1.108706689147601,-0.01655648737174208
100.02088356018066,3.538309820716036,6.812701755929521,1.1085967998185309,-0.017879249765048823
100.15975570678711,3.5441550516255202,6.771116168141622,1.109037843942877,-0.01632457275455898
100.25097870826721,3.550650988844602,6.725540268379766,1.111491347106558,-0.013749525474306573
100.34641075134277,3.558198713214486,6.690631436996019,1.1110796205987556,-0.0008663822897849125
100.45393228530884,3.5620628968488317,6.658938022177598,1.1155250077604455,0.012719748337960442
100.5498263835907,3.566946866488741,6.632401002273152,1.1189140921460399,0.02095774337139975
100.6349709033966,3.5645165423178344,6.619987002234573,1.1231913808463894,0.01625861832095383
100.73572397232056,3.571163846285789,6.614074991351897,1.125493347634019,-0.001449298261513677
100.82756400108337,3.574956458256449,6.6147060299126075,1.1255325248679215,-0.00854662334007276
100.92855095863342,3.5758204765590507,6.617878549273572,1.1248148207651152,-0.014248765624050174
101.03600025177002,3.573863770044813,6.628485549104355,1.1226074109850803,-0.01468517064894542
101.17768216133118,3.572368409019588,6.63824355220298,1.1197558144058486,-0.005017092525861246
101.22165083885193,3.5732876337111352,6.646402119825259,1.1191770186688332,0.005532194554419079
101.32502698898315,3.56893294579864,6.656193926111158,1.1195347358758656,0.010914302563335278
101.42280149459839,3.5705639134219123,6.661616344400321,1.120513911354603,0.009421653622055373
101.53126454353333,3.574210241231188,6.665858249185389,1.1197283459786933,0.0016128284211256786
101.62082552909851,3.575045852655492,6.66685483452716,1.1208153679636157,-0.006785010271503773
101.72308731079102,3.5781812832686994,6.668056171487136,1.1188839540199367,-0.017615620385393452
101.82541847229004,3.5790755322318386,6.666173703834304,1.1160001726682196,-0.02209791146282625
101.94408655166626,3.5753414538956036,6.661658933525914,1.1129965315491053,-0.026188147814319926
102.03138971328735,3.5745959535692227,6.658297007025312,1.1105353087442804,-0.03142423997124776
102.1485185623169,3.572803346576741,6.650743202611173,1.1077565047629967,-0.03473218420049488
102.24204015731812,3.5766794202445493,6.641781792465962,1.1028368029210316,-0.0327722808214189
102.32853126525879,3.58134949820116,6.627399505990151,1.1008117061144045,-0.03344498863543012
102.42867088317871,3.5870807941100322,6.613376845192842,1.0984285237895235,-0.030146322835563972
102.55062103271484,3.590710621422958,6.599023132506693,1.095928372429328,-0.023093488709881795
102.6431815624237,3.5921111214407517,6.582978071266312,1.0965791767085906,-0.024161313159024343
102.72080612182617,3.596532596582757,6.564541600331707,1.0963441264447171,-0.024382520518220405
102.8214340209961,3.603649020107498,6.544952660082646,1.095817007703489,-0.02143049804572622
102.94660258293152,3.605999229919338,6.52354712295729,1.095087164332307,-0.020366625592492155
103.07750868797302,3.6057865774092015,6.501360757030664,1.0967077021064504,-0.02369907295196319
103.11492967605591,3.61400016589533,6.478671232144779,1.0959499572391571,-0.02801520889285815
103.23740363121033,3.613000219285521,6.458484611858298,1.0956557066198611,-0.026621819925175427
103.34859347343445,3.6183956311650904,6.433088918688783,1.0974990632827406,-0.034739893820860804
103.41766834259033,3.6235762251905057,6.408259748413042,1.0982856488160688,-0.03997952661142714
103.56402373313904,3.6304875773087937,6.379565775649188,1.0974120853053946,-0.04713893917312962
103.67287850379944,3.631810507041003,6.353099102630761,1.0961003833518699,-0.0493965828326894
103.74805045127869,3.6396212419157195,6.320637213503758,1.096725297301632,-0.051780391005593014
103.81034541130066,3.647486931128687,6.288260214010305,1.0958788675186941,-0.05093751647513994
103.96834063529968,3.661863104244055,6.253764645225357,1.095295633909766,-0.04495750340226956
104.06659460067749,3.6643457820247476,6.227601308544602,1.0939107504707277,-0.03624942853818497
104.16208982467651,3.661216431130502,6.200988922176082,1.094048230358141,-0.03343682442082662
104.22707319259644,3.6628358478334953,6.174409707482124,1.094982839051069,-0.029839509881912335
104.32587718963623,3.671461077075446,6.140424676170831,1.0961203924155187,-0.02580907850092938
104.42217588424683,3.6806034011564197,6.109867700329572,1.0985820222506086,-0.020004863692353884
104.60266780853271,3.6773330787085663,6.087272558065971,1.0999534822874502,-0.01202297269975885
104.65570425987244,3.6779542214628433,6.060135027973571,1.1038601545837707,-0.0137842239448429
104.72952556610107,3.681033634229481,6.030765447761709,1.1076201447155753,-0.018116899536189193
104.8335223197937,3.6816034872963086,6.005236587965814,1.1104125371588132,-0.01984237305808348
104.94282412528992,3.6776787691218837,5.9799981382375735,1.1131574460196765,-0.026845947938933717
105.02696347236633,3.687953552943293,5.950629600588143,1.115598221695833,-0.03142459237023828
105.16507744789124,3.689890539132192,5.921929293617604,1.1165097214313369,-0.03227132724464655
105.27755618095398,3.6893248719052845,5.894563268129373,1.1167528540116087,-0.039705122171544434
105.34381532669067,3.6991654421890012,5.866030134190078,1.1168983145804832,-0.043096382438468535
105.42691588401794,3.704581284331458,5.8382091972217225,1.1176173628644175,-0.04205935781142523
105.51847529411316,3.7149080184663115,5.80579749949469,1.1164903216473716,-0.03999112834618685
105.65290760993958,3.717866926820086,5.772703635852675,1.1150136980746237,-0.03325429854596764
105.78018593788147,3.7199542969593247,5.741419405626789,1.1129439374196548,-0.025063716039553124
105.86529469490051,3.7242887285147024,5.709862735281097,1.112118200284856,-0.015594153274855846
105.9308979511261,3.7303180545592176,5.6778263699003775,1.1121931021291915,-0.012197603694947906
106.05246901512146,3.7326388785593956,5.649114537825694,1.1131451532845023,-0.01421042694856926
106.14568328857422,3.7449213403985406,5.615678293292231,1.1138556388174552,-0.011651130846542561
106.27913284301758,3.7590120822901527,5.583699428926982,1.114322191722539,-0.012090526992600846
106.32034206390381,3.7694621006050713,5.553892442943917,1.112833787218973,-0.01080659809996099
106.41893148422241,3.776839662320292,5.53228598705112,1.1106444181310904,-0.01059806719256759
106.53089714050293,3.7950283367797075,5.499602878798398,1.109223047916234,-0.013794708689736881
106.65254735946655,3.8104142590720373,5.471353845357041,1.108450534163014,-0.008597297579415788
106.72507166862488,3.8177478179287787,5.451412896127208,1.1066777812915602,-0.010045137898850176
106.83696484565735,3.8288269172542213,5.424832727682626,1.107086523482978,-0.008755148882489166
106.95788979530334,3.8481029757604905,5.403300305964985,1.1078746902193672,-0.0021420378565441866
107.05566930770874,3.865702306092123,5.380476476953864,1.1091283803366068,0.0033463339781707223
107.1289541721344,3.88286909961592,5.3563479885575225,1.1118105955560316,0.001318486578293741
107.21795439720154,3.9005857354895266,5.332609365561625,1.114539151271508,0.0009395268552180719
107.34566903114319,3.906072327004149,5.317624867785233,1.1174809657382527,0.0031282419214485315
107.42989826202393,3.9222789421099207,5.302626708887801,1.1201314978501309,-0.003509522375970223
107.52462720870972,3.9334031231399735,5.288914981991935,1.1233565102532899,-0.012575831120860175
107.61175918579102,3.940342694252041,5.283893501365396,1.1239110716360186,-0.018499343725349216
107.76327514648438,3.941317810897211,5.269450314753033,1.1228173551569116,-0.023289179346044023
107.85232186317444,3.945878056946073,5.255553338188435,1.1216487737064504,-0.017749721016095774
107.92126107215881,3.9478466326140653,5.245381044035312,1.120017195661659,-0.01603285642273741
108.00856161117554,3.9430817362187915,5.236453951465884,1.1193160702937894,-0.010722951932760643
108.17726492881775,3.9425413288549103,5.226791738443201,1.1194523780552212,-0.0017388858831329983
108.2451159954071,3.9384423588195054,5.219244600433832,1.1196849445392387,0.009296084050129196
108.37381887435913,3.933673747354391,5.21515595516974,1.1230826051375609,0.02007304918175307
108.41995930671692,3.9258670318630666,5.205963625653378,1.1267218991316712,0.025901044610458113
108.5579309463501,3.916837202924091,5.201180120195929,1.1319870001161016,0.028090378284492613
108.6562168598175,3.9100910020136523,5.19440214828554,1.1351113491815465,0.031931046854091545
108.71844816207886,3.901261248901105,5.1914415150176065,1.1376325551461604,0.02708189139944391
108.88206243515015,3.891141294157724,5.18677927850966,1.137708972858663,0.029376754346170486
108.93104219436646,3.885247063775483,5.18295167593379,1.136994708171481,0.032760587140061706
109.05358147621155,3.8805795866078343,5.178753766422352,1.135351607901772,0.041651574755482194
109.15847611427307,3.875901357366088,5.177868761085571,1.134399738797515,0.040024686428803365
109.2534568309784,3.8734400994505522,5.172262831147735,1.1346854587040502,0.02845388366904535
109.3324203491211,3.882286927932434,5.159439753886953,1.1358567815250231,0.025610526871663458
109.42454385757446,3.889492667104236,5.151206303373018,1.1367165408459037,0.01981277009841788
109.57790684700012,3.8947201167357615,5.1412391121204815,1.136419145273005,0.01703069564739742
109.6292941570282,3.9039857799205513,5.133419129850226,1.1360192678664216,0.0046439757777774725
109.7691240310669,3.9115727109299185,5.127001659491345,1.1335672613839842,0.0017757031958710269
109.84012365341187,3.9227755605218517,5.11994627277637,1.1317181431260899,-0.005133552428363064
109.92575240135193,3.93531247883179,5.11407406097719,1.1282196061419143,-0.009685564034709914
110.03907561302185,3.9505102904226166,5.1047719043428685,1.1261468531962755,-0.011213931992613618
110.14976644515991,3.964713691359033,5.095163458826081,1.1242697850837189,-0.01148929820388617
110.24119019508362,3.9785369110107416,5.091552616083525,1.122883118582861,-0.010013679561094639
110.31521987915039,3.9990147410654813,5.081523609003488,1.121563029420472,-0.011046150214527909
110.42196583747864,4.023087179339668,5.072275547525796,1.121862295453749,-0.011163959093515993
110.5274007320404,4.0424913049856785,5.070604589630918,1.120403749533505,-0.020256934410005402
110.62851738929749,4.062564549860171,5.061938287253227,1.1192585489913598,-0.029354646170370292
110.72122025489807,4.085338918545157,5.0561459868734575,1.1183097834780578,-0.03605294345164174
110.83758068084717,4.104165128754411,5.0461739685939815,1.1155317523754433,-0.04397982998343682
110.91442704200745,4.127513585141106,5.0311385684094505,1.1132352780307493,-0.05244422713250522
111.04749178886414,4.146416935566906,5.015697980182444,1.1099135216797462,-0.06235160635088556
111.14099669456482,4.1641850007645544,5.002923224095651,1.1074544692614998,-0.07140207765667408
111.26055455207825,4.182477663046532,4.9807902551654255,1.104575602310182,-0.07493189055170892
111.35004568099976,4.2084189099104865,4.964578590971135,1.1027574894962924,-0.07820640597600913
111.42902445793152,4.219100213357675,4.944856761070715,1.102344001400143,-0.07647584132926016
111.53808999061584,4.231745126329785,4.924047510094387,1.101880673108982,-0.07433257258236449
111.62118864059448,4.245426562725452,4.905146102138307,1.102266495532506,-0.07457205710032867
111.73687553405762,4.251515416748509,4.882487768574955,1.1039004078402814,-0.07583302336211355
111.837819814682,4.263892432348802,4.8552514719571365,1.1054364347278787,-0.07380134183002383
111.96205496788025,4.268291486406176,4.825953299968703,1.1074329906742129,-0.06433251908832169
112.04748797416687,4.275215985759825,4.7967482047297745,1.1083993444672213,-0.05621800180743029
112.12984848022461,4.2804209078135,4.7648709002241025,1.112054132319295,-0.04868276648903915
112.27742862701416,4.285989072078284,4.733474514718987,1.1145621993271635,-0.03518400319261541
112.33506536483765,4.29111980828224,4.701200649521138,1.1174649869939768,-0.029358775521986225
112.45307540893555,4.285253080136934,4.672105189527992,1.1205358450463456,-0.009654844562166498
112.58774018287659,4.286411173782776,4.642984424989092,1.1227177716559635,-0.011699070120414842
112.67717552185059,4.289152599763905,4.609760123241857,1.126274720061158,-0.011388007523769983
112.74142622947693,4.287326238352673,4.575777133253369,1.1270224724492974,-0.0050587037411461335
112.84739518165588,4.283750353850038,4.544176723669344,1.1295363216045717,-0.010696665772510343
112.95526075363159,4.275243079279774,4.5184459753467445,1.1320296048994716,-0.015150260385606762
113.03677797317505,4.271026468189742,4.484411073657065,1.133551464359957,-0.023719011782875415
113.1307942867279,4.258250336840199,4.454769213881155,1.135213530266663,-0.02453912845321549
113.23921847343445,4.250808798619259,4.428044385472336,1.1351328402596075,-0.03815637237449856
113.33550357818604,4.245463013014167,4.391265512633095,1.1358376476383008,-0.04544961937310042
113.41054463386536,4.236050337237097,4.358913762042702,1.1353811593452388,-0.04647205123645445
113.55166888237,4.2277134068697535,4.32580587694187,1.134668609394903,-0.04170194175324268
113.64483308792114,4.210580122249667,4.297931750791981,1.133985565289255,-0.04313480345169841
113.74205565452576,4.1966184751923885,4.265834313736357,1.1352030224858765,-0.045877563523382854
113.83511567115784,4.182686246784436,4.236762158599983,1.136585889579361,-0.04538923844835299
113.92811059951782,4.170079791236896,4.207294057940764,1.1339372664080931,-0.0589829463235534
114.0489411354065,4.15565765648636,4.179029446049161,1.1326122380829642,-0.0699128248041696
114.14227771759033,4.143427182650741,4.149020949183002,1.1306457342367051,-0.0826401188782556
114.22164702415466,4.126743035092093,4.125418308076633,1.1275041979909055,-0.08568581441973523
114.3258867263794,4.110752386701353,4.100704237808244,1.126265554694819,-0.09795589781352627
114.4239194393158,4.093093304814424,4.078699050394257,1.1253893629212528,-0.10360553958023026
114.52415204048157,4.077137185813596,4.0539635898128985,1.124247432465892,-0.10739391810555723
114.68771529197693,4.059149152878931,4.030291263189499,1.1236337663728975,-0.09732943809468071
114.7329695224762,4.038976461295875,4.007747389003641,1.1235362170753116,-0.09258993728031736
114.85772013664246,4.011727972451284,3.98727254775183,1.124875288729342,-0.08517886233390522
114.97094249725342,3.9871528165788095,3.965548993636671,1.124513817285065,-0.08345542022919188
115.04421019554138,3.966519218227037,3.9368617528760637,1.1241314202819115,-0.07782658230124223
115.13699507713318,3.945180062239679,3.9056673299081544,1.1237932598061364,-0.06878403919706913
115.23951530456543,3.920821117024648,3.8760114610585763,1.125251948057631,-0.05564851323704743
115.32129526138306,3.8990846329543647,3.8517189332587836,1.1235413808408294,-0.05062930516632801
115.44567537307739,3.868775760167587,3.828694586633187,1.123709281168118,-0.047107430144593024
115.51880645751953,3.8418324936210966,3.803831475710458,1.123588652572006,-0.04442516417216372
115.64857029914856,3.815230449700739,3.7811106027038197,1.1217963295576212,-0.04113549354325311
115.76587009429932,3.7870496297871417,3.760961241723757,1.118769742871523,-0.04559932899727974
115.85577654838562,3.762360665480671,3.7374922469657084,1.119237959047627,-0.041484596722339125
115.92460536956787,3.7349667269529845,3.7150847995886767,1.1181645338134978,-0.043060764306271176
116.06236839294434,3.7102404935803732,3.6938067537881976,1.1155008111660012,-0.04872200096019626
116.13539099693298,3.6842869019646387,3.6733950812712464,1.1144500034105222,-0.05568555933179536
116.21471858024597,3.6613051301301915,3.6543365949140503,1.1146029070424526,-0.05437375203290372
116.31379389762878,3.6396720774994913,3.634305892290257,1.1120128261081395,-0.0544010636234162
116.42852330207825,3.6194802423773655,3.621831209598523,1.1107538604528533,-0.05367833335141178
116.5560986995697,3.5989660451678933,3.610394426114008,1.1101005017663033,-0.04928380842939307
116.66888427734375,3.5800504256583987,3.602196197371065,1.1113219558609042,-0.042190558451478594
116.73484420776367,3.5654163811620614,3.5986196817785183,1.1126226353932918,-0.04500423001125163
116.82642364501953,3.556418313202792,3.595968123182369,1.1126282268800398,-0.0433612637630443
116.97020649909973,3.550392821105022,3.5928428025389905,1.115348095254994,-0.04186594038074368
117.05562996864319,3.54555647504075,3.592550603059981,1.1131761777803604,-0.03542889974076482
117.14677047729492,3.542674279442696,3.595936094872661,1.113180374511555,-0.03256799878600199
117.23468232154846,3.538456989521131,3.596137094332783,1.1162534244080717,-0.02787099547226267
117.31910109519958,3.539099540682647,3.5988074095990736,1.1180320775137802,-0.024033089186279163
117.44535613059998,3.5331941660480704,3.605366521700434,1.117454179234392,-0.018845947318070117
117.52592897415161,3.525758215090421,3.6069718775755986,1.1200244143911258,-0.019665656950352484
117.65234971046448,3.5298614896311,3.6097183848260452,1.1245607126050947,-0.019242370462079952
117.74639320373535,3.5324504882179664,3.611680594304659,1.1245446747919408,-0.017211196294473947
117.85241746902466,3.5315750439783393,3.6150317085741412,1.1277056071591927,-0.01211198915412049
117.93428540229797,3.537385813862237,3.6133218050041362,1.1343268184957853,-0.0067086510290039454
118.06596374511719,3.539781283581417,3.6148397125833918,1.1367641591269735,0.006569692007513923
118.12611746788025,3.539501667828468,3.6209255793000725,1.1368587979617713,0.019080369821730912
118.22997117042542,3.544991731507977,3.6148964203814633,1.1403432756969107,0.029697616146595936
118.36462926864624,3.551502663739542,3.6108865568383544,1.1427532583057105,0.0352017890353608
118.47382926940918,3.5567538934182243,3.6086372865648957,1.141462281247208,0.03841451535761979
118.54835486412048,3.5625103757425123,3.601108796093723,1.140760770975026,0.0458634298661759
118.61702823638916,3.5731776250723666,3.59234792251398,1.1423631049128726,0.04353191023237653
118.75083899497986,3.584282959378003,3.582170143618187,1.1391065221721097,0.0403096201084953
118.82633519172668,3.5911612619114073,3.572544994075748,1.1342365777583059,0.04279672039682196
118.94406986236572,3.599656694127323,3.557522533121028,1.1318248907032893,0.04180929103014037
119.08801603317261,3.6102219982885577,3.537363904870279,1.1283296848215085,0.03900020341490009
119.15736985206604,3.6155841124800054,3.522740644354284,1.1247396591364103,0.043373484168261554
119.21468329429626,3.6242954017578164,3.5026626579800553,1.1221566028147165,0.045354398939601005
119.30922746658325,3.6316692312822756,3.4816255942766956,1.120042648226263,0.046313444348733114
119.48792147636414,3.6409104876149447,3.4582107779914506,1.1172826161643927,0.049138874736353574
119.54500675201416,3.650548116334993,3.434894904407763,1.1165512371058273,0.04475245200062915
119.63851833343506,3.658179471095185,3.410907942376248,1.1146024524925457,0.0468600183532484
119.72865867614746,3.667251427197117,3.386143588507032,1.1127396829291563,0.04739494428854254
119.82605338096619,3.6703587147124113,3.362990510821908,1.1107903131198678,0.04630195870844372
119.95135855674744,3.677495761517326,3.3363967973853352,1.1115365442395706,0.0501744650329759
120.08588600158691,3.6899767257131435,3.30608449490298,1.110914294876443,0.05276113879284702
120.13427996635437,3.7021254508676353,3.278643749403851,1.1119043684275007,0.05851437769230092
120.24489164352417,3.711724279584161,3.2529435401698517,1.1149641971121476,0.06215345060982042
120.33052182197571,3.7217082886682555,3.226847690734232,1.1156375489499633,0.06619530476773287
120.45616292953491,3.7325028567814753,3.201792717730645,1.1159849035560867,0.06599151876149206
120.54669904708862,3.7483331847279713,3.1727149670792865,1.117939039503335,0.06882875385704869
120.65994262695312,3.7632244594031223,3.141444339207154,1.1190330077250596,0.07250688276421235
120.74508810043335,3.7749937921408443,3.1107269822508243,1.119111901508696,0.07568230800415268
120.8519332408905,3.7890186094547476,3.085957943922606,1.1194935845799088,0.07469807921181384
120.97662210464478,3.805136564004183,3.0590860403701186,1.1205141930503961,0.07607685556801597
121.03516864776611,3.8188810409729723,3.0342174456228466,1.1186445516070591,0.07602765478136791
121.15499067306519,3.8334177103648974,3.010119821465448,1.1178505223955393,0.07194179829173701
121.24175548553467,3.847751198493884,2.9829190851737177,1.1180504905555715,0.07422008372485804
121.31824946403503,3.8619280635148296,2.957440495091305,1.11852296790398,0.08034564865750336
121.45791959762573,3.8802208029432834,2.931937385725738,1.1165131839990419,0.07796103839869412
121.51242804527283,3.8993958872581103,2.9066438958425898,1.116351745839756,0.07371790016656916
121.64298677444458,3.9185572359192897,2.8811711327164504,1.1176828186067713,0.0664363242532697
121.73343253135681,3.935925508422972,2.855891695494431,1.1169125313455939,0.05681979967511926
121.83553075790405,3.95590517093287,2.8253046480445154,1.1155308878744792,0.04819968763854536
121.92853903770447,3.9722925102720854,2.799318170585119,1.1135896982678097,0.04015772294883831
122.04660820960999,3.983094558901378,2.7739486545941836,1.1104090032017246,0.03164165784812457
122.14433646202087,3.9954905022529106,2.749374638826317,1.107413667370048,0.022703283812611223
122.2675564289093,4.002256608340354,2.722628123499268,1.1032216029376853,0.012211019366996671
122.32379984855652,4.01707000113014,2.6934558053076993,1.0995626887340897,0.0064682074633558
122.4370391368866,4.028468792601947,2.6685622252367565,1.0977791838392825,0.008817401798191843
122.52291488647461,4.034994480335729,2.6422526064043734,1.0953812728075887,0.010428883223531003
122.6472601890564,4.04729313687582,2.6117947164061137,1.0946006155907078,0.004933528444143259
122.76088118553162,4.0582032508035955,2.579641453333883,1.0946807909039242,0.007270319035942634
122.81240582466125,4.071305909558487,2.554432141528541,1.0957883677151723,0.009298884645787419
122.90949654579163,4.080710109127191,2.5296129466957615,1.0962735898734857,0.010813018063717825
123.00902986526489,4.093394035759217,2.5026026663272,1.0975315682466844,0.013300634406787769
123.11821055412292,4.102683314765069,2.476972520092226,1.1014525367395784,0.016743849370460584
123.24450325965881,4.116644947192592,2.4513551227724264,1.102277243343592,0.017351039285041826
123.3073902130127,4.1273672389436875,2.42659043655533,1.1038865685475197,0.01736420543751608
123.44796371459961,4.137053238047168,2.401970401202957,1.1066903319659085,0.015781371827464467
123.54399418830872,4.146985318572162,2.3732599090062427,1.110157198933943,0.0102652734310954
123.6508104801178,4.160728828967842,2.339797481801703,1.1116141102160628,0.008604824615889503
123.7277717590332,4.168500390117372,2.313536931918864,1.1131773899578192,-0.0001986165725428378
123.82477235794067,4.177706873844519,2.28057113002203,1.1149322203001606,-0.004002831045043496
123.986079454422,4.185640731600956,2.250211393827344,1.1173508087922295,-0.009811833212675225
124.06713461875916,4.188185386735025,2.2232371140103475,1.1183124398646598,-0.020466033197765337
124.21170949935913,4.190827317118046,2.1945506402165575,1.117355070090308,-0.039254002165235106
124.29796433448792,4.194660406083261,2.164817946427225,1.117577384267242,-0.0559245590105732
124.35421681404114,4.19447933820564,2.1335881544871182,1.1177123879536055,-0.06421294135251965
124.4463062286377,4.1972629242187915,2.0958978814668354,1.1180011085757386,-0.06935056217187573
124.51114869117737,4.197108506913819,2.0637170887775103,1.1205537433372368,-0.07188313664065063
124.65272617340088,4.194777285398239,2.0364271502453257,1.119803613264685,-0.07054651744736698
124.75221848487854,4.1926368423851486,2.009763866715601,1.1224751733235026,-0.07130175206615355
124.8346107006073,4.187620115616144,1.9838763315781676,1.12692773471593,-0.08249186833222075
124.92487907409668,4.18853442469657,1.9573296804475755,1.1278469435679526,-0.08873694560746638
125.02114295959473,4.184718144597024,1.9379511876091926,1.1259588672491883,-0.09353973324002907
125.139333486557,4.181849039869825,1.9149221268984358,1.1248296816288512,-0.10190933362065493
125.22421455383301,4.175794106437685,1.8917129779526842,1.1254197096706922,-0.10094397665575387
125.30386900901794,4.172342189843972,1.8749961668714434,1.123547797529613,-0.10328483379685244
125.43146300315857,4.165603324815226,1.860444695014945,1.1225579968937975,-0.10680988981254468
125.52774405479431,4.159413201852082,1.8447880704907744,1.124164956524831,-0.11841920785152844
125.66018605232239,4.152814244178259,1.8296918113496679,1.1230331069557409,-0.11806423913855013
125.70717740058899,4.149284495616906,1.8157456372519922,1.1223529883362204,-0.11795663030340146
125.84592580795288,4.143560644747016,1.803687874735627,1.1226060486119418,-0.11667639787136748
125.95108246803284,4.139980850992455,1.7905313093006063,1.1210358899396284,-0.11181466921694601
126.01932406425476,4.135024011409009,1.7729240312273369,1.1201846567278877,-0.10384973930265892
126.1450183391571,4.1296521131301125,1.75610884483659,1.118544131961327,-0.09896455443151467
126.25923109054565,4.124163810845426,1.7407609272369424,1.118077615990238,-0.09209437648393232
126.33048129081726,4.1203238747963695,1.7268830030532163,1.1175583891648382,-0.08708819470267956
126.40928149223328,4.115914982651413,1.716982219348464,1.116372999896771,-0.08392170343942028
126.55509614944458,4.114487541769729,1.7077792107313032,1.115300525315109,-0.08342911419225632
126.63654398918152,4.112625376794175,1.6959538673872776,1.1141747818713785,-0.08449084588413541
126.73053026199341,4.106741426939222,1.68714859522777,1.1147859337242698,-0.08631331007427728
126.84930467605591,4.103645653722964,1.6770257796068782,1.1148520805456787,-0.08076245339656862
126.95582985877991,4.102533108411543,1.6691270897159607,1.115494714028797,-0.07271653261087598
127.04603862762451,4.100100932304972,1.6570271629934277,1.1177658753579711,-0.06579966858596288
127.14879751205444,4.096544137107888,1.6460707344412802,1.1183426881431038,-0.057003413512093544
127.25243282318115,4.089196543219093,1.6487775236290017,1.1198423952871417,-0.049129876011348494
127.33254790306091,4.085189372659779,1.6456115151836528,1.1207065712566366,-0.051830768141081146
127.4658191204071,4.081549545142269,1.632402591251901,1.1226558579550567,-0.05371180000472927
127.53897213935852,4.081550661589327,1.6246458776548942,1.1229434303281705,-0.052650121182280435
127.61532545089722,4.08123383994683,1.6178082953559259,1.1241394247686312,-0.05353241333621567
127.74858975410461,4.0825037767673305,1.6118139201315211,1.1254519020187683,-0.05676786723303398
127.81226897239685,4.080260846800801,1.6025984949392673,1.1251118596827632,-0.06120334299756178
127.90432286262512,4.076909188738002,1.596945639028943,1.125671758805979,-0.06510546962398944
128.05824899673462,4.072791959474734,1.5865169956197869,1.1262798594100998,-0.07322015435844859
128.1436047554016,4.067817923826047,1.5787834595672807,1.127060403439983,-0.07074911018044577
128.20461750030518,4.063184873333394,1.5729497475145935,1.1253895935767404,-0.07115363869445183
128.35276770591736,4.060926409512255,1.5649732293189331,1.1253462614862715,-0.07048888595450203
128.4437916278839,4.059857500353337,1.5577456911680068,1.1266635861206855,-0.06992968147870855
128.5406515598297,4.0595614470685675,1.5528729966075117,1.1258814041169494,-0.06664716614956087
128.61196637153625,4.058793978411927,1.5514877256995794,1.1262444069310553,-0.062179328664257905
128.71094512939453,4.060843503935326,1.5439326326867842,1.1263636001454242,-0.05327034934863735
128.85011339187622,4.060521863191612,1.533159578981874,1.1255880753599272,-0.038226916484347506
128.91443848609924,4.059344457310324,1.524532573097924,1.1247107405091228,-0.02559417353726322
129.07340240478516,4.057018030360167,1.5148757647599376,1.1245305587055434,-0.006727441479668107
129.15422654151917,4.056921103941832,1.5078791852098479,1.1232320660843669,0.003011029175678247
129.22536182403564,4.057996634590814,1.496853871701926,1.124111476728798,0.013052704117784296
129.33008003234863,4.056024457689619,1.492436004312763,1.1254605189265285,0.018842295475196145
129.4121596813202,4.054967735271468,1.4866518287155575,1.1266179069970184,0.02001265574058898
129.52402472496033,4.055750670247011,1.4754040055908233,1.1254911531953034,0.018210309433211995
129.6351764202118,4.056896504458274,1.462841253846853,1.1273718264195471,0.015568154975244832
129.70599150657654,4.051287654472183,1.4574848221955479,1.1280297784893438,0.013006302768042302
129.81722784042358,4.052080997194655,1.4497348216121455,1.1282460941956203,0.008039766270494356
129.92449975013733,4.0538931637652995,1.4347380309526567,1.1278342117741469,0.012397633113397073
130.0485918521881,4.056018876299425,1.4254321841390145,1.1293543427953208,0.01784672952802009
130.13137483596802,4.05805633914702,1.4227726966274878,1.1316830772340787,0.01438273347422347
130.23991537094116,4.0594826498805086,1.41342482907521,1.1328506896707784,0.019228040000189284
130.30839467048645,4.060198527893396,1.4052522713886866,1.1373742558868924,0.017014740072480338
130.44119119644165,4.0604100083026236,1.3954200953987699,1.141686986059732,0.015672737395120685
130.508239030838,4.062964074357625,1.388761853585684,1.1419204532963676,0.013301997661312322
130.61659336090088,4.0688309766691475,1.3795324183348583,1.143277977647229,0.011870189161621233
130.74429655075073,4.070165471312799,1.3690205148933337,1.1471685413688781,0.013919446269920567
130.8628249168396,4.070741285816252,1.3606944430447385,1.1466810267299419,0.019486641689648157
130.9045557975769,4.074151308030014,1.352612228291293,1.1455488793074775,0.02652260671351918
131.0252287387848,4.075187902856351,1.3447484430108447,1.145738939372249,0.03457250240760491
131.13058042526245,4.078104886061699,1.3378407899972902,1.1469760482006954,0.03629991739263988
131.2481882572174,4.07987772112277,1.328984895037771,1.146917718980954,0.04527110829148155
131.32083368301392,4.082093502189576,1.3208480234020787,1.1488163420506117,0.059836334501777354
131.45306158065796,4.08294720743357,1.315636895214735,1.1524318854807831,0.0690491025167341
131.52643632888794,4.085258958847239,1.3161544510157475,1.1534836626834593,0.08886660644323921
131.63061594963074,4.091018270033848,1.3344310665331847,1.1576819201065252,0.10523256198260848
131.75040531158447,4.09927654690465,1.3597287025523985,1.1675835827731846,0.1132256178482626
131.8462553024292,4.105785866862521,1.3952805768279026,1.1764494144009985,0.10723833783325941
131.91781878471375,4.114441178589565,1.4439074317829959,1.181159125853234,0.09056393941371566
132.03652596473694,4.120590065445353,1.4937668379685092,1.1790868554225014,0.07318781085450876
132.13919305801392,4.125629019782228,1.5495501540029486,1.1746581617201337,0.056258541434754575
132.2666015625,4.128985853245461,1.602359240819956,1.1689079579354942,0.05111303287671661
132.3242495059967,4.132657970885216,1.653187258630691,1.1632805877867674,0.046362317172356254
132.42687368392944,4.137789186469835,1.6992158578301007,1.1569772539356862,0.04730469782415086
132.5392997264862,4.14102821886111,1.7457636792298135,1.1532231950190077,0.04103318766444614
132.64739751815796,4.141174388443004,1.7916153857077866,1.1487928323201788,0.01846421650398922
132.7221348285675,4.148668193403045,1.8263676797787445,1.144541603093186,-0.0019027828797553536
132.8321976661682,4.15418319244392,1.8548196090242761,1.1401982458592974,-0.017569979967342348
132.95601224899292,4.159707005085701,1.8794588400700825,1.136469851562574,-0.02063846920820285
133.0089247226715,4.161167604847827,1.9015749511197932,1.1318042915539863,-0.025537876289877103
133.1295201778412,4.166597444820808,1.9248384483364194,1.1281964848569623,-0.023492806742389315
133.24143242835999,4.168097878496079,1.9487993856962553,1.125082805483712,-0.020655762638396608
133.3634901046753,4.172829615300981,1.9668885318276736,1.122655853725096,-0.022458325386861107
133.41355991363525,4.178130851928172,1.9872123816049108,1.1212359673326588,-0.02182906523065843
133.54522967338562,4.182858460298542,1.995102779223438,1.1226220767514279,-0.019870862886863887
133.63458228111267,4.185463238227108,2.0049412920245366,1.1233907931744327,-0.01900476144657759
133.73661732673645,4.1871520193431895,2.0079058724377217,1.1221757920995412,-0.014317481464726832
133.82969784736633,4.191953301829236,2.013814808000352,1.1196254533308336,-0.0034584053553960784
133.96305918693542,4.195006877992477,2.0139983406724276,1.117944480727318,0.005176959600785323
134.02989053726196,4.196462243006084,2.005327022410626,1.118302997981419,0.018553070412856587
134.11462473869324,4.198682165725145,1.9928447062886563,1.1198010096558508,0.029783252308001672
134.2384192943573,4.20028665127867,1.978232877062349,1.1230364803909825,0.036176550827718576
134.32628297805786,4.202795312115803,1.9683560321777749,1.1271505259805759,0.0398547196734073
134.45546770095825,4.1978478710055835,1.9546629419995578,1.1315586925683987,0.03510571940429215
134.5135052204132,4.194604575242814,1.9374602232914186,1.135313070435114,0.028418427824611073
134.62529921531677,4.19195842886994,1.9157725558776475,1.1397429794990752,0.02283995807345536
134.78307175636292,4.185031535661098,1.8952253758508324,1.1434676135859811,0.02179939888030347
134.84598851203918,4.178069488567768,1.8659047328395257,1.1463696234614833,0.018073777326621358
134.95217609405518,4.168715403605165,1.843146147205161,1.149340391832823,0.010466321030933206
135.05012845993042,4.158351387117233,1.8159003643379628,1.15216122200011,0.004865842542609912
135.17562222480774,4.143717221920796,1.7832886787492832,1.1543000287108327,0.007931110733839362
135.2333378791809,4.127829078561848,1.7577777050293169,1.1548350885321257,0.0016996712376072876
135.33476209640503,4.1084256419498955,1.7309442557999908,1.1578202499360306,0.005376448498009363
135.41489911079407,4.085467882740683,1.697681883931406,1.1604352627049264,0.0022626408360804534
135.55542087554932,4.0593469241216775,1.6641185565459136,1.1609681792975506,-0.0030902559543772596
135.63925552368164,4.033973778304257,1.6359623411251267,1.1605642917639811,-0.017372098401247968
135.78822946548462,4.00574563414812,1.6022947687254343,1.1605155927449462,-0.035932678861972586
135.8408625125885,3.973177378281414,1.5680983754431774,1.1585971461325828,-0.05086116192522905
135.91308999061584,3.9407266513942267,1.5332209683478921,1.1567052252924699,-0.06351296078800478
136.03716444969177,3.905339290528108,1.498796685184842,1.1538267622634455,-0.07186519388161319
136.12326622009277,3.867311042746092,1.4644229440908723,1.152319721329632,-0.0755083823494449
136.24687933921814,3.8310880988237264,1.4299893347902097,1.1515036126955593,-0.07212283180269392
136.33466029167175,3.794821694857887,1.401669895410021,1.151486276527374,-0.06675764419366652
136.44146943092346,3.7557994925883404,1.3686054245581387,1.152009395737267,-0.05883520757104058
136.58088970184326,3.7181469022934337,1.337758169869952,1.1546175905609142,-0.04523955233080202
136.64013075828552,3.685728098602229,1.3074077163615032,1.1573992302731264,-0.0385027010442969
136.73627638816833,3.6510794916443494,1.2802894805693286,1.158829837955658,-0.029056601713864625
136.84084558486938,3.6175242527310596,1.2571363816075887,1.1628363949889342,-0.021243627499655603
136.9656002521515,3.5848154397271332,1.2327747614485896,1.1659938612300647,-0.012580695358274383
137.0476531982422,3.5576822277972378,1.2127674685664807,1.1693261269392612,-0.00163942832072084
137.15359616279602,3.528799112678344,1.1965706358797914,1.1737420650758574,0.008781263242183758
137.23262524604797,3.5019234805651283,1.183360898065375,1.1759448380019422,0.010021357584066578
137.34354305267334,3.4800636375613667,1.170360704288901,1.1756060454864463,0.009618386228496284
137.4330403804779,3.4582687349500434,1.163807938590646,1.1753429905430988,0.009308379204429312
137.51342177391052,3.4401260515773324,1.1618011672997932,1.1755839970291908,0.007933497136111165
137.6821904182434,3.4253405092054985,1.1578012602555017,1.1761123035383907,0.005830616206900277
137.73359751701355,3.41308576365644,1.1599567951101768,1.1775254225295564,0.0022741856500646173
137.83198070526123,3.398819189572723,1.1612859774988071,1.1785477751758038,-0.0022892681485709413
137.95481252670288,3.3879067315340685,1.161144971394686,1.1795326198274907,-0.012863315311680546
138.04356384277344,3.3788412439751014,1.1597443622011132,1.1810933356684643,-0.02201582599241729
138.12887716293335,3.370772401310805,1.1523767028199745,1.181594393491119,-0.030140171179089
138.24040603637695,3.362397628694719,1.1437754107015812,1.1822621122118184,-0.033111362967003156
138.33640432357788,3.3589330373710387,1.1266026600075882,1.1808674940555803,-0.032249470539003816
138.42489051818848,3.3561386116600502,1.1043318625122005,1.1803910204655867,-0.02768884760383916
138.52770566940308,3.3522588282355295,1.0702709400821429,1.1782730273273423,-0.021386985770081916
138.64631867408752,3.349921062248915,1.0310646585008583,1.178156569982743,-0.015143487418618113
138.7450988292694,3.353220455237289,0.9894104768972859,1.1766425535441019,-0.012022075032815289
138.85243892669678,3.3552394774543726,0.938600294374728,1.1747448281246782,-0.013047435153640674
138.95770645141602,3.358853340816052,0.8811504895974288,1.1731262672352494,-0.012116700449834344
139.03237295150757,3.365496323947466,0.8185183004890005,1.1704842474058947,-0.009916383183647865
139.1430549621582,3.374193088163058,0.7521604414516408,1.1700926397872093,-0.004073916878872586
139.24771738052368,3.3863166581571904,0.685612041488789,1.1683129730221002,0.005032065304018814
139.33784675598145,3.397819740237098,0.6200160348400027,1.1655775399894823,0.012911039782996457
139.44976210594177,3.4097756081269255,0.5569199787406068,1.1629422094723914,0.024699173686573747
139.54529476165771,3.420558155993796,0.49224597522940594,1.158866028977289,0.03530647956322906
139.62972140312195,3.4292874600692063,0.4370109567764576,1.1566274593164718,0.04344969971973699
139.7348608970642,3.438070942834346,0.38703657346061693,1.1564103376250234,0.04561979774787833
139.83936071395874,3.4442479197812483,0.34505674250769236,1.1579926856269196,0.04779605569392019
139.93913865089417,3.452361247774075,0.30602572495292896,1.1588011823013598,0.04604978376933926
140.0478012561798,3.4596743562320067,0.26934720300994897,1.1606904437372925,0.04422799563474279
140.13478708267212,3.469618575598204,0.24115076999949914,1.1627487726737056,0.041249908699018734
140.23437356948853,3.473854868847132,0.21589466415138772,1.163982427566032,0.040121163388970794
140.33116006851196,3.4768197091360293,0.1937054222295654,1.1642010117147552,0.036714404888664426
140.43963289260864,3.479422167545873,0.17485331414032643,1.1635473526709463,0.031239599564788913
140.53712248802185,3.4802049981477245,0.1578453145863615,1.1631237144197295,0.024641837111044656
140.64504194259644,3.479399969849652,0.14289959475541072,1.1609882801001088,0.020386522947016122
140.72790145874023,3.4763845688983688,0.12538276497434542,1.1590108550393288,0.020267504417241573
140.8445019721985,3.472252205410588,0.11037171119742714,1.1570006327524855,0.017598741818835615
140.94312572479248,3.4678405973429522,0.0983713357244601,1.155397088783598,0.011424021676447078
141.04857325553894,3.463210367564563,0.08703933986249054,1.153480659630213,0.005812745970446262
141.15027856826782,3.459085706782143,0.077590923284919,1.1514793676258392,0.000807559666705637
141.2389576435089,3.4529785086554683,0.06500892920025668,1.1500347384383676,-0.003483998704812358
141.38508772850037,3.448046321243165,0.05482198127144522,1.1466217902502238,-0.007623887425456936
141.44203090667725,3.4369098347968206,0.044931499868144396,1.144524051420056,-0.0018419465110671403
141.5134961605072,3.429010326173477,0.033845830294094936,1.141960455888244,-0.002190465393250664
141.64342665672302,3.423955398336876,0.024144114551384946,1.1388445771353302,0.0003892379566115841
141.73511457443237,3.420134154390311,0.01452986245776323,1.1372242358662732,0.006460495818111233
141.81784343719482,3.4261507588405142,0.01052421912544528,1.1352379589215034,0.009629490844460029
141.95304679870605,3.437058599074532,0.005765562162523299,1.1347671413173257,0.015272401493397834
142.04064631462097,3.454425457962109,0.0027977228025350006,1.1347501302361316,0.020922971568541917
142.1260552406311,3.4799880435521984,0.0010683652315039047,1.1348281688212716,0.025082109353577922
142.25763821601868,3.512361970184352,-0.0043973171361093,1.1351865729376838,0.02776610541943398
142.3490114212036,3.5527600503445,-0.005059490029398961,1.135403053815221,0.03055495576051644
142.433758020401,3.596424579070314,-0.0025450063717616426,1.1352000337777906,0.031109961115174528
142.53302645683289,3.645765938500524,0.0004581412434342119,1.1338242382428783,0.02834104742349951
142.6866910457611,3.7029319457796275,0.0035708954548138386,1.1342081172379364,0.023503214176515193
142.7380268573761,3.7634144970148067,0.013031599825286618,1.1349832992658646,0.0143507876021705
142.83875226974487,3.8283980774771815,0.022400941924458625,1.1338584406343202,0.007979154769140814
142.93940138816833,3.8940922708388532,0.0357651490075603,1.1302373088398527,-0.0008356146929776798
143.0277202129364,3.9595236964354004,0.051629385083832025,1.1238303178361781,-0.013617052701450971
143.14029717445374,4.021964509075944,0.07395421832473435,1.1198522509416289,-0.027136652407354366
143.23924231529236,4.0778488979256595,0.09920584084226294,1.1144140307091785,-0.03754529306493889
143.3417091369629,4.132078074804685,0.13099968236416626,1.1106591890285178,-0.05862944796578878
143.47386741638184,4.183118458025677,0.17031144661833247,1.1064007620805714,-0.08321988021466091
143.52988076210022,4.234960320413713,0.21817555939402342,1.1021858058943113,-0.10550717874512155
143.67671656608582,4.268197755326643,0.26392095654657627,1.0967017086333724,-0.12047826680938503
143.74233317375183,4.303674556374411,0.32623038980288127,1.0903220070717665,-0.13587689138917813
143.85065984725952,4.3325479944380545,0.3887915775764633,1.0859397217103608,-0.14781377745558055
143.93731427192688,4.3594537779776115,0.45566309072518146,1.0815771506257768,-0.15397475883404219
144.0361921787262,4.3799517985228595,0.5254967079326526,1.0770852433888316,-0.1560276710306059
144.14726758003235,4.398951313100911,0.5981251347790039,1.0744537906969043,-0.15079455420532187
144.25630569458008,4.413223557990311,0.6738024525248136,1.0723170116958132,-0.1340408502116781
144.33388566970825,4.428320084716032,0.7451980502461591,1.0709133210734827,-0.119090609540825
144.4545283317566,4.442490550902822,0.8245810601773693,1.0689235273203679,-0.0949815462436312
144.54092931747437,4.456783904249809,0.9066510626008709,1.0678054958341718,-0.07569485526012552
144.648188829422,4.466483819920992,0.9925407412735939,1.0685668711361438,-0.057107373532705764
144.7535638809204,4.480852302334192,1.0721874945192873,1.068474339672322,-0.03230392677356596
144.83517003059387,4.4946131474001785,1.1583517357670423,1.0714229424628439,-0.017758801444329547
144.94784712791443,4.502120296437947,1.2378419625143662,1.0741960030233186,-0.023154512485910383
145.04307746887207,4.511459358817706,1.3261109990635696,1.0761947112722625,-0.02280123200057462
145.15023040771484,4.520489765252461,1.4105499252653226,1.0780907955485752,-0.012591168347061029
145.2299542427063,4.5321479231818085,1.4962403981893106,1.0805505088855776,-0.006642669003065981
145.31647419929504,4.538099324186825,1.5833875451702817,1.0826243941135234,-0.00854995749050812
145.47318935394287,4.547002566828874,1.667483146714173,1.0845525282626263,-0.020328962355603813
145.5619077682495,4.5581611419397365,1.7521678130786518,1.0857152540580335,-0.009757497611170505
145.65817618370056,4.5695383432726295,1.837316653643528,1.0876427732650336,-0.015589546731495745
145.74029541015625,4.58361324034393,1.9256994469711473,1.0889639274967284,-0.010928038344901345
145.84304070472717,4.594295343826621,2.0188303760890154,1.0938082232218964,-0.0027541452904531133
145.95271229743958,4.610981738895532,2.107573961661075,1.0980201852724005,-0.0018886859019908737
146.04167890548706,4.622771795285974,2.2038561603059397,1.1008353163588445,0.010790789063153028
146.16830921173096,4.63597557959726,2.293141224726068,1.1052538445026496,0.006479366386943907
146.25299763679504,4.655864822399453,2.390286511106323,1.1109590139201189,0.008425273080060941
146.32797718048096,4.669375276269103,2.4877817485542115,1.1130043184579643,0.01822559052008941
146.47674417495728,4.676916341219177,2.5917743631609103,1.115183675114243,0.021114496509684548
146.56312799453735,4.686256839541462,2.693722103867753,1.1175304695571187,0.02130870041902904
146.65378618240356,4.696110809823704,2.7938584804543622,1.1200113797265887,0.012828307439647538
146.75132703781128,4.70188253394806,2.8923824624886403,1.1216940346469064,0.00396527867767813
146.8315713405609,4.70954771391311,2.9923799582595745,1.122817186923478,-0.009352196180514317
146.95501828193665,4.720591261569825,3.09103856021602,1.1260561081181364,-0.02630368316883079
147.04540872573853,4.730204446247297,3.189920382474155,1.1292547776902992,-0.039792969040841425
147.17563915252686,4.735231433195093,3.2964891439866464,1.1283029058497462,-0.049345400481642474
147.25121092796326,4.744761743453036,3.400299828465723,1.127977836023607,-0.05823356236234764
147.3235011100769,4.751481013197509,3.5068468716034733,1.1278677706123528,-0.056067893671167955
147.45012974739075,4.751845655913563,3.6159645221271304,1.1258261773742042,-0.04924539068323098
147.563707113266,4.760534197268172,3.71774368161326,1.1242485062778076,-0.04750810285688913
147.67027163505554,4.764709069873778,3.822348111836521,1.124248821661903,-0.035051196900736936
147.7557566165924,4.771078892910293,3.9040319135624992,1.1315697052608291,-0.03928835397864648
147.8659312725067,4.780940759614942,3.9767762332434127,1.1381158881540894,-0.0454913853678791
147.98367166519165,4.788268305082365,4.043483150866735,1.1415471452016142,-0.054337470440734184
148.0631754398346,4.796702700355628,4.086561737680477,1.1413669398691435,-0.04531474720811084
148.15523147583008,4.803006175505706,4.11068620953875,1.139463827649794,-0.026897648497121222
148.2150993347168,4.810577200657313,4.125360825735983,1.1398253106320104,-0.0032423182407656796
148.3586926460266,4.819508405982927,4.133633069989064,1.1393164268399243,0.008202021736871101
148.42171025276184,4.827765413172067,4.136238477869805,1.1413358363586728,6.347178118299338e-05
148.57057785987854,4.836835283289997,4.134755009467764,1.1417187301265874,-0.022558952974885145
148.64339876174927,4.848798500523238,4.127580006690255,1.1444350302943411,-0.04347335879430164
148.72813749313354,4.858977456095663,4.120344366661163,1.1442709530591422,-0.05956683135535211
148.88358283042908,4.8649122871497985,4.120060109018723,1.1445194765731934,-0.06252606797706411
148.9648516178131,4.872103751220515,4.115752132818153,1.1453193268071002,-0.06373372047608386
149.0517818927765,4.880231978691994,4.112986329153482,1.147011769878432,-0.05529580372963608
149.16909074783325,4.886533132566706,4.113561698745429,1.1469840475277762,-0.05207424362272373
149.27064967155457,4.890010172465562,4.112617892304984,1.1473171798860464,-0.05194041597339457
149.33139753341675,4.893344794269718,4.113987801661034,1.1480460755012358,-0.05907197155192077
149.4500138759613,4.897693867284724,4.1123780576187885,1.1471593421513862,-0.06509580554034683
149.54800415039062,4.895912273921298,4.117472573311201,1.1463898537039892,-0.05973788487306497
149.62443614006042,4.895324449681107,4.11976402956493,1.1452769935131988,-0.05776841491427236
149.7531554698944,4.896525327789783,4.121527418585802,1.1441553369843465,-0.0589318045976651
149.84270024299622,4.896183275951961,4.124766070783559,1.144783025865393,-0.05720972957320568
149.9570872783661,4.893392677212205,4.1284900552687755,1.1431545654404254,-0.05254262406767352
150.02686548233032,4.8870088340566396,4.133883332836302,1.1421451416136807,-0.05587541783873837
150.17494893074036,4.882227725957671,4.139998749602296,1.1418918816501031,-0.06247109040953041
150.30590915679932,4.872170730446195,4.1538368633132965,1.1418106800147554,-0.06401176535821067
150.38756036758423,4.865618172630732,4.165499708362649,1.1409417912450648,-0.07007052245588986
150.4360249042511,4.860799842688473,4.1753466094641265,1.1421959488114062,-0.0726661299530537
150.55187249183655,4.850999444574133,4.190327116761516,1.1425427307482532,-0.07233385535046247
150.64373755455017,4.842561038338555,4.201820459260666,1.1409928966928253,-0.07062990047238706
150.76054048538208,4.832748962876264,4.2121930563749554,1.140349185710432,-0.07408721103214291
150.84372425079346,4.824748239396726,4.227352750211703,1.1386695861521856,-0.07612618111817578
150.95450234413147,4.812364874881824,4.248643021448808,1.1370980542307991,-0.078345268750952
151.05491280555725,4.8047190821717685,4.262419913793518,1.1359550156476756,-0.08642186849893337
151.15169978141785,4.796731421033958,4.281595933699557,1.1354595793474902,-0.09251308218612085
151.26674842834473,4.784599355824826,4.305684620250139,1.1338713450714588,-0.09572100640756749
151.34141564369202,4.7751717979394765,4.320820892742375,1.1324053622206136,-0.10049372209327107
151.47970581054688,4.765780626245098,4.337175730981894,1.1313296874670493,-0.10548991370886912
151.5605103969574,4.753422230347459,4.3595923473571645,1.1300412650212213,-0.09520764908686379
151.61410522460938,4.7423847184936765,4.379371600879551,1.1291209808401717,-0.09239946709968572
151.74304962158203,4.729177189300192,4.4031071801334205,1.127904125945902,-0.08996460267955816
151.88215494155884,4.722903377438182,4.423029714458293,1.1256895547986374,-0.09362551689525826
151.95383620262146,4.710928627372771,4.449243833965255,1.1231006777687926,-0.08035168650339804
152.04349780082703,4.703836458844075,4.467216661321014,1.1230279747980179,-0.07919739277698269
152.1435878276825,4.696760897863071,4.485371635482145,1.122656176684725,-0.07044710825765772
152.27887177467346,4.686187733167534,4.515236478748006,1.1213489547574713,-0.05413424700221712
152.35832929611206,4.676945147906669,4.538567900190095,1.1211019915612896,-0.04988486174366636
152.42961263656616,4.671823933380254,4.559281225292915,1.1211973809912337,-0.04607109248408713
152.546147108078,4.668571755933022,4.585694112339776,1.1216930457192724,-0.04322527824212395
152.64585041999817,4.661885641234721,4.616773101231939,1.1215618616736314,-0.03450328440704293
152.729594707489,4.660877366328323,4.639537483476383,1.1236098244399153,-0.0341580700301322
152.8229684829712,4.6598732380690455,4.664828545586351,1.1249171508431979,-0.026329189349382835
152.94694471359253,4.651853359840939,4.699306907091302,1.12443875341685,-0.018691702700505172
153.0569794178009,4.644964149961069,4.73033463052857,1.1252118128251913,-0.01590419249073412
153.13572716712952,4.640231455807326,4.760650165477728,1.126472302359607,-0.022845572479678142
153.23403143882751,4.637956131519168,4.791540174354846,1.1265416577214633,-0.018152347759987857
153.37377381324768,4.63441345213455,4.823698027818501,1.1246405921188136,-0.01139657573640295
153.45922350883484,4.632002252852773,4.8502759067090855,1.1246319553340314,-0.014782149522531462
153.55551552772522,4.629601386298121,4.873461902004145,1.1247353768552455,-0.019731399368288795
153.66175866127014,4.627943176444344,4.904539692253253,1.1241620530319214,-0.012102619292005734
153.73290395736694,4.624866189772634,4.9300025303009205,1.1252361099738089,-0.0026317957819146295
153.86979269981384,4.617250431430539,4.964304682687101,1.1256197525946343,0.0010170133377429983
153.92404961585999,4.611693131333325,4.998570803291301,1.1262787272059942,0.011734255519293597
154.0145800113678,4.6060579348779855,5.026461210992526,1.1271632709057713,0.017326265004202215
154.1684091091156,4.602175168066038,5.051993843112686,1.1289119900168625,0.017118093785330586
154.26722764968872,4.600054257613628,5.0753044874493956,1.1298897968667212,0.02542493303647999
154.32991647720337,4.591092510065362,5.105530843550753,1.1297896136654897,0.03202499767726122
154.42089080810547,4.583867878003803,5.134247525154415,1.1310190655972383,0.038767553124928154
154.54747486114502,4.5800259413804625,5.1633759253488005,1.1310481216753752,0.03895340277245132
154.62785053253174,4.574812755944322,5.192633703802191,1.1317293406980704,0.04209793112769244
154.75294518470764,4.569112466670347,5.217044310994864,1.1327681841242943,0.04764881994037047
154.81462049484253,4.563477394728408,5.248315415617308,1.1332451741352871,0.046205709041062484
154.93210005760193,4.560502484538632,5.275203475473805,1.1339422476526533,0.045793811090752215
155.03132963180542,4.553390532429662,5.30525295368465,1.1367142478082697,0.04997217630165496
155.17279958724976,4.5435498643153736,5.3330160795180985,1.1381112234779802,0.03978841688885154
155.2509412765503,4.540329740662677,5.365599712032462,1.141249332032992,0.027708159422214825
155.32994318008423,4.541105045523076,5.390459937811151,1.1450673601829613,0.015292280475068991
155.44147038459778,4.540523571502163,5.416796490021043,1.1487452450638116,0.018922188144435827
155.56952905654907,4.532984576701572,5.447127564751428,1.1504274783420325,0.02437008455781415
155.65617895126343,4.526791603996545,5.479328455800503,1.15250053503468,0.025615453259141142
155.77258801460266,4.519502383873901,5.5083665859188855,1.1532815620686403,0.012070156344872981
155.84193873405457,4.514807769885158,5.53940936255441,1.1537064546397469,0.008609056595266585
155.9769823551178,4.512001704018897,5.573342952645882,1.1536793028393093,-0.0005527367941392533
156.03776097297668,4.514722353852139,5.597642126943456,1.152554200112357,-0.0027180301678898845
156.12090516090393,4.517030840343838,5.623253224909188,1.1508412982340683,-0.003985514099358181
156.2473063468933,4.519458903013086,5.6537467230562175,1.1491086948378797,-0.003119386165725359
156.36280512809753,4.520482218048318,5.681937272300781,1.1466847299207563,-0.0028168148135899167
156.45115399360657,4.528839985978971,5.700883166789831,1.144565523342794,-0.004926629898860681
156.58200550079346,4.531870134662247,5.724939776726001,1.1424980343783215,-0.00359031217980207
156.64050793647766,4.533769945199175,5.755236031914114,1.1399869885120417,-0.0001903399709064036
156.72732305526733,4.539587033901958,5.779740473031657,1.1388673652300043,-0.003803770949604057
156.8631889820099,4.548343890175586,5.798968597005548,1.1388065549758197,-0.008516044882908596
156.9174108505249,4.556079955988132,5.821130370009554,1.1390919738701315,-0.011908706216744449
157.04256963729858,4.568153165319293,5.842133610086435,1.1395007868443325,-0.015880913827477566
157.1461968421936,4.579557355875199,5.858318096857007,1.138339148348422,-0.017122630835017753
157.21206164360046,4.5933737858749835,5.87645373373069,1.1382952532876536,-0.018129043836440036
157.3458821773529,4.6057415452436015,5.896149816617294,1.137300880655126,-0.016687085550081984
157.48553657531738,4.62040079804535,5.908486254678258,1.136038962668094,-0.009202335878638463
157.54974603652954,4.630796760978272,5.922778950623871,1.1362745784737902,-0.00671696876671696
157.65224361419678,4.6405520764546075,5.938224183100275,1.1374243035100464,-0.00261835834641796
157.7490165233612,4.649629262797238,5.952814610739785,1.1375984928189329,0.003891172365722399
157.87445855140686,4.661128893949618,5.962122076835887,1.1370339144203825,0.00566210675726077
157.9310817718506,4.66781250528793,5.974129390637155,1.1361335724027382,0.01324965571729363
158.07610821723938,4.67450826709773,5.987993816019753,1.1360615926715099,0.015164666523953195
158.1500632762909,4.678435177810005,5.999929524800369,1.1358989322457238,0.013669646974158045
158.25357842445374,4.686560924987131,6.009042930095186,1.1353039492241068,0.004124183952170335
158.3229787349701,4.690030857344424,6.025779911111928,1.1363765989580834,-0.0025086569351439277
158.44696497917175,4.695926780231029,6.035572502622614,1.1363202121891127,-0.009946340493185442
158.53699564933777,4.701397340873978,6.051468065149164,1.136298889885497,-0.01280322820666772
158.65970253944397,4.699651213854876,6.075519960199452,1.136942014237249,-0.012983607747711422
158.783775806427,4.702756229231722,6.098322130005091,1.136766495481183,-0.015657795743000507
158.83883547782898,4.701732125812037,6.130502231975019,1.1385644594727864,-0.018946691357451466
158.93413615226746,4.704845753983777,6.163083088654664,1.1394781845596298,-0.02451845344519584
159.03274130821228,4.704334174238986,6.203351410948956,1.1393122563329732,-0.023900144788167547
159.13125944137573,4.704159286465648,6.251741726151667,1.13942303245412,-0.023102696887011488
159.24690532684326,4.703027753021865,6.306707155564852,1.1398412246167167,-0.023046439782734563
159.3341007232666,4.699492076107105,6.365173818962568,1.137556725403574,-0.027053097224114853
159.41369771957397,4.701034804981556,6.426612755253373,1.1353354363913155,-0.029810888138227857
159.56881046295166,4.699478701479493,6.493803699857537,1.1347928931247566,-0.03011477209949781
159.6290910243988,4.698639494873205,6.560242901464638,1.1338088802580941,-0.03957719619704184
159.76358366012573,4.699014796358565,6.623057400799918,1.1311914836293382,-0.0508892332120863
159.84658527374268,4.7010466963168245,6.6831502430868035,1.1289299769652186,-0.053777756070927024
159.9228675365448,4.698881270091249,6.746661891952145,1.1275383367015839,-0.05490901305809247
160.07005095481873,4.6968882126995055,6.80923902351791,1.1262079916355467,-0.06046663124474655
160.15575170516968,4.70268264551437,6.857152270500397,1.1229250771688075,-0.06437671503964966
160.26294040679932,4.705884501045269,6.903392419125631,1.1204159345736429,-0.057548213554086416
160.35796403884888,4.711804986672426,6.942640671461529,1.1200879806430442,-0.05779986268070983
160.41500306129456,4.719050806982927,6.975127209035329,1.1179169153560904,-0.05333328636707041
160.52395367622375,4.72460794830534,7.003996836001588,1.1155235093492053,-0.04514968220607225
160.65797019004822,4.728045588022815,7.032679320419088,1.1147192329548758,-0.031844597760219605
160.75751090049744,4.728707819509747,7.0556788700469415,1.1163256832225925,-0.022340111410795505
160.82301902770996,4.733228971943084,7.07292201774845,1.1190585185661894,-0.009753155525777768
160.91903638839722,4.74206847989028,7.0873948481749345,1.1221654446437437,0.0005636599444473452
161.05419898033142,4.74823596427991,7.1037081585044906,1.1255938821453475,0.0032886546404621215
161.15886926651,4.7525679904237785,7.11984325325874,1.1291530959656695,0.005123349370022181
161.2484917640686,4.761409754474695,7.133604609682794,1.1320449373230088,0.0027801958813395587
161.32015752792358,4.766320954719442,7.144607145970039,1.1332882485309956,-0.00011770471454413107
161.44609689712524,4.77277884347622,7.156622560242438,1.1355290624921528,-0.0036624809985181376
161.56322574615479,4.777137550772046,7.168982193554639,1.1366744898435817,-0.0017606734452158491
161.63086867332458,4.786839857867351,7.1734779457376305,1.1362804402295659,-0.0009369678435601773
161.73484134674072,4.7941823403983745,7.181687642401969,1.136713061772975,0.0015712999832396093
161.83403968811035,4.801072589919639,7.192350734051721,1.139174624375225,0.005595786245882682
161.92053866386414,4.810710890671609,7.201341355704678,1.1395823819338256,0.009496710909601937
162.0498993396759,4.825735222703369,7.207574500698324,1.142863290006327,0.005963852289837339
162.15973544120789,4.849215919625035,7.215593042035532,1.145336655430609,0.007254999159906889
162.2528841495514,4.871113134536841,7.225632331234617,1.1474686035098303,0.005301147975751356
162.32929873466492,4.9061191260124275,7.231111444135804,1.148609803591944,-0.004935278351662315
162.4672555923462,4.9474557589444,7.237020225631786,1.148688313386606,-0.006229476454604795
162.54580950737,4.989936619918872,7.244323138060264,1.1482885082053564,-0.012143274449378278
162.65699982643127,5.0396248854996015,7.249724335416849,1.146803078838063,-0.021308265942434818
162.71454882621765,5.098550816256961,7.25121964908958,1.1447119975987032,-0.031229300856311495
162.87451577186584,5.158620907219926,7.256950808256036,1.1434409328079813,-0.03351368451209416
162.9508204460144,5.220137072084615,7.263026018703119,1.142055836750485,-0.04010975913093785
163.05772161483765,5.28550378173881,7.262671235437029,1.140809384173066,-0.04924926256535813
163.15311431884766,5.348247710718195,7.264321050954375,1.140776369723535,-0.059863399925323996
163.25656628608704,5.419229597941878,7.251576268665087,1.1391105845877105,-0.07529790548715741
163.34978127479553,5.482465092021457,7.234530091125004,1.1388044466529201,-0.08187221391459684
163.43718338012695,5.539971747170353,7.215431472512555,1.138821879811094,-0.08330460074894225
163.5602889060974,5.590831999799376,7.188323841472773,1.1371177625411173,-0.0752075141212264
163.6573302745819,5.6401072498680325,7.149436538084833,1.1349301353289223,-0.06715437138194925
163.74175596237183,5.6788457141527156,7.108476271522762,1.1348681646500498,-0.05458455446091485
163.80213856697083,5.720288308551502,7.0569127503573235,1.1348073148185054,-0.04272681302508675
163.9557318687439,5.756892679154499,6.998099287577712,1.1333552618569098,-0.03496871308018393
164.04777693748474,5.786648976634087,6.935417665437861,1.1325063564371967,-0.023479470671469566
164.1310887336731,5.813410648855338,6.866629224309266,1.1313490084273057,-0.018506988356012607
164.23862171173096,5.838889044364513,6.79279397249465,1.1307554722161792,-0.010806503945529285
164.33111882209778,5.862371674874652,6.719003669255585,1.1307293244094463,-0.003247984627587634
164.43916749954224,5.879441758034813,6.641791826102334,1.1301552418649332,0.0003872273441353085
164.55716347694397,5.898276533663598,6.558100283987168,1.1315276511122612,-0.0015573320610755914
164.65176796913147,5.917202352092464,6.470643420789084,1.1320664001070915,-0.004854019907566455
164.73613858222961,5.933560117072568,6.383533290089215,1.1324324835351625,-0.00961377832464175
164.8673779964447,5.948304189247478,6.294568982586184,1.132565573642821,-0.01827095652463385
164.95339632034302,5.965504587037438,6.1971245239353445,1.131220907049132,-0.029470347149841137
165.0654034614563,5.974409933992807,6.10668748918741,1.1306204168440936,-0.029739173866355773
165.16025853157043,5.976123342738863,6.0180657046367205,1.1283615925224126,-0.02753820316289553
165.25504660606384,5.980934756061963,5.924897133764697,1.1262001031735496,-0.03362675447037549
165.36604976654053,5.992550939588378,5.820140199508894,1.1257885223619986,-0.04736738829829444
165.4662730693817,5.995658909179707,5.727401078828754,1.1236265647503,-0.05051658915901763
165.56084489822388,5.999899943323831,5.629239658664629,1.1216807140766636,-0.05955561100707084
165.6494631767273,6.000844589918354,5.53176267444385,1.119865564544916,-0.06573070561001418
165.7310242652893,5.998637361085914,5.433688299942954,1.1167403756086256,-0.06805913843360045
165.82256484031677,5.991634061539744,5.34492485371136,1.1142732144591934,-0.07114164504634655
165.98027682304382,5.989084372664683,5.248337744546516,1.113464256616081,-0.0775380557576839
166.04147338867188,5.99052103546346,5.150234599553868,1.1128067972787028,-0.07819571816932391
166.11474108695984,5.99165448664076,5.050303129240657,1.1123564669831607,-0.07450755006655634
166.27394914627075,5.990352154971111,4.9473788489436235,1.1140459715696114,-0.060144564600718715
166.35446500778198,5.98884876764424,4.849586210970556,1.1156558479438228,-0.041231772319132914
166.46044445037842,5.981782006925296,4.760803295949993,1.1154774403587362,-0.00986320412998708
166.56639099121094,5.975804203328873,4.668270968390913,1.117274956884696,0.01293358153390356
166.639333486557,5.97874434193693,4.570997864690175,1.1214174668264703,0.0349741496740819
166.70721173286438,5.98109423915572,4.474373427035697,1.1270438846874202,0.05708178959919319
166.86795139312744,5.983902327801391,4.384410918290404,1.1350489072306154,0.06662667848671572
166.97350311279297,5.99037904517104,4.289220346627535,1.1417554377198817,0.06857917943101893
167.0519871711731,5.995786101489375,4.199573581776431,1.1483690378779687,0.05702643855481136
167.136860370636,6.0011581350512,4.10045793027431,1.1522604539009793,0.04290977080020008
167.23102593421936,6.005924111124671,4.004486684305167,1.1538647424829802,0.031572716647666435
167.37725234031677,6.011841796602892,3.904684814003058,1.1511570501565265,0.015886706554410813
167.46367359161377,6.013958764396622,3.8041402235542012,1.1497835105297676,0.006197726237129985
167.55571603775024,6.012392915959745,3.6983156935195813,1.149149431435681,-0.008971789746237522
167.6830940246582,6.009156894099508,3.5987238988886157,1.1452739323828887,-0.013435407623872273
167.75100255012512,6.002888511540442,3.499859569461859,1.143020785125572,-0.021720815520240796
167.87522172927856,5.997495293211144,3.3944534593116256,1.142536410105925,-0.03752554345611198
167.93578243255615,5.991339281552966,3.2897328722278196,1.1394995046283258,-0.046171651590768865
168.07257866859436,5.985069289944806,3.183748661046544,1.1356442547258914,-0.050604327962399887
168.15264129638672,5.977235876618265,3.083455779392724,1.133793097629426,-0.054707542826686405
168.21925616264343,5.9682592071698854,2.9877023781588954,1.1321007861116033,-0.05481209774847981
168.3458263874054,5.959500842248841,2.8853383054734056,1.1295873691577298,-0.060268474064370615
168.4589774608612,5.94904085120668,2.781575508183214,1.1282583770518206,-0.05718158814222394
168.53732323646545,5.940127060245893,2.681686460102507,1.125628628072592,-0.05268545763366343
168.65585732460022,5.9304598647610165,2.5846273309383214,1.1225683658192658,-0.0488085177283953
168.748637676239,5.92397226663429,2.4878763926700658,1.122261870175213,-0.04261416803625032
168.8588330745697,5.918817037714984,2.3852198089648895,1.1203415517929398,-0.0398006980748677
168.90806937217712,5.9122398151689,2.284899500701696,1.1208961524451648,-0.03512214372525245
169.0504584312439,5.9089088482409675,2.1847023091680193,1.119895144696961,-0.025642987723783695
169.15245509147644,5.904161127725647,2.099962653723384,1.121034781621903,-0.00987704262970708
169.23068809509277,5.899254911795671,2.0361769182554905,1.1250449714018635,0.017180546420716092
169.3409559726715,5.892673382837613,1.9776581650522584,1.1315750872886416,0.027967046098633958
169.4477288722992,5.88712004738853,1.941903827319644,1.1357351652936851,0.02233631782756582
169.55691385269165,5.88026219428308,1.9183355977714247,1.1370370321019656,0.0037944532747866606
169.6506655216217,5.873692839766101,1.9062126025438386,1.1358710118466324,-0.018654307128641554
169.70202469825745,5.866630689690233,1.9012108001963075,1.135264686118151,-0.03340366686755657
169.86612272262573,5.857867374804789,1.9010680183578792,1.13151633273429,-0.03516232024948179
169.95067811012268,5.847071794584907,1.9065565075579272,1.1277754202851247,-0.01945581915619429
170.05583691596985,5.835095528483415,1.9112813062076925,1.12302788634991,-0.00423864699427044
170.13500952720642,5.824914658460556,1.9265140517159296,1.1198583783981007,0.01617095667457581
170.27213501930237,5.81534379560321,1.936766425281575,1.119299209833001,0.0178339462357939
170.33264541625977,5.804482164394257,1.9475956105704082,1.1182839961659248,0.012941662045777383
170.4408094882965,5.793295853221097,1.9566488076739617,1.1176501548856674,0.0054892717378675375
170.5608446598053,5.787929341357946,1.955456633884336,1.1158945363710444,0.0006446065354859221
170.61846351623535,5.777291450458264,1.9566564569299134,1.1130218757506642,0.006360416890170277
170.78549456596375,5.76624263824182,1.95700536938336,1.110632591822558,0.018430372137476336
170.84405732154846,5.757954736598366,1.9492791639361007,1.1107151888712874,0.025576859632189017
170.9622130393982,5.75143406768544,1.939990156448981,1.110355819053417,0.026832045364912065
171.05174231529236,5.745796690728347,1.9296002636412708,1.1098967745031345,0.02066674723255323
171.16351985931396,5.741717331632773,1.9168339895077942,1.1081983810079448,0.016242224822662504
171.27004027366638,5.736416415621043,1.9032345100793737,1.1101217271870938,0.008330871592776224
171.3435342311859,5.732703669900111,1.8890210271537233,1.1108457365722726,0.0036600935911355074
171.45965957641602,5.73067762622242,1.8762972733469996,1.1116188066529493,-0.002185463499788606
171.54507613182068,5.732181205878791,1.857743142469528,1.1132949048184977,-0.008214354132263185
171.6209831237793,5.736312119017303,1.8370234787209705,1.1134490914057145,-0.014952431812729386
171.76303553581238,5.740829467898646,1.8244329496358693,1.1135807952127448,-0.019011007686232286
171.8640387058258,5.74408986599415,1.8064600517184344,1.1122292724895568,-0.03794250398557052
171.9259171485901,5.748088572844452,1.786041711346031,1.1129039398972547,-0.04732771728324129
172.0617823600769,5.752964104580839,1.7689972236812066,1.1134231906193663,-0.04679994327130456
172.13772630691528,5.757917859766808,1.7531762363169932,1.1127726688702166,-0.05024118872478133
172.25861167907715,5.763525178432878,1.7330446915476745,1.1153289594270968,-0.05294640552524321
172.36993646621704,5.77125713638748,1.710870960123129,1.1151329337280884,-0.04862145018196556
172.44782638549805,5.779552250621968,1.6937745425183746,1.1161022369798819,-0.04991105520063312
172.52007818222046,5.786657396205295,1.673322153792636,1.114726683320871,-0.0561502436708146
172.65253829956055,5.793361943841602,1.6483957905039792,1.114640866656855,-0.0661830938114672
172.70786809921265,5.800783111051991,1.6244886741441265,1.1143858521797025,-0.07090026987180434
172.8768138885498,5.808196168077942,1.6043590026196872,1.1131793924510225,-0.07221521647005692
172.99857425689697,5.816166287939033,1.5770301451641324,1.1128297397883067,-0.08550000828011242
173.09340715408325,5.82446046515561,1.5494570270058372,1.113679799647685,-0.08982800416313985
173.148770570755,5.8318878866707,1.5259563402829501,1.1115370207339756,-0.08750026254829774
173.23631620407104,5.838949435814777,1.495779851879395,1.1095401109817942,-0.08802899608482946
173.3625316619873,5.845691579066725,1.4685955102634685,1.1106267582515,-0.08296011925771753
173.45119857788086,5.853825614378113,1.4414778270166602,1.1123472654797217,-0.0788487083375434
173.56008791923523,5.861587623508813,1.417941432552765,1.1110641267063854,-0.0642251103962018
173.66412591934204,5.869708253316016,1.3921302811524365,1.111955569632578,-0.05393987066273983
173.73621225357056,5.878208486795315,1.3638958062414182,1.115278681914352,-0.04657782677305185
173.86821866035461,5.884285680776834,1.332579018603394,1.115164441792654,-0.04690964215267268
173.95225286483765,5.891646333440644,1.305234905613768,1.111904943701317,-0.03375952837100206
174.02566838264465,5.899071691348526,1.2782517995476244,1.113079843951536,-0.023433227698861907
174.14480185508728,5.905290405449575,1.2484106076611705,1.114906593270566,-0.021848276500887824
174.24325275421143,5.910378642971666,1.2198276508001011,1.1138618558076725,-0.014546569858189104
174.32742547988892,5.917660550823312,1.1892760391989863,1.1118789061791803,-0.011457642265889054
174.44196724891663,5.923897604136269,1.1658703155459533,1.1118802066170095,-0.0014206896549499347
174.60000085830688,5.930102356289753,1.1339628990239572,1.1133079666921144,-0.0018812372464952056
174.65968298912048,5.934827009079238,1.105499366583397,1.114165994109369,0.001252892395974599
174.74004769325256,5.9396380658555055,1.0763141544968662,1.1161295988320714,0.008100729193085545
174.8128411769867,5.945045570893577,1.0484591465079485,1.1158413828187745,0.013507337838361383
174.9615273475647,5.950063375735048,1.0193120263611353,1.118527611938893,0.01332119847268289
175.02617168426514,5.953748621991811,0.9902486857180227,1.1214176468774573,0.010977858711556569
175.12284564971924,5.9607580957524595,0.9639283341658075,1.1239291037878503,0.011260874424031836
175.21534419059753,5.965762063411346,0.9355317588552626,1.1248027913490777,0.009638423058975698
175.3161540031433,5.970056337720674,0.9104040684768708,1.1279925344983361,0.006472203608307963
175.44911241531372,5.975437900940801,0.8870051806342829,1.1294608970122735,0.003409401542513629
175.58495831489563,5.9797789813542925,0.8548230857433509,1.12887604595858,-0.0037555490659714947
175.6522901058197,5.983001118456579,0.8297008276750847,1.1291502565449167,0.004667116233255386
175.7565577030182,5.985949782498214,0.8097023955321802,1.131344170803167,0.011523848010762698
175.8119523525238,5.987612191769164,0.780929932798519,1.13363793913875,0.012896528234320243
175.91046118736267,5.987306710144867,0.7505935023116163,1.1348548567101675,0.021776161331659792
176.0638325214386,5.986647623230521,0.7243102635761577,1.1345184374651849,0.02995536957792686
176.11360025405884,5.987666105721895,0.6978173927254333,1.1337602417742896,0.03195883971154698
176.25647902488708,5.986707009482925,0.6735930319735148,1.1324044324597666,0.0320797302721417
176.3409698009491,5.985776826575034,0.6415254882584099,1.1314840290903199,0.029367885672361205
176.45848202705383,5.985155440760564,0.6164589852534426,1.1318474958343447,0.025474763828380834
176.56525206565857,5.982597294346354,0.5862186634244211,1.132067943476334,0.00886371902785647
176.64768195152283,5.980120582921174,0.5525194675250046,1.130222348716954,-0.0036891482647068386
176.71479535102844,5.977900582578058,0.5205398084124118,1.1285178871338593,-0.015522894818181605
176.8673038482666,5.976155831501035,0.483596001353211,1.1289324308276747,-0.027926246286844945
176.94419717788696,5.973344158463189,0.4531142316648936,1.1285842007408062,-0.03283406295103016
177.00430059432983,5.9685419955294226,0.42032920755927444,1.128392736379791,-0.03702088526514607
177.1356816291809,5.964637315168933,0.3896357877867699,1.1274745028810398,-0.03745311194315206
177.25486183166504,5.960933150779279,0.3544003061310857,1.127332836474409,-0.039648414420568386
177.33615136146545,5.955250764496149,0.3220380001002547,1.1266092205844307,-0.03922614201322303
177.4374806880951,5.949582896570157,0.29067765944376,1.1266409886178277,-0.03516231963786653
177.55866527557373,5.944295593287834,0.2633946221137007,1.126502855743417,-0.026087728412957506
177.61120128631592,5.93693372540838,0.23169770945194174,1.1253758471082014,-0.016410687998853774
177.76755118370056,5.930682743436017,0.19801901517954337,1.1265776475055227,-0.00714508032742236
177.8461742401123,5.925538517953199,0.1700351142163174,1.1272362210560296,0.0055441575517662335
177.9374213218689,5.920564047086785,0.14501520432414575,1.1280483431771677,0.015108936275777819
178.06148386001587,5.916596092990205,0.12019395304082922,1.1300245014140702,0.01907564571080101
178.11939239501953,5.91238029337953,0.10130364242747704,1.1325012121429952,0.0250311260922902
178.24543404579163,5.907217839156132,0.08285015878136472,1.136749305899045,0.027228756675277726
178.3641848564148,5.903873041386658,0.06362911567271572,1.1382799195697202,0.03252758523989808
178.44585585594177,5.900160910591483,0.04787625651257798,1.1396569756044677,0.03679555753127558
178.5725975036621,5.896285515612023,0.036001773818798696,1.1406648557755505,0.0421599720159481
178.63024234771729,5.893125789099262,0.025652017565034806,1.1400825029556854,0.04411943102126352
178.74414205551147,5.8894608554485774,0.020208735954846516,1.1387941054024047,0.047967231464271044
178.8067352771759,5.885700252794012,0.0144480296350976,1.139975343153647,0.05063293032621458
178.94495177268982,5.882716586420549,0.009688502121333709,1.1410380169541534,0.05322676431058808
179.04419255256653,5.880137738795833,0.004287185873774451,1.1426568043544427,0.04889229745132465
179.15486407279968,5.879915896128569,0.003967549950810242,1.1447587782792712,0.046193111313724694
179.21621084213257,5.882883604728535,0.002867191877787909,1.1457600905834335,0.04295149073958234
179.35050225257874,5.892687712924482,0.006891888766491581,1.1484144155407363,0.03726573636425381
179.44671392440796,5.908339313393704,0.011900340661576152,1.1508842906367969,0.030114385039956792
179.57847809791565,5.929819071468946,0.015984146664922587,1.1524470939657934,0.015865882511546973
179.66543459892273,5.960518073482113,0.01683992842049452,1.1523122087951954,0.0010415798805404617
179.71832251548767,5.997246715979816,0.017276987357487048,1.1519238015764426,-0.010942351263112302
179.85038208961487,6.038561356952794,0.022193317139810473,1.1499651641380697,-0.022555535069978927
179.96792840957642,6.086750392412155,0.029104448858210858,1.1463110640204053,-0.03488000219602178
180.01816749572754,6.1424786943565755,0.04313240649910336,1.1432703020673394,-0.038350034299191635
180.16513442993164,6.20202480347462,0.04982890247613598,1.1403479305439115,-0.04912544689310823
180.25641012191772,6.266459914532848,0.05690023731151344,1.1365914121406764,-0.04805845218187462
180.32879853248596,6.331526821580283,0.06153326343253363,1.1322496831031643,-0.04069633249612513
180.4506494998932,6.401844917702392,0.0680402909361194,1.1307685633917466,-0.030331810831600678
180.55569791793823,6.466949789484986,0.07949487550022155,1.1291171851680497,-0.020703163024214596
180.64263939857483,6.53253015210866,0.09639872751843642,1.1282118005635458,-0.01932097277112787
180.73495411872864,6.591718186871308,0.12122952725337795,1.1252582694343136,-0.014939726176992348
180.8542890548706,6.647160551767134,0.1537689097703907,1.1233895048905005,-0.009655933082752149
180.95123028755188,6.695932901945122,0.19048075333047312,1.1217369957021752,-0.005335513120619028
181.03752779960632,6.7381444075911086,0.229351335394112,1.1211640065568615,0.0010883258193824204
181.16926741600037,6.776666986494371,0.28299744456035497,1.1208654392683564,0.011961756428767538
181.26269674301147,6.811551153415721,0.3332920974560831,1.1202144066529354,0.014210893212746175
181.36976146697998,6.841542062399586,0.3927595392325023,1.1213441962212438,0.019360976122735643
181.44885659217834,6.868798814327215,0.4670147718339245,1.1212780679670007,0.022994184802774566
181.56627941131592,6.891155393798618,0.5321965529305607,1.1221908590181568,0.008786674775952134
181.66408395767212,6.910868255263417,0.5952872188004134,1.1214402190924746,-0.006156376428284349
181.72908473014832,6.926958594390562,0.6648925351365699,1.1222613947483433,-0.011703499032079703
181.8425648212433,6.940834390500914,0.7397827821525845,1.1233924629550756,-0.017147361217153254
181.94147419929504,6.953103625929869,0.8142813689612053,1.122986377991812,-0.020894000960123966
182.0161852836609,6.9634854626071,0.891765698063898,1.1229263812661459,-0.025467026569632317
182.12913846969604,6.975473100370166,0.970347847015703,1.1210662689778186,-0.02529538464057112
182.27017879486084,6.987355122683664,1.0503949596726057,1.1207241772144478,-0.025435678180172668
182.35919404029846,6.998455171623096,1.1159770047916622,1.1208118792342034,-0.03264310537985148
182.42500257492065,7.009862580974556,1.1844219783793861,1.1318663999798684,-0.04159009592453015
182.53342652320862,7.023677259969832,1.2287159789790991,1.134992355951635,-0.06170485786712377
182.6313066482544,7.035903716393767,1.271836434713455,1.1375233764367887,-0.06002069874976528
182.71929669380188,7.04942278631895,1.297785307298771,1.1364800211776334,-0.05610144761287884
182.82541179656982,7.062762040290232,1.312666973260542,1.133662052553331,-0.03997376896076231
182.9454061985016,7.0789921140874865,1.3181213234146805,1.1318503669190285,-0.022083253330889886
183.05250716209412,7.096782192958211,1.3161837148016589,1.1305994265040136,-0.01984703817383024
183.15784668922424,7.114886536149703,1.3145600322187665,1.1323299514494443,-0.029845402167407886
183.24697709083557,7.133971899073638,1.3123349009193264,1.132508027892393,-0.045250230906560246
183.308265209198,7.151162284476458,1.3047375046713316,1.12942811285887,-0.0630750365466915
183.4710955619812,7.167312031919872,1.301245846340291,1.1276212797292753,-0.07030359528563739
183.53578186035156,7.182469655808418,1.3014823836823621,1.1273592634970389,-0.0720609867341031
183.63718843460083,7.196489107359861,1.2956746478471288,1.1221265311188122,-0.0708029910624569
183.714501619339,7.209345797651093,1.2898463969085665,1.1170600252545735,-0.06753136953450242
183.85782742500305,7.2186237640554,1.2885631185948951,1.0920891943836675,-0.07071362032180373
183.94166660308838,7.228288894889461,1.2916158261101478,1.0333899339334365,-0.07771501817413898
184.06344294548035,7.236820332223402,1.2961132227551493,0.9492858621083838,-0.08451249518861899
184.15522241592407,7.244953356245229,1.2930332460917284,0.8591589677429287,-0.09608584241968485
184.21798706054688,7.252244198344129,1.2913986167035838,0.765913277916607,-0.09900787568618666
184.36527132987976,7.256732187145646,1.2903335601605679,0.6830878391092347,-0.09732915569106027
184.46903800964355,7.261033005881395,1.2905618824228473,0.6032564836616774,-0.0891598148422594
184.55663418769836,7.261916271089647,1.2925311968279316,0.5355447264086673,-0.08454165439408719
184.61488246917725,7.262031691212113,1.2892578825770264,0.47418298092622707,-0.08337359998913653
184.70765328407288,7.26038823183031,1.289250630237512,0.4246704717403726,-0.0855524760988088
184.83625411987305,7.2587429890544355,1.2861915813057851,0.38356047318286507,-0.08811014263149623
184.94213962554932,7.257361229094267,1.293834874865925,0.3484658356216525,-0.08509348627374105
185.01090383529663,7.254598351499507,1.2939793143472744,0.31855415309287,-0.08699744473131542
185.1633141040802,7.251446245518131,1.296034875847507,0.2963806948539644,-0.08231160197329233
185.2204556465149,7.248843405104833,1.2986051333254007,0.2774791333416324,-0.07898413162018746
185.34017634391785,7.245876319515857,1.299746479655897,0.26250163588701925,-0.075229871330617
185.42917680740356,7.243042380993606,1.3023119546091795,0.25016557620591967,-0.06756933915368331
185.56273531913757,7.240988137496451,1.3024344355689175,0.2429872196299204,-0.061882774329632954
185.6842646598816,7.237929125669546,1.312169002742271,0.23613673880590194,-0.055926488192691345
185.7530038356781,7.23424230542191,1.3135648560969313,0.23131012268412607,-0.06193992473428323
185.81391072273254,7.230866044013727,1.3135050358354095,0.22591900227619513,-0.06963402324808236
185.95796871185303,7.228973886598277,1.3179067403559503,0.2244831938643252,-0.07831708524000477
186.054838180542,7.227597344159698,1.3188638142098594,0.22269598706195617,-0.08814045939213745
186.13336896896362,7.226162959987258,1.321865961020109,0.22028736762376977,-0.09232554383525346
186.2360942363739,7.225421671357393,1.3230807322201112,0.218295448552547,-0.09305313477774953
186.36097264289856,7.224484784070214,1.3238965310020594,0.21568836250801793,-0.08887863869428106
186.44107508659363,7.222988894603679,1.3252278982931571,0.21385327710491897,-0.07945884028995255
186.5456099510193,7.222824976379264,1.3251528246006452,0.21053330416349367,-0.06437361683822572
186.6403033733368,7.222940023392675,1.3266276410386015,0.20708684918576603,-0.04872195511766957
186.7185459136963,7.224498198846296,1.331776718514813,0.20524662179656392,-0.039165950855417214
186.8492774963379,7.225915843609854,1.3322042354934172,0.1990151951840504,-0.03674666298243589
186.94681763648987,7.228316313685879,1.3333884754019432,0.19571090795572396,-0.03868498734670206
187.03451299667358,7.22944109680228,1.3361834300474298,0.1926960563993732,-0.040487967333381565
187.15788674354553,7.22878882044728,1.3337092139070907,0.18994664804729172,-0.04171501725980128
187.23292541503906,7.228584368333911,1.3337009264749453,0.18722332910594927,-0.037501904536767154
187.34959959983826,7.228333081009913,1.3350839796902652,0.18480504131368733,-0.026013246595456986
187.44577598571777,7.22756673441581,1.3307153750767526,0.18453636734650242,-0.018872839076242553
187.52663707733154,7.2263913858767905,1.330615867957823,0.18179403010932504,-0.00921333360860414
187.62286520004272,7.225538611750491,1.3302058992776484,0.18046332255528422,-0.004204692527918038
187.73468613624573,7.22438549243153,1.3342095647115004,0.18070397029010446,0.0005793096126688726
187.8603322505951,7.223930928889155,1.3320951224045563,0.1790508833694354,0.0007039961889911169
187.93517446517944,7.223459270101515,1.3359165502455055,0.17759267996477482,0.004758997238647816
188.01340985298157,7.2231573931999495,1.33843512976662,0.17591245665179436,0.007449080001716912
188.18076729774475,7.222010588500007,1.3379080351230848,0.17568761742932765,0.009989617076010968
188.24703121185303,7.221266278954759,1.3365988797883837,0.173495548717783,0.011210279310777962
188.34133672714233,7.2199613758575705,1.3371335015244965,0.17128528326813514,0.01681492579955249
188.4543354511261,7.2187083994882055,1.3375500513977394,0.1695045003241995,0.02264721003781475
188.51740956306458,7.21765244450324,1.3408052934780295,0.1672125986727778,0.030662982992255304
188.63090538978577,7.217059104754686,1.34482910647467,0.165726305818801,0.03871947978046144
188.75694131851196,7.218537023126887,1.3455921211588087,0.16623438341110175,0.04184401924195553
188.81545782089233,7.221422680173799,1.3509717334057674,0.16969988578988132,0.04159079813507762
188.9728400707245,7.223914198673473,1.351176864496746,0.1684339900703378,0.03771358373592338
189.04556703567505,7.22780320693691,1.3570372664714263,0.16767812686191289,0.04067146440808979
189.12827682495117,7.230420646336664,1.3631236884701299,0.16806035343470072,0.04441026787522536
189.2335774898529,7.232778618011049,1.3622256314199115,0.16759076251831867,0.05237363646916837
189.33612322807312,7.2325468439961975,1.3549506894918693,0.2067403753086072,0.05724834499028089
189.43148851394653,7.230280033402008,1.3494139273039296,0.26974808084266083,0.06163047799419423
189.53502702713013,7.226446222955543,1.3413248179431485,0.34527498622128566,0.06890621030077693
189.62539172172546,7.219545159448897,1.3290319271214073,0.42008951547707346,0.08063009686884534
189.7490725517273,7.211150770051595,1.311614527428198,0.4865011163666155,0.09265811283861791
189.82429671287537,7.200108594678702,1.3022952620979955,0.5533287890280278,0.10324325957863117
189.9167606830597,7.187172244492014,1.2924436645157782,0.6126037036009302,0.10308613924011037
190.0547652244568,7.172678240512074,1.2765635253682255,0.6685661399128028,0.09418333188956787
190.14557003974915,7.156078592655226,1.2674633770127488,0.7150398321549175,0.08619709222018429
190.23727822303772,7.143751923691176,1.2526587451730005,0.7578595286311931,0.0683499333742689
190.33102130889893,7.129832612231327,1.241635770474879,0.7953060738358446,0.049773751241894766
190.44562149047852,7.1148201507947855,1.22858093909986,0.8230233832692072,0.03495026681680764
190.55167746543884,7.100670339529918,1.2113852088000516,0.8477070208740524,0.021951061765109765
190.65914034843445,7.084901634122203,1.1991159370886282,0.8695465688761548,0.019501544942475434
190.77212381362915,7.069091771616572,1.1906534175470376,0.8893755397511826,0.02221027918655917
190.84447622299194,7.055797903961901,1.1771146665536574,0.9078537423672953,0.02397907020588142
190.94826769828796,7.042683848878468,1.165254808953174,0.9248524189788586,0.024814202522253893
191.04659581184387,7.030820401592581,1.1559642674767785,0.9379923139811698,0.02020042881078825
191.16938304901123,7.019578814109719,1.1484193705531751,0.951145484549011,0.012705851005378166
191.25815176963806,7.007080870528229,1.1384773443970644,0.963201486216872,0.0024466226441960796
191.32280254364014,6.996693377946992,1.1301442589320134,0.9676399891079899,-0.01011779568469584
191.4255919456482,6.987027406456578,1.1241167731451829,0.9674194665210967,-0.01718747788774157
191.54767894744873,6.977839937213872,1.1275646000112798,0.9649080488736693,-0.020476430110104922
191.63123774528503,6.968988024162238,1.138914184958378,0.9637235893641597,-0.026310565159146752
191.74685788154602,6.960768296447609,1.1582708447598826,0.9623584804799008,-0.03508626137840127
191.84823369979858,6.952506577542252,1.1858710135758281,0.9639250026143662,-0.04521711060150789
191.95714735984802,6.943322070990445,1.221733808636516,0.9656767254454168,-0.05399261525399741
192.04892110824585,6.93480363497758,1.2661829175013595,0.9684270798651163,-0.060277611343508175
192.16004371643066,6.925980273361234,1.31556010331021,0.9740546209066695,-0.06629612343322197
192.2491490840912,6.918415962880192,1.3703733059381051,0.9790273027792868,-0.07340075294057145
192.34609293937683,6.9121438879528085,1.4323916994421926,0.9868612790550088,-0.08147568707804163
192.41638946533203,6.906536664153123,1.4970726447503933,0.9968230303563934,-0.08911360892446431
192.54873967170715,6.903213279333741,1.567424386881186,1.0037578412280832,-0.0925194451777287
192.67626428604126,6.901011426621675,1.6503715924811901,1.0107122926155172,-0.09110793945218691
192.7428011894226,6.901169766591924,1.7320190493302579,1.019768487649436,-0.09680928488194222
192.85607600212097,6.902670409975747,1.8169168551969468,1.0265368317968213,-0.09350687951837455
192.94325137138367,6.906074649023247,1.90380110495863,1.0340196704216769,-0.09189414447728164
193.04348301887512,6.907862347829334,1.9913362214188095,1.0397578999205934,-0.08603886765486728
193.1355504989624,6.911023157002487,2.0810252470003765,1.0467021691246643,-0.07589076558716341
193.26709985733032,6.9151124519457925,2.1656762627332373,1.0569824423878276,-0.06539672305866115
193.3414888381958,6.9219993916251665,2.257031496689003,1.0629952228035404,-0.05366011279119263
193.45218467712402,6.926457924061691,2.3492015556912387,1.0663365509981506,-0.04870434692369465
193.53290629386902,6.931802851697789,2.4457462524853733,1.0727472441725499,-0.04129585586810642
193.6495237350464,6.937557539963909,2.5407248810474177,1.0768312753560236,-0.03307278037161875
193.76346111297607,6.944710475396661,2.633639122018148,1.0816467457015881,-0.028282842581095802
193.82541418075562,6.950823432723366,2.7331401566547533,1.0830416622338095,-0.004677680913855468
193.94941639900208,6.957456068017436,2.8357363393528927,1.084554216080217,0.006530598761682558
194.02992343902588,6.964189312135986,2.9399769213742686,1.0888340440157946,0.025242390872188825
194.10365867614746,6.9707072912624355,3.044660827953565,1.0910602396994409,0.04499985929945205
194.26703476905823,6.980848552889057,3.1228483169835712,1.0995342327795878,0.04727216647758826
194.35003399848938,6.9898549495220585,3.197283566176273,1.1050714469388525,0.04932499824467824
194.4262797832489,6.997047055886764,3.2571414408663526,1.1088950919601135,0.04957404159758665
194.5511758327484,7.006983188567063,3.295962362081938,1.106906211159615,0.05026925921658719
194.64837527275085,7.013923931004695,3.324389652772927,1.1038783938656445,0.06503109594823862
194.76520586013794,7.025386663265333,3.335035854757433,1.1017036095295716,0.07303303963963875
194.83457684516907,7.035281361948716,3.3351126382661307,1.1021665311889965,0.08470186638006211
194.94578099250793,7.046419267423398,3.328970420759782,1.1049037120937515,0.08528102177459129
195.02295398712158,7.064965969342469,3.3056264509321704,1.107910227578814,0.06624994929495906
195.1387243270874,7.084658643349638,3.2779089884921344,1.1118548089827682,0.050679806884114026
195.22800278663635,7.099845871659141,3.260551342641978,1.1111513539659195,0.04120763354610985
195.3185863494873,7.119847507547624,3.236170604252007,1.1116250078705951,0.023924183299946576
195.45793271064758,7.135611588970454,3.215799061477478,1.111430814922797,0.020266015242555148
195.52995896339417,7.1508050683426445,3.1989234139702023,1.110411653825465,0.01642391377640926
195.65079069137573,7.167860637852789,3.1679231626448727,1.1122422120483368,-9.500378542523096e-05
195.73919677734375,7.184681717806325,3.1440097819582324,1.1112367687990066,-0.013352584259673969
195.86688017845154,7.196274086631472,3.126667861043804,1.111653977448221,-0.022911599133586154
195.9288454055786,7.2075668557561094,3.1073932406091944,1.11315852105707,-0.03352760264489058
196.05762124061584,7.218069995229719,3.0888554387030562,1.1120706156929543,-0.04156756986094054
196.1508674621582,7.226413044767155,3.0731569458889627,1.1106350123050646,-0.04642853080454519
196.27498722076416,7.229503197667515,3.068802717319202,1.110936035137188,-0.038895094200514624
196.36250853538513,7.232348066333034,3.0593058507057043,1.1104001570052804,-0.03603454642219865
196.42827081680298,7.234620766013066,3.049688481840539,1.10773188776066,-0.032326426731159624
196.54916501045227,7.234603330625723,3.0438932847372238,1.1066658688965658,-0.023478923465641125
196.65346002578735,7.232239851208892,3.03016136143957,1.1065189871072252,-0.017004963568198844
196.75074791908264,7.230714484945724,3.0211611356856785,1.1053196923093098,-0.006842533871109006
196.80577063560486,7.2265745335480345,3.0103934758854938,1.1027443668088701,0.0013805685024501787
196.91271924972534,7.2196052900573084,2.999630975755927,1.1009681837170489,0.012003509605399016
197.0675768852234,7.211035387054586,2.99556074808277,1.1007094661923156,0.026501604131584835
197.1481854915619,7.203273679760365,2.994735523711255,1.0983730757202705,0.038243152533005226
197.22067499160767,7.193692114257812,2.993045566894039,1.0992593373909354,0.04342382359480933
197.36750674247742,7.183707145499203,2.9977602545812836,1.1002575996772257,0.05299616042760945
197.4448664188385,7.174013947026494,3.0060713863530895,1.1033493412573319,0.050168536798962764
197.56180047988892,7.169576309193456,2.9968017178190705,1.106040517197099,0.03344248605272106
197.64808917045593,7.160999356249621,2.9929904585476197,1.1058855655618323,0.018083133367001306
197.7063705921173,7.154420351782111,2.990250419515039,1.1066662262512212,-0.0019931656125015125
197.84160470962524,7.146523306868562,2.984944419847927,1.1039682402986075,-0.02357414877484004
197.9400954246521,7.136849123418002,2.9782285613333666,1.1020575385203464,-0.049280487923234084
198.01561284065247,7.125045546115255,2.9754149035436503,1.0995723999462699,-0.07180397100711161
198.14113402366638,7.115506399029827,2.9723587242705714,1.0970549494544457,-0.0946940828618216
198.22226095199585,7.107546099499345,2.9715458070977308,1.0955090785875379,-0.11099569214033796
198.31828045845032,7.098829355727458,2.97826067982885,1.0939943418680718,-0.11889891651389745
198.4512255191803,7.092574824627057,2.9847870229119144,1.0942901310216222,-0.12264639861031155
198.5666036605835,7.087863964423561,3.00481207695837,1.0946258566220186,-0.11784211803281887
198.65838074684143,7.085122299566252,3.027449916125572,1.0947271524395292,-0.12269883382371213
198.7243320941925,7.083325167233355,3.060515920413557,1.0928973519108807,-0.12011520197074543
198.83928751945496,7.082424893384594,3.097761141588918,1.0936623991263719,-0.11781370883707729
198.9446496963501,7.0811790896671365,3.138059879448317,1.0939183887579196,-0.11312150641001989
199.03155875205994,7.0800697504142995,3.1902440429853844,1.0927525821938049,-0.09992832192598435
199.15668034553528,7.076988287115293,3.2467919633258884,1.0944607831042708,-0.08420431979288985
199.23631763458252,7.074895767008874,3.306963874890386,1.0981800442811165,-0.0695662329641822
199.3258626461029,7.072877476911486,3.3727994954315337,1.1012511288032993,-0.056707703465793576
199.4760720729828,7.071433939763078,3.4394517737331465,1.1026809772975228,-0.04422979980877255
199.53720426559448,7.071507083611449,3.5125165162229846,1.107053755089651,-0.028376066578043133
199.67286324501038,7.069811556477177,3.5909846184810443,1.1093131751745153,-0.006099206559995025
199.7622799873352,7.066273286275401,3.6758154170568167,1.109811063296397,0.01599113610634385
199.8607406616211,7.064440311599213,3.7597710404346816,1.1103981999303045,0.03180805325437379
199.9506139755249,7.062924142136772,3.8440621281878964,1.1136551829408248,0.04990585674933534
200.02025365829468,7.0608611842724365,3.9353211417139127,1.1161316691529202,0.06570381791399761
200.15171813964844,7.061982897375987,4.016560294287987,1.117396239296708,0.07407763343307269
200.23007082939148,7.060998797725804,4.105751955374334,1.1166417274319076,0.08654918056606216
200.3639976978302,7.060622247995104,4.192341123436008,1.1210118732787129,0.09278107329771193
200.48247838020325,7.0597471771172255,4.284925400157426,1.1198729251288089,0.10354754193290466
200.56653928756714,7.060035774454568,4.38006792654123,1.1204864684889246,0.11117188365083143
200.65395712852478,7.063131481401599,4.462567020851329,1.124964814377607,0.11128958178256208
200.77183437347412,7.06415565671026,4.533569496169712,1.1363020488992257,0.08550257265829558
200.8797459602356,7.0634438847339815,4.59417368544949,1.1441484820294867,0.05336094143522068
200.95807003974915,7.063796633931373,4.6362853188059825,1.1433836076708193,0.02969810299655462
201.05932569503784,7.068165037369689,4.653901196580295,1.137806342186213,0.012880900753263291
201.15028142929077,7.07062375114374,4.659805837488015,1.1347039576909497,0.010458336486784344
201.2261242866516,7.075473164630978,4.653682812361763,1.132519027986408,0.005995884995544422
201.3432240486145,7.078609338757664,4.6481758278564245,1.1296917482616178,-0.006371181557360866
201.42824459075928,7.083626240077631,4.641183723348924,1.1275367283158748,-0.04268986995795604
201.52598237991333,7.091525700135968,4.63658412734952,1.1247529567498604,-0.07506951342328291
201.64951848983765,7.094979320739919,4.637732572554676,1.1224661634309872,-0.0985860811602728
201.7518012523651,7.101694415524636,4.636024538938989,1.1182011359686383,-0.11018409705667793
201.82003593444824,7.104475945753064,4.645676211703197,1.114026770665942,-0.10210609436434952
201.95621180534363,7.1062470472623795,4.652949085252443,1.1121630218355096,-0.09221188485636793
202.04862093925476,7.110152661719061,4.6591647817733755,1.11009415369759,-0.08646892619699077
202.13054060935974,7.117086618956792,4.6598580143701875,1.1088356440136962,-0.09320442087612585
202.23179650306702,7.123535507530153,4.6652128266657265,1.1082930836168745,-0.10495196443264969
202.3288426399231,7.125118335803833,4.675303455168973,1.1101127068126324,-0.11881515092539241
202.4402256011963,7.129510829096491,4.684517863872577,1.1120259704349662,-0.13607017331029178
202.55873155593872,7.13121177674825,4.701879802388979,1.1129175020087176,-0.14053315357509627
202.6297481060028,7.130960004407588,4.7141624158776105,1.1153698404785057,-0.1488998661122653
202.74874567985535,7.132102084742249,4.725408145460105,1.1164722122639503,-0.15031526523980407
202.8561496734619,7.132829365850126,4.734559707049709,1.117539699821222,-0.1539945720459685
202.95848417282104,7.1321007600117605,4.747351856421662,1.1171135710516606,-0.14759569486952895
203.05640745162964,7.135009955193605,4.750076468009529,1.1189538403440866,-0.14970492686580214
203.12674522399902,7.133962383917227,4.753557085939979,1.1183257885518407,-0.14337913916406314
203.27841544151306,7.134052413407159,4.758648953290192,1.1163858870084746,-0.13129232352240516
203.3496057987213,7.134734164506563,4.765211190759085,1.1149028914227603,-0.11586450699126291
203.4193959236145,7.136984965943271,4.767419630636237,1.113398049809567,-0.09214201023716061
203.56098318099976,7.139003145733038,4.770914241277098,1.1109252990286316,-0.06415886651746894
203.65874433517456,7.139633517213206,4.778919898386025,1.1094841092429835,-0.043408815113741776
203.75428915023804,7.139123526925267,4.790067779488188,1.1084622641463584,-0.03845755543948757
203.86694478988647,7.141185966026823,4.795414920424179,1.1082086297027716,-0.04550359993836338
203.9527735710144,7.14464781496113,4.795145983320864,1.1074619561076653,-0.04810674294441327
204.059264421463,7.148356826798627,4.791412155596688,1.108605049121495,-0.05368200321866965
204.1646387577057,7.145419796591125,4.797082457016195,1.1101910574115756,-0.05114316993794956
204.26682305335999,7.142141319531977,4.808751448979083,1.1121874564455398,-0.052394950707487016
204.34715104103088,7.140720688703026,4.8179877721307625,1.1141165012444747,-0.05883572188566571
204.45633006095886,7.142592719502635,4.824044791791747,1.1183418971142767,-0.06998638511139534
204.51639413833618,7.14048603689466,4.837013839858412,1.1209388217525493,-0.0750151054355683
204.6650881767273,7.141432714567992,4.8440372790911495,1.1224229392507206,-0.07325170947266635
204.76107907295227,7.143408739515238,4.842718734863748,1.1263982699673596,-0.07637002312262631
204.9606695175171,7.13999344251606,4.846157367102949,1.1288193991315731,-0.06240708165798257
204.99106669425964,7.134655610362162,4.854984750226522,1.130234098673821,-0.055000723033171536
205.05144572257996,7.126827921657221,4.86819055287718,1.1307135600053457,-0.04890038591558347
205.15011405944824,7.1228411294632235,4.874565390053535,1.1301156836062975,-0.047139969908056786
205.2683436870575,7.122421032590286,4.87721199587717,1.1292813068608085,-0.04355770479130171
205.350163936615,7.118988412091061,4.882749576746721,1.128551751736196,-0.032207371290289756
205.45933866500854,7.114780264642998,4.882844945093204,1.1280070624544194,-0.035257791645784575
205.53009963035583,7.113346617648209,4.8792709786352555,1.1283727135292998,-0.030437428101896355
205.64144778251648,7.11350370125329,4.874777690862792,1.1280364659440636,-0.028221596034625457
205.72831177711487,7.110013128662939,4.879778911449322,1.1280564740741201,-0.015479560026711959
205.85150861740112,7.107981037353253,4.880821852216998,1.130875213048028,-0.010093853315366998
205.9599871635437,7.103594177156628,4.889297332021303,1.1317120057936123,-0.005759947286590162
206.06700730323792,7.103388100178564,4.891018571235488,1.1314456003768347,-0.006084258146198127
206.1165964603424,7.105291248956889,4.895465103180741,1.1320727384668063,-0.0017976555566883753
206.21508502960205,7.106201882094212,4.895084631130761,1.1304503057294215,0.0024888252731932506
206.36484289169312,7.107659973555448,4.887834687170058,1.112221122080186,0.003860871240815242
206.445547580719,7.110593853366174,4.882712716166988,1.0730080914587592,0.005764904982131231
206.56138229370117,7.110838532289345,4.884841678466413,1.0151317245236067,0.009392896041060996
206.65472030639648,7.112746052950891,4.886373144181963,0.9480644065061418,0.012657897268913849
206.73157024383545,7.11763544193494,4.884709605013748,0.8824837985963494,0.02411587046778297
206.83827304840088,7.120962935747701,4.883271072250547,0.8250422637057439,0.039578906920170805
206.96754145622253,7.1253604280379,4.884573163837366,0.7674272808593718,0.054106313763699995
207.05494356155396,7.128592113266929,4.886305421208401,0.7131314767546328,0.06633047974242008
207.16370153427124,7.13315022654311,4.8835398365430684,0.6653726306055343,0.06998434133843366
207.2286250591278,7.138270589283612,4.884234357000597,0.6056084502389423,0.07879537587698726
207.392235994339,7.142253752886758,4.884522755546814,0.5496120496381367,0.0885237538335883
207.4522349834442,7.147414034374478,4.882865353304617,0.4969512880819152,0.09125410840532566
207.5512912273407,7.154100116805304,4.879597848442201,0.44470029259255434,0.0926129350074115
207.63277578353882,7.157700126588901,4.874789731151714,0.3921433892789452,0.09429223058752005
207.76503610610962,7.163916911067988,4.870625443540878,0.3417405845695381,0.09350763794568322
207.81968998908997,7.166519391205084,4.872482580709244,0.28886671876738834,0.09719858632920637
207.95972967147827,7.169753655026183,4.8747800608751195,0.2374202079945005,0.0942080920059123
208.04386925697327,7.1761160952497445,4.871710547557378,0.18633325367149617,0.08688031422763995
208.11413407325745,7.1808384813312,4.872825288361273,0.13745632609106126,0.08798739455367925
208.27321195602417,7.189736869013899,4.8697270656390375,0.09242521299462342,0.10102708861710548
208.36620473861694,7.1994743110535335,4.859408456719972,0.05068277101421042,0.11857495238886553
208.4563102722168,7.207039875691718,4.854082620851263,0.009731154398797473,0.126095719778595
208.52809858322144,7.228261615757962,4.839768692002943,0.012385993354839031,0.1220280002071708
208.67601323127747,7.229776714145763,4.83443966545222,0.02009603526241052,0.1284718492559813
208.7705729007721,7.24339369258602,4.830627161117981,0.013014394468429584,0.10950638885967223
208.86242938041687,7.259149430771103,4.828723791912823,0.0060944794877101915,0.09382393716232719
208.9481213092804,7.26576797135041,4.839785995564733,0.0028357935756355285,0.09374752706015266
209.0325345993042,7.265609171244205,4.850138358266774,0.0029855695136265835,0.0938427121411006
209.1412274837494,7.265459295043863,4.860506872418271,0.004943936386812902,0.09294401797314077
209.2539095878601,7.2668718338938,4.863103352906995,0.005556275378319512,0.09006006231227452
209.3196132183075,7.266487072302438,4.8666989351456245,0.005208618261132041,0.09054289744669165
209.43243956565857,7.264219734044083,4.872419776433336,0.0054661567028793275,0.09018135486737273
209.54685235023499,7.263946127626357,4.873332134445993,0.0054191741824588645,0.0896920928589067
209.67258620262146,7.263759074812755,4.874060246495197,0.006427224104541709,0.08823809094575906
209.73465418815613,7.263511660210663,4.873187797396247,0.00658959164783718,0.0872883254372059
209.865886926651,7.266138691464956,4.867293286077743,0.0056251290609580255,0.08375216233733719
209.95648789405823,7.263619380617278,4.866004080138658,0.00594804919009083,0.0879098668629773
210.04183793067932,7.263039039689251,4.858914895134774,0.005883797616111763,0.08545872436935134
210.16854882240295,7.261154517078828,4.854720286750487,0.005474451099009257,0.08671754617334335
210.2576379776001,7.261777657994939,4.8476476333378296,0.006668970392561098,0.08351613989602785
210.36185932159424,7.263469154324604,4.837723756801945,0.005568765143631255,0.08569027272753275
210.4389271736145,7.262700663862681,4.836217402008041,0.006151319125087181,0.0858660090703813
210.52950048446655,7.26056688778416,4.8321383079890605,0.0058511024662443335,0.08558048384228005
210.6571924686432,7.262319672106453,4.826492923789455,0.007195290768918978,0.08233240214365163
210.76194024085999,7.260989123886398,4.827666460067587,0.006064197829732974,0.0859067754703365
210.8352210521698,7.260154324816957,4.828672973844726,0.006507195835806605,0.085597899938128
210.93385529518127,7.260245673580293,4.82884893962627,0.007035276711433841,0.08542967863172439
211.06647849082947,7.256784133639275,4.8326700342870685,0.006155767313699011,0.08953400492672035
211.12668442726135,7.255996433180903,4.836942332504365,0.0059194832970512,0.0872976057523287
211.25923228263855,7.260703880992176,4.83292746823724,0.006907428754880756,0.08290093727020889
211.34946084022522,7.261959172745255,4.829944721615149,0.007263912943197544,0.08175468102870781
211.48353338241577,7.261118384072598,4.83053806004778,0.006404377322139667,0.08535747236751152
211.5463511943817,7.26156370728861,4.8279859786794885,0.006945803414822947,0.0819614091908335
211.64532208442688,7.260810579288868,4.828001954189085,0.0066769274061083276,0.08324195794489661
211.7568919658661,7.260444347983851,4.826507700520759,0.006956092769397247,0.08567133194547569
211.83992433547974,7.259880733757185,4.827955763846185,0.0069269773500718786,0.08531780396258404
211.93773770332336,7.258345752313322,4.828826101794641,0.007483661170070504,0.08581873319603507
212.05641078948975,7.259196728039096,4.828973955685967,0.007390447541958378,0.08407824491386948
212.14172959327698,7.260663297224605,4.828336549209276,0.006065953953091461,0.0845835333026493
212.26129746437073,7.261506178250508,4.826200856150089,0.0063507994983606954,0.08269040937589264
212.32116317749023,7.261100476792163,4.8231856463021305,0.005259036063058696,0.08195365718986229
212.46363258361816,7.260105040699166,4.829102962237984,0.00590836521678949,0.08542088425911619
212.55816555023193,7.262304924443791,4.8280333789697325,0.006707994241641258,0.08265181415767545
212.67276525497437,7.260537132544492,4.833868646668146,0.007060650329987677,0.08574058047066277
212.75953841209412,7.26222299524246,4.830811730823018,0.006612590294746162,0.08285321501972391
212.86328196525574,7.26234784102091,4.832377368012939,0.005638251024341661,0.08486717443835086
212.95391416549683,7.260716843524866,4.833680383372557,0.006507013805315451,0.08622886441338122
213.03530955314636,7.261470168943948,4.830119650279492,0.0060243863899134475,0.08158953136889428
213.12481117248535,7.259164777205692,4.837314083372358,0.006093269408249329,0.08687180724995114
213.23161792755127,7.260467587905023,4.837378385176517,0.0060895983864473905,0.0841013833235382
213.31771039962769,7.259835356128471,4.838864387247595,0.005962751233579658,0.08347200655485025
213.46479272842407,7.262305133131678,4.833816828854061,0.006790819688227009,0.08043229049565749
213.55898141860962,7.261787955046123,4.832845780984154,0.006177299033352018,0.08410334101216616
213.64118933677673,7.2613926254594325,4.834516228643123,0.006120567076269616,0.08480919521299321
213.7582004070282,7.260126518770158,4.840975441088323,0.0065199937108786,0.08658460486185462
213.81116890907288,7.2588072005904625,4.845961453267903,0.006012672050610277,0.08560285549154285
213.95898580551147,7.261201813865058,4.845024557532621,0.006171761468513281,0.08372337721132161
214.0382261276245,7.261261001943302,4.842232240208805,0.005629921629823109,0.08368526206621603
214.10896515846252,7.26145784563047,4.837489740943603,0.005366405405458513,0.08279683713061277
214.2565655708313,7.262062749382297,4.836581010493181,0.00577817387383488,0.08383640030927428
214.3410346508026,7.2607149516740614,4.838717910275065,0.00669291100269407,0.08491516130866922
214.45064210891724,7.261260655267675,4.8389545780933805,0.0070537313107936145,0.0846400091598371
214.54708242416382,7.2620598113712145,4.839178544835952,0.006837477661506742,0.08339004321420605
214.65901231765747,7.2623307700291315,4.839384353209454,0.007089274278718827,0.0846206995514498
214.77443528175354,7.261308158801186,4.8381183817025795,0.006471409879329517,0.08386115926270013
214.82527923583984,7.260875551397813,4.839500048275592,0.006757839716196209,0.08382407919276781
214.96385216712952,7.260260194982615,4.841869592510341,0.005579902480472804,0.08435590613111463
215.06974816322327,7.260995535933665,4.839179290134874,0.005477718508466512,0.08249202233082775
215.15876269340515,7.264540730563768,4.832289463114065,0.006563093475834628,0.08038432237600109
215.25768280029297,7.264303032960735,4.828761128206598,0.006368803412181329,0.08223375228192717
215.34672594070435,7.262304081457679,4.831288618267429,0.006540941576957815,0.08563844312858099
215.43280029296875,7.259416394139934,4.834177175018311,0.005669499016207608,0.08508528194360916
215.54928708076477,7.2609343937632005,4.83333949915631,0.005709002364901561,0.08144661826653966
215.6423795223236,7.261329450363379,4.837625973534195,0.005174916744396226,0.08584441349885717
215.75190424919128,7.25992721494796,4.838388037234374,0.0057277915759082745,0.08377337176077451
215.8573772907257,7.2616984254650125,4.834535224695442,0.0055821888971614945,0.08214083239885388
215.9198763370514,7.2627318995479255,4.83111791382701,0.0062864962275618165,0.08176238279557849
216.0778739452362,7.261603239921735,4.837740937210242,0.006455556061735443,0.08537369589168281
216.1382246017456,7.26152273977551,4.839618199563312,0.005991483376557735,0.08438486694792967
216.26353192329407,7.263263113594664,4.8374910395447515,0.006232169974181657,0.08111303896225551
216.34148454666138,7.264603822498652,4.836759631802511,0.006940900195673569,0.08171919460049511
216.47948670387268,7.26244313593077,4.841636818927391,0.0060385195025002445,0.08597591737731651
216.55667877197266,7.259622723609998,4.846852499635965,0.006553743839432168,0.08770865901253654
216.64143323898315,7.258718012872961,4.851282467762125,0.0073385274097260735,0.08576134865821274
216.76092290878296,7.261619963649539,4.84377131810885,0.00738189766370025,0.08047100482688319
216.81377291679382,7.2638055807740445,4.842845192266407,0.007363430047438899,0.080620551910786
216.9681212902069,7.266673089611785,4.838048302280495,0.007377600307196463,0.07859081309112005
217.02266597747803,7.2646954627939175,4.8422675098575185,0.0074978622227746365,0.08578874565357945
217.12530088424683,7.261962398512445,4.84606095496347,0.006957030644496593,0.08607804574208372
217.2695107460022,7.2612135147023675,4.84776936732527,0.005809671481359993,0.08382436291647714
217.3034873008728,7.262467237806521,4.846903207299476,0.006779706208119049,0.08374393810900976
217.478928565979,7.263120779449828,4.84310483835771,0.006866874955780887,0.08005250924799236
217.55485010147095,7.264935916625925,4.845646141014046,0.006310981230429811,0.08103096502643253
217.661386013031,7.263589657683568,4.845351168151095,0.006553688741296189,0.08371842756045174
217.7184600830078,7.263724140754689,4.8450241238727445,0.007088006804439392,0.08245210428882849
217.86056303977966,7.262324466954977,4.842064196853186,0.006577252491787611,0.08328893871852132
217.96080803871155,7.263119709821078,4.83734447539922,0.006639838526214325,0.0802653407655328
218.0697660446167,7.2626315189477415,4.838756105087044,0.006490449725372928,0.08480696285426227
218.17002272605896,7.2619537827853105,4.8369665277081575,0.006981393610466265,0.08244822745936016
218.2472629547119,7.261888504668694,4.833420695173203,0.008152757358907345,0.08304751674906963
218.36983919143677,7.262169781317218,4.829660706212609,0.008258189323671894,0.08159638497507996
218.45165705680847,7.2613890556201355,4.834829067452912,0.00835135307166976,0.08507448159113903
218.5402250289917,7.262063931889528,4.834185968031996,0.008055199646518602,0.08233749843068389
218.67409992218018,7.2624383965191734,4.828989995521996,0.007317831916278003,0.08048255539043869
218.7622411251068,7.262141465316804,4.829101008842496,0.007459713714629164,0.08380733070872079
218.82520627975464,7.260597185397693,4.831771725967586,0.007040418747381933,0.08342984936263417
218.94267797470093,7.260410155475156,4.83125162644123,0.006769364705520416,0.08397288247804623
219.05863785743713,7.260600084572819,4.831118701169127,0.006637834545911079,0.08294563542531141
219.16119766235352,7.262264061058586,4.832729465350626,0.0068519098251488076,0.08108830536833592
219.2266845703125,7.262586877368464,4.8275738087467355,0.006563158172718631,0.08088025408146407
219.33874607086182,7.2633317304863425,4.824920465595156,0.006555111756270836,0.08059391177057389
219.4816653728485,7.262861240971358,4.827006150606243,0.006774322741047526,0.08156705016681252
219.56896257400513,7.259253480593181,4.834837366144279,0.00659564627302414,0.08716994348140188
219.66851091384888,7.259488993150007,4.829536495366853,0.0073575939362531834,0.08202464798502887
219.75247859954834,7.262011649448427,4.825022607657776,0.006820229646068192,0.0815775409739265
219.84539341926575,7.262937823888762,4.823085557711412,0.007299096132866207,0.08104777096667595
219.921972990036,7.2629511098507935,4.821568476608729,0.006792858646904521,0.08138890025766139
220.0406346321106,7.26353288757125,4.817102393924102,0.0069505696313553,0.08043511779459596
220.15773797035217,7.263284239036579,4.815429743847827,0.006880054505642494,0.082534355392786
220.27964401245117,7.260165663804127,4.818814012948082,0.007201325605541503,0.08500296115898338
220.35582828521729,7.260563065700213,4.818711723824099,0.006547100772144693,0.08129385602311075
220.45016074180603,7.261924670500594,4.814781931112837,0.006515316866268159,0.08270534066051699
220.54546523094177,7.261622639900815,4.814783170389452,0.007093289347103013,0.08197213023881979
220.64141464233398,7.2614168168684605,4.8131315202513365,0.006933357054792301,0.08189689235233022
220.76885533332825,7.26074699897476,4.812957769024884,0.007128335396000504,0.08290680159901612
220.86366295814514,7.260195397514338,4.819796915989049,0.006309457599920836,0.08498131048610531
220.96473145484924,7.262100239953572,4.819947505156699,0.006670846034646122,0.0808778016683511
221.0347924232483,7.263042527588423,4.8190987003715895,0.006062542842895626,0.08074032270303955
221.15111470222473,7.261692896448983,4.821388708367281,0.0052977718225103165,0.08413074622883085
221.2546157836914,7.261184099379418,4.825648771809642,0.006321408638828497,0.08481477210108965
221.36456513404846,7.2603168018388935,4.828029186885978,0.008083157450703104,0.08135579596797216
221.46903038024902,7.265135089857578,4.817036931652198,0.008208417749159634,0.07700001558581641
221.55036759376526,7.263684664279946,4.819265540278399,0.007482386587173071,0.0832192544951717
221.63971257209778,7.261651822228706,4.819227863363631,0.007556907819615537,0.08183180492509086
221.73197412490845,7.2621136027938515,4.818134906563423,0.007257941472730369,0.08002588421558664
221.8845727443695,7.261232723008793,4.82092095542796,0.006667986255168075,0.08377882844639555
221.94290208816528,7.26215706621434,4.8236175798283165,0.006567181419584956,0.08370552996048423
222.07490062713623,7.261464348418495,4.825600668659525,0.006571342925319889,0.08171708040102255
222.14232754707336,7.260781271603814,4.8239279926471506,0.0067049116068096035,0.08249037093657292
222.21532106399536,7.2622016815141635,4.825365269524588,0.006698610936497529,0.08272985117003119
222.37324595451355,7.26067702039316,4.832676176038997,0.007401891527182621,0.08441708177872662
222.45151901245117,7.2659399484584615,4.824202815240502,0.007569176590388872,0.07666649787065326
222.52461338043213,7.26322540337088,4.829148184114962,0.00627357855625644,0.08514153797079395
222.68227577209473,7.263396991211382,4.830753828848435,0.007910074492711071,0.08248499635560186
222.7428023815155,7.260892134201179,4.832034613499207,0.006698588041651537,0.08353543971861539
222.84161067008972,7.260476236819028,4.834385974714176,0.007688083811630493,0.08354923650775882
222.98417401313782,7.26190349584191,4.83304562462547,0.007679639237536385,0.08048612667909687
223.0630054473877,7.262810179096169,4.835142011110753,0.008104760039090641,0.08262779918866286
223.1637692451477,7.263931301741154,4.830445203722895,0.008660842012016069,0.07983629929671635
223.2502782344818,7.26142754968915,4.832152542672502,0.006811685547536051,0.08403511218341836
223.3660924434662,7.2625845696687374,4.832367602702932,0.007617951010688216,0.08173610591763027
223.45539236068726,7.2617820734075105,4.830455663703839,0.006052164576552086,0.08098953931919219
223.58611702919006,7.259839417621153,4.837334437971673,0.0058865677303580185,0.08514605614383676
223.65578031539917,7.260743073829992,4.838687670185679,0.006088037073614697,0.08060154540295889
223.73953247070312,7.262125493144727,4.837472715400175,0.008030384057189723,0.08080691118234502
223.8432822227478,7.264985815367195,4.832621366621688,0.008616878128434782,0.07928276003998622
223.96151638031006,7.263848163703012,4.832119399118501,0.008281523988283412,0.08431101224880819
224.0543167591095,7.261424814176831,4.835878868879105,0.007285277739599248,0.08542911278775231
224.15338397026062,7.261343897667716,4.837368944885739,0.0069824417810018784,0.08222206623555436
224.26673340797424,7.262596136926545,4.8336522069155174,0.00773127207483086,0.08095946603347054
224.34933423995972,7.263031981576883,4.835668704104101,0.007227968958078214,0.08375611114796698
224.4197850227356,7.260437353606668,4.8377554580786635,0.007160955161661411,0.08319069203729282
224.57460284233093,7.263757500662266,4.834265589163984,0.006734298529189649,0.08010508105459503
224.65858221054077,7.263419241590899,4.833343756240833,0.008091386124315689,0.08156700332474452
224.76495003700256,7.26415259918829,4.836450179243479,0.00881580913433297,0.0837861408909367
224.82341527938843,7.261836860261806,4.839717845617948,0.00888447800711847,0.08368968093412206
224.95699334144592,7.261704332089408,4.84098092070611,0.008151641259791806,0.08329299424455262
225.0410509109497,7.263215702830059,4.840555980848738,0.00797777748570062,0.082369741095573
225.17581701278687,7.261869876709418,4.841673146014101,0.006872539261345029,0.08434840849889902
225.23449039459229,7.260880968296193,4.8438497560741895,0.006640777992105398,0.08428348841326196
225.36884117126465,7.262394441647897,4.84227250388034,0.007738871690879515,0.08090137185082961
225.44727182388306,7.264502466256469,4.838338246130908,0.007509941301109149,0.08029638194952982
225.5351848602295,7.264928573211871,4.836230102455077,0.007722518313819665,0.08074253622356778
225.68682670593262,7.262489518099671,4.829498848368252,0.007465382307266556,0.08278926580678171
225.73099064826965,7.26294562904702,4.8295811581086765,0.007736919361897239,0.08316888922018346
225.8593773841858,7.262886956585924,4.829870858958878,0.007035893453721404,0.08192461669460172
225.94024467468262,7.2622278787438805,4.831692451588759,0.007135298581520748,0.08217365399520048
226.0563724040985,7.26194954053301,4.831046689286197,0.0068314006179630415,0.08311880900931143
226.180983543396,7.261148867036175,4.834087872852789,0.007031300397378439,0.0827790207342338
226.23076915740967,7.261809793529248,4.834323843001267,0.006840032048837277,0.0834694221841532
226.3677589893341,7.2631069576365475,4.8321566473360855,0.007475561484189252,0.08004984869899755
226.46675944328308,7.264616665771847,4.831939030657482,0.0075601009210571985,0.08080401299809187
226.55155324935913,7.264261881722078,4.83169527749931,0.008050337690106147,0.0821938338456874
226.6451861858368,7.263850209056569,4.8329340466245005,0.007157793732734547,0.08120161266517163
226.74406671524048,7.2617759495836225,4.837153568000062,0.007504688631760277,0.08460042243578504
226.7996141910553,7.261121810847416,4.8407502049474,0.007059080517753031,0.084408719577956
226.96236419677734,7.259825835868018,4.8453687141542705,0.006774599897608411,0.08514235600079793
227.0794689655304,7.260580905548369,4.84708675447618,0.007709114830899128,0.08215726581558855
227.16096949577332,7.263809775093856,4.841819514359921,0.007739194381214818,0.078901320149503
227.23280143737793,7.264470755465289,4.845362203925027,0.008275788266295114,0.08196882114150017
227.36106324195862,7.264384679542725,4.842873388142368,0.00817136365772789,0.08069681616990391
227.47053742408752,7.263596147430356,4.84453968700473,0.007593650094695772,0.08231901876170318
227.55840277671814,7.2619784490581685,4.846677653250474,0.007709794568500421,0.08488466170131741
227.6498064994812,7.263449251001491,4.843136657830326,0.0071341267280594575,0.07958307629663514
227.73471546173096,7.2640755600790365,4.8422257928134185,0.006115123665090011,0.08126048426312987
227.8730947971344,7.266150566729297,4.834685949021263,0.007165379868646676,0.07864045220563065
227.94037866592407,7.2625812791975,4.840866655859305,0.0064299516461068275,0.08420911469979986
228.06866979599,7.261590506939632,4.840105115342819,0.007160655224068335,0.0821146659951411
228.1604461669922,7.262809567207129,4.840761766625442,0.007292962394192152,0.08094820266253408
228.23266220092773,7.264059247485763,4.838018014863354,0.006776107476938292,0.08067675854595555
228.35894012451172,7.264332145840421,4.83530985223669,0.006497687864127971,0.07877048422142469
228.42175912857056,7.265572109918362,4.8322907442541645,0.0063705533546351825,0.08048345269331407
228.52653646469116,7.2651137013198035,4.831406667622706,0.006533913650108948,0.08139586516325842
228.61392784118652,7.26378955988853,4.830924027397948,0.006448946364694793,0.08310099122744247
228.77887892723083,7.263077909238058,4.82971516925607,0.006555318489564312,0.08140573951942237
228.8667299747467,7.263670391549232,4.825324021144244,0.007189384004531529,0.07871787798083543
228.96039843559265,7.2624638992787744,4.825366210612089,0.007594177917274464,0.0829626739628179
229.0654890537262,7.260210923927641,4.82340001493219,0.007691121248946254,0.08073771084608497
229.1499752998352,7.259571683177088,4.826614488827897,0.007839611670917138,0.08160969980027963
229.275217294693,7.260173119129417,4.827833281692,0.008146088992045023,0.0826685676529055
229.35152435302734,7.261739072592987,4.823806605412266,0.00843916460288317,0.08047837994916802
229.41567873954773,7.264185840320067,4.819499349537413,0.007631039518174478,0.08017633463589055
229.5821692943573,7.263359039835832,4.821922974972808,0.007772201842830105,0.08235704725281984
229.63565635681152,7.262648232042381,4.820394436529248,0.007026677898684747,0.08156568003264862
229.79192805290222,7.261663950297619,4.816358464382327,0.0075681021494240774,0.08117995556065316
229.87530398368835,7.259700543798917,4.819107636911127,0.007204754832315217,0.08226388945272875
229.92934441566467,7.260184627384247,4.822807798868403,0.007398560889718248,0.08178127177505796
230.04231119155884,7.261100277383895,4.819084516106437,0.007202185078738964,0.07970364683853808
230.16565108299255,7.2624440372081525,4.818913830328965,0.007238328673443953,0.08201622133954385
230.20761275291443,7.262258279066941,4.820281450832885,0.006920529642668428,0.08142520918520003
230.33470487594604,7.262517260613175,4.820383878365262,0.006865193465205149,0.08073374231173723
230.48038840293884,7.264613077564768,4.816676571717577,0.0066881629746712795,0.0801049310641403
230.55771017074585,7.263749638252361,4.816916288945824,0.007442588969593261,0.08132167273469404
230.66323256492615,7.263107299232164,4.82068772407405,0.007509432692902423,0.08235122826174444
230.74905943870544,7.2609186354262665,4.823737683566696,0.006951529403073915,0.08066015740594132
230.825181722641,7.262202447168247,4.818284678752163,0.006897703950478697,0.07947794476803546
230.93599224090576,7.264012654332165,4.820498824352686,0.0071250108337878,0.07942313121711839
231.06351709365845,7.263281064033774,4.823733489818218,0.0073857785881634415,0.08191920159132383
231.14323329925537,7.262504914842698,4.823784001256874,0.007034007107543719,0.08154030379713857
231.23498153686523,7.262974557390733,4.823852271573863,0.006654400414605358,0.08101799958880755
231.33523559570312,7.264363153458017,4.823292248393882,0.00716915371960669,0.08113364789987422
231.48149394989014,7.261916878665837,4.8230286210159266,0.0069757485989048055,0.08236171927444018
231.54950785636902,7.261223302239116,4.826238510627026,0.007321900795361541,0.08216121695554697
231.63262033462524,7.262296044068293,4.827657445409727,0.007271414588988252,0.0809792130388423
231.76520776748657,7.263241743234547,4.827859465205278,0.008081131117297378,0.07862759675259672
231.84610056877136,7.266220494079021,4.821291754904446,0.007447342985135014,0.07808032603721153
231.98411870002747,7.263173914306192,4.826012815165493,0.006797552289090612,0.08469506051210621
232.06620526313782,7.263565017217634,4.82352943396426,0.007152797600065999,0.0803286300262073
232.16565227508545,7.264983218297551,4.818739941267954,0.007808090152642642,0.078072448115505
232.2609486579895,7.2643144389331304,4.817461565175203,0.006286988797440962,0.08229766882247545
232.38005447387695,7.2620853342886,4.820347123562638,0.006823597971072065,0.08441776639254224
232.44146156311035,7.259039933723962,4.824171585869529,0.00623690223537891,0.08354534071207322
232.57672095298767,7.262051641342976,4.817889815305018,0.006732033620605487,0.07879179989681802
232.6656653881073,7.262387127059767,4.819680308785571,0.006686787685977412,0.08284611913564668
232.7675952911377,7.262833446493349,4.817976399618062,0.006866557882126296,0.08072821157641054
232.84260821342468,7.265380438644894,4.815292513398485,0.006317179179366857,0.07874501799674205
232.93368864059448,7.260719077556145,4.8231313499565385,0.004275514777644919,0.08662854512814545
233.06307697296143,7.26258410941402,4.819699567788533,0.006136852984334207,0.08024070238466124
233.1461946964264,7.261739314395853,4.820227834727807,0.005428469480902827,0.08186915404426645
233.21205472946167,7.260463976433902,4.821239776969332,0.005853997331372611,0.08249585374635444
233.3513503074646,7.261342945320821,4.8254662813717895,0.0063273281526760455,0.08150702224067902
233.41666626930237,7.262120439423932,4.827567872074982,0.007346356528562881,0.0813722939692144
233.51984810829163,7.262661523605638,4.8259998747053725,0.00659270144120859,0.08136313466167198
233.66464233398438,7.261256650422835,4.828974272035851,0.006091779821963356,0.08334945164631485
233.7225856781006,7.261999628708835,4.829764634004762,0.0066796878849644135,0.08067191896410901
233.84606552124023,7.261973987432116,4.8297356728031575,0.006037582201369952,0.08068518066214607
233.9417700767517,7.262428677828782,4.834389588280357,0.005843263457746141,0.08191148742150911
234.0332477092743,7.2637811418808065,4.833692166694006,0.006210689259509301,0.07989020732844412
234.16373443603516,7.2661057237576365,4.831451966476491,0.007643418446099155,0.07814624610408719
234.2439901828766,7.266438780407943,4.832316119343297,0.007773071479194608,0.07929435204228798
234.31867003440857,7.265718713050654,4.829543831793023,0.006972643607106031,0.07973310378091536
234.4743025302887,7.265142299498535,4.830073472587918,0.006979177686394068,0.08397199661897488
234.5292181968689,7.262377586546869,4.834922947859957,0.006611530340133263,0.08380688745743636
234.66413569450378,7.261484791912051,4.837396450350244,0.007345883133782294,0.08279200529773577
234.7492437362671,7.264006014217579,4.835040121328625,0.006507054024077942,0.08058893440201019
234.82578253746033,7.263766569380519,4.833332957432252,0.007174727478840809,0.0789829400087023
234.93197894096375,7.2656647159567225,4.831017081029426,0.00679749399152883,0.07944930514854234
235.0450782775879,7.265304451448153,4.827349603898179,0.006877351725802692,0.07931333424248821
235.17197442054749,7.265083352003961,4.829084936761584,0.006651685020694574,0.08149799668415098
235.23688340187073,7.263175407931668,4.832275174622056,0.006584051812937108,0.08207006038546122
235.35881543159485,7.26297131544997,4.8343222997212685,0.0061717986644514045,0.08007898326699477
235.45604419708252,7.264100889471465,4.834536564074938,0.006067773836646926,0.08253295807842065
235.49689197540283,7.262289115853682,4.838148230732942,0.005965593003953352,0.08252912369567807
235.65930604934692,7.26348663043949,4.839035887997415,0.006548477819798633,0.0810112046250795
235.76650023460388,7.265287689802247,4.836943267410017,0.007492682562839283,0.07746684384896849
235.87117958068848,7.266015119487945,4.835837432892776,0.007943489705452014,0.07962279367258118
235.9669635295868,7.266738128822585,4.836172179315065,0.00970863060978094,0.08184713989088364
236.04903149604797,7.262635424139005,4.84178572400737,0.009844856607521272,0.08311252375870676
236.17148613929749,7.263444423023691,4.843511633955734,0.00951044645689944,0.08121025682593919
236.25051593780518,7.263303918435881,4.843833868886407,0.009125273265551147,0.08149514986333513
236.3818187713623,7.263939266545244,4.8435374273016185,0.009755283763939814,0.07964350010625301
236.44704413414001,7.263934120547918,4.84378170353293,0.008997342789991663,0.08054688540066378
236.540513753891,7.265147476522542,4.838198084236096,0.009457004421795877,0.0795580737320623
236.64627075195312,7.261303613671747,4.845522192299047,0.00872121352131783,0.08571646412865708
236.7701394557953,7.260409640001232,4.841733375263773,0.008741642507724839,0.07992854037036051
236.8447802066803,7.262652772299754,4.838510462397287,0.009423201498467875,0.07888402895634958
236.91812086105347,7.266365838366115,4.834109453764694,0.009190502927686245,0.0790630969960421
237.05271434783936,7.266089700246871,4.8267370486492265,0.008191758647887864,0.0798380335622078
237.17288899421692,7.265088057471384,4.822395072872904,0.00745566609060544,0.0814013598636483
237.27822875976562,7.265064408640696,4.820136327461018,0.007052704297410614,0.07998662083003318
237.36728167533875,7.263853595317637,4.820510211839351,0.006554190733987099,0.08256004304841415
237.4708297252655,7.26357362961441,4.814698631010396,0.006104155223690871,0.07851875529575818
237.56954836845398,7.263389005688751,4.8146506841261125,0.005657528744625342,0.08147525088735914
237.6569378376007,7.264587323801615,4.811308097515125,0.007047829311134832,0.07869732277899698
237.73502683639526,7.264405262368841,4.804515613736561,0.006708067520195667,0.07838027634143752
237.83282995224,7.261954670740309,4.809264625650674,0.006308358552158777,0.08446734113929424
237.93756890296936,7.259248455285412,4.8165983901231915,0.005987762467662524,0.08512422678111137
238.0586395263672,7.260800324742933,4.812584806118147,0.0067843696324103525,0.08084270446745383
238.1793007850647,7.263256049428495,4.807580679755662,0.006820509471457335,0.07911049955046798
238.22174882888794,7.265048499669905,4.806244492893748,0.006880317373087565,0.07915237091430093
238.3485586643219,7.262588900081882,4.808477661609993,0.006447666220820479,0.08149657933258829
238.41760659217834,7.261542130799928,4.807394005921169,0.006473180525391703,0.08049747078349666
238.55723643302917,7.260259029850848,4.81030880612388,0.005749516004734008,0.08357189406060184
238.6052303314209,7.258888500755949,4.815268772386119,0.005507667554923349,0.08368370022711462
238.73627972602844,7.261770535753467,4.809413707268733,0.006429819030961674,0.07844978211833695
238.82021689414978,7.264082368967544,4.806137786849609,0.0065675038533708876,0.079363433762862
238.93508577346802,7.263928346078626,4.808137172760244,0.007370388836494762,0.07952452447739654
239.09273982048035,7.2629128744384515,4.807421374104317,0.007611898736327843,0.08157917010260037
239.16775608062744,7.263499202487397,4.804922270407901,0.006905693698649077,0.08000704512973465
239.23246431350708,7.263446453910526,4.806270967892861,0.007169557541508472,0.08041799401588699
239.3331549167633,7.260983811192835,4.809787830375121,0.006543179909861246,0.08301472740665844
239.42855858802795,7.262195206131791,4.805777886819188,0.006440760851589403,0.07725097370531218
239.5237259864807,7.264446014316754,4.802394161977311,0.006473525437231803,0.07919588491861371
239.63491106033325,7.261362053954208,4.809418803505433,0.00695487857905094,0.08223273902220275
239.73658204078674,7.260752491977433,4.809409201794788,0.007224820461887219,0.08051752229412945
239.83737206459045,7.262292184056421,4.809716967920959,0.006325306843039703,0.08088083433467586
239.9501438140869,7.26223852647189,4.8111500333971975,0.006737929576650852,0.08168571192482037
240.08915066719055,7.259712828692452,4.814153994648182,0.006918393604356128,0.08389741060139087
240.16193771362305,7.262371515445645,4.810832002025339,0.006799857453094655,0.07761247249122624
240.24440717697144,7.261581234048793,4.810512899595587,0.0069026179066932316,0.08272474155365639
240.3437991142273,7.261636574400175,4.812509581182943,0.006840194893988818,0.08198785336248661
240.47364735603333,7.261926892572478,4.8123676103475885,0.0074214549694746204,0.07995754780465801
240.54179334640503,7.262507907211489,4.810570665091886,0.006436495300220674,0.07907295066805424
240.64108538627625,7.2622353840467575,4.814075372880283,0.0073707983714300564,0.08411143897060647
240.71645259857178,7.259633842380231,4.817050471468041,0.007615220215799537,0.08418669228399284
240.86195755004883,7.258694985555667,4.817875429911104,0.007779676752829979,0.08007740627407937
240.92305970191956,7.260320000719833,4.815953739401482,0.006062272825786134,0.08003362752277633
241.01135277748108,7.263495275004299,4.815703065274948,0.006414542402205952,0.08053837769123248
241.12632989883423,7.262666319177309,4.814175494651312,0.005914625843740044,0.08072562180649462
241.27848505973816,7.264109534263374,4.811023726740687,0.006775448774434068,0.07897441885506755
