0.07998885,0.07130146026611328,0.0036790184676647186,-0.035629771649837494,0.028038708493113518
0.112739906,0.11330151557922363,0.0034742376301437616,-0.0354374423623085,0.028104513883590698
0.145669139,0.13832950592041016,0.0033214904833585024,-0.03527567535638809,0.02814466878771782
0.178331378,0.16932964324951172,0.00316730048507452,-0.03510548546910286,0.028172699734568596
0.215136576,0.21032953262329102,0.003002109471708536,-0.03492295742034912,0.02820587158203125
0.248051214,0.24135208129882812,0.002839979948475957,-0.03478230535984039,0.028227727860212326
0.280130911,0.27335214614868164,0.0026901247911155224,-0.03465702012181282,0.028246354311704636
0.313262839,0.308351993560791,0.002511661034077406,-0.03453409671783447,0.028256524354219437
0.346770806,0.338376522064209,0.00236332300119102,-0.03444507718086243,0.028257638216018677
0.379101206,0.3773763179779053,0.0021525679621845484,-0.03432302549481392,0.028261905536055565
0.412471002,0.40137648582458496,0.0020306729711592197,-0.034291911870241165,0.028263913467526436
0.447397861,0.44440388679504395,0.001841048477217555,-0.03426707535982132,0.028274627402424812
0.47915068,0.4774038791656494,0.001679523615166545,-0.03422793000936508,0.02827601693570614
0.515116072,0.5074038505554199,0.0015540389576926827,-0.034247178584337234,0.028265001252293587
0.547625706,0.5464298725128174,0.0013865235960111022,-0.034284695982933044,0.02823847532272339
0.580305484,0.5764298439025879,0.001251907553523779,-0.03430160507559776,0.02821233868598938
0.613841968,0.6094298362731934,0.0011017336510121822,-0.03438830003142357,0.028183603659272194
0.646859954,0.6394519805908203,0.0010057275649160147,-0.03454819321632385,0.02815115824341774
0.679628002,0.6784520149230957,0.0008615286205895245,-0.034722764045000076,0.028106242418289185
0.71352197,0.7084519863128662,0.0007654640357941389,-0.034937191754579544,0.02806245908141136
0.745938412,0.7414805889129639,0.0006431499496102333,-0.035108279436826706,0.028012283146381378
0.778146783,0.7714805603027344,0.0005329221021384001,-0.0352674201130867,0.02797072008252144
0.814653467,0.8104805946350098,0.0004235505184624344,-0.03558027744293213,0.02790450118482113
0.848300925,0.8405067920684814,0.0003667474666144699,-0.03580033779144287,0.027847690507769585
0.880180242,0.870506763458252,0.00031178537756204605,-0.035985492169857025,0.027783935889601707
0.913347322,0.9035067558288574,0.0002457172377035022,-0.03616673871874809,0.027701018378138542
0.946998364,0.9465291500091553,0.0001950029982253909,-0.036464013159275055,0.02761586382985115
0.979517546,0.9755291938781738,0.0001369505625916645,-0.03664275258779526,0.02755606174468994
1.012669582,1.0085291862487793,6.357114034472033e-05,-0.036853693425655365,0.02748793177306652
1.045818418,1.0445561408996582,1.715996586426627e-05,-0.03716011717915535,0.027407262474298477
1.07837876,1.0725560188293457,-2.8193820980959572e-05,-0.03737400099635124,0.027357056736946106
1.111326854,1.111556053161621,-8.729208639124408e-05,-0.03773939982056618,0.02728700265288353
1.148074896,1.1415786743164062,-0.00014772758004255593,-0.037976235151290894,0.027230335399508476
1.180417756,1.1705787181854248,-0.00020894603221677244,-0.03818858414888382,0.027177469804883003
1.213566784,1.213578701019287,-0.0003078515292145312,-0.03857296332716942,0.02711040899157524
1.247321686,1.2466034889221191,-0.00036366679705679417,-0.03883219510316849,0.02706753835082054
1.280116024,1.2816035747528076,-0.00043960867333225906,-0.03915300965309143,0.027021687477827072
1.312760156,1.310603380203247,-0.0004883284564130008,-0.03942868858575821,0.026965992525219917
1.34601106,1.3436315059661865,-0.0005406378768384457,-0.039681922644376755,0.026909897103905678
1.378291924,1.372631311416626,-0.0006283511174842715,-0.03992018103599548,0.02685888297855854
1.414830231,1.4156312942504883,-0.0007170669850893319,-0.04026013985276222,0.026826683431863785
1.447714185,1.4446544647216797,-0.0007577056530863047,-0.04047602042555809,0.02680511400103569
1.480482501,1.4806544780731201,-0.0008187006460502744,-0.0407247468829155,0.02676974982023239
1.513708376,1.5136544704437256,-0.000845632515847683,-0.04094942286610603,0.02674989216029644
1.552071186,1.5386786460876465,-0.0008723951177671552,-0.041147224605083466,0.026729581877589226
1.580414157,1.57667875289917,-0.0009221539949066937,-0.04135197028517723,0.026703577488660812
1.613832643,1.6066787242889404,-0.000943117483984679,-0.04154222086071968,0.02669278159737587
1.648115549,1.6487038135528564,-0.0009413945954293013,-0.041753027588129044,0.026689181104302406
1.680499565,1.678703784942627,-0.000972683192230761,-0.041878774762153625,0.026688162237405777
1.713532869,1.7087037563323975,-0.0009660297655500472,-0.041997235268354416,0.026689773425459862
1.747297126,1.7387278079986572,-0.0009624261874705553,-0.04210058972239494,0.02669731341302395
1.779947189,1.7787280082702637,-0.0010172915644943714,-0.04217715188860893,0.02667025290429592
1.812413539,1.8047277927398682,-0.0010047723772004247,-0.04226509481668472,0.026673924177885056
1.846407278,1.8417563438415527,-0.0010277214460074902,-0.042317647486925125,0.026669207960367203
1.878537341,1.8777563571929932,-0.0009854534873738885,-0.04238644614815712,0.02666356787085533
1.915201886,1.9077563285827637,-0.0009550980757921934,-0.042397722601890564,0.02666117250919342
1.948195694,1.9407799243927002,-0.0009484293987043202,-0.042387720197439194,0.026651762425899506
1.980979319,1.9737799167633057,-0.0009316885843873024,-0.04238886013627052,0.02664395421743393
2.013848783,2.003779888153076,-0.0008838534122332931,-0.04236435517668724,0.026641562581062317
2.046649371,2.047801971435547,-0.0008252031984739006,-0.04230054095387459,0.026625700294971466
2.079639979,2.0798017978668213,-0.000766357930842787,-0.04225024953484535,0.02662534825503826
2.113144059,2.105801820755005,-0.0007003994542174041,-0.04217415675520897,0.0266376044601202
2.14624896,2.1438276767730713,-0.0006464638863690197,-0.0420844703912735,0.026649896055459976
2.17920737,2.17282772064209,-0.0005804167012684047,-0.041999056935310364,0.02665613405406475
2.211859706,2.2058277130126953,-0.0005139096174389124,-0.04187873378396034,0.026672396808862686
2.247643349,2.2358508110046387,-0.0004150540626142174,-0.04174451902508736,0.026704955846071243
2.280333293,2.274850845336914,-0.00029803739744238555,-0.04158012568950653,0.026752175763249397
2.313657083,2.3048508167266846,-0.0001900167262647301,-0.04143860563635826,0.02679344080388546
2.347173741,2.3378748893737793,-8.49371135700494e-05,-0.041283950209617615,0.026837307959794998
2.379715848,2.3758747577667236,2.739452975220047e-05,-0.04113467037677765,0.026886895298957825
2.412744095,2.40987491607666,0.0001990750606637448,-0.04091186448931694,0.02696622535586357
2.445652767,2.43989896774292,0.00032879941863939166,-0.040713824331760406,0.027028411626815796
2.478705146,2.4788990020751953,0.00048605151823721826,-0.04048723727464676,0.027108561247587204
2.511619964,2.508898973464966,0.0006259469082579017,-0.040285419672727585,0.027188679203391075
2.548008425,2.5419247150421143,0.0007541486411355436,-0.04007221385836601,0.027270209044218063
2.58051459,2.5719246864318848,0.0008744884398765862,-0.039873868227005005,0.02734316699206829
2.614898323,2.61092472076416,0.0010266361059620976,-0.03955966979265213,0.027436010539531708
2.64737517,2.640949010848999,0.0011469185119494796,-0.03930746018886566,0.02750501222908497
2.679751931,2.6739490032196045,0.0012673779856413603,-0.03905942663550377,0.02756190113723278
2.713740271,2.703948974609375,0.0013993642060086131,-0.038830436766147614,0.027623940259218216
2.747325719,2.7429490089416504,0.0015805488219484687,-0.03853844851255417,0.027705540880560875
2.779726466,2.772948980331421,0.0017029886366799474,-0.038341913372278214,0.02775401808321476
2.812981356,2.8009490966796875,0.0018270165892317891,-0.038130730390548706,0.02780080959200859
2.845862961,2.8449747562408447,0.0020038874354213476,-0.03784723952412605,0.027861163020133972
2.878711856,2.8699746131896973,0.0021471858490258455,-0.03766417130827904,0.027905769646167755
2.911986878,2.8999745845794678,0.0022904337383806705,-0.03749524801969528,0.027950774878263474
2.948252027,2.946997880935669,0.002466905629262328,-0.03725016117095947,0.028035836294293404
2.981425558,2.9769980907440186,0.002588419010862708,-0.03709205240011215,0.028088856488466263
3.013887501,3.004997968673706,0.002712870016694069,-0.036963678896427155,0.028144314885139465
3.047039556,3.045018434524536,0.0028754989616572857,-0.036806050688028336,0.02824420854449272
3.079617552,3.0740184783935547,0.0029916970524936914,-0.03669729828834534,0.02833222970366478
3.11274301,3.110018491744995,0.0031151422299444675,-0.03661477938294411,0.028398673981428146
3.146968162,3.145042896270752,0.003298588562756777,-0.03654428943991661,0.028478041291236877
3.178722804,3.1750428676605225,0.0034176392946392298,-0.03647281602025032,0.02851884253323078
3.21193311,3.208042860031128,0.0035423426888883114,-0.03644540160894394,0.02853778377175331
3.248154603,3.2440686225891113,0.0037165081594139338,-0.03639626502990723,0.028563719242811203
3.280700465,3.277068614959717,0.0038472767919301987,-0.03634149581193924,0.028579257428646088
3.313922422,3.3070685863494873,0.00397725822404027,-0.036346711218357086,0.028594519942998886
3.347807254,3.34609317779541,0.004143767524510622,-0.036330271512269974,0.028591081500053406
3.380616173,3.3750932216644287,0.004266287665814161,-0.03632060065865517,0.028575563803315163
3.414007377,3.4040932655334473,0.00439237616956234,-0.03638282045722008,0.028563423082232475
3.447162857,3.4431164264678955,0.004551023710519075,-0.036456797271966934,0.028549622744321823
3.47966311,3.473116636276245,0.004656005650758743,-0.036514975130558014,0.028534017503261566
3.512934036,3.5031166076660156,0.004751936998218298,-0.036633607000112534,0.028514575213193893
3.546751751,3.545142412185669,0.004881091881543398,-0.03677040711045265,0.028509264811873436
3.579309391,3.5701422691345215,0.004980533383786678,-0.03685472533106804,0.02851644530892372
3.612416638,3.600142478942871,0.005092910956591368,-0.03698377311229706,0.028523923829197884
3.648705504,3.6401634216308594,0.005254197865724564,-0.03713754937052727,0.028529636561870575
3.681071232,3.6771633625030518,0.005415467079728842,-0.03722883760929108,0.028531109914183617
3.714845045,3.7071633338928223,0.005548766348510981,-0.03739367425441742,0.028533754870295525
3.747656342,3.740187406539917,0.005697399377822876,-0.03752214461565018,0.02852199599146843
3.779961369,3.7791874408721924,0.00586405536159873,-0.03768271207809448,0.02849462814629078
3.814582859,3.809187412261963,0.005974865518510342,-0.037821535021066666,0.028483454138040543
3.846638752,3.8392136096954346,0.006077886559069157,-0.037970494478940964,0.028471052646636963
3.878959237,3.870213508605957,0.006191196385771036,-0.038118500262498856,0.028460266068577766
3.912337296,3.9082136154174805,0.0062839132733643055,-0.03827106952667236,0.02846599370241165
3.948063409,3.944227933883667,0.006361277308315039,-0.03845619782805443,0.02845432236790657
3.981052115,3.9742279052734375,0.006414491217583418,-0.03857995197176933,0.02843279018998146
4.014249916,4.007227897644043,0.006477524526417255,-0.03869102522730827,0.028407346457242966
4.047730298,4.046246290206909,0.006542979273945093,-0.03883755952119827,0.028380852192640305
4.080351288,4.075246334075928,0.006571067962795496,-0.03895024582743645,0.028354130685329437
4.113223364,4.10624623298645,0.006582178175449371,-0.039065901190042496,0.028322087600827217
4.146506621,4.1382737159729,0.0065833344124257565,-0.03917204961180687,0.028291238471865654
4.179217324,4.173273801803589,0.006578085944056511,-0.039299458265304565,0.02825338765978813
4.212293534,4.203273773193359,0.00657545356079936,-0.03936038911342621,0.02822062000632286
4.248829717,4.242295503616333,0.006560702808201313,-0.03943498805165291,0.028177376836538315
4.281108147,4.279295444488525,0.006556782405823469,-0.03947809711098671,0.028126124292612076
4.315322586,4.312295436859131,0.006538339890539646,-0.039527613669633865,0.028080996125936508
4.348654556,4.3473217487335205,0.006521907635033131,-0.03959617391228676,0.02802346460521221
4.381370284,4.377321720123291,0.006508530583232641,-0.039644505828619,0.02797616831958294
4.414529806,4.407321929931641,0.006495428271591663,-0.03971075266599655,0.027929069474339485
4.447708403,4.440346002578735,0.006490662228316069,-0.03976250812411308,0.027876432985067368
4.479854681,4.473345994949341,0.006490477826446295,-0.03981845825910568,0.02782117761671543
4.513129136,4.503345966339111,0.006484102923423052,-0.039891719818115234,0.02776959165930748
4.546411657,4.545372486114502,0.006472300738096237,-0.03999108821153641,0.027703166007995605
4.57900717,4.570372581481934,0.006462952122092247,-0.040061138570308685,0.027640506625175476
4.612128125,4.600372552871704,0.006458517163991928,-0.04014088958501816,0.027576351538300514
4.648417958,4.648396253585815,0.0064543127082288265,-0.04028313234448433,0.027472564950585365
4.68087485,4.678396224975586,0.0064612082205712795,-0.040375810116529465,0.02741502970457077
4.714109915,4.7083964347839355,0.006467471830546856,-0.04045504331588745,0.02736382745206356
4.747507955,4.7474212646484375,0.006463819649070501,-0.04053156450390816,0.027286984026432037
4.780305467,4.777421236038208,0.0064415642991662025,-0.04057598486542702,0.02722814865410328
4.813421727,4.8104212284088135,0.0064173429273068905,-0.04064479470252991,0.027175694704055786
4.846593069,4.840445280075073,0.006398613099008799,-0.04070761054754257,0.0271323062479496
4.880132511,4.879445314407349,0.006392599083483219,-0.040765516459941864,0.027092693373560905
4.91421759,4.909445285797119,0.00638952711597085,-0.04079941660165787,0.027076471596956253
4.947306773,4.936472415924072,0.0063863093964755535,-0.04081526771187782,0.027042176574468613
4.979386328,4.978472471237183,0.006373758893460035,-0.04083756357431412,0.027013499289751053
5.012232681,5.008472442626953,0.006356455851346254,-0.04087168350815773,0.02699650265276432
5.048633135,5.044497728347778,0.006328469607979059,-0.04090813174843788,0.026970988139510155
5.081126719,5.077497720718384,0.006309677846729755,-0.040915507823228836,0.026934722438454628
5.115500204,5.113497734069824,0.006278895307332277,-0.04096097871661186,0.02688741870224476
5.147888808,5.146521329879761,0.0062518068589270115,-0.04100031033158302,0.026862870901823044
5.179976237,5.176521301269531,0.006227910052984953,-0.04103204607963562,0.026843711733818054
5.213417965,5.209521293640137,0.006211868021637201,-0.04107745736837387,0.026835603639483452
5.246898356,5.237541913986206,0.006197411101311445,-0.04112645611166954,0.026819538325071335
5.279117777,5.267541885375977,0.006180294323712587,-0.041177261620759964,0.026809656992554665
5.312393106,5.309541940689087,0.006149451248347759,-0.041248392313718796,0.0268124770373106
5.34938042,5.345571756362915,0.006117170210927725,-0.04132815822958946,0.02683759294450283
5.381130826,5.3785717487335205,0.00609971396625042,-0.04138365760445595,0.026851443573832512
5.414294871,5.414571762084961,0.006093597039580345,-0.04144557937979698,0.026859695091843605
5.44750654,5.447595119476318,0.006089148577302694,-0.041494663804769516,0.026867786422371864
5.480364384,5.476595163345337,0.006085805129259825,-0.04153160750865936,0.02687835693359375
5.513537838,5.511595249176025,0.006056561134755611,-0.04157576709985733,0.02688804268836975
5.546233603,5.54162335395813,0.006037160288542509,-0.04160475730895996,0.026892004534602165
5.579891403,5.574623346328735,0.006016111467033625,-0.04162674769759178,0.026894116774201393
5.612454632,5.609623432159424,0.005964254029095173,-0.04165033623576164,0.026910625398159027
5.64881703,5.6486496925354,0.005934117361903191,-0.04167415201663971,0.026903480291366577
5.681262473,5.678649663925171,0.005908862687647343,-0.041687604039907455,0.02689610794186592
5.713894813,5.7086498737335205,0.005866341292858124,-0.041692495346069336,0.026889532804489136
5.74866598,5.741674900054932,0.0058271693997085094,-0.04171300679445267,0.02684946544468403
5.781204831,5.771674871444702,0.005783318541944027,-0.041725870221853256,0.02681734971702099
5.814564825,5.8106749057769775,0.0056931981816887856,-0.041743528097867966,0.026760540902614594
5.847616314,5.840695142745972,0.005626917351037264,-0.04175307974219322,0.026708748191595078
5.880266833,5.868695020675659,0.005570945795625448,-0.041764743626117706,0.026661725714802742
5.913916929,5.9086949825286865,0.00549937691539526,-0.041771821677684784,0.02662154845893383
5.947193612,5.937716484069824,0.005447755102068186,-0.04177483916282654,0.026583820581436157
5.979132288,5.967716693878174,0.005411678459495306,-0.04176687076687813,0.026551732793450356
6.013883739,6.009716510772705,0.0053666625171899796,-0.041781000792980194,0.02651999704539776
6.047915762,6.0457165241241455,0.005336691625416279,-0.041805025190114975,0.02648867852985859
6.080260752,6.078716516494751,0.0053262365981936455,-0.04181709513068199,0.02645186148583889
6.112360386,6.104716539382935,0.005312962923198938,-0.04186539724469185,0.026427673175930977
6.148606642,6.147741079330444,0.005295444279909134,-0.04194144904613495,0.026371262967586517
6.181192989,6.18074107170105,0.005289942491799593,-0.041993264108896255,0.026328621432185173
6.214598208,6.2047412395477295,0.005276434123516083,-0.0420503206551075,0.026308733969926834
6.247989472,6.248763084411621,0.005258416756987572,-0.04214702919125557,0.026281362399458885
6.28024699,6.273763179779053,0.0052515724673867226,-0.04222743585705757,0.026250828057527542
6.313400866,6.303763151168823,0.0052412874065339565,-0.042323071509599686,0.026224106550216675
6.346502285,6.336784362792969,0.005246204789727926,-0.04242977499961853,0.02618400566279888
6.379634301,6.380784511566162,0.005249497480690479,-0.042556941509246826,0.02614520490169525
6.412782928,6.40878438949585,0.005251133814454079,-0.042654190212488174,0.026135088875889778
6.448743147,6.447803735733032,0.005262977909296751,-0.04279330372810364,0.02610010653734207
6.481601865,6.477803707122803,0.005273917224258184,-0.04289112612605095,0.026058662682771683
6.514881044,6.50580358505249,0.0052634174935519695,-0.04301035776734352,0.026037953794002533
6.547516937,6.538826942443848,0.005258075427263975,-0.04314936697483063,0.025991003960371017
6.580590318,6.568826913833618,0.005246216896921396,-0.04326971620321274,0.025971828028559685
6.614268451,6.6108269691467285,0.005231237038969994,-0.04341110214591026,0.02594929374754429
6.647483234,6.646852254867554,0.005221581552177668,-0.043543677777051926,0.02593035250902176
6.679974041,6.676852226257324,0.005224814172834158,-0.04363761842250824,0.025904491543769836
6.71250794,6.70985221862793,0.005231855902820826,-0.04376254975795746,0.025876225903630257
6.7489697,6.742876291275024,0.0052421241998672485,-0.0439017079770565,0.025851981714367867
6.780965132,6.772876262664795,0.005247820634394884,-0.04401399567723274,0.0258487481623888
6.812648859,6.8058762550354,0.0052636414766311646,-0.044146012514829636,0.025843309238553047
6.848730036,6.848901271820068,0.005280759651213884,-0.044308241456747055,0.025846902281045914
6.881408443,6.877901077270508,0.005293337162584066,-0.044429365545511246,0.025848133489489555
6.914672141,6.903901100158691,0.005297600757330656,-0.04455919936299324,0.025859128683805466
6.947920444,6.946925163269043,0.005315594375133514,-0.044761039316654205,0.02588013745844364
6.980528853,6.9759252071380615,0.005329812876880169,-0.044883184134960175,0.025894606485962868
7.01361159,7.013925313949585,0.005351531784981489,-0.04505538567900658,0.02592097409069538
7.04713316,7.044951677322388,0.005376923363655806,-0.04517088085412979,0.025949278846383095
7.079270986,7.073951482772827,0.005412237718701363,-0.045283298939466476,0.02597464807331562
7.114275357,7.106951475143433,0.005461214575916529,-0.045389994978904724,0.026012025773525238
7.148510178,7.136973142623901,0.0055129388347268105,-0.04548173397779465,0.02605263702571392
7.181640764,7.175973176956177,0.005610530264675617,-0.045594386756420135,0.02608184888958931
7.214582291,7.206973075866699,0.005669695325195789,-0.04563010111451149,0.026118949055671692
7.248487163,7.247998237609863,0.005768101196736097,-0.04567183926701546,0.0261630117893219
7.280674567,7.273998260498047,0.005850496701896191,-0.045697927474975586,0.026201404631137848
7.313385299,7.303998231887817,0.005925123579800129,-0.04568029195070267,0.026261908933520317
7.346607293,7.346025228500366,0.006062552332878113,-0.04566182196140289,0.02631383389234543
7.379551413,7.376025199890137,0.0061677079647779465,-0.04565148800611496,0.026348095387220383
7.41247364,7.409025430679321,0.006238018628209829,-0.04560602828860283,0.026399988681077957
7.448629711,7.443049907684326,0.00632898835465312,-0.04556236043572426,0.026468543335795403
7.481559812,7.473049879074097,0.006406640168279409,-0.045537129044532776,0.026523523032665253
7.514519358,7.515049934387207,0.006500435061752796,-0.045445188879966736,0.02659807726740837
7.548157525,7.541067600250244,0.006562017370015383,-0.045369189232587814,0.02664196863770485
7.581160983,7.5780675411224365,0.006658787373453379,-0.04531007632613182,0.026681609451770782
7.614299154,7.613067626953125,0.006744875572621822,-0.04521876201033592,0.026722561568021774
7.646502113,7.6420676708221436,0.006802193820476532,-0.045131415128707886,0.026774056255817413
7.680033633,7.675067663192749,0.0068630678579211235,-0.04504871368408203,0.026822466403245926
7.71310681,7.710067510604858,0.00693753594532609,-0.04492094740271568,0.026892613619565964
7.74910766,7.74008584022522,0.006997026968747377,-0.04481871426105499,0.02694191038608551
7.779528478,7.779085636138916,0.007078377064317465,-0.04468601569533348,0.027005625888705254
7.812766677,7.809085845947266,0.00713534839451313,-0.044569358229637146,0.027041491121053696
7.84913073,7.848110675811768,0.0072227236814796925,-0.044416189193725586,0.027085833251476288
7.881671873,7.872110605239868,0.007295093033462763,-0.04434269666671753,0.02709285542368889
7.914933949,7.9111106395721436,0.0073795621283352375,-0.04417659342288971,0.02711852267384529
7.94826903,7.941133975982666,0.007450737524777651,-0.04404350742697716,0.027146512642502785
7.980708394,7.9711339473724365,0.007524038199335337,-0.043921202421188354,0.027167752385139465
8.013720952,8.013133764266968,0.007597346790134907,-0.04376697167754173,0.027205361053347588
8.046588523,8.03815770149231,0.007625268306583166,-0.043659113347530365,0.027232950553297997
8.079678183,8.06815767288208,0.007668888662010431,-0.04354572296142578,0.02725781872868538
8.112803785,8.107157707214355,0.007736231200397015,-0.043339647352695465,0.027297191321849823
8.149079886,8.137171745300293,0.00779998954385519,-0.04318186640739441,0.027313437312841415
8.181595521,8.179171800613403,0.007878192700445652,-0.04298844933509827,0.027335597202181816
8.214795089,8.215171813964844,0.007945673540234566,-0.042757779359817505,0.02737126685678959
8.248483003,8.245195150375366,0.007989673875272274,-0.042596135288476944,0.027393409982323647
8.280629161,8.278195142745972,0.008037419058382511,-0.04244118556380272,0.027407463639974594
8.3142377,8.313194990158081,0.00810301024466753,-0.04218656197190285,0.02745012566447258
8.3476744,8.34222149848938,0.00817082915455103,-0.04200756549835205,0.027475841343402863
8.380034902,8.375221490859985,0.0082614216953516,-0.04183800145983696,0.027500715106725693
8.413841878,8.412221431732178,0.008380982093513012,-0.04160173609852791,0.027561282739043236
8.450541864,8.444246053695679,0.00847521610558033,-0.04143966734409332,0.027615249156951904
8.481932844,8.47424602508545,0.008550341241061687,-0.04129085689783096,0.027654439210891724
8.516269389,8.513246059417725,0.008660654537379742,-0.04105272889137268,0.027699127793312073
8.548684397,8.543246030807495,0.008753309026360512,-0.040889922529459,0.027721622958779335
8.5817039,8.572246074676514,0.008849985897541046,-0.040741343051195145,0.027743246406316757
8.616946851,8.61124587059021,0.008943062275648117,-0.04053840786218643,0.02777273580431938
8.647371094,8.641272783279419,0.008980822749435902,-0.04039846360683441,0.02779369056224823
8.679772464,8.67127275466919,0.009032636880874634,-0.040270134806632996,0.027818938717246056
8.715290706,8.7132728099823,0.009070894680917263,-0.04005132243037224,0.02785334922373295
8.749639647,8.749297857284546,0.009113319218158722,-0.0398479662835598,0.02788146585226059
8.782766347,8.782297849655151,0.009157787077128887,-0.03970525041222572,0.027912624180316925
8.814983633,8.807297945022583,0.009167451411485672,-0.039528343826532364,0.027935780584812164
8.849265041,8.84532117843628,0.009183509275317192,-0.0393785797059536,0.027957361191511154
8.881088335,8.87532114982605,0.009224134497344494,-0.039228275418281555,0.027959370985627174
8.913799856,8.908321142196655,0.009260048158466816,-0.0390808992087841,0.02795696072280407
8.946721175,8.947344303131104,0.00927730929106474,-0.03890043497085571,0.02795417606830597
8.980076429,8.977344274520874,0.009301500394940376,-0.03877958655357361,0.027948683127760887
9.014357069,9.00534439086914,0.009302363730967045,-0.038649801164865494,0.027933593839406967
9.049092512,9.049374103546143,0.009295099414885044,-0.03846900537610054,0.027909081429243088
9.082605395,9.081373929977417,0.009266266599297523,-0.038339145481586456,0.027896486222743988
9.115138259,9.116374015808105,0.009215633384883404,-0.03817246854305267,0.027877062559127808
9.148153259,9.146389245986938,0.009201925247907639,-0.03806282579898834,0.027857279404997826
9.181008262,9.176389455795288,0.009214920923113823,-0.03796859085559845,0.027835989370942116
9.213789043,9.209389448165894,0.009237801656126976,-0.03785693272948265,0.027805287390947342
9.246741408,9.242415189743042,0.009248963557183743,-0.03774773329496384,0.02778714895248413
9.279697709,9.272415161132812,0.009238088503479958,-0.03766144439578056,0.02778436616063118
9.312935022,9.31241512298584,0.009275908581912518,-0.037583816796541214,0.027767550200223923
9.349226206,9.342439889907837,0.009294377639889717,-0.03752884268760681,0.027750935405492783
9.382088442,9.381439685821533,0.009301064535975456,-0.037466272711753845,0.02773444354534149
9.413837738,9.412439823150635,0.009291425347328186,-0.037443846464157104,0.02772367000579834
9.446629626,9.447465181350708,0.009263377636671066,-0.03742806240916252,0.027717597782611847
9.482173024,9.482465028762817,0.009194436483085155,-0.0374140627682209,0.027691280469298363
9.515188185,9.512465238571167,0.009118263609707355,-0.03742717206478119,0.02768401987850666
9.54833172,9.5454843044281,0.009061385877430439,-0.03744128346443176,0.027674874290823936
9.581057387,9.581484317779541,0.009021135978400707,-0.03745465353131294,0.027664868161082268
9.614899451,9.614484310150146,0.00900962296873331,-0.03745408356189728,0.027651576325297356
9.647306468,9.644508123397827,0.008963648229837418,-0.037468891590833664,0.02763831801712513
9.680177246,9.677508115768433,0.00892882514744997,-0.037473373115062714,0.02762632817029953
9.713994739,9.713508129119873,0.008857393637299538,-0.03749141842126846,0.027631400153040886
9.752324158,9.741527557373047,0.008812409825623035,-0.037509139627218246,0.02762734517455101
9.782163453,9.780527591705322,0.008773840963840485,-0.03751993924379349,0.0276191309094429
9.816948194,9.810527563095093,0.008716891519725323,-0.03750960901379585,0.027621731162071228
9.849883445,9.840550899505615,0.008656609803438187,-0.03749779239296913,0.027622928842902184
9.88117715,9.882550954818726,0.00857224315404892,-0.037471067160367966,0.027631640434265137
9.913980921,9.907550811767578,0.008505057543516159,-0.03745485842227936,0.02764035388827324
9.950769131,9.937570810317993,0.008465956896543503,-0.03744591027498245,0.027648357674479485
9.980064776,9.979570865631104,0.0084451362490654,-0.03742760419845581,0.0276626106351614
10.012999835,10.009570837020874,0.008409670554101467,-0.037439826875925064,0.027665041387081146
10.048917743,10.048593044281006,0.00835548248142004,-0.03746436908841133,0.027669019997119904
10.081742286,10.077593088150024,0.008320738561451435,-0.03747669979929924,0.027668476104736328
10.11517254,10.1165931224823,0.008244912140071392,-0.03750371187925339,0.02767815999686718
10.148465169,10.146616220474243,0.008205646649003029,-0.03752753138542175,0.027670567855238914
10.181022944,10.176616191864014,0.008185302838683128,-0.037544477730989456,0.027661683037877083
10.214489172,10.20961618423462,0.008120041340589523,-0.03754744678735733,0.02766941674053669
10.247848981,10.24263620376587,0.008086753077805042,-0.03755093738436699,0.027672680094838142
10.280025598,10.279636144638062,0.008058645762503147,-0.037553571164608,0.02766655944287777
10.313581155,10.305636167526245,0.00800295639783144,-0.03756692260503769,0.027682244777679443
10.350392986,10.34564995765686,0.007923099212348461,-0.037593018263578415,0.027715805917978287
10.381959156,10.378649950027466,0.007885821163654327,-0.037611883133649826,0.027740824967622757
10.415115472,10.408649921417236,0.007804707624018192,-0.03764212504029274,0.027781425043940544
10.448212225,10.447672367095947,0.007687876001000404,-0.03769578039646149,0.02783951349556446
10.480910537,10.477672576904297,0.007606098428368568,-0.03774210438132286,0.027887333184480667
10.518237949,10.510672569274902,0.0075196875259280205,-0.0377918966114521,0.027929585427045822
10.548050968,10.54469895362854,0.007443105801939964,-0.03785109892487526,0.027975767850875854
10.580200732,10.57469892501831,0.007397399749606848,-0.037892140448093414,0.02801647037267685
10.615659836,10.613698959350586,0.007300983648747206,-0.037934865802526474,0.028058262541890144
10.649510999,10.643723487854004,0.007244073785841465,-0.037956539541482925,0.02808929979801178
10.682884597,10.672723531723022,0.007178240455687046,-0.037976160645484924,0.02812179923057556
10.717144932,10.711723327636719,0.007075130473822355,-0.03798997402191162,0.028161805123090744
10.751786391,10.741723537445068,0.007006693631410599,-0.0379897803068161,0.0281812846660614
10.782581297,10.771723508834839,0.006947597023099661,-0.037978656589984894,0.028188353404402733
10.814952296,10.811723470687866,0.006855725310742855,-0.03795095160603523,0.02819870226085186
10.848690904,10.8417489528656,0.006786947138607502,-0.03793642297387123,0.02819247730076313
10.883780413,10.880748987197876,0.006699702702462673,-0.03792187571525574,0.028195416554808617
10.918800501,10.910748958587646,0.00662228325381875,-0.03791835159063339,0.028195425868034363
10.949880258,10.943771839141846,0.0065436651930212975,-0.0379115492105484,0.028195716440677643
10.982290753,10.973771810531616,0.006465799640864134,-0.03790340945124626,0.02819739654660225
11.015428099,11.012771844863892,0.006326122675091028,-0.03793714568018913,0.028177352622151375
11.051626994,11.04279112815857,0.006226247642189264,-0.03795207291841507,0.028160693123936653
11.082151866,11.071790933609009,0.006132757291197777,-0.037968385964632034,0.028134021908044815
11.11531741,11.110790967941284,0.005985570605844259,-0.03804945573210716,0.0280796829611063
11.14937742,11.140813827514648,0.0058758133091032505,-0.03811325132846832,0.028054162859916687
11.181432522,11.170813798904419,0.0057631502859294415,-0.03817019611597061,0.028041649609804153
11.21439006,11.209813833236694,0.005556297954171896,-0.03833779692649841,0.028012126684188843
11.248142462,11.246835231781006,0.005391278304159641,-0.038412123918533325,0.028006859123706818
11.280202429,11.271835327148438,0.005268958397209644,-0.03839869052171707,0.028003497049212456
11.314331347,11.301835298538208,0.005119089037179947,-0.0385097973048687,0.028014108538627625
11.350441682,11.34986400604248,0.004716348834335804,-0.03888169303536415,0.028040260076522827
11.382578815,11.379863977432251,0.004447435028851032,-0.03897348791360855,0.028052465990185738
11.415945163,11.409863948822021,0.004208531696349382,-0.0390733927488327,0.028075870126485825
11.448340711,11.448886394500732,0.003886175574734807,-0.039337482303380966,0.028115861117839813
11.481346705,11.477886438369751,0.0035768162924796343,-0.03949569910764694,0.02812865935266018
11.514500727,11.507886409759521,0.0032292737159878016,-0.03964408487081528,0.028144944459199905
11.547857633,11.546910285949707,0.0027954985853284597,-0.03996085003018379,0.028164207935333252
11.580414523,11.576910257339478,0.0025112268049269915,-0.04017581045627594,0.028193816542625427
11.617128007,11.606910228729248,0.0022230790928006172,-0.04027623310685158,0.02822413481771946
11.648422395,11.639934778213501,0.0018573784036561847,-0.04038901627063751,0.028263291344046593
11.682333893,11.678934812545776,0.001387093449011445,-0.04065103456377983,0.028326084837317467
11.715428554,11.708934783935547,0.0011194434482604265,-0.04082787036895752,0.0283728688955307
11.748690061,11.74495553970337,0.0008128670742735267,-0.04098541662096977,0.028435802087187767
11.78142136,11.778955698013306,0.0004099621146451682,-0.041205354034900665,0.02850998565554619
11.814506387,11.808955669403076,0.00010433734132675454,-0.04132121056318283,0.02857247367501259
11.847901007,11.847975492477417,-0.0003046681813430041,-0.04149467125535011,0.028668565675616264
11.881170099,11.875975608825684,-0.0006191668217070401,-0.04169335216283798,0.028753109276294708
11.913804293,11.905975580215454,-0.0009092121035791934,-0.041883889585733414,0.028813157230615616
11.950119153,11.938998222351074,-0.0012634998420253396,-0.04201490804553032,0.028876809403300285
11.982625547,11.980998039245605,-0.0016282577998936176,-0.042202409356832504,0.028969231992959976
12.015515787,12.006998062133789,-0.0018891000654548407,-0.04240274801850319,0.029044730588793755
12.055228638,12.047998189926147,-0.002316485159099102,-0.04261915013194084,0.02912190370261669
12.081677168,12.079998016357422,-0.0027650753036141396,-0.042842354625463486,0.029177747666835785
12.115774314,12.109998226165771,-0.0030670699197798967,-0.04309628903865814,0.029244111850857735
12.150425257,12.149017810821533,-0.0034730720799416304,-0.04339492693543434,0.029360391199588776
12.183041143,12.179017782211304,-0.0038575557991862297,-0.04361910745501518,0.02941642887890339
12.214221474,12.21201777458191,-0.0042434195056557655,-0.04384315758943558,0.029471924528479576
12.251860893,12.247042894363403,-0.004750692751258612,-0.044112998992204666,0.029568415135145187
12.283819925,12.277042865753174,-0.0051637389697134495,-0.04427173733711243,0.02969292923808098
12.313574173,12.31004285812378,-0.005508223548531532,-0.04436256363987923,0.029852498322725296
12.351001138,12.34606671333313,-0.0060081142000854015,-0.04450235143303871,0.030147654935717583
12.382444813,12.374066829681396,-0.006399494595825672,-0.04464630037546158,0.03037075325846672
12.415553812,12.413066625595093,-0.007047620136290789,-0.044840216636657715,0.030669843778014183
12.449925984,12.44308853149414,-0.00760142644867301,-0.04500598832964897,0.030907725915312767
12.481527287,12.473088502883911,-0.008208946324884892,-0.045163996517658234,0.031135719269514084
12.514977564,12.51408839225769,-0.009080932475626469,-0.0453377440571785,0.03147976100444794
12.548186294,12.544112920761108,-0.009787550196051598,-0.045519258826971054,0.03175268694758415
12.581309504,12.577112913131714,-0.01065756008028984,-0.04571085795760155,0.03205382451415062
12.616253204,12.612112760543823,-0.011709540151059628,-0.045937325805425644,0.03242160752415657
12.651282103,12.641136646270752,-0.01250516064465046,-0.0462251640856266,0.032761383801698685
12.682550444,12.680136680603027,-0.013713154010474682,-0.04685894772410393,0.03355826064944267
12.715695269,12.710136651992798,-0.014525986276566982,-0.04747682064771652,0.03449193388223648
12.750107329,12.749136686325073,-0.015860429033637047,-0.04857683554291725,0.03681904450058937
12.781661243,12.773136615753174,-0.01675010658800602,-0.04946201667189598,0.038894571363925934
12.816428183,12.81213665008545,-0.018384017050266266,-0.05156935006380081,0.04429635405540466
12.849187914,12.84215521812439,-0.019823910668492317,-0.053687456995248795,0.050251852720975876
12.881762748,12.87215518951416,-0.021407553926110268,-0.05625651031732559,0.058146435767412186
12.915405678,12.91415524482727,-0.023564806208014488,-0.06040826439857483,0.07176752388477325
12.949626632,12.93917989730835,-0.02520883083343506,-0.06378298252820969,0.08352646231651306
12.980953081,12.96917986869812,-0.026905860751867294,-0.06759503483772278,0.09710682183504105
13.01553474,13.008179903030396,-0.029039593413472176,-0.07294858992099762,0.11681410670280457
13.049637081,13.046200513839722,-0.030853400006890297,-0.07749056071043015,0.13419471681118011
13.082564842,13.082200527191162,-0.03295283392071724,-0.08283767849206924,0.15532401204109192
13.115722981,13.115200519561768,-0.034236807376146317,-0.08665850758552551,0.1714209020137787
13.150166695,13.145220279693604,-0.03548317775130272,-0.09031827002763748,0.18754544854164124
13.182143885,13.17922043800354,-0.03713545575737953,-0.0948028564453125,0.20839174091815948
13.215366323,13.20922040939331,-0.03817828744649887,-0.09807795286178589,0.22468936443328857
13.249979284,13.248244285583496,-0.03973104804754257,-0.10217535495758057,0.24645055830478668
13.280527768,13.278244495391846,-0.041013993322849274,-0.10501597076654434,0.26264259219169617
13.313661679,13.311244487762451,-0.042011965066194534,-0.10759032517671585,0.2787717282772064
13.350389069,13.345268249511719,-0.043551210314035416,-0.11062878370285034,0.2993801236152649
13.382798849,13.376268148422241,-0.045031167566776276,-0.11277853697538376,0.31511497497558594
13.416022887,13.414268255233765,-0.046619947999715805,-0.11528214067220688,0.3358965218067169
13.449010115,13.447290420532227,-0.04809006303548813,-0.11702504754066467,0.35235950350761414
13.481914992,13.481290578842163,-0.049752943217754364,-0.11857988685369492,0.3690863251686096
13.515409223,13.510290384292603,-0.05086236447095871,-0.11972060054540634,0.38392916321754456
13.549482951,13.549307823181152,-0.05246787518262863,-0.12087897956371307,0.4032856225967407
13.581105901,13.578307867050171,-0.05366918817162514,-0.12153021991252899,0.41693007946014404
13.615131556,13.608307838439941,-0.05465966835618019,-0.12185859680175781,0.43097200989723206
13.648645535,13.647331476211548,-0.05606992915272713,-0.122120700776577,0.4492572247982025
13.68076281,13.677331447601318,-0.05719742178916931,-0.12211611121892929,0.4626636505126953
13.713577218,13.707331418991089,-0.058014802634716034,-0.12174030393362045,0.4757535457611084
13.751908872,13.740350484848022,-0.059283412992954254,-0.12126410007476807,0.4900670647621155
13.782516323,13.779350280761719,-0.06082283332943916,-0.12042763084173203,0.5065537095069885
13.815892847,13.809350490570068,-0.06159015744924545,-0.11948183178901672,0.5185896158218384
13.849345673,13.839372396469116,-0.06243853271007538,-0.11838798224925995,0.5303263068199158
13.881565573,13.881372451782227,-0.06374774128198624,-0.11682387441396713,0.5455093383789062
13.916547346,13.917372465133667,-0.06459926068782806,-0.1149003878235817,0.5597283840179443
13.949613606,13.936392068862915,-0.06507580727338791,-0.11386577039957047,0.5669169425964355
13.980643629,13.978392124176025,-0.066315658390522,-0.1118871420621872,0.5809834599494934
14.013768108,14.014392137527466,-0.06717105209827423,-0.10964507609605789,0.594018280506134
14.050816172,14.047414541244507,-0.06805180758237839,-0.1079980656504631,0.6038253307342529
14.08282317,14.083414554595947,-0.06939344853162766,-0.10571625083684921,0.616506814956665
14.116371149,14.116414546966553,-0.07030121982097626,-0.10394104570150375,0.6256856322288513
14.151235237,14.151414632797241,-0.07156796008348465,-0.10167056322097778,0.6372162699699402
14.18301445,14.181414604187012,-0.07263738662004471,-0.09995625913143158,0.6458549499511719
14.21601465,14.21041464805603,-0.0735776275396347,-0.09826724231243134,0.6542879343032837
14.249326523,14.240434169769287,-0.0747232735157013,-0.09659647196531296,0.6629254221916199
14.281755677,14.281434059143066,-0.07618264853954315,-0.09448622912168503,0.6737056374549866
14.316369544,14.314434051513672,-0.07709288597106934,-0.09287914633750916,0.6814616918563843
14.354060699,14.348456382751465,-0.07841476052999496,-0.090841144323349,0.6912161707878113
14.380780923,14.378456354141235,-0.07964525371789932,-0.08939944207668304,0.6986925601959229
14.414242263,14.41145634651184,-0.08050815761089325,-0.08797858655452728,0.7058233022689819
14.44978276,14.447479963302612,-0.08180569112300873,-0.08606483042240143,0.7152132987976074
14.482874593,14.482479810714722,-0.08296733349561691,-0.08467983454465866,0.7224687933921814
14.516200516,14.507479906082153,-0.08372572064399719,-0.08346105366945267,0.7290835976600647
14.549457659,14.537500381469727,-0.08460734784603119,-0.0823061391711235,0.735628068447113
14.581896863,14.579500436782837,-0.08581831306219101,-0.08090275526046753,0.7439099550247192
14.615751681,14.615500450134277,-0.08673205971717834,-0.07983092963695526,0.7520138025283813
14.647931606,14.64852499961853,-0.08756463974714279,-0.07901483029127121,0.7579449415206909
14.682135026,14.675524950027466,-0.08860353380441666,-0.07820353657007217,0.7640181183815002
14.714427207,14.705524921417236,-0.08928187191486359,-0.07756821811199188,0.7695274353027344
14.749971873,14.744548082351685,-0.09049415588378906,-0.0767771303653717,0.7767261266708374
14.784094461,14.781548023223877,-0.09181706607341766,-0.07619690150022507,0.7827752828598022
14.814007912,14.8125479221344,-0.09278121590614319,-0.07582628726959229,0.7884925007820129
14.85028759,14.844571113586426,-0.09366417676210403,-0.07550950348377228,0.7934982776641846
14.88273455,14.879570960998535,-0.0947907418012619,-0.07521543651819229,0.7999557256698608
14.916339413,14.909570932388306,-0.09542110562324524,-0.07521096616983414,0.8047372102737427
14.949992189,14.94259238243103,-0.09610798954963684,-0.07520508021116257,0.8094897866249084
14.9823005,14.976592302322388,-0.09714111685752869,-0.0752272978425026,0.8156735301017761
15.016164962,15.009592294692993,-0.09782832115888596,-0.0755201056599617,0.8209519386291504
15.049556923,15.044613361358643,-0.09873732924461365,-0.0757775828242302,0.8262223601341248
15.080850653,15.077613353729248,-0.09958871454000473,-0.07605194300413132,0.8308401107788086
15.114366829,15.113613367080688,-0.1005687266588211,-0.07670722156763077,0.8368545770645142
15.151572144,15.14664077758789,-0.10156861692667007,-0.07718350738286972,0.8419656753540039
15.18276416,15.176640748977661,-0.1023176982998848,-0.07757308334112167,0.8463606834411621
15.216271502,15.215640783309937,-0.10288972407579422,-0.0783245861530304,0.8520136475563049
15.24902034,15.24565839767456,-0.1032634899020195,-0.0789472758769989,0.8562530279159546
15.281858506,15.275658369064331,-0.10380953550338745,-0.07946161925792694,0.8605769276618958
15.315285513,15.308658361434937,-0.10431082546710968,-0.08014827221632004,0.8654119968414307
15.34885213,15.347675561904907,-0.10483305156230927,-0.0808928981423378,0.8711224794387817
15.38091086,15.377675533294678,-0.10533984005451202,-0.08138289302587509,0.8755221366882324
15.4140052,15.407675504684448,-0.10558892041444778,-0.08205144107341766,0.8798568844795227
15.448473866,15.447692632675171,-0.10611967742443085,-0.08281828463077545,0.8859237432479858
15.483042518,15.477692604064941,-0.10652735829353333,-0.0833316445350647,0.8903923034667969
15.515841061,15.510692596435547,-0.10670343786478043,-0.08394286036491394,0.8952785134315491
15.549260291,15.5407075881958,-0.1067550852894783,-0.08440700173377991,0.8995148539543152
15.582037359,15.579707384109497,-0.10702953487634659,-0.08494170755147934,0.9051976799964905
15.616440157,15.609707593917847,-0.10689655691385269,-0.08542972058057785,0.9093306660652161
15.650319117,15.649728775024414,-0.10697323083877563,-0.08588673919439316,0.9150994420051575
15.682129511,15.679728746414185,-0.10705597698688507,-0.08608991652727127,0.9192319512367249
15.715031059,15.71272873878479,-0.1067686378955841,-0.08639729768037796,0.9231818914413452
15.748931377,15.747728824615479,-0.10665226727724075,-0.08678724616765976,0.9283172488212585
15.781018508,15.777728796005249,-0.10678665339946747,-0.08692492544651031,0.9323127269744873
15.81429113,15.810728788375854,-0.10667242854833603,-0.08708510547876358,0.9361515045166016
15.850336855,15.847749710083008,-0.10667666792869568,-0.08715615421533585,0.9413889050483704
15.882948047,15.880749702453613,-0.10680005699396133,-0.08713685721158981,0.9452217817306519
15.916878547,15.916749715805054,-0.10672866553068161,-0.0871075764298439,0.9501924514770508
15.950545543,15.945770502090454,-0.10674289613962173,-0.08702249079942703,0.9537537097930908
15.982694253,15.975770473480225,-0.10678891092538834,-0.08675215393304825,0.9574084877967834
16.015718959,16.0147705078125,-0.10648711770772934,-0.08639965206384659,0.9620815515518188
16.050077375,16.044799327850342,-0.10644571483135223,-0.08609479665756226,0.9656456112861633
16.081927408,16.077799320220947,-0.10665349662303925,-0.08561550080776215,0.9697257280349731
16.115408771,16.112799406051636,-0.10664854943752289,-0.08506019413471222,0.9737015962600708
16.149217617,16.148823976516724,-0.10651876032352448,-0.08445360511541367,0.9782000184059143
16.180965263,16.18182396888733,-0.10676600784063339,-0.08376217633485794,0.9821393489837646
16.214552886,16.210824012756348,-0.1065702810883522,-0.08320155739784241,0.9854031801223755
16.251104237,16.240843057632446,-0.106426902115345,-0.08256012946367264,0.9887669682502747
16.283176773,16.27984309196472,-0.10625115036964417,-0.08162305504083633,0.9931543469429016
16.316542788,16.309843063354492,-0.10583077371120453,-0.08089731633663177,0.9963648319244385
16.349783437,16.342864513397217,-0.10579314827919006,-0.08007163554430008,1.000038504600525
16.382888669,16.372864484786987,-0.10558027774095535,-0.07932429760694504,1.0032422542572021
16.415854805,16.411864519119263,-0.10520437359809875,-0.07828828692436218,1.0073398351669312
16.448279052,16.44188380241394,-0.10496985912322998,-0.07753819972276688,1.0103814601898193
16.480940429,16.469883918762207,-0.10485923290252686,-0.07685721665620804,1.0133081674575806
16.514850477,16.509883880615234,-0.10446850955486298,-0.0758754312992096,1.0173072814941406
16.550451258,16.549907207489014,-0.10408376902341843,-0.07493270188570023,1.0211763381958008
16.583812984,16.579907178878784,-0.1039448156952858,-0.07424003630876541,1.0241483449935913
16.616408654,16.609907150268555,-0.10362709313631058,-0.07361870259046555,1.026922583580017
16.649775597,16.639923095703125,-0.10345067828893661,-0.07302514463663101,1.0296630859375
16.682128688,16.681923151016235,-0.10342538356781006,-0.07220569998025894,1.0332766771316528
16.715572167,16.706923007965088,-0.10315539687871933,-0.07173408567905426,1.0358171463012695
16.748819003,16.73694610595703,-0.1031109020113945,-0.07127151638269424,1.0384894609451294
16.781067102,16.77894616127014,-0.1032370924949646,-0.0705663412809372,1.0419799089431763
16.81437094,16.80794596672058,-0.10302980244159698,-0.07013721019029617,1.0444097518920898
16.850920059,16.846967220306396,-0.10292937606573105,-0.0695575624704361,1.0476328134536743
16.883579143,16.876967430114746,-0.1030103787779808,-0.06916829943656921,1.0499924421310425
16.916387629,16.90896725654602,-0.10281991958618164,-0.06880652904510498,1.0525821447372437
16.950250159,16.93898868560791,-0.10269127786159515,-0.06850239634513855,1.0548971891403198
16.982283884,16.977988481521606,-0.10259204357862473,-0.0681995376944542,1.0579710006713867
17.018049983,17.00998854637146,-0.10219355672597885,-0.06809743493795395,1.0603426694869995
17.048424853,17.04900598526001,-0.10171154886484146,-0.06795340031385422,1.0633141994476318
17.081638435,17.07900595664978,-0.1013236939907074,-0.06780868768692017,1.0654667615890503
17.115453405,17.1080060005188,-0.10043783485889435,-0.06782306730747223,1.0674283504486084
17.151292093,17.146026372909546,-0.09973494708538055,-0.06786424666643143,1.07028067111969
17.183285587,17.176026582717896,-0.09934776276350021,-0.0678548812866211,1.0723412036895752
17.216754478,17.206026554107666,-0.0984615907073021,-0.06791839748620987,1.0742663145065308
17.250568903,17.248046398162842,-0.0975617840886116,-0.06805745512247086,1.07676362991333
17.282864179,17.284046411514282,-0.09685409069061279,-0.06822305172681808,1.079175353050232
17.316364052,17.317046403884888,-0.09615917503833771,-0.06834590435028076,1.0810213088989258
17.348821372,17.34307050704956,-0.0955459326505661,-0.06849124282598495,1.082841396331787
17.381598556,17.37307047843933,-0.09508670121431351,-0.06866054981946945,1.0846402645111084
17.415374158,17.41507053375244,-0.09389645606279373,-0.0689852312207222,1.0868631601333618
17.451221297,17.451088428497314,-0.09324934333562851,-0.06926963478326797,1.0891598463058472
17.483526365,17.48408842086792,-0.09267513453960419,-0.0695306807756424,1.0908873081207275
17.517012956,17.512088537216187,-0.09191890060901642,-0.06980586796998978,1.0926682949066162
17.549958331,17.542110681533813,-0.09126697480678558,-0.07011080533266068,1.0943928956985474
17.582427109,17.584110736846924,-0.09068682789802551,-0.07039529830217361,1.0967541933059692
17.615375524,17.609110593795776,-0.08981478959321976,-0.07063131034374237,1.098394513130188
17.648628953,17.640132904052734,-0.0890842154622078,-0.07088623940944672,1.100071907043457
17.681391505,17.678133010864258,-0.08838260918855667,-0.07111164182424545,1.102294921875
17.714960712,17.716132879257202,-0.08755070716142654,-0.0714159607887268,1.104190468788147
17.751876625,17.752150297164917,-0.08657095581293106,-0.07178598642349243,1.1064339876174927
17.783777569,17.785150289535522,-0.08608093112707138,-0.07188141345977783,1.1080793142318726
17.816852002,17.815150260925293,-0.08521056175231934,-0.07205676287412643,1.1096810102462769
17.849615819,17.849170923233032,-0.0842226892709732,-0.07227683812379837,1.1117514371871948
17.882177552,17.879170894622803,-0.08367534726858139,-0.07231596112251282,1.1133215427398682
17.916855244,17.912170886993408,-0.08252990245819092,-0.0724945142865181,1.1148405075073242
17.948448262,17.94819211959839,-0.08143744617700577,-0.072611503303051,1.1164735555648804
17.981539817,17.981192111968994,-0.08085248619318008,-0.07254473865032196,1.1171863079071045
18.015270654,18.016192197799683,-0.0796542838215828,-0.07260055094957352,1.11759352684021
18.051846282,18.046209812164307,-0.07920911908149719,-0.07248828560113907,1.1174920797348022
18.084289883,18.085209846496582,-0.07877152413129807,-0.07217612117528915,1.1168767213821411
18.117251015,18.115209817886353,-0.07835185527801514,-0.07183773815631866,1.116108775138855
18.151312502,18.1432363986969,-0.0781945213675499,-0.07127045094966888,1.115159034729004
18.183667383,18.182236433029175,-0.07852759212255478,-0.07004490494728088,1.1136178970336914
18.216356563,18.212236404418945,-0.07878730446100235,-0.06871069222688675,1.112331748008728
18.249536678,18.242255687713623,-0.07938391715288162,-0.06698308140039444,1.1110074520111084
18.282989897,18.27525568008423,-0.08062118291854858,-0.06432594358921051,1.1094541549682617
18.316018561,18.308255672454834,-0.08165402710437775,-0.060986701399087906,1.107835292816162
18.349886894,18.345279693603516,-0.0830736830830574,-0.05685119330883026,1.1062114238739014
18.382244143,18.381279706954956,-0.08479656279087067,-0.050858430564403534,1.1043797731399536
18.414630037,18.411279678344727,-0.08593020588159561,-0.04552019387483597,1.1031001806259155
18.451322262,18.44430184364319,-0.0876617431640625,-0.038632724434137344,1.1017181873321533
18.483573541,18.484302043914795,-0.08940710127353668,-0.02930084615945816,1.1001588106155396
18.516812386,18.513301849365234,-0.09041574597358704,-0.02130080759525299,1.0990383625030518
18.551379242,18.54331922531128,-0.09150513261556625,-0.012492582201957703,1.0979163646697998
18.582320145,18.576319217681885,-0.09296849370002747,-0.002898440696299076,1.0968759059906006
18.61565856,18.611319303512573,-0.09459059685468674,0.010795535519719124,1.09556245803833
18.648759333,18.64134168624878,-0.0958985909819603,0.02232540212571621,1.0945478677749634
18.681426646,18.680341720581055,-0.09768499433994293,0.03899673745036125,1.0932987928390503
18.714607028,18.710341691970825,-0.09895976632833481,0.05258716270327568,1.0924042463302612
18.750755357,18.752368450164795,-0.10075706988573074,0.07121451944112778,1.0913033485412598
18.78369384,18.777368545532227,-0.10238980501890182,0.08649468421936035,1.090466022491455
18.81636258,18.807368516921997,-0.10377447307109833,0.10264046490192413,1.0896706581115723
18.849725393,18.84938907623291,-0.10614994168281555,0.12667562067508698,1.0886077880859375
18.883957641,18.87938904762268,-0.1078575924038887,0.1445111781358719,1.0878902673721313
18.915276958,18.912389039993286,-0.10968972742557526,0.16559633612632751,1.08705735206604
18.948905867,18.942412853240967,-0.11131880432367325,0.1850592941045761,1.0863806009292603
18.981355336,18.975412845611572,-0.1129857674241066,0.20519959926605225,1.0857317447662354
19.015273255,19.00941276550293,-0.11495669186115265,0.23223581910133362,1.0849249362945557
19.050484235,19.04743480682373,-0.11678119003772736,0.25660449266433716,1.0842849016189575
19.084068112,19.08243489265442,-0.11877607554197311,0.28558385372161865,1.0837022066116333
19.116671304,19.11143469810486,-0.12018375843763351,0.3087911009788513,1.0832688808441162
19.150077486,19.15045475959778,-0.12233035266399384,0.3405199348926544,1.0827583074569702
19.182552815,19.179454803466797,-0.12394682317972183,0.3638627529144287,1.0824294090270996
19.215791191,19.209454774856567,-0.12554116547107697,0.3886738419532776,1.0821009874343872
19.249867507,19.24847435951233,-0.1276102066040039,0.42245736718177795,1.0816656351089478
19.281651706,19.27847456932068,-0.12937971949577332,0.44835764169692993,1.0813440084457397
19.314723044,19.311474561691284,-0.1311074048280716,0.4745587706565857,1.081019401550293
19.351334784,19.345496654510498,-0.13337214291095734,0.5090450644493103,1.0805083513259888
19.383869035,19.37549662590027,-0.13524441421031952,0.5362012982368469,1.0800760984420776
19.414983901,19.414496660232544,-0.13761666417121887,0.5728283524513245,1.0794496536254883
19.447876487,19.446516513824463,-0.13954885303974152,0.6018990874290466,1.0789521932601929
19.483891801,19.48551654815674,-0.14203369617462158,0.6397314667701721,1.078320860862732
19.517663263,19.51551651954651,-0.14401009678840637,0.668454647064209,1.077891230583191
19.554712584,19.54354429244995,-0.14595229923725128,0.6962852478027344,1.0775489807128906
19.582751226,19.582544326782227,-0.14859755337238312,0.7355560660362244,1.0770196914672852
19.615831238,19.612544298171997,-0.1506003886461258,0.7653527855873108,1.0765843391418457
19.649106228,19.646564722061157,-0.15268151462078094,0.7967333793640137,1.0761584043502808
19.681877443,19.68356490135193,-0.15541160106658936,0.8373637795448303,1.0756807327270508
19.714666983,19.712564945220947,-0.15756894648075104,0.8680185675621033,1.07538640499115
19.751621063,19.745588064193726,-0.159911647439003,0.9028652906417847,1.0750694274902344
19.783830853,19.785588026046753,-0.16261009871959686,0.9446203112602234,1.0745248794555664
19.816917853,19.81458806991577,-0.16470718383789062,0.9761391282081604,1.0741500854492188
19.849739078,19.844608545303345,-0.16674008965492249,1.0078855752944946,1.073836326599121
19.882707721,19.87760853767395,-0.16864943504333496,1.0398653745651245,1.0735136270523071
19.915888114,19.91260862350464,-0.17113825678825378,1.081104040145874,1.0731868743896484
19.949178862,19.942631244659424,-0.1729172319173813,1.1132336854934692,1.0729609727859497
19.982251971,19.98163104057312,-0.1752273142337799,1.1565710306167603,1.0734443664550781
20.014979356,20.01163125038147,-0.17701689898967743,1.1890316009521484,1.0749797821044922
20.051128975,20.039650201797485,-0.17873519659042358,1.2195414304733276,1.0769628286361694
20.083704045,20.07864999771118,-0.18128013610839844,1.2597925662994385,1.0801953077316284
20.116833068,20.108649969100952,-0.18337729573249817,1.2873988151550293,1.0824867486953735
20.150099172,20.150675058364868,-0.1861819177865982,1.3195395469665527,1.0849419832229614
20.183548731,20.180675268173218,-0.18856236338615417,1.344286561012268,1.086388111114502
20.215838023,20.213675260543823,-0.19087918102741241,1.3628075122833252,1.0871524810791016
20.249023601,20.248697757720947,-0.1938781887292862,1.3833949565887451,1.0872763395309448
20.281828695,20.278697729110718,-0.19618462026119232,1.3969980478286743,1.0867574214935303
20.31519552,20.30869770050049,-0.1985567808151245,1.4076728820800781,1.0858770608901978
20.350845787,20.341717958450317,-0.20121131837368011,1.4179964065551758,1.0844662189483643
20.384086254,20.37971782684326,-0.20452919602394104,1.4274455308914185,1.0825189352035522
20.416781249,20.40971803665161,-0.20708724856376648,1.4319568872451782,1.0809115171432495
20.4511559,20.439738750457764,-0.20974098145961761,1.4354313611984253,1.079255223274231
20.483682865,20.481738567352295,-0.21338236331939697,1.4385936260223389,1.0769983530044556
20.517192116,20.50773859024048,-0.21611499786376953,1.438668131828308,1.0754358768463135
20.54985981,20.550758838653564,-0.22005118429660797,1.4377663135528564,1.0732979774475098
20.583023944,20.576758861541748,-0.22312569618225098,1.4364159107208252,1.0717260837554932
20.616607351,20.60675883293152,-0.2260417640209198,1.4335683584213257,1.0702273845672607
20.649351251,20.648781299591064,-0.2298084944486618,1.4292237758636475,1.068444013595581
20.682321711,20.673781394958496,-0.23274756968021393,1.4256439208984375,1.0671812295913696
20.716100203,20.71778130531311,-0.23614299297332764,1.4193661212921143,1.0656465291976929
20.749311268,20.74580216407776,-0.23895013332366943,1.4142144918441772,1.0646613836288452
20.781843334,20.774802207946777,-0.24130657315254211,1.4091750383377075,1.063889741897583
20.815589884,20.813802242279053,-0.2439703792333603,1.4011790752410889,1.063004970550537
20.856298742,20.843817710876465,-0.24589914083480835,1.3951605558395386,1.0624631643295288
20.883909882,20.885817766189575,-0.24816937744617462,1.3870470523834229,1.061864972114563
20.917396291,20.910817861557007,-0.24947375059127808,1.3802833557128906,1.0614869594573975
20.950522925,20.951836347579956,-0.251356303691864,1.371497392654419,1.0610300302505493
20.983592717,20.98483633995056,-0.2526073157787323,1.3648918867111206,1.0607154369354248
21.016498544,21.012836456298828,-0.25346639752388,1.3580138683319092,1.0603749752044678
21.049787543,21.04885983467102,-0.2546549141407013,1.349399209022522,1.0597652196884155
21.08215398,21.081859827041626,-0.2557019591331482,1.3430523872375488,1.0592255592346191
21.115216794,21.10785984992981,-0.2560022473335266,1.3364067077636719,1.0586766004562378
21.151808259,21.15088152885437,-0.2570458650588989,1.3275188207626343,1.0577813386917114
21.184259223,21.18088150024414,-0.2578331232070923,1.3214741945266724,1.0571216344833374
21.217267308,21.213881492614746,-0.25785788893699646,1.3153232336044312,1.0564460754394531
21.252117828,21.2498996257782,-0.2580716907978058,1.3075870275497437,1.0554407835006714
21.283732901,21.277899742126465,-0.25832706689834595,1.3021838665008545,1.054665207862854
21.31708399,21.31689977645874,-0.25773775577545166,1.2945071458816528,1.0537497997283936
21.350103565,21.346917629241943,-0.2574782073497772,1.2890491485595703,1.053018569946289
21.383072956,21.376917600631714,-0.2574886977672577,1.283940315246582,1.0523076057434082
21.416085298,21.40991759300232,-0.25696444511413574,1.27845299243927,1.051626443862915
21.449541813,21.44893193244934,-0.25621652603149414,1.2721657752990723,1.0508768558502197
21.481860498,21.47893190383911,-0.25599026679992676,1.267816185951233,1.0503352880477905
21.515386594,21.508931875228882,-0.2548080384731293,1.2634459733963013,1.049970030784607
21.55170902,21.54994821548462,-0.25430577993392944,1.2588249444961548,1.0494459867477417
21.584160719,21.58594822883606,-0.2532052993774414,1.2539095878601074,1.049031138420105
21.61998837,21.613948345184326,-0.25120455026626587,1.2504920959472656,1.0488661527633667
21.650836973,21.64694833755493,-0.24952904880046844,1.247146725654602,1.0487542152404785
21.683168964,21.682948350906372,-0.24775823950767517,1.2432405948638916,1.0486301183700562
21.717144333,21.71194839477539,-0.24550022184848785,1.2406306266784668,1.0486791133880615
21.749374982,21.750967025756836,-0.24247562885284424,1.2372350692749023,1.0487726926803589
21.781917397,21.780966997146606,-0.2405218482017517,1.2352030277252197,1.0488113164901733
21.814999522,21.809967041015625,-0.23832020163536072,1.2334314584732056,1.048913598060608
21.851783317,21.85198450088501,-0.23587508499622345,1.2314321994781494,1.049092173576355
21.884068855,21.877984523773193,-0.23398518562316895,1.2303171157836914,1.049238681793213
21.919019435,21.907984495162964,-0.2318871021270752,1.2294621467590332,1.049436092376709
21.95043839,21.947004079818726,-0.22946807742118835,1.2286051511764526,1.0496797561645508
21.983490301,21.977004051208496,-0.2280341386795044,1.228289008140564,1.0497759580612183
22.016482043,22.005004167556763,-0.2257521152496338,1.228210210800171,1.0499322414398193
22.049993779,22.04402732849121,-0.2233624905347824,1.2284742593765259,1.050077199935913
22.082108887,22.07402753829956,-0.22196727991104126,1.2290318012237549,1.0501068830490112
22.11617048,22.113027334213257,-0.21919478476047516,1.2300649881362915,1.050233244895935
22.148764264,22.137048482894897,-0.21831130981445312,1.2308753728866577,1.050237774848938
22.183969223,22.176048517227173,-0.21649879217147827,1.2325931787490845,1.050220012664795
22.217396721,22.217048406600952,-0.21416926383972168,1.2347651720046997,1.0502749681472778
22.250483871,22.25006604194641,-0.21301409602165222,1.2369049787521362,1.05027174949646
22.283436565,22.28006601333618,-0.21200473606586456,1.2390902042388916,1.050367832183838
22.321064284,22.313066005706787,-0.21047566831111908,1.2416017055511475,1.0505807399749756
22.349634293,22.341087818145752,-0.20891700685024261,1.244398832321167,1.0507831573486328
22.38204763,22.383087873458862,-0.20740601420402527,1.2483385801315308,1.0509895086288452
22.41613521,22.409087896347046,-0.20586428046226501,1.251670241355896,1.051148533821106
22.449360273,22.43810510635376,-0.20460279285907745,1.2551192045211792,1.051304817199707
22.4826866,22.482105016708374,-0.20354518294334412,1.2604408264160156,1.0514285564422607
22.516364702,22.51510500907898,-0.20219343900680542,1.2644296884536743,1.0515638589859009
22.552195466,22.55112600326538,-0.2008969932794571,1.2699012756347656,1.051720380783081
22.584086632,22.584125995635986,-0.2002287656068802,1.2741360664367676,1.0518027544021606
22.618734726,22.618125915527344,-0.1987752616405487,1.280005931854248,1.0519919395446777
22.650254435,22.648149013519287,-0.19796612858772278,1.2845892906188965,1.0521528720855713
22.683318696,22.678148984909058,-0.19745133817195892,1.2892475128173828,1.0523043870925903
22.725452518,22.717149019241333,-0.19640927016735077,1.295828938484192,1.0525226593017578
22.749496058,22.746168851852417,-0.1960262954235077,1.3006317615509033,1.0526888370513916
22.782145735,22.776168823242188,-0.1959381252527237,1.3056987524032593,1.0528035163879395
22.815393917,22.815168857574463,-0.19536536931991577,1.3127082586288452,1.0530047416687012
22.852299214,22.84319233894348,-0.19519460201263428,1.3177748918533325,1.0531671047210693
22.884631652,22.876192331314087,-0.1956624537706375,1.3237261772155762,1.053322434425354
22.917627117,22.906192302703857,-0.19558857381343842,1.3291573524475098,1.0535904169082642
22.95119593,22.948214292526245,-0.19581395387649536,1.3363633155822754,1.0538612604141235
22.983038746,22.984214305877686,-0.1962151825428009,1.3438835144042969,1.0540497303009033
23.016380672,23.014214277267456,-0.1964309811592102,1.3496350049972534,1.0541951656341553
23.049559977,23.047231197357178,-0.19725480675697327,1.3561524152755737,1.0542315244674683
23.082336844,23.082231283187866,-0.19830136001110077,1.3629372119903564,1.0543391704559326
23.115452714,23.112231254577637,-0.19866669178009033,1.368937373161316,1.0545387268066406
23.151659042,23.15124821662903,-0.1997191607952118,1.3771600723266602,1.0547499656677246
23.184403648,23.180248022079468,-0.20076388120651245,1.3834114074707031,1.054924488067627
23.217311545,23.213248014450073,-0.20183029770851135,1.3905069828033447,1.0550165176391602
23.251943743,23.244266510009766,-0.20271295309066772,1.3969358205795288,1.055058240890503
23.2840596,23.28226661682129,-0.2037651538848877,1.4056442975997925,1.055174708366394
23.3171402,23.31326651573181,-0.20456358790397644,1.4123384952545166,1.055251121520996
23.35032805,23.345285654067993,-0.20611631870269775,1.4199578762054443,1.0553004741668701
23.382978847,23.375285625457764,-0.20764252543449402,1.4268096685409546,1.0554345846176147
23.417345303,23.41428565979004,-0.20919252932071686,1.4360339641571045,1.055661678314209
23.450876894,23.452304363250732,-0.2114107310771942,1.4447420835494995,1.0556442737579346
23.483058233,23.482304334640503,-0.2130749374628067,1.4517858028411865,1.05562162399292
23.516165558,23.51530432701111,-0.21503978967666626,1.4596097469329834,1.0556082725524902
23.549878556,23.54532289505005,-0.2165696918964386,1.4665980339050293,1.055570125579834
23.582601142,23.584322929382324,-0.21889355778694153,1.4760366678237915,1.0554064512252808
23.617092067,23.614322900772095,-0.22057482600212097,1.4830659627914429,1.0553065538406372
23.652193402,23.645343780517578,-0.22240015864372253,1.4907997846603394,1.0551902055740356
23.684103073,23.6833438873291,-0.22445008158683777,1.4989254474639893,1.055053949356079
23.715720103,23.708343744277954,-0.22619187831878662,1.506087064743042,1.0549876689910889
23.752016951,23.75236225128174,-0.2285337895154953,1.5157041549682617,1.0548393726348877
23.785129312,23.786362171173096,-0.23099306225776672,1.5251351594924927,1.054707407951355
23.818501077,23.816362380981445,-0.2329261302947998,1.5323703289031982,1.0546921491622925
23.85152091,23.849379062652588,-0.23490673303604126,1.5396089553833008,1.054740309715271
23.884035439,23.88537907600403,-0.23751813173294067,1.549216389656067,1.0548667907714844
23.916554609,23.914379119873047,-0.2395225316286087,1.5560302734375,1.0550050735473633
23.949999411,23.943397998809814,-0.2417239099740982,1.5632494688034058,1.055016040802002
23.982362106,23.98339819908142,-0.24475571513175964,1.5729213953018188,1.0549261569976807
24.015813886,24.01139807701111,-0.24692632257938385,1.5797762870788574,1.0548360347747803
24.051976439,24.044421195983887,-0.24950486421585083,1.5879461765289307,1.0546724796295166
24.084694875,24.074421167373657,-0.25180962681770325,1.5952012538909912,1.0545189380645752
24.117600672,24.116421222686768,-0.2547934949398041,1.6043064594268799,1.0543285608291626
24.152029869,24.152435779571533,-0.25776711106300354,1.6138352155685425,1.0540932416915894
24.183533183,24.18543577194214,-0.2599232792854309,1.621010422706604,1.0538276433944702
24.217836086,24.213435649871826,-0.26194441318511963,1.6277486085891724,1.0535575151443481
24.250271241,24.24945378303528,-0.26472410559654236,1.637295126914978,1.0531368255615234
24.282309688,24.282453775405884,-0.26690971851348877,1.6445600986480713,1.0528039932250977
24.315550007,24.312453746795654,-0.2690476179122925,1.6517971754074097,1.0524500608444214
24.352972106,24.347474575042725,-0.27168214321136475,1.6612932682037354,1.0520007610321045
24.384308223,24.386474609375,-0.2744007408618927,1.6713978052139282,1.0516358613967896
24.417386594,24.41647458076477,-0.2762884795665741,1.678950309753418,1.051401972770691
24.450497098,24.452494144439697,-0.27830350399017334,1.6873859167099,1.0511364936828613
24.483278778,24.480494022369385,-0.28016191720962524,1.6952595710754395,1.0508908033370972
24.516358397,24.516494035720825,-0.2824992835521698,1.705278754234314,1.0505774021148682
24.550045225,24.54951500892639,-0.2842424809932709,1.71324622631073,1.0502671003341675
24.582392397,24.574515104293823,-0.28588008880615234,1.7213261127471924,1.049896478652954
24.61794438,24.612515211105347,-0.28766772150993347,1.7304431200027466,1.0494407415390015
24.651497041,24.64853549003601,-0.28976401686668396,1.741276502609253,1.048856258392334
24.684623766,24.681535482406616,-0.2912640869617462,1.7495410442352295,1.0482741594314575
24.717544169,24.717535495758057,-0.293343186378479,1.760426640510559,1.047358751296997
24.75087085,24.746554136276245,-0.2947380840778351,1.768337607383728,1.0466026067733765
24.783903816,24.78555393218994,-0.2965996563434601,1.7794368267059326,1.045497179031372
24.816528616,24.81455397605896,-0.297989159822464,1.7876187562942505,1.0447003841400146
24.850215103,24.849574327468872,-0.29933327436447144,1.7963676452636719,1.0438494682312012
24.882407732,24.874574184417725,-0.30054518580436707,1.804796814918518,1.0431098937988281
24.915614393,24.904574155807495,-0.30177074670791626,1.8129364252090454,1.0424554347991943
24.952074735,24.946574211120605,-0.30327141284942627,1.8247772455215454,1.041658639907837
24.984402043,24.976574182510376,-0.3042921721935272,1.8332351446151733,1.0412359237670898
25.018754885,25.00957417488098,-0.30534353852272034,1.842726469039917,1.0408581495285034
25.05093228,25.039589643478394,-0.30629441142082214,1.8511919975280762,1.0406811237335205
25.083619394,25.07858967781067,-0.30739763379096985,1.8627376556396484,1.040549635887146
25.117227532,25.10858964920044,-0.3082685172557831,1.8713619709014893,1.0405230522155762
25.150095125,25.15060567855835,-0.30923277139663696,1.8826097249984741,1.040571928024292
25.182342804,25.176605701446533,-0.3097666800022125,1.8914892673492432,1.040635347366333
25.21591772,25.20560574531555,-0.3104221522808075,1.9001661539077759,1.0407613515853882
25.251872022,25.2456271648407,-0.31105536222457886,1.912007212638855,1.040939211845398
25.284733407,25.28262734413147,-0.31125926971435547,1.9222309589385986,1.0411158800125122
25.318335944,25.31862711906433,-0.3117659091949463,1.9341192245483398,1.0414929389953613
25.350708572,25.34864616394043,-0.3119935691356659,1.9431445598602295,1.0418317317962646
25.383624334,25.379646062850952,-0.31196174025535583,1.9530500173568726,1.0422546863555908
25.416806254,25.4096462726593,-0.3121166527271271,1.9619863033294678,1.0427229404449463
25.450708522,25.442666053771973,-0.31203022599220276,1.9721894264221191,1.043252944946289
25.482662646,25.472666263580322,-0.31195464730262756,1.981075406074524,1.043710708618164
25.515711551,25.514666080474854,-0.3118875324726105,1.9926680326461792,1.0442769527435303
25.549360304,25.55068612098694,-0.3118366003036499,2.0037970542907715,1.0447739362716675
25.582499464,25.583686113357544,-0.31166571378707886,2.0123679637908936,1.0451149940490723
25.616301107,25.609686136245728,-0.31173115968704224,2.0206732749938965,1.0455269813537598
25.651872271,25.652704000473022,-0.31166794896125793,2.0317277908325195,1.0459249019622803
25.684672295,25.68170404434204,-0.311677485704422,2.0396294593811035,1.0461779832839966
25.717897082,25.71770405769348,-0.3118416666984558,2.050583600997925,1.0465039014816284
25.75194185,25.750717878341675,-0.3119280934333801,2.0587430000305176,1.0467274188995361
25.784697628,25.786717891693115,-0.31210795044898987,2.0695998668670654,1.0469835996627808
25.818485967,25.814717769622803,-0.3124934136867523,2.0772852897644043,1.0471879243850708
25.851252947,25.844717979431152,-0.31282296776771545,2.0853748321533203,1.0473692417144775
25.883864988,25.88371777534485,-0.31335750222206116,2.096066474914551,1.047595500946045
25.916949111,25.911717891693115,-0.3140130639076233,2.1037139892578125,1.0477726459503174
25.950463003,25.945735692977905,-0.31460022926330566,2.112846612930298,1.0479360818862915
25.983763163,25.974735736846924,-0.31528961658477783,2.1209027767181396,1.048137903213501
26.016966922,26.016735792160034,-0.3166194260120392,2.131375551223755,1.048452615737915
26.050799077,26.042757034301758,-0.3175569474697113,2.1395304203033447,1.0486860275268555
26.082862223,26.07275700569153,-0.3185987174510956,2.1477105617523193,1.0489524602890015
26.116071647,26.11475706100464,-0.320272296667099,2.1582870483398438,1.0492743253707886
26.15281816,26.14475703239441,-0.32154878973960876,2.1675713062286377,1.049544095993042
26.182549289,26.177757024765015,-0.3228902518749237,2.17587947845459,1.0498735904693604
26.217648286,26.211756944656372,-0.3249630630016327,2.1866843700408936,1.050301194190979
26.251440595,26.24177360534668,-0.32654592394828796,2.195178985595703,1.0506324768066406
26.283798832,26.280773639678955,-0.3286502957344055,2.20674204826355,1.0510926246643066
26.317585923,26.31877374649048,-0.33063605427742004,2.217700242996216,1.0515207052230835
26.350493023,26.351794958114624,-0.3325231671333313,2.226444959640503,1.0518726110458374
26.382804949,26.37979483604431,-0.33428385853767395,2.2350003719329834,1.0521934032440186
26.415942137,26.415794849395752,-0.3367483615875244,2.2470550537109375,1.05263352394104
26.452382068,26.448813438415527,-0.33854103088378906,2.256216526031494,1.0529472827911377
26.484801116,26.483813285827637,-0.3406844735145569,2.268085241317749,1.053330421447754
26.518854077,26.507813453674316,-0.3419911861419678,2.275376558303833,1.0536609888076782
26.553453084,26.549830436706543,-0.3442873954772949,2.287776470184326,1.054357886314392
26.583748343,26.585830450057983,-0.3463074564933777,2.299856662750244,1.0551234483718872
26.617311204,26.617830514907837,-0.3478602170944214,2.3092563152313232,1.0558370351791382
26.650775648,26.64685082435608,-0.34922295808792114,2.3186488151550293,1.0565659999847412
26.682743285,26.68285083770752,-0.35093456506729126,2.3307745456695557,1.057649850845337
26.715739244,26.715850830078125,-0.35225045680999756,2.3402297496795654,1.0585393905639648
26.749309093,26.74087166786194,-0.353456050157547,2.349538803100586,1.059398889541626
26.784929758,26.784871816635132,-0.35506394505500793,2.3619425296783447,1.0605807304382324
26.81809957,26.81887173652649,-0.3566676378250122,2.373940944671631,1.0617082118988037
26.851502927,26.848891019821167,-0.357891321182251,2.383094549179077,1.0625172853469849
26.883954504,26.881891012191772,-0.3591999113559723,2.3921947479248047,1.0633118152618408
26.917072436,26.917891025543213,-0.3610638976097107,2.4043192863464355,1.064446210861206
26.951264887,26.946906566619873,-0.3624458611011505,2.4129626750946045,1.0652326345443726
26.983793214,26.98590660095215,-0.3644260764122009,2.424895763397217,1.0663036108016968
27.017110252,27.01590657234192,-0.3660842478275299,2.4339559078216553,1.0671519041061401
27.050238361,27.043924570083618,-0.3676418364048004,2.4426441192626953,1.067906141281128
27.083118908,27.078924417495728,-0.36951541900634766,2.4530906677246094,1.0687543153762817
27.117107933,27.117924451828003,-0.3719223141670227,2.465205430984497,1.069770336151123
27.153312282,27.147945404052734,-0.37390702962875366,2.47428297996521,1.0705347061157227
27.184737091,27.175945520401,-0.3758609890937805,2.4830024242401123,1.071230173110962
27.218369735,27.214945554733276,-0.37875235080718994,2.4951179027557373,1.0722849369049072
27.251731996,27.244945526123047,-0.3808777630329132,2.504197120666504,1.073013186454773
27.284027387,27.274945497512817,-0.3830718696117401,2.5132322311401367,1.0737571716308594
27.317071194,27.316945552825928,-0.38621923327445984,2.5253005027770996,1.0748246908187866
27.351003153,27.34194540977478,-0.38851961493492126,2.5340068340301514,1.0754659175872803
27.382800891,27.37194538116455,-0.3909289836883545,2.54311203956604,1.0760453939437866
27.416098693,27.410945415496826,-0.39409348368644714,2.555361270904541,1.076744794845581
27.453452519,27.448963165283203,-0.3966611325740814,2.5656328201293945,1.0771937370300293
27.485297272,27.484963178634644,-0.3997439742088318,2.5778636932373047,1.0777002573013306
27.518158552,27.51796317100525,-0.4022003412246704,2.587036371231079,1.078110694885254
27.551493,27.5429630279541,-0.404571533203125,2.5961999893188477,1.0784047842025757
27.584197165,27.580963134765625,-0.40718477964401245,2.606394052505493,1.0786120891571045
27.617059917,27.616963148117065,-0.41033700108528137,2.618424892425537,1.078858494758606
27.65061754,27.646984577178955,-0.4127309322357178,2.6273088455200195,1.078980565071106
27.683113568,27.67998456954956,-0.41505035758018494,2.636025905609131,1.0790826082229614
27.716274142,27.713984727859497,-0.41804128885269165,2.6470091342926025,1.0792652368545532
27.752038649,27.753003358840942,-0.42109009623527527,2.658104658126831,1.079372525215149
27.784987764,27.783003330230713,-0.42339932918548584,2.666188955307007,1.0794757604599
27.81784531,27.81200337409973,-0.4256124198436737,2.673724889755249,1.079653024673462
27.851347479,27.845022439956665,-0.4281834661960602,2.682328701019287,1.0797579288482666
27.883969242,27.875022411346436,-0.43049338459968567,2.6897683143615723,1.07982337474823
27.917755267,27.917022466659546,-0.43346017599105835,2.6989738941192627,1.0800106525421143
27.952829192,27.953036069869995,-0.4365423023700714,2.708109140396118,1.0801161527633667
27.984114694,27.9860360622406,-0.43888986110687256,2.714768409729004,1.0801684856414795
28.017317292,28.014036178588867,-0.44109323620796204,2.7209970951080322,1.0802243947982788
28.051995469,28.044053316116333,-0.44373443722724915,2.7282090187072754,1.0801483392715454
28.08762917,28.07705330848694,-0.44611862301826477,2.7344810962677,1.0800915956497192
28.116146455,28.111053228378296,-0.44916078448295593,2.7423415184020996,1.0801197290420532
28.152378466,28.141071796417236,-0.4515431523323059,2.7483272552490234,1.080167531967163
28.185087091,28.184072017669678,-0.4546794891357422,2.7563085556030273,1.080163598060608
28.218524545,28.219071865081787,-0.4578968286514282,2.7639009952545166,1.0803158283233643
28.251542983,28.252071857452393,-0.46048489212989807,2.769681692123413,1.0804694890975952
28.284067577,28.278071880340576,-0.46306416392326355,2.775451421737671,1.080536127090454
28.317402101,28.308071851730347,-0.4655936360359192,2.7812395095825195,1.0806488990783691
28.350492328,28.35009527206421,-0.46906328201293945,2.788642168045044,1.0808570384979248
28.383185462,28.37509512901306,-0.47187310457229614,2.79431414604187,1.0811225175857544
28.416370009,28.405095100402832,-0.4746829569339752,2.8001155853271484,1.081533432006836
28.452870801,28.44711971282959,-0.4787484109401703,2.8083150386810303,1.0820504426956177
28.486574861,28.486119747161865,-0.4826763868331909,2.816056251525879,1.0826780796051025
28.518050155,28.510119676589966,-0.4850679636001587,2.8206634521484375,1.0831046104431152
28.551707646,28.54913854598999,-0.48902496695518494,2.8284034729003906,1.0839475393295288
28.584425713,28.57913851737976,-0.49206313490867615,2.834143877029419,1.084546446800232
28.618355443,28.60813856124878,-0.4949675500392914,2.839668035507202,1.0853179693222046
28.65154031,28.647156238555908,-0.49915385246276855,2.847266912460327,1.0864616632461548
28.684208538,28.676156044006348,-0.5024025440216064,2.8528711795806885,1.0873956680297852
28.717637554,28.706156015396118,-0.5056271553039551,2.858520030975342,1.0884900093078613
28.751225573,28.748181104660034,-0.5100259184837341,2.866138458251953,1.0897668600082397
28.783554817,28.785181283950806,-0.5143577456474304,2.873563289642334,1.0908546447753906
28.815904897,28.81718111038208,-0.5176749229431152,2.879410982131958,1.0916568040847778
28.852463149,28.85320019721985,-0.5221964120864868,2.887406587600708,1.0925835371017456
28.885080539,28.886200189590454,-0.5256476402282715,2.8935413360595703,1.0932341814041138
28.918793955,28.915200233459473,-0.5289624333381653,2.899602174758911,1.093902587890625
28.951369001,28.951212882995605,-0.533720076084137,2.908245325088501,1.0946762561798096
28.98405517,28.98421287536621,-0.5373885035514832,2.9150032997131348,1.0952019691467285
29.017377032,29.018213033676147,-0.5422955751419067,2.9240386486053467,1.0959994792938232
29.050075043,29.04822850227356,-0.5462321043014526,2.931248188018799,1.096592664718628
29.083131995,29.081228494644165,-0.5502554774284363,2.938673734664917,1.0970849990844727
29.116259615,29.117228507995605,-0.5556922554969788,2.949052572250366,1.097772479057312
29.152692438,29.146247625350952,-0.5597314834594727,2.9567198753356934,1.0982240438461304
29.185117251,29.18524742126465,-0.5653921365737915,2.967653274536133,1.0987629890441895
29.21665116,29.215247631072998,-0.5696379542350769,2.9762001037597656,1.0992017984390259
29.253120277,29.25426411628723,-0.5753096342086792,2.9878969192504883,1.0996665954589844
29.285234989,29.27826428413391,-0.5787346363067627,2.994919538497925,1.099816083908081
29.318982043,29.316264152526855,-0.5844846963882446,3.007263660430908,1.1002038717269897
29.351633134,29.346283197402954,-0.5888383388519287,3.0165364742279053,1.1003971099853516
29.385116815,29.376283168792725,-0.5931563377380371,3.025861978530884,1.1005305051803589
29.417345242,29.417283058166504,-0.5990839004516602,3.0390737056732178,1.100738763809204
29.45070375,29.44730520248413,-0.6032676696777344,3.0486738681793213,1.1008316278457642
29.483191773,29.480305194854736,-0.6073793768882751,3.058253765106201,1.1008999347686768
29.516328131,29.516305208206177,-0.6127361059188843,3.071276903152466,1.101109504699707
29.552256964,29.549327850341797,-0.6173344254493713,3.0819711685180664,1.1011886596679688
29.5853384,29.579327821731567,-0.6214123368263245,3.091409921646118,1.1012667417526245
29.619893784,29.618327856063843,-0.626628041267395,3.1040492057800293,1.1014244556427002
29.651311321,29.648327827453613,-0.6305323839187622,3.113400459289551,1.1014207601547241
29.684008431,29.68132781982422,-0.634886622428894,3.1236212253570557,1.10124671459198
29.718045593,29.71132779121399,-0.6385924220085144,3.1327757835388184,1.1011931896209717
29.751339397,29.750346660614014,-0.6434528231620789,3.144822597503662,1.1010446548461914
29.783295918,29.78334665298462,-0.6474323272705078,3.1542296409606934,1.1008145809173584
29.816637955,29.816346645355225,-0.6515370607376099,3.1639273166656494,1.1006697416305542
29.853279558,29.846346616744995,-0.6551111340522766,3.1723997592926025,1.1004644632339478
29.883358161,29.88534665107727,-0.6598647236824036,3.183581590652466,1.1000789403915405
29.916308355,29.913346529006958,-0.6632357835769653,3.1916234493255615,1.099797248840332
29.95211561,29.952367305755615,-0.6679682731628418,3.2024359703063965,1.099251627922058
29.985821996,29.982367277145386,-0.6714971661567688,3.2105305194854736,1.098860740661621
30.01857126,30.012367248535156,-0.6750227212905884,3.218677043914795,1.0985121726989746
30.051963096,30.045387506484985,-0.6785944700241089,3.226710081100464,1.09809410572052
30.08458341,30.080387592315674,-0.6832591891288757,3.237009286880493,1.0975261926651
30.117507008,30.109387636184692,-0.6869375109672546,3.2450315952301025,1.0970770120620728
30.151018929,30.15140151977539,-0.6919199824333191,3.255571126937866,1.0963858366012573
30.18352604,30.177401542663574,-0.6954101324081421,3.263123035430908,1.09585440158844
30.217170207,30.21040153503418,-0.6995719075202942,3.271928310394287,1.0952492952346802
30.252768786,30.253422737121582,-0.7049998641014099,3.2831175327301025,1.0945004224777222
30.283502988,30.283422708511353,-0.7087322473526001,3.2907636165618896,1.0939662456512451
30.316448413,30.316422700881958,-0.7124307751655579,3.298417806625366,1.093538761138916
30.352667993,30.35144305229187,-0.7171805500984192,3.30810809135437,1.0929714441299438
30.385381859,30.38144302368164,-0.7208627462387085,3.315479278564453,1.0925178527832031
30.418467372,30.420443058013916,-0.7256499528884888,3.325195074081421,1.0921822786331177
30.45283611,30.450457096099854,-0.7292616367340088,3.3322739601135254,1.0918552875518799
30.487842077,30.47845721244812,-0.7326545119285583,3.3388149738311768,1.091553807258606
30.517779248,30.517457246780396,-0.7372874021530151,3.3476085662841797,1.0912810564041138
30.551655423,30.54748272895813,-0.7407214045524597,3.3538973331451416,1.091139793395996
30.583387394,30.58348274230957,-0.744415819644928,3.360379219055176,1.090930461883545
30.616940314,30.617482900619507,-0.7486463189125061,3.3680224418640137,1.0909440517425537
30.649867336,30.64850354194641,-0.7519213557243347,3.3736369609832764,1.0909427404403687
30.685693819,30.687503576278687,-0.7562437653541565,3.3808085918426514,1.0909267663955688
30.718808629,30.715503454208374,-0.7592254281044006,3.3858885765075684,1.0910104513168335
30.752991235,30.74552011489868,-0.7623783946037292,3.3909409046173096,1.091105580329895
30.784740853,30.784520149230957,-0.7666271924972534,3.3974807262420654,1.0913695096969604
30.818111642,30.814520120620728,-0.7698439955711365,3.4022388458251953,1.0916401147842407
30.851696611,30.84754252433777,-0.7730525732040405,3.4068644046783447,1.0918574333190918
30.883619955,30.882542371749878,-0.7772232890129089,3.4126875400543213,1.0921053886413574
30.916792567,30.911542415618896,-0.7804712653160095,3.4171884059906006,1.0922746658325195
30.950405828,30.944560289382935,-0.7838005423545837,3.421548366546631,1.0923781394958496
30.985752631,30.98356032371521,-0.7886046767234802,3.4276137351989746,1.0924068689346313
31.018743484,31.01256036758423,-0.7918964624404907,3.432030200958252,1.0925087928771973
31.051835249,31.049578428268433,-0.7956568002700806,3.4368479251861572,1.0924111604690552
31.084514369,31.085578441619873,-0.800025224685669,3.4427101612091064,1.092286467552185
31.117571217,31.115578651428223,-0.8032711744308472,3.447314977645874,1.0923033952713013
31.150639619,31.148600339889526,-0.8070541620254517,3.4524941444396973,1.0921913385391235
31.184482807,31.181600332260132,-0.8109542727470398,3.457836151123047,1.0920859575271606
31.217918631,31.211600303649902,-0.8143466711044312,3.4630322456359863,1.0920772552490234
31.251266088,31.2446231842041,-0.8182904720306396,3.4689059257507324,1.0918564796447754
31.283692333,31.274623155593872,-0.8217681050300598,3.4743895530700684,1.091582179069519
31.316713239,31.313623189926147,-0.8263167142868042,3.4820892810821533,1.0912189483642578
31.353402668,31.351641416549683,-0.8301937580108643,3.488694190979004,1.0908241271972656
31.385953414,31.387641429901123,-0.8346590995788574,3.496995687484741,1.090478777885437
31.421465076,31.42064142227173,-0.8378225564956665,3.5036091804504395,1.0902063846588135
31.451926766,31.445656061172485,-0.8409173488616943,3.510429859161377,1.0897647142410278
31.484951736,31.482656002044678,-0.8444035053253174,3.5181593894958496,1.0890657901763916
31.518366852,31.518656015396118,-0.8481308817863464,3.5279901027679443,1.0884231328964233
31.550819118,31.551677703857422,-0.8508521318435669,3.5355453491210938,1.0880181789398193
31.584239291,31.578677654266357,-0.8535380959510803,3.543478488922119,1.0875532627105713
31.617135984,31.608677625656128,-0.8558095097541809,3.5513880252838135,1.0873204469680786
31.649930931,31.64769673347473,-0.8585283756256104,3.5620248317718506,1.086905598640442
31.686854089,31.685696840286255,-0.8606948852539062,3.571030378341675,1.0864768028259277
31.717807875,31.710696697235107,-0.862205445766449,3.5793919563293457,1.0861728191375732
31.752857934,31.75471544265747,-0.8640907406806946,3.5904743671417236,1.0855681896209717
31.783529528,31.779715538024902,-0.8653230667114258,3.5988264083862305,1.0850096940994263
31.817026973,31.817715406417847,-0.8664496541023254,3.6083757877349854,1.0843745470046997
31.853500408,31.853731155395508,-0.8675005435943604,3.6198155879974365,1.0835195779800415
31.885705764,31.88373112678528,-0.8680821657180786,3.628412961959839,1.0828191041946411
31.918574944,31.9147310256958,-0.8683557510375977,3.6379430294036865,1.0820040702819824
31.952567385,31.94374942779541,-0.8683804869651794,3.6463053226470947,1.0811996459960938
31.984549248,31.982749462127686,-0.8682734966278076,3.657710313796997,1.0799416303634644
32.017771319,32.012749433517456,-0.867752194404602,3.6665053367614746,1.0791255235671997
32.052094824,32.04077124595642,-0.8670929074287415,3.674779176712036,1.0783514976501465
32.083899377,32.079771280288696,-0.8659632802009583,3.68607759475708,1.0773547887802124
32.117683655,32.10977125167847,-0.8647313714027405,3.694598436355591,1.076719045639038
32.155976148,32.152785539627075,-0.8629387617111206,3.7058541774749756,1.0758366584777832
32.185854136,32.187785625457764,-0.8608015179634094,3.716784715652466,1.0749866962432861
32.218622691,32.217785596847534,-0.8590092062950134,3.7253048419952393,1.0743385553359985
32.252289766,32.25080466270447,-0.8570123910903931,3.733766794204712,1.073598027229309
32.284688082,32.28680467605591,-0.8541845679283142,3.7450547218322754,1.0726172924041748
32.318095593,32.319804668426514,-0.851745069026947,3.7535934448242188,1.0718817710876465
32.351389452,32.3478217124939,-0.8493329882621765,3.7617294788360596,1.071152687072754
32.383874088,32.38482165336609,-0.8458017110824585,3.7729992866516113,1.0700008869171143
32.41775739,32.41682171821594,-0.8429170846939087,3.781597375869751,1.0692205429077148
32.450940575,32.45184135437012,-0.8389198780059814,3.7926394939422607,1.0681769847869873
32.486030705,32.48184156417847,-0.8357301950454712,3.801197052001953,1.0674623250961304
32.519103567,32.52084136009216,-0.8312113285064697,3.8126378059387207,1.0666923522949219
32.552096288,32.55085492134094,-0.8277150988578796,3.821077823638916,1.0661742687225342
32.584861194,32.57885503768921,-0.8242531418800354,3.8291525840759277,1.0658295154571533
32.618134859,32.617855072021484,-0.819300651550293,3.8403968811035156,1.065556526184082
32.651547298,32.647876501083374,-0.8154946565628052,3.848625421524048,1.0654112100601196
32.683784814,32.677876472473145,-0.8116593360900879,3.856729507446289,1.065305233001709
32.717436218,32.71087646484375,-0.8072327971458435,3.8656160831451416,1.065292239189148
32.75217846,32.749876499176025,-0.8019335269927979,3.8759844303131104,1.065368413925171
32.785814564,32.779876470565796,-0.797868013381958,3.8835082054138184,1.0653733015060425
32.818767162,32.80787658691406,-0.793914258480072,3.8906610012054443,1.0655735731124878
32.854144391,32.842893838882446,-0.7891513705253601,3.8990957736968994,1.0656754970550537
32.884811038,32.88589382171631,-0.7834953665733337,3.9085991382598877,1.0658472776412964
32.918265544,32.91189384460449,-0.7792546153068542,3.9157063961029053,1.066162347793579
32.951648198,32.94191551208496,-0.7748739719390869,3.922683000564575,1.0664136409759521
32.983849438,32.98491549491882,-0.7684265971183777,3.9324934482574463,1.0667059421539307
33.017299207,33.01791548728943,-0.7639710307121277,3.939253807067871,1.0671356916427612
33.050592246,33.04393482208252,-0.7592650055885315,3.946007490158081,1.0676201581954956
33.086794221,33.08693480491638,-0.752885639667511,3.955010414123535,1.0683919191360474
33.11942923,33.1159348487854,-0.748174786567688,3.9616150856018066,1.0690858364105225
33.152159167,33.15194773674011,-0.7414355874061584,3.970757007598877,1.070001244544983
33.184704336,33.18494772911072,-0.7362968921661377,3.977658987045288,1.0707513093948364
33.217987646,33.212947607040405,-0.7306666374206543,3.9853017330169678,1.0715569257736206
33.250941204,33.251964807510376,-0.7235174775123596,3.9946646690368652,1.0724579095840454
33.283800826,33.27596473693848,-0.7192196846008301,4.000185489654541,1.072835922241211
33.317189914,33.31496477127075,-0.7118591666221619,4.009968280792236,1.0736324787139893
33.353270492,33.34498190879822,-0.7061901688575745,4.017180919647217,1.0741084814071655
33.385916895,33.38698196411133,-0.6988107562065125,4.026309967041016,1.074626088142395
33.420018069,33.41198205947876,-0.6931086778640747,4.033759593963623,1.075202465057373
33.452467639,33.441996335983276,-0.6874244809150696,4.041112422943115,1.0757015943527222
33.485202505,33.48599624633789,-0.679717481136322,4.051028728485107,1.0763554573059082
33.519157735,33.52099633216858,-0.6722042560577393,4.061014652252197,1.0770149230957031
33.55296398,33.5530104637146,-0.6663485169410706,4.068456172943115,1.0774496793746948
33.584633739,33.58301043510437,-0.6605035066604614,4.075862407684326,1.0778964757919312
33.618026667,33.61901044845581,-0.6527681350708008,4.086007118225098,1.0785406827926636
33.652534213,33.652029514312744,-0.646113932132721,4.094202041625977,1.0788453817367554
33.683982714,33.682029724121094,-0.6401382088661194,4.1014790534973145,1.0790657997131348
33.717386951,33.7150297164917,-0.6342020630836487,4.108976364135742,1.0792903900146484
33.753520861,33.75004529953003,-0.626603901386261,4.118430137634277,1.0794804096221924
33.786433944,33.783045291900635,-0.6198424100875854,4.12632417678833,1.0794111490249634
33.81960864,33.813045263290405,-0.6139547824859619,4.133769512176514,1.079472303390503
33.853116126,33.84104514122009,-0.6083280444145203,4.140876770019531,1.0795183181762695
33.885611956,33.88004517555237,-0.6004182696342468,4.150539875030518,1.079514980316162
33.918841092,33.91004514694214,-0.5945594906806946,4.158063888549805,1.079620599746704
33.951656368,33.95206546783447,-0.5863592028617859,4.168071746826172,1.0796749591827393
33.984067063,33.97306537628174,-0.5818219780921936,4.173382759094238,1.0796624422073364
34.018993827,34.012065410614014,-0.5740076303482056,4.183356285095215,1.0798287391662598
34.054085995,34.04208540916443,-0.5681396126747131,4.1905670166015625,1.0798994302749634
34.084140328,34.08408546447754,-0.5605853199958801,4.199800491333008,1.0799369812011719
34.117085929,34.10908532142639,-0.5548560619354248,4.207169532775879,1.07999587059021
34.153356022,34.15310478210449,-0.5471751093864441,4.216861248016357,1.079991102218628
34.185864334,34.18310475349426,-0.5413102507591248,4.224018096923828,1.0799297094345093
34.219054199,34.2171049118042,-0.5338106751441956,4.2336344718933105,1.0799769163131714
34.252051713,34.250115156173706,-0.5278692841529846,4.240769863128662,1.0799593925476074
34.285135833,34.28611516952515,-0.5197926759719849,4.250204563140869,1.0799516439437866
34.318057558,34.315115213394165,-0.5140755772590637,4.257152080535889,1.0799912214279175
34.351850148,34.34913611412048,-0.5068405270576477,4.265134334564209,1.0799373388290405
34.38398643,34.379136085510254,-0.5006569027900696,4.272022724151611,1.079948902130127
34.417267287,34.41813611984253,-0.4925454258918762,4.281325340270996,1.0801855325698853
34.451398398,34.44715714454651,-0.48661381006240845,4.287961483001709,1.0804156064987183
34.484180387,34.486157178878784,-0.47820308804512024,4.296972751617432,1.0807985067367554
34.517191055,34.516157150268555,-0.4718930423259735,4.303801536560059,1.0811898708343506
34.553969424,34.552170515060425,-0.4648343026638031,4.311122417449951,1.0815801620483398
34.58628388,34.58617043495178,-0.4563620090484619,4.319982528686523,1.0820435285568237
34.619398341,34.61617040634155,-0.44973087310791016,4.326866149902344,1.0823097229003906
34.653851682,34.64918565750122,-0.442963570356369,4.333634376525879,1.0823673009872437
34.685013523,34.68418574333191,-0.43430349230766296,4.342508792877197,1.082312822341919
34.718024043,34.71318578720093,-0.4275069236755371,4.349475860595703,1.0821425914764404
34.751253351,34.75220608711243,-0.418448269367218,4.358790397644043,1.0818073749542236
34.78409389,34.78320598602295,-0.41160839796066284,4.365731716156006,1.0814989805221558
34.817325695,34.8152060508728,-0.4047808051109314,4.372871398925781,1.0812164545059204
34.853060092,34.85022449493408,-0.3958587348461151,4.381904125213623,1.0807764530181885
34.886201738,34.88022446632385,-0.38888752460479736,4.388725280761719,1.0804039239883423
34.919331222,34.91922450065613,-0.3797381818294525,4.398184776306152,1.080087661743164
34.952792441,34.94924187660217,-0.3727304935455322,4.405098915100098,1.0797791481018066
34.985163462,34.97724175453186,-0.3659294843673706,4.411675930023193,1.0794847011566162
35.018403428,35.016241788864136,-0.3566637933254242,4.42103385925293,1.0793092250823975
35.051806269,35.046255350112915,-0.3496735394001007,4.427796363830566,1.079229474067688
35.084105279,35.075255393981934,-0.34291520714759827,4.434135437011719,1.079201579093933
35.118583755,35.118255376815796,-0.3325936198234558,4.443812370300293,1.0792964696884155
35.151426535,35.15127658843994,-0.3244589567184448,4.450953960418701,1.079340934753418
35.184289222,35.18127655982971,-0.317301869392395,4.4571051597595215,1.0795260667800903
35.217473787,35.21427655220032,-0.3102310299873352,4.463524341583252,1.0798324346542358
35.251038927,35.24929642677307,-0.3010250926017761,4.471654891967773,1.080222249031067
35.286627636,35.28829646110535,-0.29143089056015015,4.4796881675720215,1.0806642770767212
35.319577506,35.31829643249512,-0.2842962443828583,4.4859442710876465,1.0811951160430908
35.352840868,35.3473117351532,-0.277103453874588,4.492029190063477,1.0817697048187256
35.385534919,35.380311727523804,-0.2688886821269989,4.4984354972839355,1.082363486289978
35.418919421,35.41931176185608,-0.2593073546886444,4.506158828735352,1.0832405090332031
35.451244067,35.449328660964966,-0.2520844042301178,4.5115861892700195,1.0838627815246582
35.484698405,35.479328632354736,-0.24483489990234375,4.516793251037598,1.084505558013916
35.517118842,35.50632858276367,-0.23807482421398163,4.521424770355225,1.0850844383239746
35.551207398,35.54534959793091,-0.22839578986167908,4.528342247009277,1.086040735244751
35.584163764,35.58334970474243,-0.22017498314380646,4.533734321594238,1.0867910385131836
35.617736202,35.61934971809387,-0.21070726215839386,4.540389537811279,1.087814450263977
35.653751574,35.652369022369385,-0.20365387201309204,4.545070648193359,1.0885009765625
35.686388329,35.68636918067932,-0.19470283389091492,4.550922870635986,1.0893120765686035
35.719471993,35.71336913108826,-0.18929113447666168,4.554477214813232,1.0897588729858398
35.753009076,35.75238656997681,-0.17969468235969543,4.560389518737793,1.0904350280761719
35.785347209,35.78538656234741,-0.17216520011425018,4.564704418182373,1.090936303138733
35.818636635,35.81538653373718,-0.16572335362434387,4.568615913391113,1.0915101766586304
35.851827677,35.84840750694275,-0.15932422876358032,4.572154998779297,1.0919798612594604
35.884319723,35.88340735435486,-0.15116754174232483,4.576279640197754,1.0925300121307373
35.917471431,35.916407346725464,-0.1442708969116211,4.579865455627441,1.0931599140167236
35.953739975,35.94642615318298,-0.13828055560588837,4.5830159187316895,1.0937052965164185
35.98633447,35.97842621803284,-0.13154682517051697,4.586174011230469,1.0941730737686157
36.01955214,36.00842618942261,-0.12590956687927246,4.589166641235352,1.0947952270507812
36.054125972,36.04844379425049,-0.11846169084310532,4.5927228927612305,1.0954740047454834
36.085248799,36.08544373512268,-0.11146655678749084,4.59559965133667,1.0958361625671387
36.119154359,36.118443727493286,-0.10623735189437866,4.598215103149414,1.0964206457138062
36.152540666,36.152464628219604,-0.09968823939561844,4.601646900177002,1.097137451171875
36.18451893,36.182464599609375,-0.09485144168138504,4.604384422302246,1.097582459449768
36.217881457,36.212464570999146,-0.09031108021736145,4.6073899269104,1.0980831384658813
36.251209033,36.24548363685608,-0.08543504774570465,4.610757827758789,1.0983912944793701
36.286688743,36.278483867645264,-0.08089840412139893,4.614386081695557,1.0986441373825073
36.319950933,36.308483839035034,-0.07726767659187317,4.618012428283691,1.0990110635757446
36.352888173,36.352497816085815,-0.07235655933618546,4.62300443649292,1.0991703271865845
36.38558022,36.38549780845642,-0.06927638500928879,4.6264472007751465,1.0990726947784424
36.419571075,36.41949772834778,-0.06575468182563782,4.631143569946289,1.098896861076355
36.454244122,36.44951558113098,-0.06334369629621506,4.634758949279785,1.098793387413025
36.485591243,36.48251557350159,-0.061149731278419495,4.638339042663574,1.0986486673355103
36.519110915,36.51851558685303,-0.0584619976580143,4.643250465393066,1.0985509157180786
36.551658586,36.5515296459198,-0.056708768010139465,4.646714210510254,1.098413109779358
36.584323461,36.58652949333191,-0.05459589138627052,4.651036739349365,1.0981438159942627
36.618909518,36.61652946472168,-0.05309981107711792,4.654446125030518,1.097923994064331
36.650975702,36.64954853057861,-0.051795341074466705,4.65779972076416,1.0976812839508057
36.68634553,36.685548543930054,-0.0502859503030777,4.662154674530029,1.097225308418274
36.720101414,36.71754860877991,-0.04924139752984047,4.66585636138916,1.096794843673706
36.753493141,36.748565435409546,-0.04847311973571777,4.669030666351318,1.0963643789291382
36.785674172,36.7805655002594,-0.047816693782806396,4.672130107879639,1.0958141088485718
36.819420806,36.81556534767151,-0.047110192477703094,4.6762824058532715,1.0952376127243042
36.853781622,36.8455867767334,-0.046666525304317474,4.679278373718262,1.0948172807693481
36.884577752,36.884586572647095,-0.046143680810928345,4.6831278800964355,1.0943619012832642
36.917691354,36.914586544036865,-0.045675311237573624,4.6859540939331055,1.0942113399505615
36.950668516,36.94760489463806,-0.045140285044908524,4.6887640953063965,1.0940738916397095
36.986353775,36.97760486602783,-0.04473688825964928,4.691107749938965,1.0941442251205444
37.019818986,37.01960492134094,-0.04403528943657875,4.694417953491211,1.0944997072219849
37.05287565,37.05362248420715,-0.043563030660152435,4.69708776473999,1.0948899984359741
37.085524343,37.07962250709534,-0.0431608147919178,4.699547290802002,1.0953665971755981
37.118929768,37.10962247848511,-0.042691122740507126,4.702382564544678,1.096055269241333
37.151809603,37.15164232254028,-0.04215395450592041,4.706440448760986,1.0972118377685547
37.185600148,37.187642097473145,-0.04162783920764923,4.711126327514648,1.0985270738601685
37.218733401,37.22064232826233,-0.04118077829480171,4.715265274047852,1.0996659994125366
37.25222124,37.24866318702698,-0.04078066349029541,4.72024393081665,1.1009039878845215
37.285003778,37.27866315841675,-0.04050106927752495,4.725311279296875,1.1020830869674683
37.317778444,37.31166315078735,-0.040077146142721176,4.731754302978516,1.1034581661224365
37.350899054,37.35067796707153,-0.03966222330927849,4.7403788566589355,1.1050469875335693
37.384337573,37.380677938461304,-0.03946856036782265,4.7475199699401855,1.1062378883361816
37.419714237,37.40867805480957,-0.03907481208443642,4.755326271057129,1.1074131727218628
37.453031904,37.44769024848938,-0.038660090416669846,4.767106533050537,1.1089198589324951
37.4855584,37.47769045829773,-0.038407228887081146,4.776683330535889,1.1098722219467163
37.518792725,37.516690254211426,-0.03783915936946869,4.790968418121338,1.1109296083450317
37.552122714,37.54070997238159,-0.037664707750082016,4.79985237121582,1.1113896369934082
37.584641241,37.57971000671387,-0.03740295395255089,4.815881252288818,1.1121315956115723
37.618392388,37.60970997810364,-0.037292759865522385,4.828938961029053,1.112653374671936
37.651736011,37.65072822570801,-0.037266805768013,4.847947120666504,1.1131528615951538
37.684236898,37.68072819709778,-0.03740989416837692,4.862604141235352,1.113351583480835
37.719487696,37.719728231430054,-0.03769687935709953,4.883483409881592,1.1136200428009033
37.752588571,37.74374723434448,-0.03805363178253174,4.8963704109191895,1.1137149333953857
37.785492806,37.78274726867676,-0.03878837823867798,4.9190754890441895,1.1137077808380127
37.818529799,37.81274724006653,-0.03946364298462868,4.937023162841797,1.1136492490768433
37.851998671,37.85177206993103,-0.04062427952885628,4.9618706703186035,1.113397240638733
37.884744704,37.87577199935913,-0.041491322219371796,4.9769816398620605,1.1131694316864014
37.918874581,37.914772033691406,-0.04312003031373024,5.003495216369629,1.1127772331237793
37.952158655,37.94479250907898,-0.04443906992673874,5.0241217613220215,1.1124032735824585
37.984997151,37.98679256439209,-0.04627854377031326,5.051732063293457,1.111757516860962
38.017907692,38.01579236984253,-0.04816676676273346,5.076501369476318,1.1111376285552979
38.051397303,38.04881000518799,-0.04990297928452492,5.099240779876709,1.110466480255127
38.086812896,38.0838098526001,-0.05228009074926376,5.129504203796387,1.1095839738845825
38.120084071,38.11380982398987,-0.054279107600450516,5.153491973876953,1.1089591979980469
38.153432988,38.14682745933533,-0.05629481375217438,5.177937030792236,1.108234167098999
38.1860068,38.174827575683594,-0.058553025126457214,5.2049431800842285,1.10731041431427
38.220324068,38.21382761001587,-0.0615299716591835,5.238864898681641,1.1062196493148804
38.255078368,38.25184226036072,-0.06414443999528885,5.268012046813965,1.1051726341247559
38.284826307,38.27684211730957,-0.0665508285164833,5.294384479522705,1.1042066812515259
38.317968982,38.30684208869934,-0.06919075548648834,5.321207046508789,1.1031990051269531
38.351714379,38.3488609790802,-0.07263728976249695,5.356479167938232,1.1018671989440918
38.387472589,38.38486099243164,-0.07622883468866348,5.393665790557861,1.100515365600586
38.42001638,38.417860984802246,-0.07905510067939758,5.421943187713623,1.0996702909469604
38.454719408,38.45387816429138,-0.08282695710659027,5.460236072540283,1.0988513231277466
38.486025748,38.48687815666199,-0.08600824326276779,5.492882251739502,1.098386526107788
38.519349604,38.51687812805176,-0.0888359323143959,5.522150993347168,1.0980916023254395
38.552463538,38.54987835884094,-0.09151960164308548,5.551677703857422,1.0978710651397705
38.584930837,38.585878133773804,-0.09497690945863724,5.591434478759766,1.0977240800857544
38.618796542,38.61887836456299,-0.09789703786373138,5.625199794769287,1.0977139472961426
38.652729203,38.64889883995056,-0.10044556111097336,5.655412197113037,1.0977771282196045
38.684995631,38.67889881134033,-0.10295013338327408,5.685891628265381,1.0979093313217163
38.717731851,38.71189880371094,-0.10569816082715988,5.720006942749023,1.0980913639068604
38.750579321,38.750911474227905,-0.10883890837430954,5.760628700256348,1.0985167026519775
38.786723653,38.780911445617676,-0.11093578487634659,5.79131555557251,1.0989121198654175
38.820629152,38.81991147994995,-0.1137567088007927,5.832010269165039,1.099609613418579
38.853116564,38.84392428398132,-0.11520861834287643,5.856418132781982,1.1000455617904663
38.886195368,38.8829243183136,-0.11761735379695892,5.897546768188477,1.1008411645889282
38.919032725,38.91292428970337,-0.11960290372371674,5.928160667419434,1.1014926433563232
38.952456705,38.948941469192505,-0.12163670361042023,5.961582660675049,1.1021641492843628
38.984772408,38.98294138908386,-0.12402913719415665,6.0015764236450195,1.102924108505249
39.018114456,39.01294136047363,-0.1260467916727066,6.03238582611084,1.1036018133163452
39.05494818,39.051958084106445,-0.12873701751232147,6.073726177215576,1.1044981479644775
39.086813922,39.080958127975464,-0.13083460927009583,6.103538990020752,1.1051329374313354
39.119911193,39.11995816230774,-0.13390615582466125,6.145174980163574,1.105992078781128
39.153486975,39.14997577667236,-0.13621407747268677,6.176657676696777,1.106648325920105
39.185693732,39.179975748062134,-0.13849443197250366,6.2083563804626465,1.1072998046875
39.219558361,39.21297574043274,-0.1411779522895813,6.244021892547607,1.1080539226531982
39.25229058,39.2519965171814,-0.14428918063640594,6.286473274230957,1.108933448791504
39.285781996,39.280996561050415,-0.1465427726507187,6.318610668182373,1.1095457077026367
39.318973555,39.310996532440186,-0.1489826738834381,6.350654602050781,1.1102042198181152
39.352073291,39.35301494598389,-0.15207965672016144,6.393869876861572,1.1109524965286255
39.38497613,39.37901496887207,-0.15416854619979858,6.425121307373047,1.1114039421081543
39.417952069,39.40901494026184,-0.1564585417509079,6.457860946655273,1.1118520498275757
39.451664834,39.45103335380554,-0.1593952625989914,6.501871585845947,1.1124236583709717
39.486886326,39.476033449172974,-0.1613125503063202,6.5338239669799805,1.1127498149871826
39.520627799,39.52003335952759,-0.1639029085636139,6.57841682434082,1.1130900382995605
39.553668357,39.54505515098572,-0.16564109921455383,6.612078666687012,1.1132750511169434
39.586239942,39.57505512237549,-0.16719920933246613,6.64597225189209,1.1134549379348755
39.619166913,39.6190550327301,-0.16931794583797455,6.695835113525391,1.1135696172714233
39.653436088,39.65207266807556,-0.17063254117965698,6.730192184448242,1.1136075258255005
39.684696538,39.68007254600525,-0.17181597650051117,6.7647786140441895,1.1136764287948608
39.717663785,39.71507263183594,-0.17292757332324982,6.803940296173096,1.1137080192565918
39.751503558,39.75109148025513,-0.17413893342018127,6.850646018981934,1.1136422157287598
39.785294427,39.78409147262573,-0.17491672933101654,6.890505790710449,1.1135035753250122
39.817933844,39.8140914440155,-0.17578577995300293,6.92573356628418,1.113397240638733
39.852094405,39.85311007499695,-0.17668269574642181,6.973072052001953,1.1132181882858276
39.886820211,39.881110191345215,-0.17713525891304016,7.007246971130371,1.113043189048767
39.919930105,39.91411018371582,-0.17754964530467987,7.047553539276123,1.1127253770828247
39.953149361,39.94412350654602,-0.17782749235630035,7.083446025848389,1.11246657371521
39.986381515,39.988123416900635,-0.17795363068580627,7.13598108291626,1.1121221780776978
40.019060938,40.02012348175049,-0.1780872792005539,7.171884536743164,1.1118820905685425
40.052976596,40.049139976501465,-0.17799654603004456,7.207777976989746,1.1116091012954712
40.085091415,40.085139989852905,-0.17772604525089264,7.253949165344238,1.1112117767333984
40.1197647,40.11813998222351,-0.17755313217639923,7.289422512054443,1.1108726263046265
40.150760712,40.143157958984375,-0.17723995447158813,7.324653148651123,1.1105397939682007
40.186981035,40.18715810775757,-0.17670026421546936,7.371013164520264,1.1101495027542114
40.220379648,40.221158027648926,-0.17616774141788483,7.414997577667236,1.1097991466522217
40.253575283,40.25117516517639,-0.17551735043525696,7.448565483093262,1.1095248460769653
40.286107227,40.284175157547,-0.17485311627388,7.481530666351318,1.1092969179153442
40.31911608,40.32017517089844,-0.17392529547214508,7.524402618408203,1.1090799570083618
40.352204402,40.35319495201111,-0.17295202612876892,7.559759616851807,1.1089186668395996
40.385129114,40.38319492340088,-0.17207127809524536,7.590395450592041,1.1087815761566162
40.423864791,40.416194915771484,-0.17120610177516937,7.620013236999512,1.10866117477417
40.452438775,40.451213359832764,-0.17001795768737793,7.657233238220215,1.108486294746399
40.48713008,40.481213331222534,-0.16899487376213074,7.685299873352051,1.10832941532135
40.520179516,40.52021336555481,-0.1677854061126709,7.721189022064209,1.1081576347351074
40.553782162,40.55023431777954,-0.16677342355251312,7.747291564941406,1.1079726219177246
40.586212425,40.58323431015015,-0.16538934409618378,7.776009559631348,1.10771906375885
40.620565178,40.612234354019165,-0.16408532857894897,7.800577640533447,1.1075353622436523
40.652817267,40.65425372123718,-0.1621600240468979,7.83420991897583,1.1073163747787476
40.685386584,40.68425369262695,-0.160821795463562,7.856960773468018,1.1071871519088745
40.719006269,40.71725368499756,-0.15925833582878113,7.881560802459717,1.107147216796875
40.755146301,40.750269651412964,-0.15768884122371674,7.902646064758301,1.1070033311843872
40.785321234,40.787269592285156,-0.1557093858718872,7.929523468017578,1.1068999767303467
40.818459688,40.81926965713501,-0.15405713021755219,7.951261043548584,1.1068460941314697
40.851902609,40.84928369522095,-0.15259552001953125,7.969738483428955,1.106740117073059
40.887154016,40.88828372955322,-0.15075159072875977,7.993271827697754,1.1066303253173828
40.920338847,40.91828370094299,-0.14937445521354675,8.010031700134277,1.106567621231079
40.953300281,40.94728374481201,-0.14803022146224976,8.025543212890625,1.1064273118972778
40.986051505,40.98628377914429,-0.14607198536396027,8.04626750946045,1.1061722040176392
41.02184508,41.01628375053406,-0.1445235311985016,8.06095027923584,1.1061046123504639
41.052245361,41.046298027038574,-0.14299100637435913,8.075117111206055,1.1060785055160522
41.084953346,41.07929801940918,-0.14123986661434174,8.090494155883789,1.1060409545898438
41.11812531,41.118298053741455,-0.13890625536441803,8.107359886169434,1.1062449216842651
41.151357028,41.14831614494324,-0.13718083500862122,8.119458198547363,1.1064341068267822
41.18695262,41.176316261291504,-0.13544440269470215,8.13058853149414,1.1065973043441772
41.220255485,41.21531629562378,-0.13267956674098969,8.145379066467285,1.1070034503936768
41.254360114,41.24533295631409,-0.13065208494663239,8.156017303466797,1.1072980165481567
41.285984626,41.27533292770386,-0.12862128019332886,8.166247367858887,1.107542634010315
41.320573877,41.31733298301697,-0.12548212707042694,8.17908763885498,1.107980489730835
41.352751856,41.34735369682312,-0.12316383421421051,8.189445495605469,1.1083784103393555
41.385623835,41.37735366821289,-0.12105567008256912,8.198214530944824,1.1087156534194946
41.424535263,41.416353702545166,-0.11778216809034348,8.209162712097168,1.1091758012771606
41.452605116,41.453370809555054,-0.1151777133345604,8.218876838684082,1.109462857246399
41.485516238,41.483370780944824,-0.11301902681589127,8.22612476348877,1.1097071170806885
41.518975193,41.51637077331543,-0.11030717939138412,8.233826637268066,1.1099880933761597
41.551990716,41.54739594459534,-0.1077464148402214,8.240262031555176,1.1102523803710938
41.586932409,41.588395833969116,-0.10459098219871521,8.248953819274902,1.1104493141174316
41.620322905,41.62139582633972,-0.10199723392724991,8.254642486572266,1.1107081174850464
41.653459375,41.650410413742065,-0.0995013564825058,8.259783744812012,1.1109236478805542
41.686310446,41.686410427093506,-0.09602732956409454,8.266446113586426,1.111231803894043
41.719725695,41.71941041946411,-0.09304755181074142,8.271757125854492,1.1114825010299683
41.752396694,41.74942636489868,-0.09053751826286316,8.276114463806152,1.1117645502090454
41.785338714,41.78242635726929,-0.08817850798368454,8.280267715454102,1.1120673418045044
41.819645915,41.81842637062073,-0.08441301435232162,8.285504341125488,1.1126012802124023
41.852822501,41.85144281387329,-0.0818377211689949,8.2896728515625,1.1129789352416992
41.885829331,41.88144278526306,-0.07938966900110245,8.29320240020752,1.1132737398147583
41.918645698,41.92044281959534,-0.07550632208585739,8.297698020935059,1.113783597946167
41.95194272,41.949461221694946,-0.07277532666921616,8.300826072692871,1.114142894744873
41.98715826,41.98246121406555,-0.07019484788179398,8.304215431213379,1.1144644021987915
42.021379976,42.01246118545532,-0.06724968552589417,8.307154655456543,1.1148868799209595
42.053445661,42.05147576332092,-0.06368883699178696,8.310760498046875,1.1154896020889282
42.086138488,42.08147573471069,-0.06123921275138855,8.313350677490234,1.1159149408340454
42.11915684,42.1144757270813,-0.05853939428925514,8.316262245178223,1.1165324449539185
42.15275151,42.1444947719574,-0.05618160590529442,8.318709373474121,1.1170800924301147
42.185357539,42.18349480628967,-0.05325755476951599,8.321805000305176,1.1177163124084473
42.218900296,42.21349477767944,-0.05087250843644142,8.324203491210938,1.118262529373169
42.25172284,42.24651288986206,-0.04886772856116295,8.326648712158203,1.1186610460281372
42.287537102,42.27651286125183,-0.047017648816108704,8.32877254486084,1.1188756227493286
42.32178647,42.31851291656494,-0.04385782405734062,8.331754684448242,1.1193833351135254
42.354473376,42.344512939453125,-0.04188212752342224,8.333747863769531,1.1196609735488892
42.388201315,42.38751292228699,-0.039644040167331696,8.336607933044434,1.1198917627334595
42.4219378,42.42051291465759,-0.03777623176574707,8.338831901550293,1.1192651987075806
42.45424298,42.45052766799927,-0.03593432158231735,8.340781211853027,1.11680006980896
42.486271027,42.48352766036987,-0.03424198180437088,8.342723846435547,1.1116695404052734
42.519672834,42.51852774620056,-0.031580813229084015,8.345590591430664,1.100993275642395
42.55327448,42.54854440689087,-0.029806483536958694,8.347757339477539,1.0893570184707642
42.585379916,42.587544441223145,-0.027372917160391808,8.350726127624512,1.0696948766708374
42.618609791,42.616544246673584,-0.0251594390720129,8.353241920471191,1.0521814823150635
42.653295261,42.64956092834473,-0.023369746282696724,8.355988502502441,1.0299415588378906
42.687255005,42.68056106567383,-0.021689679473638535,8.358399391174316,1.0084673166275024
42.720627475,42.72156095504761,-0.019046105444431305,8.36199951171875,0.9778751134872437
42.75346357,42.755577087402344,-0.017258021980524063,8.364672660827637,0.9518369436264038
42.786656491,42.780577182769775,-0.015642153099179268,8.3670654296875,0.9272769689559937
42.819784153,42.81757712364197,-0.013751526363193989,8.37002944946289,0.8958131074905396
42.852794645,42.85059118270874,-0.011872658506035805,8.372640609741211,0.8673840761184692
42.88568294,42.88059115409851,-0.010169528424739838,8.374832153320312,0.8421656489372253
42.919030702,42.919591188430786,-0.007957142777740955,8.377777099609375,0.8085322380065918
42.951864077,42.9526093006134,-0.00634046969935298,8.380002975463867,0.7815485596656799
42.985328434,42.98560929298401,-0.004858776926994324,8.381946563720703,0.7570117712020874
43.023756634,43.01560926437378,-0.003188297851011157,8.384012222290039,0.7299115657806396
43.053827994,43.054624795913696,-0.0008797593764029443,8.386505126953125,0.6985408663749695
43.086310368,43.083624839782715,0.0004973849281668663,8.388117790222168,0.67669677734375
43.119656017,43.113624811172485,0.0018701637163758278,8.389735221862793,0.6544151902198792
43.153065485,43.15264320373535,0.0035255078691989183,8.39165210723877,0.6257058382034302
43.185520271,43.18264317512512,0.004636023193597794,8.392865180969238,0.604916512966156
43.218399701,43.21564316749573,0.00588661665096879,8.394089698791504,0.582239031791687
43.252361291,43.245660066604614,0.00694716302677989,8.395051956176758,0.5626955032348633
43.287693182,43.28466010093689,0.007932283915579319,8.396032333374023,0.5377237796783447
43.322164741,43.31265997886658,0.008546508848667145,8.396690368652344,0.5204836130142212
43.354074927,43.35667705535889,0.0089041106402874,8.3972806930542,0.49546748399734497
43.387730867,43.38867688179016,0.008902610279619694,8.397591590881348,0.47713178396224976
43.419724778,43.41867685317993,0.009010236710309982,8.397916793823242,0.4614645540714264
43.455777361,43.45169639587402,0.00888482853770256,8.398092269897461,0.4465014636516571
43.485486679,43.48669648170471,0.008428201079368591,8.39816951751709,0.4281807839870453
43.521225003,43.51669645309448,0.007954524829983711,8.398124694824219,0.41477569937705994
43.552247941,43.54971194267273,0.007397215347737074,8.398004531860352,0.4019607603549957
43.587506348,43.58571195602417,0.0064168693497776985,8.397762298583984,0.3858683109283447
43.621165745,43.618711948394775,0.0055866604670882225,8.397574424743652,0.37463611364364624
43.654276828,43.652724266052246,0.0043190945871174335,8.397204399108887,0.3608071804046631
43.686738806,43.68272423744202,0.0031863588374108076,8.396892547607422,0.35069841146469116
43.720111289,43.71572422981262,0.0018480528378859162,8.396590232849121,0.33998924493789673
43.753321665,43.748743772506714,0.0003668648423627019,8.396214485168457,0.3299196660518646
43.785737578,43.778743743896484,-0.0009433261584490538,8.395942687988281,0.3214319348335266
43.819723183,43.820743799209595,-0.002729324856773019,8.395824432373047,0.3114211857318878
43.852240968,43.84576201438904,-0.0040842872112989426,8.395658493041992,0.30397602915763855
43.888317886,43.88976192474365,-0.005922596901655197,8.395458221435547,0.29472097754478455
43.920687039,43.914762020111084,-0.007261753547936678,8.395484924316406,0.288478285074234
43.9543476,43.95277738571167,-0.00877390243113041,8.395370483398438,0.28173962235450745
43.986859688,43.98877739906311,-0.010522826574742794,8.395320892333984,0.2742927670478821
44.019685843,44.021777391433716,-0.011731360107660294,8.395374298095703,0.2691931426525116
44.05320078,44.04979419708252,-0.0129110561683774,8.395383834838867,0.26456862688064575
44.085571213,44.08579421043396,-0.014585060067474842,8.395326614379883,0.2585260570049286
44.118721036,44.118794202804565,-0.015930380672216415,8.395444869995117,0.25447627902030945
44.151589821,44.14481163024902,-0.017250189557671547,8.395626068115234,0.25064748525619507
44.187601673,44.18881154060364,-0.019275108352303505,8.395831108093262,0.24524405598640442
44.220621523,44.217811584472656,-0.020845217630267143,8.396248817443848,0.24201813340187073
44.253654591,44.25082755088806,-0.022309474647045135,8.396612167358398,0.23885998129844666
44.286807294,44.27982759475708,-0.023750271648168564,8.396895408630371,0.2354913055896759
44.319697971,44.32182741165161,-0.025750618427991867,8.397758483886719,0.23233936727046967
44.354434673,44.346845388412476,-0.02712137997150421,8.398270606994629,0.22992530465126038
44.387167053,44.376845359802246,-0.02840808406472206,8.398781776428223,0.2276584655046463
44.418918346,44.418845415115356,-0.03037521243095398,8.39978313446045,0.2252747118473053
44.452321234,44.444862365722656,-0.03178264945745468,8.40041732788086,0.22333456575870514
44.48756541,44.48786234855652,-0.03360038623213768,8.401358604431152,0.22070874273777008
44.521149511,44.51286220550537,-0.03500348702073097,8.402230262756348,0.2189178764820099
44.55390695,44.55088567733765,-0.03637230768799782,8.402969360351562,0.2166164368391037
44.586852996,44.58688569068909,-0.03823476657271385,8.40404987335205,0.21412312984466553
44.619680367,44.61988568305969,-0.03978404402732849,8.405072212219238,0.21240894496440887
44.653491128,44.6489040851593,-0.04129122570157051,8.406025886535645,0.21042008697986603
44.685695958,44.686903953552246,-0.04313502460718155,8.407234191894531,0.20812907814979553
44.718620093,44.710904121398926,-0.04413721710443497,8.407856941223145,0.20676375925540924
44.752887356,44.74992227554321,-0.04604291170835495,8.409147262573242,0.20477212965488434
44.787930808,44.77992224693298,-0.04731525853276253,8.410016059875488,0.20320145785808563
44.820774162,44.821922302246094,-0.049216337502002716,8.411369323730469,0.2014080286026001
44.8545167,44.85093903541565,-0.05016457661986351,8.411925315856934,0.19992931187152863
44.886665735,44.878939151763916,-0.05140947550535202,8.412884712219238,0.1986597180366516
44.919716707,44.919939041137695,-0.05316302552819252,8.41442584991455,0.19691792130470276
44.953369887,44.949957847595215,-0.05441252514719963,8.41550350189209,0.19589033722877502
44.986019674,44.98295783996582,-0.05551648139953613,8.416413307189941,0.19448222219944
45.019193066,45.015957832336426,-0.056689925491809845,8.417447090148926,0.19340622425079346
45.052306127,45.05197191238403,-0.05835454538464546,8.41897964477539,0.19226205348968506
45.087748907,45.081971883773804,-0.05948776751756668,8.419803619384766,0.19128774106502533
45.118788548,45.11397194862366,-0.06089305505156517,8.420780181884766,0.19033977389335632
45.151750833,45.15298938751221,-0.06250140815973282,8.42162799835205,0.18923714756965637
45.187966889,45.18298935890198,-0.06348251551389694,8.422011375427246,0.18836890161037445
45.22078832,45.211989402770996,-0.06475904583930969,8.422552108764648,0.1878611147403717
45.254611479,45.25500178337097,-0.06612680852413177,8.422699928283691,0.18681035935878754
45.28700833,45.28800177574158,-0.06693170964717865,8.42248249053955,0.1859753578901291
45.319991706,45.31800174713135,-0.06814000755548477,8.422645568847656,0.18560852110385895
45.355921892,45.35102105140686,-0.06928534060716629,8.422616958618164,0.18520601093769073
45.386723415,45.38602113723755,-0.07072394341230392,8.422367095947266,0.1845412403345108
45.418962,45.419021129608154,-0.07187207043170929,8.422080039978027,0.18389329314231873
45.452510075,45.44903635978699,-0.07305154204368591,8.421907424926758,0.18339771032333374
45.488237061,45.48203635215759,-0.07405907660722733,8.421412467956543,0.182702898979187
45.521479231,45.51203632354736,-0.07546691596508026,8.421366691589355,0.18238656222820282
45.552106133,45.55404806137085,-0.07696785777807236,8.421039581298828,0.181827113032341
45.58819961,45.57904815673828,-0.07797394692897797,8.420711517333984,0.18139269948005676
45.621554534,45.623048067092896,-0.07973656803369522,8.420344352722168,0.18076728284358978
45.654270764,45.6560640335083,-0.08093656599521637,8.419944763183594,0.18026864528656006
45.686941764,45.68606400489807,-0.08206935226917267,8.419652938842773,0.17983278632164001
45.720401902,45.71906399726868,-0.08343305438756943,8.419391632080078,0.17945590615272522
45.753735619,45.753082513809204,-0.08499966561794281,8.418911933898926,0.1788269728422165
45.785930819,45.783082485198975,-0.08616170287132263,8.418506622314453,0.1782766580581665
45.818651159,45.81608247756958,-0.08746516704559326,8.418182373046875,0.1777704805135727
45.852534564,45.85209941864014,-0.08897314220666885,8.41771411895752,0.17708678543567657
45.889106496,45.881099462509155,-0.08994695544242859,8.417290687561035,0.1765209138393402
45.921085629,45.9190993309021,-0.09128370136022568,8.416678428649902,0.175699844956398
45.954028917,45.94909930229187,-0.09207094460725784,8.416154861450195,0.17494894564151764
45.987054681,45.9890992641449,-0.09307555854320526,8.415454864501953,0.17394430935382843
46.020460474,46.012099266052246,-0.09354615211486816,8.415020942687988,0.17328393459320068
46.053855226,46.051114559173584,-0.0944816842675209,8.414443016052246,0.17218191921710968
46.085876446,46.082114458084106,-0.0949767604470253,8.413918495178223,0.17124955356121063
46.1188631,46.11411452293396,-0.09563127160072327,8.413375854492188,0.17018920183181763
46.152515589,46.144132137298584,-0.0962786078453064,8.412827491760254,0.16930939257144928
46.188085056,46.18313217163086,-0.09693247079849243,8.41185474395752,0.16816914081573486
46.222391474,46.21313214302063,-0.0977211445569992,8.411212921142578,0.16741327941417694
46.254176432,46.255149602890015,-0.09838056564331055,8.41025447845459,0.16638271510601044
46.287843931,46.2811496257782,-0.09876752644777298,8.40946102142334,0.16565468907356262
46.31991207,46.31114959716797,-0.09931192547082901,8.408751487731934,0.1650526076555252
46.353241563,46.35316443443298,-0.09961246699094772,8.407666206359863,0.164241224527359
46.387001973,46.378164291381836,-0.09979578852653503,8.406774520874023,0.1636587232351303
46.420854014,46.4211642742157,-0.10018276423215866,8.405563354492188,0.1630433052778244
46.45305491,46.44718265533447,-0.1002524197101593,8.404547691345215,0.16257086396217346
46.48631252,46.484182596206665,-0.09998738020658493,8.403206825256348,0.16203312575817108
46.518929579,46.520182609558105,-0.10019959509372711,8.401671409606934,0.1616538166999817
46.552412089,46.55319619178772,-0.10010439157485962,8.400455474853516,0.16133275628089905
46.588160177,46.58219623565674,-0.09972734749317169,8.39913558959961,0.1609572470188141
46.620995895,46.621196031570435,-0.09967603534460068,8.397764205932617,0.16063149273395538
46.654487558,46.645211935043335,-0.09934444725513458,8.396913528442383,0.16037623584270477
46.687675837,46.68421196937561,-0.09914080798625946,8.39555549621582,0.16006243228912354
46.720199359,46.71421194076538,-0.09906825423240662,8.394693374633789,0.15978467464447021
46.753800716,46.74222683906555,-0.09883134067058563,8.393838882446289,0.15949146449565887
46.786141424,46.77722692489624,-0.09815334528684616,8.392792701721191,0.15910470485687256
46.819444846,46.816226959228516,-0.09786541014909744,8.39180850982666,0.15888628363609314
46.852805237,46.8462450504303,-0.09762261062860489,8.391059875488281,0.15876887738704681
46.888012578,46.88824510574341,-0.09732519835233688,8.389986038208008,0.15871883928775787
46.921058871,46.91324496269226,-0.09700353443622589,8.389033317565918,0.15876148641109467
46.954541713,46.94326114654541,-0.09648077189922333,8.388012886047363,0.1588984876871109
46.987307449,46.98626112937927,-0.09572075307369232,8.386649131774902,0.15920627117156982
47.020406262,47.01426124572754,-0.09543909877538681,8.385798454284668,0.15938588976860046
47.054327287,47.05327582359314,-0.0945136621594429,8.384519577026367,0.15907405316829681
47.086338918,47.08327579498291,-0.0938548892736435,8.383692741394043,0.15830840170383453
47.119334291,47.1112756729126,-0.09344324469566345,8.382952690124512,0.15703736245632172
47.156450545,47.15029454231262,-0.09279932081699371,8.382058143615723,0.154134601354599
47.186420059,47.18029451370239,-0.09240097552537918,8.381455421447754,0.15089008212089539
47.219198405,47.21929454803467,-0.09214721620082855,8.380765914916992,0.14494414627552032
47.252432792,47.24331188201904,-0.09188812226057053,8.380401611328125,0.1404207944869995
47.288251175,47.28231191635132,-0.09168774634599686,8.379903793334961,0.13107863068580627
47.321672471,47.31231188774109,-0.09186000376939774,8.379535675048828,0.12261366844177246
47.35455477,47.34532713890076,-0.09187114983797073,8.37916374206543,0.11148834973573685
47.387652111,47.38732719421387,-0.09184542298316956,8.378718376159668,0.09526245296001434
47.420518279,47.41732716560364,-0.09226246923208237,8.378425598144531,0.08254055678844452
47.45355209,47.45034599304199,-0.09264568984508514,8.37819766998291,0.06900127232074738
47.486229748,47.48434591293335,-0.09308336675167084,8.37795352935791,0.05078328400850296
47.519306221,47.51434588432312,-0.09377224743366241,8.377745628356934,0.036009348928928375
47.552251698,47.54736304283142,-0.09447301179170609,8.37755012512207,0.020903341472148895
47.588306406,47.58936309814453,-0.0954914540052414,8.377239227294922,-0.0002463608980178833
47.621645546,47.615363121032715,-0.09657586365938187,8.37690544128418,-0.014896959066390991
47.65442434,47.65236306190491,-0.097842276096344,8.376581192016602,-0.030814051628112793
47.687289861,47.68836307525635,-0.10006478428840637,8.375994682312012,-0.049027130007743835
47.720197617,47.72136306762695,-0.10229821503162384,8.375271797180176,-0.06228251755237579
47.75701553,47.755378007888794,-0.10518917441368103,8.373899459838867,-0.07868829369544983
47.788632553,47.786377906799316,-0.10653547942638397,8.37296199798584,-0.08565125614404678
47.820583068,47.81937789916992,-0.10737098753452301,8.37174129486084,-0.0817129984498024
47.85283264,47.84439468383789,-0.10748179256916046,8.370877265930176,-0.07683892548084259
47.888305699,47.888394832611084,-0.10782456398010254,8.369319915771484,-0.0710003525018692
47.921181802,47.9173948764801,-0.10861754417419434,8.368084907531738,-0.06900137662887573
47.954133309,47.95040941238403,-0.10957204550504684,8.366745948791504,-0.06895381212234497
47.987564059,47.98540949821472,-0.11131298542022705,8.364896774291992,-0.0720282718539238
48.02008897,48.01540946960449,-0.11314132064580917,8.363314628601074,-0.07657790929079056
48.05420351,48.05442571640015,-0.11587054282426834,8.361180305480957,-0.084202840924263
48.086131174,48.08442568778992,-0.11764974147081375,8.359622955322266,-0.08882422000169754
48.11972928,48.11742568016052,-0.11944255977869034,8.357630729675293,-0.08848685771226883
48.152849805,48.14744281768799,-0.12073341012001038,8.356110572814941,-0.08692187815904617
48.188373209,48.1894428730011,-0.12225883454084396,8.354093551635742,-0.0873674750328064
48.2217789,48.222442865371704,-0.12331661581993103,8.352372169494629,-0.0896485224366188
48.254443801,48.2474582195282,-0.12401924282312393,8.351217269897461,-0.08939361572265625
48.287440467,48.28545832633972,-0.12429880350828171,8.35062313079834,-0.08941162377595901
48.320468882,48.32145833969116,-0.12466046214103699,8.349976539611816,-0.08979257196187973
48.353642984,48.35447311401367,-0.12462154030799866,8.34997844696045,-0.08987902849912643
48.386798395,48.386473178863525,-0.12464847415685654,8.350324630737305,-0.09012638032436371
48.423221589,48.41747307777405,-0.12482673674821854,8.350337982177734,-0.09010758250951767
48.452562987,48.44948983192444,-0.12497568875551224,8.350468635559082,-0.09026727825403214
48.488656273,48.47948980331421,-0.12492120265960693,8.35042667388916,-0.09030205756425858
48.521759836,48.52148985862732,-0.12481649965047836,8.350532531738281,-0.09025301039218903
48.554768888,48.54750466346741,-0.12476123124361038,8.35068130493164,-0.09012673795223236
48.589093412,48.59150457382202,-0.12488232553005219,8.350934028625488,-0.0900011956691742
48.62179496,48.61650466918945,-0.1250026673078537,8.351253509521484,-0.08980008959770203
48.655009388,48.6465208530426,-0.1249505952000618,8.351621627807617,-0.0896347239613533
48.687748726,48.689520835876465,-0.12455390393733978,8.35225772857666,-0.0895228385925293
48.721388899,48.72252082824707,-0.12444808334112167,8.352743148803711,-0.08930306881666183
48.754057878,48.74853515625,-0.1243446096777916,8.353301048278809,-0.08921276032924652
48.786270849,48.77853512763977,-0.1241622343659401,8.353917121887207,-0.08908646553754807
48.819603582,48.82153511047363,-0.1239246353507042,8.354877471923828,-0.08887062966823578
48.853416198,48.854552268981934,-0.12370894104242325,8.355512619018555,-0.08870011568069458
48.88828655,48.88955211639404,-0.12356434762477875,8.356311798095703,-0.08845806866884232
48.92262933,48.91955232620239,-0.12357486039400101,8.356913566589355,-0.08819936215877533
48.956587377,48.952566385269165,-0.12347573786973953,8.357535362243652,-0.08800821751356125
48.987538485,48.987566232681274,-0.12339314818382263,8.358358383178711,-0.08767247945070267
49.020701078,49.02056622505188,-0.12328040599822998,8.359038352966309,-0.0873926505446434
49.05382837,49.050581216812134,-0.12318568676710129,8.359660148620605,-0.08719475567340851
49.08709994,49.08358120918274,-0.12302063405513763,8.360335350036621,-0.08699626475572586
49.120627135,49.11958122253418,-0.12300965934991837,8.360998153686523,-0.08664707839488983
49.153751483,49.15259838104248,-0.1228053942322731,8.361658096313477,-0.08641569316387177
49.188433229,49.183598279953,-0.12263153493404388,8.36223030090332,-0.08625535666942596
49.221605424,49.221598386764526,-0.12284773588180542,8.362666130065918,-0.08586644381284714
49.254435836,49.25061321258545,-0.12297744303941727,8.363015174865723,-0.0856318324804306
49.287553047,49.289613246917725,-0.12290599942207336,8.363531112670898,-0.08538573980331421
49.320412488,49.319613218307495,-0.12288197875022888,8.363746643066406,-0.08516713976860046
49.354054101,49.34962725639343,-0.12287362664937973,8.363957405090332,-0.08502504974603653
49.386310663,49.38262724876404,-0.12277799099683762,8.364315032958984,-0.08496268838644028
49.419360951,49.42162728309631,-0.12293519824743271,8.364283561706543,-0.08480096608400345
49.453875598,49.45164370536804,-0.12285159528255463,8.364389419555664,-0.08472443372011185
49.488246895,49.482643604278564,-0.1226530373096466,8.364628791809082,-0.08474341779947281
49.521382924,49.51964354515076,-0.12261957675218582,8.36457347869873,-0.08469510823488235
49.554530699,49.55665850639343,-0.1226174533367157,8.364459991455078,-0.08469527959823608
49.588649028,49.588658571243286,-0.12254147231578827,8.364377975463867,-0.08473336696624756
49.620556575,49.617658376693726,-0.12261557579040527,8.363937377929688,-0.08466979116201401
49.653699389,49.65367412567139,-0.12253086268901825,8.363612174987793,-0.08472426235675812
49.686388717,49.68667411804199,-0.1224682405591011,8.363443374633789,-0.084809809923172
49.719534617,49.711673974990845,-0.12263223528862,8.362883567810059,-0.08475828915834427
49.752503305,49.74968647956848,-0.12248995155096054,8.362570762634277,-0.08480656892061234
49.789702132,49.78568625450134,-0.12223391234874725,8.362074851989746,-0.08488395810127258
49.824971119,49.81868648529053,-0.12214508652687073,8.361555099487305,-0.08488253504037857
49.854526532,49.85269594192505,-0.12198955565690994,8.360980033874512,-0.08496010303497314
49.88763297,49.885695934295654,-0.12165423482656479,8.360774993896484,-0.08512114733457565
49.920584599,49.909695863723755,-0.12141798436641693,8.36056900024414,-0.08520682156085968
49.954669367,49.94871163368225,-0.12125770002603531,8.359719276428223,-0.08524598926305771
49.987010372,49.97871160507202,-0.12107837200164795,8.359192848205566,-0.08533206582069397
50.020456992,50.02071166038513,-0.12098532170057297,8.35824966430664,-0.08535990118980408
50.052829074,50.04673409461975,-0.12077599763870239,8.357704162597656,-0.0854434221982956
50.089060036,50.08973407745361,-0.12058304995298386,8.35689926147461,-0.0855671837925911
50.122413713,50.1157341003418,-0.12068206071853638,8.356077194213867,-0.08553888648748398
50.15271174,50.152745485305786,-0.12053003907203674,8.355497360229492,-0.08563949167728424
50.189032732,50.18874549865723,-0.12036751955747604,8.35476016998291,-0.08578284084796906
50.228333075,50.22174549102783,-0.12035028636455536,8.354096412658691,-0.08580633252859116
50.253171457,50.247756481170654,-0.1202542781829834,8.353507041931152,-0.08588919788599014
50.288729129,50.29075646400452,-0.12003015726804733,8.352846145629883,-0.0860491544008255
50.31962533,50.32075643539429,-0.12009134888648987,8.352193832397461,-0.08607745915651321
50.354730323,50.35377216339111,-0.12015585601329803,8.351521492004395,-0.08608971536159515
50.387718278,50.3887722492218,-0.12013136595487595,8.350751876831055,-0.08616159856319427
50.420623788,50.41777205467224,-0.12018530815839767,8.350154876708984,-0.08614308387041092
50.45419958,50.45078706741333,-0.12017106264829636,8.349648475646973,-0.08619114011526108
50.486786191,50.48678708076477,-0.12027241289615631,8.34890079498291,-0.08623761683702469
50.519876306,50.519787073135376,-0.12030038237571716,8.348402976989746,-0.08620280027389526
50.552618591,50.54980540275574,-0.12029767036437988,8.3479585647583,-0.08622603118419647
50.588700538,50.58280539512634,-0.12024098634719849,8.34760856628418,-0.08626081794500351
50.621980763,50.61180543899536,-0.12016674876213074,8.347319602966309,-0.08634420484304428
50.654592594,50.65082025527954,-0.12026715278625488,8.34684944152832,-0.08629024028778076
50.68902877,50.68782019615173,-0.12016049027442932,8.346592903137207,-0.08637925237417221
50.720658893,50.71382021903992,-0.12048140168190002,8.346100807189941,-0.08622846007347107
50.754388418,50.74383878707886,-0.12064891308546066,8.345723152160645,-0.08616484701633453
50.787023243,50.78583860397339,-0.12070725858211517,8.345391273498535,-0.08617041260004044
50.819664308,50.82183861732483,-0.12106884270906448,8.344910621643066,-0.08596297353506088
50.853622957,50.8538556098938,-0.12120901793241501,8.344640731811523,-0.08591429144144058
50.888696149,50.88985562324524,-0.12160161882638931,8.344176292419434,-0.0857263132929802
50.921632014,50.9238555431366,-0.12178640067577362,8.343945503234863,-0.08563078939914703
50.957284273,50.9528694152832,-0.12190873920917511,8.343767166137695,-0.08557334542274475
50.98777012,50.98586940765381,-0.12193427234888077,8.343660354614258,-0.08557701855897903
51.020888348,51.01486945152283,-0.12215577065944672,8.343437194824219,-0.08549106121063232
51.053971372,51.042887687683105,-0.12235941737890244,8.343229293823242,-0.08542250096797943
51.08666307,51.0818874835968,-0.12264759093523026,8.342968940734863,-0.08539114892482758
51.119814552,51.11188769340515,-0.12319839745759964,8.342608451843262,-0.08520697057247162
51.153183412,51.1459002494812,-0.12348896265029907,8.342425346374512,-0.08516644686460495
51.188763243,51.18890023231506,-0.12392960488796234,8.342168807983398,-0.08509416878223419
51.221815734,51.22290015220642,-0.12443152070045471,8.341824531555176,-0.08496315777301788
51.255151885,51.255913972854614,-0.12458512932062149,8.34169864654541,-0.08497517555952072
51.287585366,51.285913944244385,-0.1249464750289917,8.341442108154297,-0.08490674197673798
51.320665477,51.31891393661499,-0.1253398209810257,8.34119987487793,-0.08481764793395996
51.354252739,51.34892988204956,-0.12577933073043823,8.340927124023438,-0.08471918851137161
51.386712337,51.381929874420166,-0.126081183552742,8.340733528137207,-0.08468325436115265
51.420765336,51.410929918289185,-0.1264423131942749,8.34047794342041,-0.08454006165266037
51.45392706,51.45094561576843,-0.12677790224552155,8.34018611907959,-0.08441029489040375
51.488114481,51.4809455871582,-0.12703609466552734,8.339980125427246,-0.08432912826538086
51.521240519,51.52294564247131,-0.12768220901489258,8.339526176452637,-0.08406546711921692
51.554018118,51.54795789718628,-0.1279795914888382,8.339298248291016,-0.08395031094551086
51.586807591,51.57795810699463,-0.12812162935733795,8.339152336120605,-0.08389241993427277
51.619994919,51.61995792388916,-0.12853622436523438,8.338774681091309,-0.08366669714450836
51.653739358,51.65296721458435,-0.12871235609054565,8.338560104370117,-0.0835920050740242
51.689479431,51.68996715545654,-0.12901510298252106,8.338244438171387,-0.08347295969724655
51.722325118,51.7219672203064,-0.1291511207818985,8.33800983428955,-0.08340722322463989
51.754936113,51.752978801727295,-0.12927505373954773,8.337764739990234,-0.08335161209106445
51.788401898,51.78497862815857,-0.129323348402977,8.337545394897461,-0.08334062248468399
51.821042657,51.81997871398926,-0.1294812262058258,8.337142944335938,-0.08321371674537659
51.854555745,51.849990129470825,-0.12958364188671112,8.33684253692627,-0.08314437419176102
51.88684877,51.8889901638031,-0.12973114848136902,8.336472511291504,-0.08307252824306488
51.920966657,51.91899013519287,-0.12993602454662323,8.336137771606445,-0.08294554799795151
51.95308647,51.952000856399536,-0.12996318936347961,8.335897445678711,-0.08291170001029968
51.988734197,51.98200082778931,-0.12995955348014832,8.33569049835205,-0.08290118724107742
52.021863672,52.021000623703,-0.12999925017356873,8.3353853225708,-0.08278977125883102
52.055255173,52.05101299285889,-0.1299540102481842,8.335208892822266,-0.08276055008172989
52.088225776,52.08401298522949,-0.12981632351875305,8.33509635925293,-0.08278156071901321
52.120709999,52.12301301956177,-0.1299576759338379,8.334784507751465,-0.08264535665512085
52.153711455,52.14602971076965,-0.12992745637893677,8.3346529006958,-0.0826210081577301
52.186912718,52.18502974510193,-0.12986618280410767,8.334415435791016,-0.08263996243476868
52.219990538,52.21602964401245,-0.1298387050628662,8.334217071533203,-0.08259756118059158
52.253236416,52.254040479660034,-0.12975968420505524,8.33399486541748,-0.08259007334709167
52.288995232,52.278040409088135,-0.12962843477725983,8.33391284942627,-0.08262280374765396
52.322336325,52.31704044342041,-0.12973475456237793,8.333613395690918,-0.0825163871049881
52.355040966,52.34705448150635,-0.12978409230709076,8.333403587341309,-0.08249419927597046
52.388173739,52.39005446434021,-0.12976154685020447,8.333173751831055,-0.08249563723802567
52.421621504,52.41905450820923,-0.12975546717643738,8.333024978637695,-0.08245470374822617
52.455880821,52.45207214355469,-0.12970352172851562,8.332905769348145,-0.08244103193283081
52.486798719,52.48207211494446,-0.1295783817768097,8.332802772521973,-0.08247320353984833
52.519792845,52.52107214927673,-0.1297847181558609,8.332550048828125,-0.08236265927553177
52.553428897,52.55008840560913,-0.12985381484031677,8.332404136657715,-0.08234522491693497
52.589105779,52.58908820152283,-0.12990902364253998,8.33221435546875,-0.08235964179039001
52.622160556,52.61908841133118,-0.1300082504749298,8.332050323486328,-0.0823109894990921
52.655312307,52.64909911155701,-0.13003480434417725,8.331931114196777,-0.08232054859399796
52.688818186,52.68209910392761,-0.13005183637142181,8.331794738769531,-0.08236831426620483
52.722055148,52.72109913825989,-0.13033877313137054,8.331594467163086,-0.08227477967739105
52.755524466,52.7501175403595,-0.1304226666688919,8.331482887268066,-0.08229096978902817
52.788208766,52.779117584228516,-0.1304815113544464,8.331398010253906,-0.08231879770755768
52.823677116,52.82311749458313,-0.1306608021259308,8.331303596496582,-0.0823202133178711
52.855881693,52.855127573013306,-0.13074062764644623,8.33124828338623,-0.08235983550548553
52.886912807,52.88812756538391,-0.1308479607105255,8.331185340881348,-0.08238764107227325
52.921435026,52.914127349853516,-0.13108153641223907,8.33109188079834,-0.08232402056455612
52.953229235,52.95113754272461,-0.1311933994293213,8.33104133605957,-0.08232135325670242
52.988704178,52.9881374835968,-0.13131830096244812,8.331028938293457,-0.08231917023658752
53.021934483,53.01713752746582,-0.1314401924610138,8.331033706665039,-0.08225610852241516
53.055266436,53.05614757537842,-0.13153143227100372,8.331024169921875,-0.08226625621318817
53.088265281,53.08514761924744,-0.13158196210861206,8.33103084564209,-0.08225702494382858
53.122279004,53.12414765357971,-0.13169239461421967,8.3310546875,-0.08218694478273392
53.158848166,53.15416479110718,-0.1317491978406906,8.331064224243164,-0.08219028264284134
53.187845363,53.18116474151611,-0.13161557912826538,8.331107139587402,-0.0822729840874672
53.221098135,53.21116495132446,-0.13162808120250702,8.3311767578125,-0.08224008232355118
53.254000133,53.253177642822266,-0.13151675462722778,8.331304550170898,-0.082259900867939
53.286990272,53.2781777381897,-0.1313745379447937,8.331401824951172,-0.08232783526182175
53.320791963,53.317177534103394,-0.13128867745399475,8.331513404846191,-0.08236284554004669
53.352981625,53.35519027709961,-0.13106630742549896,8.331635475158691,-0.08247045427560806
53.389323648,53.38419008255005,-0.13104915618896484,8.331695556640625,-0.08250821381807327
53.421989929,53.417190074920654,-0.13097062706947327,8.331781387329102,-0.08252524584531784
53.455025387,53.45620036125183,-0.13073274493217468,8.331948280334473,-0.082606241106987
53.487791908,53.4862003326416,-0.1304558962583542,8.332080841064453,-0.08271605521440506
53.521246024,53.51520037651062,-0.1303391307592392,8.33219051361084,-0.0827033668756485
53.555665251,53.54821729660034,-0.13022927939891815,8.332270622253418,-0.08269845694303513
53.587098187,53.57821726799011,-0.13012675940990448,8.3323392868042,-0.08268589526414871
53.620454208,53.621217250823975,-0.12975265085697174,8.332468032836914,-0.08279896527528763
53.653342059,53.65522837638855,-0.12949931621551514,8.33256721496582,-0.08285658806562424
53.690233823,53.68922829627991,-0.12915387749671936,8.332718849182129,-0.08291834592819214
53.722149697,53.72222828865051,-0.12882022559642792,8.332841873168945,-0.08300350606441498
