0.080013303,0.07130146026611328,-0.004789234139025211,0.00394069030880928,0.0002418414514977485
0.112748739,0.11330151557922363,-0.0048192874528467655,0.0045293644070625305,0.00014599798305425793
0.145741921,0.13832950592041016,-0.005043282173573971,0.004645551089197397,-0.00024689684505574405
0.17842778,0.16932964324951172,-0.004936874844133854,0.005251465830951929,-0.0006742829573340714
0.215242356,0.21032953262329102,-0.0053617763333022594,0.004767734557390213,0.00011705086217261851
0.248178759,0.24135208129882812,-0.005732289049774408,0.004813361447304487,-0.0007940962095744908
0.280287037,0.27335214614868164,-0.00599425844848156,0.004912886768579483,-0.0007005403749644756
0.313310688,0.308351993560791,-0.006231115199625492,0.00530413631349802,-0.000645008753053844
0.346886924,0.338376522064209,-0.006574886851012707,0.004840983543545008,-0.0008332807919941843
0.379140253,0.3773763179779053,-0.0071200779639184475,0.0046825651079416275,2.0626826881198213e-05
0.412727275,0.40137648582458496,-0.0070247040130198,0.004923154599964619,5.342746590031311e-05
0.448328085,0.44440388679504395,-0.006829975172877312,0.004545506089925766,-0.0005266965599730611
0.47924289,0.4774038791656494,-0.007132290862500668,0.0048169828951358795,-0.00042319425847381353
0.515157487,0.5074038505554199,-0.007028138265013695,0.005101912189275026,-0.0008197030983865261
0.547713786,0.5464298725128174,-0.007377700414508581,0.004902661312371492,-0.00038587991730310023
0.580346675,0.5764298439025879,-0.00769906397908926,0.004733728244900703,-0.0007223701104521751
0.614183856,0.6094298362731934,-0.007570102345198393,0.004412506241351366,-0.00048204074846580625
0.64690201,0.6394519805908203,-0.007808602415025234,0.004284354858100414,-0.00035159161780029535
0.679713522,0.6784520149230957,-0.007750379852950573,0.003996206447482109,-0.001468640984967351
0.713631143,0.7084519863128662,-0.00713860709220171,0.0037273962516337633,-0.0014446962159126997
0.74613733,0.7414805889129639,-0.007249266374856234,0.00365939037874341,-0.0013111818116158247
0.778177317,0.7714805603027344,-0.0074529037810862064,0.0032825085800141096,-0.0014823715901002288
0.814724809,0.8104805946350098,-0.007431953214108944,0.0036080849822610617,-0.001647250261157751
0.848342021,0.8405067920684814,-0.0071279313415288925,0.003375536995008588,-0.001953466795384884
0.880228988,0.870506763458252,-0.006792338564991951,0.003666340373456478,-0.0022594898473471403
0.913403556,0.9035067558288574,-0.006339471321552992,0.0038448553532361984,-0.0019956387113779783
0.947113778,0.9465291500091553,-0.006780446972697973,0.0032180023845285177,-0.0013100694632157683
0.979602874,0.9755291938781738,-0.006907055154442787,0.003190597053617239,-0.000997245078906417
1.012757951,1.0085291862487793,-0.006577589083462954,0.0028729906771332026,-0.0016813401598483324
1.04592151,1.0445561408996582,-0.007096338085830212,0.0027751533780246973,-0.0017562548164278269
1.078422352,1.0725560188293457,-0.007159191649407148,0.0021927200723439455,-0.0011939461110159755
1.111350986,1.111556053161621,-0.006963368505239487,0.0016738491831347346,-0.001221499522216618
1.14810959,1.1415786743164062,-0.007254792843014002,0.001543512917123735,-0.0011165981413796544
1.180453507,1.1705787181854248,-0.006895750295370817,0.0012815085938200355,-0.001188970054499805
1.213596742,1.213578701019287,-0.007435643579810858,0.001436660997569561,-0.001717176171950996
1.247377345,1.2466034889221191,-0.007533458527177572,0.001272714463993907,-0.0013853654963895679
1.280190534,1.2816035747528076,-0.007278749719262123,0.0005923198186792433,-0.0020020322408527136
1.31279149,1.310603380203247,-0.006675738375633955,0.0005312676657922566,-0.0018130338285118341
1.34606563,1.3436315059661865,-0.006833737716078758,0.00019199114467483014,-0.0014143914449959993
1.378347807,1.372631311416626,-0.0070759616792202,0.00047908665146678686,-0.0019184735137969255
1.414871871,1.4156312942504883,-0.007224810775369406,0.0005140506546013057,-0.0017743948847055435
1.447742254,1.4446544647216797,-0.0070673334412276745,0.0005327513790689409,-0.0018793771741911769
1.480539472,1.4806544780731201,-0.006883468944579363,0.00021017112885601819,-0.001811763271689415
1.513758305,1.5136544704437256,-0.006566009018570185,0.0002594202815089375,-0.0015824654838070273
1.552127356,1.5386786460876465,-0.00637704087421298,0.00032869225833564997,-0.0014537529787048697
1.580443602,1.57667875289917,-0.006175903137773275,5.762464934377931e-05,-0.0020990180782973766
1.613861161,1.6066787242889404,-0.005857784301042557,0.00014518285752274096,-0.0018508131615817547
1.648167591,1.6487038135528564,-0.006276258267462254,0.0004549922305159271,-0.0013073812006041408
1.680528755,1.678703784942627,-0.006464162841439247,0.0002908716560341418,-0.0011972662759944797
1.713586159,1.7087037563323975,-0.006039116531610489,0.0002906144654843956,-0.0009178188047371805
1.747355313,1.7387278079986572,-0.006502602249383926,0.001033585867844522,-0.0011523283319547772
1.779987549,1.7787280082702637,-0.006244595628231764,0.0012918503489345312,-0.0022194094490259886
1.812457483,1.8047277927398682,-0.0061438907869160175,0.001425898284651339,-0.0020594410598278046
1.846478684,1.8417563438415527,-0.006158694624900818,0.0014013773761689663,-0.0016446886584162712
1.878611114,1.8777563571929932,-0.005654114298522472,0.0014259008457884192,-0.001593304332345724
1.915275788,1.9077563285827637,-0.00574158038944006,0.0013301520375534892,-0.0013483476359397173
1.948388818,1.9407799243927002,-0.0055326842702925205,0.001296034548431635,-0.002221253700554371
1.981062342,1.9737799167633057,-0.005327868741005659,0.0014371928991749883,-0.0020397936459630728
2.013927742,2.003779888153076,-0.0051529984921216965,0.0015919865109026432,-0.0021025980822741985
2.046719208,2.047801971435547,-0.005044033285230398,0.0015411438653245568,-0.0017044860869646072
2.079743902,2.0798017978668213,-0.0050823502242565155,0.0016917467582970858,-0.0010460508055984974
2.113195749,2.105801820755005,-0.00502438098192215,0.0016533028101548553,-0.0009699003421701491
2.146326639,2.1438276767730713,-0.004596817307174206,0.001600664691068232,-0.0017450248124077916
2.179282392,2.17282772064209,-0.0043669575825333595,0.0019359891302883625,-0.0017927640583366156
2.21195534,2.2058277130126953,-0.004305081441998482,0.0018590472172945738,-0.0011327743995934725
2.248157302,2.2358508110046387,-0.00411106226965785,0.002402624813839793,-0.001161482883617282
2.280391864,2.274850845336914,-0.0040589445270597935,0.0020929514430463314,-0.00046588596887886524
2.313703299,2.3048508167266846,-0.003642487106844783,0.0020892887841910124,-0.0004344973131082952
2.347247771,2.3378748893737793,-0.003292779205366969,0.0019652768969535828,-0.0012254847679287195
2.379789782,2.3758747577667236,-0.0029056179337203503,0.002186373807489872,-0.0009134667925536633
2.412819181,2.40987491607666,-0.0027798849623650312,0.0019659933168441057,-0.00019301704014651477
2.445687718,2.43989896774292,-0.0026347381062805653,0.0024303365498781204,-2.1140895114513114e-05
2.478763813,2.4788990020751953,-0.002303475048393011,0.002007727511227131,-5.269204484648071e-05
2.511649057,2.508898973464966,-0.0025986155960708857,0.0020624499302357435,0.0005695746513083577
2.54807711,2.5419247150421143,-0.002281622728332877,0.002737779635936022,-0.00042674221913330257
2.580584107,2.5719246864318848,-0.0021012937650084496,0.002468736842274666,-0.0005433703190647066
2.614941339,2.61092472076416,-0.0018436885438859463,0.0030549317598342896,-0.00029030314180999994
2.647538945,2.640949010848999,-0.001385256415233016,0.0032987287268042564,-6.914058758411556e-05
2.679793219,2.6739490032196045,-0.0012298288056626916,0.003849726403132081,5.113746374263428e-05
2.713819582,2.703948974609375,-0.0005436836509034038,0.0037915753200650215,-0.0001233269285876304
2.747409927,2.7429490089416504,-0.0009019274148158729,0.0030237657483667135,0.000491327082272619
2.779766793,2.772948980331421,-0.00046404876047745347,0.0029175428207963705,7.538915815530345e-05
2.813067901,2.8009490966796875,-0.0004124432452954352,0.0032976283691823483,0.0006891099619679153
2.846561332,2.8449747562408447,0.0006010488141328096,0.0030828809831291437,-0.00016454847354907542
2.879374347,2.8699746131896973,0.000812292390037328,0.003029543673619628,0.0002484559081494808
2.912045577,2.8999745845794678,0.000588375492952764,0.003109490033239126,0.00091250438708812
2.948305637,2.946997880935669,0.0007752805249765515,0.002981724916025996,0.001477555138990283
2.981516616,2.9769980907440186,0.0007674756925553083,0.003145485883578658,0.001692886697128415
3.013929813,3.004997968673706,0.0007021024357527494,0.002904487308114767,0.0018482033628970385
3.047148024,3.045018434524536,0.0011717048473656178,0.0031983540393412113,0.0019515410531312227
3.079652534,3.0740184783935547,0.000950814108364284,0.0028549693524837494,0.0017258115112781525
3.112829714,3.110018491744995,0.0009772500488907099,0.0032145122531801462,0.0016945360694080591
3.147043152,3.145042896270752,0.0014220679877325892,0.0030330484732985497,0.0011596387485042214
3.178771869,3.1750428676605225,0.0011745243100449443,0.002997507806867361,0.0006624840898439288
3.212026472,3.208042860031128,0.001435446902178228,0.002949940739199519,0.0009938101284205914
3.248242108,3.2440686225891113,0.0019843957852572203,0.003207836067304015,0.0001114316182793118
3.280790274,3.277068614959717,0.0018946659984067082,0.0036273119039833546,0.0006756106740795076
3.314012742,3.3070685863494873,0.0021419317927211523,0.003571852808818221,0.0004938286147080362
3.347833723,3.34609317779541,0.0023098376113921404,0.0035905251279473305,-4.731288208859041e-05
3.380648019,3.3750932216644287,0.0024804070126265287,0.0034014610573649406,-0.0002132753434125334
3.414042103,3.4040932655334473,0.0024208936374634504,0.0028313458897173405,-5.277912350720726e-05
3.447237143,3.4431164264678955,0.0020690958481281996,0.0023564142175018787,7.818689482519403e-05
3.479701101,3.473116636276245,0.002046833746135235,0.002298481995239854,0.00020820385543629527
3.513018339,3.5031166076660156,0.0016659338725730777,0.002388914581388235,0.00045459382818080485
3.546795791,3.545142412185669,0.002351547824218869,0.0021934036631137133,0.00041164460708387196
3.579402817,3.5701422691345215,0.0031132863368839025,0.002187183825299144,-5.184514884604141e-05
3.612467464,3.600142478942871,0.003262130543589592,0.002169947372749448,7.207844464574009e-05
3.649218496,3.6401634216308594,0.0038723936304450035,0.002252965932711959,0.00017914234194904566
3.681170099,3.6771633625030518,0.00426837895065546,0.0017408004496246576,0.0003738858795259148
3.714913249,3.7071633338928223,0.0043515050783753395,0.001989217707887292,0.0005309157422743738
3.747739365,3.740187406539917,0.004403522238135338,0.002107135485857725,-0.0009741851245053113
3.780053834,3.7791874408721924,0.00404210714623332,0.002194661647081375,-0.0006251940503716469
3.81466249,3.809187412261963,0.0037558102048933506,0.0018841694109141827,-0.0008049894822761416
3.846720463,3.8392136096954346,0.0036925040185451508,0.0016079004853963852,-0.0007763593457639217
3.879214357,3.870213508605957,0.003361619310453534,0.0013672597706317902,0.00043470642413012683
3.913580632,3.9082136154174805,0.002979065291583538,0.0017579107079654932,-0.0005950742051936686
3.948135038,3.944227933883667,0.0026499817613512278,0.0019165519624948502,-0.0009479138534516096
3.981134722,3.9742279052734375,0.0026341115590184927,0.0012874240055680275,-0.0014894482446834445
4.014261822,4.007227897644043,0.0028702099807560444,0.0011379140196368098,-0.0014758168254047632
4.047969382,4.046246290206909,0.0019913113210350275,0.0004887572140432894,-0.0007225674344226718
4.080435111,4.075246334075928,0.001733030192553997,0.0003150495467707515,-0.001073682215064764
4.113433835,4.10624623298645,0.0015843833098188043,0.0002849434094969183,-0.0013000138569623232
4.146546533,4.1382737159729,0.0015129089588299394,7.146743155317381e-05,-0.0015875529497861862
4.179258419,4.173273801803589,0.001556440838612616,-0.00022152245219331235,-0.0015152209671214223
4.212333094,4.203273773193359,0.0012937972787767649,-4.033635195810348e-05,-0.0011358606861904263
4.250295911,4.242295503616333,0.0012450169306248426,-0.00022190832532942295,-0.002053663367405534
4.281189282,4.279295444488525,0.0008379496866837144,-5.766786853200756e-05,-0.0012764062266796827
4.315403369,4.312295436859131,0.0011145973112434149,-0.00029836309840902686,-0.0013122870586812496
4.348740364,4.3473217487335205,0.0014232380781322718,-0.0006205618847161531,-0.002245843643322587
4.382226635,4.377321720123291,0.001171192154288292,-0.0006548298988491297,-0.0023984352592378855
4.414623615,4.407321929931641,0.0012124500935897231,-0.0003579843614716083,-0.001916150446049869
4.44833412,4.440346002578735,0.0013394698034971952,-6.0443824622780085e-05,-0.0018918152200058103
4.479888415,4.473345994949341,0.0009959150338545442,2.0425868569873273e-05,-0.0016527738189324737
4.51320227,4.503345966339111,0.0011946435552090406,-0.00018301012460142374,-0.002195491222664714
4.546510075,4.545372486114502,0.0010679062688723207,-0.0008413375471718609,-0.0026786704547703266
4.57904945,4.570372581481934,0.0009810698684304953,-0.0012089574011042714,-0.0022446566727012396
4.612217678,4.600372552871704,0.0009625038364902139,-0.0013726336183026433,-0.001990462187677622
4.648978095,4.648396253585815,0.001153915305621922,-0.0010637862142175436,-0.002605755114927888
4.680907144,4.678396224975586,0.0011249756207689643,-0.0014746958622708917,-0.0025666006840765476
4.714143937,4.7083964347839355,0.0011614871909841895,-0.0010163061087951064,-0.0028262315317988396
4.747595363,4.7474212646484375,0.0004739703726954758,-0.0010560579830780625,-0.0022510935086756945
4.780386442,4.777421236038208,-0.0002552271180320531,-0.000618666410446167,-0.0022672952618449926
4.813503214,4.8104212284088135,-5.2699684601975605e-05,-0.0012178895995020866,-0.002176724374294281
4.846929131,4.840445280075073,0.0005396934575401247,-0.0009908293141052127,-0.0015888409689068794
4.880179912,4.879445314407349,0.0008636055281385779,-0.0002994158712681383,-0.0022856867872178555
4.914286531,4.909445285797119,0.0007081669755280018,-0.000234110644669272,-0.002155876252800226
4.948153618,4.936472415924072,0.0006999388569965959,0.0001421388442395255,-0.0023552649654448032
4.979467911,4.978472471237183,0.00045503376168198884,-0.00021435842791106552,-0.001764427637681365
5.013474064,5.008472442626953,0.00033041444839909673,-2.4209864932345226e-05,-0.001760064740665257
5.048707709,5.044497728347778,0.0003264176193624735,0.0001920183131005615,-0.0025871044490486383
5.081235827,5.077497720718384,0.000297161954222247,4.832003833143972e-05,-0.002661666367202997
5.116316067,5.113497734069824,0.00048373191384598613,0.00024291181762237102,-0.003363257274031639
5.147934481,5.146521329879761,0.0001516394695499912,0.00047114226617850363,-0.0026144497096538544
5.180125032,5.176521301269531,0.00026053108740597963,0.000222422881051898,-0.002520389622077346
5.213468822,5.209521293640137,0.0006391667993739247,-3.909806764568202e-05,-0.002530885161831975
5.246979907,5.237541913986206,0.0004174307396169752,-0.0004932847805321217,-0.0015636174939572811
5.279202817,5.267541885375977,-9.1555091785267e-05,-0.0004852616984862834,-0.001603305572643876
5.312487652,5.309541940689087,2.69991323875729e-05,-0.001032029278576374,-0.0018672486767172813
5.349422988,5.345571756362915,-9.626883547753096e-05,-0.0008285937365144491,-0.0017245890339836478
5.381222171,5.3785717487335205,0.0004519633366726339,-0.0007797641446813941,-0.0019400882301852107
5.414343968,5.414571762084961,0.00037868868093937635,-0.0009267634595744312,-0.002191088395193219
5.447591708,5.447595119476318,0.00042559782741591334,-0.0009291450260207057,-0.0018229027045890689
5.48045288,5.476595163345337,0.0002941179845947772,-0.0007536851917393506,-0.0013707320904359221
5.513633376,5.511595249176025,0.00025371057563461363,-0.0010168125154450536,-0.001107882591895759
5.546289422,5.54162335395813,1.0504563761060126e-05,-0.00122320547234267,-0.0008917832747101784
5.57994927,5.574623346328735,-0.00021211334387771785,-0.0009586972300894558,-0.0010583631228655577
5.612488303,5.609623432159424,0.0003278411750216037,-0.0013160405214875937,-0.002113188384100795
5.648890196,5.6486496925354,0.0005040451069362462,-0.0008612972451373935,-0.0020588641054928303
5.681568162,5.678649663925171,0.000391812005545944,-0.0011084364959970117,-0.0020116360392421484
5.713993711,5.7086498737335205,0.0001434931909898296,-0.001384895876981318,-0.0025745932944118977
5.748734697,5.741674900054932,-0.00010804196790559217,-0.00140062824357301,-0.0025926122907549143
5.781277548,5.771674871444702,-0.00038080677040852606,-0.0013537080958485603,-0.002879669424146414
5.814616099,5.8106749057769775,-0.0009349989704787731,-0.0013081901706755161,-0.002902578329667449
5.847716685,5.840695142745972,-0.0007156351348385215,-0.0009396190289407969,-0.0031263690907508135
5.880338303,5.868695020675659,-0.00040628062561154366,-0.0014189047506079078,-0.002501504262909293
5.914000145,5.9086949825286865,0.0004343304317444563,-0.0012156997108832002,-0.003769582137465477
5.947276284,5.937716484069824,-6.073528311389964e-06,-0.0012382197892293334,-0.0032006725668907166
5.982919228,5.967716693878174,0.00047176930820569396,-0.0010764992330223322,-0.002766739809885621
6.013930052,6.009716510772705,0.0007440526969730854,-0.001404109876602888,-0.003547355066984892
6.047959802,6.0457165241241455,0.001048296457156539,-0.000842221372295171,-0.0030337325297296047
6.080299192,6.078716516494751,0.0011538427788764238,-0.0005447427392937243,-0.0031359856948256493
6.112391463,6.104716539382935,0.0011995021486654878,-0.0010758796706795692,-0.003773908130824566
6.14865145,6.147741079330444,0.001006126287393272,-0.0013838516315445304,-0.0038256612606346607
6.181272428,6.18074107170105,0.0011771450517699122,-0.001354890875518322,-0.003470663446933031
6.21474249,6.2047412395477295,0.0011886178981512785,-0.0013335178373381495,-0.003349224803969264
6.248149725,6.248763084411621,0.001551567460410297,-0.0012292423052713275,-0.00346921244636178
6.28073252,6.273763179779053,0.0016425861977040768,-0.0014065424911677837,-0.0033543389290571213
6.313487186,6.303763151168823,0.0017140370327979326,-0.0015972867840901017,-0.0034775047097355127
6.346591005,6.336784362792969,0.0019057509489357471,-0.001603837707079947,-0.002716038841754198
6.380451732,6.380784511566162,0.002030258299782872,-0.0015974936541169882,-0.0036621014587581158
6.417849977,6.40878438949585,0.0022753910161554813,-0.0016267590690404177,-0.003931476268917322
6.451419802,6.447803735733032,0.0018058230634778738,-0.0019186297431588173,-0.0033133465331047773
6.481651218,6.477803707122803,0.0017479106318205595,-0.0016243892023339868,-0.0034014962147921324
6.515513641,6.50580358505249,0.0016212428454309702,-0.0023214889224618673,-0.0029246914200484753
6.54761974,6.538826942443848,0.0014379563508555293,-0.0027213250286877155,-0.003739886684343219
6.580638615,6.568826913833618,0.001862002070993185,-0.0029757185839116573,-0.0029852576553821564
6.61431518,6.6108269691467285,0.0018652150174602866,-0.0027757417410612106,-0.0034027565270662308
6.647516489,6.646852254867554,0.0017415162874385715,-0.0026599406264722347,-0.002737046219408512
6.680003646,6.676852226257324,0.0020999391563236713,-0.002222208073362708,-0.003154100850224495
6.712565903,6.70985221862793,0.0019858055748045444,-0.003190162591636181,-0.0028754749801009893
6.749023822,6.742876291275024,0.002178884344175458,-0.003330901497974992,-0.0033123004250228405
6.781574012,6.772876262664795,0.002344698179513216,-0.003174728946760297,-0.0030006328597664833
6.812683522,6.8058762550354,0.002608420792967081,-0.0029126848094165325,-0.002716534538194537
6.849891979,6.848901271820068,0.002231176011264324,-0.0030917746480554342,-0.002408724743872881
6.881579738,6.877901077270508,0.0022144566755741835,-0.002847653580829501,-0.001982479589059949
6.914997993,6.903901100158691,0.0020452402532100677,-0.0030535513069480658,-0.001437660655938089
6.947972198,6.946925163269043,0.0025309668853878975,-0.0031118569895625114,-0.0020641146693378687
6.981707855,6.9759252071380615,0.002673303708434105,-0.0030291294679045677,-0.0019279120024293661
7.013647885,7.013925313949585,0.0027145580388605595,-0.003230770118534565,-0.0011251855175942183
7.047180177,7.044951677322388,0.002768562873825431,-0.0031621844973415136,-0.00085946184117347
7.079305745,7.073951482772827,0.00314738554880023,-0.0029928267467767,-0.001044027623720467
7.114325095,7.106951475143433,0.0031833029352128506,-0.0029432170558720827,-0.0002823938266374171
7.148546505,7.136973142623901,0.0037266637664288282,-0.0027835152577608824,-0.00040927587542682886
7.181685636,7.175973176956177,0.0042439112439751625,-0.0029012933373451233,-0.0014284502249211073
7.214620602,7.206973075866699,0.004519086796790361,-0.0027385966386646032,-0.0007410516263917089
7.248518785,7.247998237609863,0.0049481745809316635,-0.0022315813694149256,-0.0009608626132830977
7.280708525,7.273998260498047,0.004738925024867058,-0.0020565991289913654,-0.0008872463367879391
7.313505289,7.303998231887817,0.005205328110605478,-0.002137536182999611,-0.0010469969129189849
7.3466642,7.346025228500366,0.005230992566794157,-0.0019301922293379903,-0.0008873006445355713
7.379608607,7.376025199890137,0.0056103430688381195,-0.0023156411480158567,-0.0007001542835496366
7.41253029,7.409025430679321,0.0050552706234157085,-0.002591827418655157,-0.0002366439439356327
7.44867724,7.443049907684326,0.005205668043345213,-0.002372008515521884,-0.00034831633092835546
7.481615502,7.473049879074097,0.005091521423310041,-0.002222625073045492,-0.00026442910893820226
7.514646581,7.515049934387207,0.004688792861998081,-0.0016879524337127805,-0.000526679097674787
7.548290381,7.541067600250244,0.004712582565844059,-0.0016599096124991775,-0.0001379419263685122
7.581214689,7.5780675411224365,0.005232945084571838,-0.0018105673370882869,-0.0007354424451477826
7.614361181,7.613067626953125,0.005285927094519138,-0.0014804517850279808,-0.0006595333106815815
7.647468403,7.6420676708221436,0.005262740887701511,-0.0012449398636817932,-0.0005511614144779742
7.680089483,7.675067663192749,0.0051920004189014435,-0.0013308414490893483,-0.0004096629563719034
7.713214797,7.710067510604858,0.005073989275842905,-0.0008930176263675094,4.132818867219612e-05
7.749140434,7.74008584022522,0.004798908717930317,-0.0005358760827220976,-5.162739398656413e-05
7.779931432,7.779085636138916,0.005348287057131529,-0.0007989217992872,-0.00019621496903710067
7.813433039,7.809085845947266,0.005772269330918789,-0.0004987673019059002,-0.00016873481217771769
7.849195542,7.848110675811768,0.005983904469758272,-0.000226492018555291,-0.0008389728609472513
7.881845569,7.872110605239868,0.005859307944774628,-0.0004558813525363803,-0.0013133608736097813
7.915020109,7.9111106395721436,0.005950079299509525,2.039472383330576e-05,-0.0014849748695269227
7.948480365,7.941133975982666,0.006099712569266558,0.00020416214829310775,-0.0014037666842341423
7.981379653,7.9711339473724365,0.0056850481778383255,-0.00012318126391619444,-0.0012464607134461403
8.015196551,8.013133764266968,0.005382385104894638,-0.00017438152281101793,-0.0013605644926428795
8.04686483,8.03815770149231,0.005481931380927563,0.0004871525161433965,-0.0012236726470291615
8.079746675,8.06815767288208,0.00555646326392889,0.0005212787655182183,-0.001624728087335825
8.112924512,8.107157707214355,0.005499605089426041,0.0006279703229665756,-0.0010053013684228063
8.149166366,8.137171745300293,0.0054092202335596085,0.0010847760131582618,-0.0015831701457500458
8.182155912,8.179171800613403,0.005450834054499865,0.0008422113605774939,-0.0013194764032959938
8.215711129,8.215171813964844,0.0054644071497023106,0.001199914957396686,-0.00143971957731992
8.248559145,8.245195150375366,0.005038876086473465,0.0013747499324381351,-0.0016894774744287133
8.280699702,8.278195142745972,0.005398739129304886,0.0012442254228517413,-0.0015035785036161542
8.315451395,8.313194990158081,0.005432006437331438,0.0018752116011455655,-0.0008877703221514821
8.348486677,8.34222149848938,0.0059874411672353745,0.0016273725777864456,-0.0009583935607224703
8.380813509,8.375221490859985,0.0064199259504675865,0.0018116994760930538,-0.00098137347958982
8.414134123,8.412221431732178,0.006339569576084614,0.001952360849827528,-1.3045112609688658e-05
8.451526941,8.444246053695679,0.005977706052362919,0.0015655301976948977,-0.00014756321616005152
8.48299928,8.47424602508545,0.0063155218958854675,0.001836113864555955,3.7568235711660236e-05
8.516610444,8.513246059417725,0.00674003129824996,0.0016917877364903688,-0.0014037241926416755
8.549713418,8.543246030807495,0.0065461257472634315,0.0015415919478982687,-0.001035897177644074
8.581730689,8.572246074676514,0.006855660118162632,0.001461676205508411,-0.0009177715983241796
8.616996845,8.61124587059021,0.006617272738367319,0.0016262364806607366,-0.0009527066722512245
8.64741603,8.641272783279419,0.0065015885047614574,0.0017223694594576955,-0.0009082574397325516
8.681642822,8.67127275466919,0.006826735567301512,0.001589293242432177,-0.0005272689741104841
8.715301556,8.7132728099823,0.006149344611912966,0.0019617807120084763,-0.0004225884622428566
8.74969412,8.749297857284546,0.005819319747388363,0.0016820080345496535,0.0004507882986217737
8.782903204,8.782297849655151,0.00569226173684001,0.0017231337260454893,0.0007297231932170689
8.815280424,8.807297945022583,0.005566233769059181,0.0015975934220477939,0.0008083064458332956
8.849302872,8.84532117843628,0.006116857752203941,0.0016078647458925843,-0.0005884270649403334
8.881214694,8.87532114982605,0.0064424485899508,0.0018787465523928404,-0.0004953239695169032
8.913863804,8.908321142196655,0.00630833487957716,0.0016139798099175096,-0.0003104200877714902
8.947318052,8.947344303131104,0.006322012282907963,0.001112413126975298,-0.00029022537637501955
8.980372547,8.977344274520874,0.006045197602361441,0.0012659168569371104,-0.0001462446089135483
9.014471298,9.00534439086914,0.006162782199680805,0.001530920504592359,-0.0010629200842231512
9.049172046,9.049374103546143,0.005754418671131134,0.002162468619644642,-0.0007993433973751962
9.082758959,9.081373929977417,0.005824204534292221,0.0023788590915501118,-0.0011533033102750778
9.115740865,9.116374015808105,0.0056660664267838,0.001899833558127284,-0.0009038221323862672
9.148857228,9.146389245986938,0.005677140783518553,0.0015964088961482048,-0.00015541627362836152
9.181185126,9.176389455795288,0.0055024148896336555,0.0015015689423307776,-0.00018092810933012515
9.214312115,9.209389448165894,0.005865124054253101,0.001719967694953084,-0.0011543906293809414
9.246806828,9.242415189743042,0.0060137854889035225,0.001866898499429226,-0.0003625450481195003
9.279815971,9.272415161132812,0.005797673016786575,0.0017813433660194278,-0.0003086634096689522
9.313361468,9.31241512298584,0.005891737062484026,0.0013228594325482845,-0.0005623862380161881
9.349287625,9.342439889907837,0.005725108552724123,0.001264948514290154,-0.0006206533871591091
9.382831202,9.381439685821533,0.005349069368094206,0.0014116826932877302,-0.0002894518547691405
9.41899785,9.412439823150635,0.005281556397676468,0.0017325461376458406,-0.00028440426103770733
9.447174013,9.447465181350708,0.0048207170329988,0.00141900684684515,-0.0005241698818281293
9.48221348,9.482465028762817,0.0048319804482162,0.001860919175669551,-0.0009084901539608836
9.515533144,9.512465238571167,0.004804245196282864,0.001420695916749537,-0.000794223218690604
9.548507592,9.5454843044281,0.0050573572516441345,0.001358976005576551,-0.0009326017461717129
9.581479385,9.581484317779541,0.004598975647240877,0.0021833216305822134,-0.0009598506730981171
9.615386516,9.614484310150146,0.004420673940330744,0.001820516074076295,-0.0003897795104421675
9.647457311,9.644508123397827,0.004207715392112732,0.0018659904599189758,-0.00031342607690021396
9.681222557,9.677508115768433,0.0038928708527237177,0.0023105910513550043,-0.0004975309129804373
9.714575228,9.713508129119873,0.003777975682169199,0.0017118736868724227,-0.0003343166026752442
9.752869665,9.741527557373047,0.003954887390136719,0.0017295981524512172,-0.0008447313448414207
9.782931209,9.780527591705322,0.003828791668638587,0.001971013378351927,-0.0010779916774481535
9.816966437,9.810527563095093,0.0036819041706621647,0.001923603587783873,-0.0013101848307996988
9.850405813,9.840550899505615,0.003256005933508277,0.0022232087794691324,-0.0011702906340360641
9.88172829,9.882550954818726,0.0032097441144287586,0.0026168213225901127,-0.0007391717517748475
9.914129461,9.907550811767578,0.0033713222946971655,0.002187124453485012,-0.0008754422888159752
9.951405279,9.937570810317993,0.003738259896636009,0.001951059908606112,-0.0004126130952499807
9.980603562,9.979570865631104,0.0037965974770486355,0.0018387077143415809,-0.00033955241087824106
10.013570627,10.009570837020874,0.003835794748738408,0.0016457814490422606,-0.0013017937308177352
10.049430124,10.048593044281006,0.003777821082621813,0.0018927050987258554,-0.0009480285225436091
10.081883816,10.077593088150024,0.003697197185829282,0.002257848158478737,-0.001010294072329998
10.115341595,10.1165931224823,0.003375406377017498,0.0016822676407173276,-0.00042512069921940565
10.148628687,10.146616220474243,0.0036673808936029673,0.0017496520886197686,-0.0007326678023673594
10.181169626,10.176616191864014,0.0035094833001494408,0.001874658395536244,-0.0010038443142548203
10.215331918,10.20961618423462,0.003329140366986394,0.001587277976796031,-0.0008190037333406508
10.248041272,10.24263620376587,0.0038817746099084616,0.001670527970418334,-0.0013523997040465474
10.280671348,10.279636144638062,0.0034731391351670027,0.0019917376339435577,-0.0011203645262867212
10.313624875,10.305636167526245,0.0034752145875245333,0.0019884007051587105,-0.0006688524154014885
10.351011466,10.34564995765686,0.002811271697282791,0.0013559566577896476,3.51429553120397e-05
10.382485876,10.378649950027466,0.0026580202393233776,0.0013280365383252501,-4.96193797516753e-06
10.415467632,10.408649921417236,0.002306124195456505,0.0013505000388249755,0.00034541799686849117
10.44856112,10.447672367095947,0.0024233374278992414,0.0010767668718472123,-0.00027189095271751285
10.481370237,10.477672576904297,0.002695682691410184,0.001272927038371563,-0.0002980972349178046
10.518582652,10.510672569274902,0.0025403883773833513,0.0012075169943273067,-2.998044692503754e-06
10.548679467,10.54469895362854,0.0030070242937654257,0.0013020280748605728,-6.242075869522523e-07
10.580796745,10.57469892501831,0.0025932537391781807,0.0013628937304019928,-0.0002699084288906306
10.615735978,10.613698959350586,0.0022109488490968943,0.001484605367295444,6.871263758512214e-05
10.650087872,10.643723487854004,0.0020006978884339333,0.0016186237335205078,4.019721382064745e-05
10.682967172,10.672723531723022,0.0014188472414389253,0.0016432757256552577,0.0005373696913011372
10.717942613,10.711723327636719,0.0013895392185077071,0.001412752433679998,0.0005248743109405041
10.75268297,10.741723537445068,0.0011764090741053224,0.00198516808450222,0.00024301756639033556
10.783381762,10.771723508834839,0.0010417805751785636,0.0020517597440630198,0.0003151827258989215
10.815569432,10.811723470687866,0.0011035711504518986,0.0015187973622232676,-0.00013931651483289897
10.849832167,10.8417489528656,0.00040643560350872576,0.0016778265126049519,6.870022480143234e-05
10.884729641,10.880748987197876,0.0007052748114801943,0.0015436084941029549,-0.00032171147176995873
10.919938276,10.910748958587646,0.00037210469599813223,0.001424587913788855,0.00030583125771954656
10.950097162,10.943771839141846,5.728680480387993e-05,0.0015986772486940026,-0.0005357553600333631
10.982404181,10.973771810531616,7.838499004719779e-05,0.001638402696698904,-0.0006362837157212198
11.016025456,11.012771844863892,-0.00026030431035906076,0.0017428258433938026,-0.0005174003890715539
11.052364216,11.04279112815857,-0.0005981723079457879,0.0016096823383122683,-0.0011352458968758583
11.082210789,11.071790933609009,-0.0004838196327909827,0.0016480385093018413,-0.0013439928879961371
11.115432726,11.110790967941284,-0.0003291574539616704,0.0014760374324396253,-0.0007888799882493913
11.14981686,11.140813827514648,-0.0008891400648280978,0.0014877511421218514,-0.0004155868955422193
11.181591335,11.170813798904419,-0.001209045061841607,0.0011788199190050364,-0.0004207748279441148
11.214974006,11.209813833236694,-0.002694865921512246,-0.0008839921792969108,0.00038945511914789677
11.248334497,11.246835231781006,-0.0022315706592053175,0.0022926731035113335,-0.0003802413702942431
11.280304047,11.271835327148438,-0.0020603439770638943,0.0028061934281140566,0.0010308078490197659
11.315227414,11.301835298538208,-0.003943133167922497,-0.0033565687481313944,0.001022707554511726
11.351136816,11.34986400604248,-0.007285280618816614,-0.0007285724859684706,0.0007429048418998718
11.383370543,11.379863977432251,-0.0068237148225307465,0.0014182558516040444,0.0013871731935068965
11.416181206,11.409863948822021,-0.004664516542106867,-0.002067374298349023,0.0009617863688617945
11.449007136,11.448886394500732,-0.007701275870203972,-0.0012316759675741196,0.0020064229611307383
11.481954304,11.477886438369751,-0.010324019007384777,-2.318382939847652e-05,0.0011981427669525146
11.514994161,11.507886409759521,-0.010949644260108471,-0.0011715403525158763,0.0014185152249410748
11.549012435,11.546910285949707,-0.008482247591018677,-0.004853608086705208,0.0008993786759674549
11.580668105,11.576910257339478,-0.008695871569216251,-0.0013427563244476914,0.0011320238700136542
11.617878127,11.606910228729248,-0.00931448582559824,0.00010205782018601894,0.001209001406095922
11.648467939,11.639934778213501,-0.011572431772947311,-0.002171872416511178,0.0005561018479056656
11.682831519,11.678934812545776,-0.011603542603552341,-0.002984871156513691,0.0006359455874189734
11.715788651,11.708934783935547,-0.011056970804929733,-0.0030590402893722057,0.0008948170579969883
11.749131773,11.74495553970337,-0.012276504188776016,-0.0022466399241238832,0.0018016864778473973
11.781607346,11.778955698013306,-0.013531084172427654,-0.0023302417248487473,0.0009683652897365391
11.815065209,11.808955669403076,-0.013036987744271755,-0.0018830765038728714,0.0015133245615288615
11.848400841,11.847975492477417,-0.013012765906751156,-0.003779958700761199,0.0012425694148987532
11.881835852,11.875975608825684,-0.015456377528607845,-0.005109934601932764,0.0013549091527238488
11.914052338,11.905975580215454,-0.015766648575663567,-0.004428764805197716,0.0011726738885045052
11.950661299,11.938998222351074,-0.014811310917139053,-0.004176208283752203,0.001608515391126275
11.98325923,11.980998039245605,-0.015070256777107716,-0.004766634199768305,0.0018015451496466994
12.016816791,12.006998062133789,-0.014721679501235485,-0.0036985359620302916,0.0006532579427585006
12.055723031,12.047998189926147,-0.017089374363422394,-0.0033844043500721455,0.0005097565590403974
12.082509159,12.079998016357422,-0.018708499148488045,-0.006298844702541828,0.0020177203696221113
12.11599413,12.109998226165771,-0.018394025042653084,-0.006217779126018286,0.0013051615096628666
12.150876667,12.149017810821533,-0.02038492076098919,-0.00682564964517951,0.002550344681367278
12.18307779,12.179017782211304,-0.023220907896757126,-0.006475294008851051,0.00102696951944381
12.214687734,12.21201777458191,-0.022930709645152092,-0.0066480739042162895,0.0003882743767462671
12.252265127,12.247042894363403,-0.022773973643779755,-0.006417200434952974,0.0027165147475898266
12.283940619,12.277042865753174,-0.022291947156190872,-0.004314669873565435,0.002349860267713666
12.313608131,12.31004285812378,-0.023570509627461433,-0.003755980171263218,0.004653278738260269
12.35184161,12.34606671333313,-0.02504320628941059,-0.0038537520449608564,0.006449771113693714
12.382639376,12.374066829681396,-0.02531372755765915,-0.011150168254971504,0.005051739979535341
12.416083924,12.413066625595093,-0.027099130675196648,-0.009593086317181587,0.004960403777658939
12.450453408,12.44308853149414,-0.02624381147325039,-0.009207524359226227,0.0048568532802164555
12.482052278,12.473088502883911,-0.028240632265806198,-0.006563710048794746,0.004036987200379372
12.515629266,12.51408839225769,-0.034259967505931854,-0.005695134401321411,0.0052726054564118385
12.549173865,12.544112920761108,-0.03480871766805649,-0.011058038100600243,0.005285890772938728
12.581406418,12.577112913131714,-0.03755522519350052,-0.009468739852309227,0.007550007198005915
12.617013405,12.612112760543823,-0.037365641444921494,-0.010390936397016048,0.004639829508960247
12.651925739,12.641136646270752,-0.040007270872592926,-0.01589113287627697,0.013017394579946995
12.683445646,12.680136680603027,-0.04028572887182236,-0.022487211972475052,0.019151007756590843
12.716187869,12.710136651992798,-0.0389011912047863,-0.02627386525273323,0.03736647963523865
12.75071099,12.749136686325073,-0.04360604286193848,-0.03823200613260269,0.07122235745191574
12.78198146,12.773136615753174,-0.049555081874132156,-0.04474376514554024,0.10070008039474487
12.816928434,12.81213665008545,-0.06011604890227318,-0.06475861370563507,0.17002125084400177
12.849275194,12.84215521812439,-0.06485527008771896,-0.08274249732494354,0.23013323545455933
12.88211894,12.87215518951416,-0.06467493623495102,-0.0977819487452507,0.29477575421333313
12.915440116,12.91415524482727,-0.07235042750835419,-0.11449020355939865,0.38374170660972595
12.949705943,12.93917989730835,-0.07349031418561935,-0.12251973897218704,0.4322097599506378
12.981644597,12.96917986869812,-0.07395279407501221,-0.1314401775598526,0.47249945998191833
13.016193963,13.008179903030396,-0.070806585252285,-0.13762280344963074,0.5058526992797852
13.049987832,13.046200513839722,-0.07189061492681503,-0.1369684785604477,0.5223019123077393
13.083265224,13.082200527191162,-0.06724414974451065,-0.1325739026069641,0.5297114253044128
13.11602982,13.115200519561768,-0.06170300766825676,-0.12666845321655273,0.5313290357589722
13.15062569,13.145220279693604,-0.060906410217285156,-0.119309201836586,0.5327250361442566
13.182183508,13.17922043800354,-0.06051404029130936,-0.11101321876049042,0.5311768651008606
13.215929593,13.20922040939331,-0.06346862763166428,-0.10470576584339142,0.5309891104698181
13.250564158,13.248244285583496,-0.066853366792202,-0.09872282296419144,0.5309134721755981
13.281107073,13.278244495391846,-0.06683413684368134,-0.0891529768705368,0.5262874960899353
13.313690132,13.311244487762451,-0.0702066496014595,-0.08230086416006088,0.5219320058822632
13.350905034,13.345268249511719,-0.07538054138422012,-0.07253418862819672,0.5156789422035217
13.383326112,13.376268148422241,-0.07797461748123169,-0.06954485177993774,0.5094008445739746
13.416496989,13.414268255233765,-0.07809547334909439,-0.05908704921603203,0.49717235565185547
13.449047178,13.447290420532227,-0.07308944314718246,-0.04858655855059624,0.48680758476257324
13.482902914,13.481290578842163,-0.08233515918254852,-0.04684204235672951,0.480704665184021
13.51545544,13.510290384292603,-0.08093420416116714,-0.03672078996896744,0.4729589819908142
13.550043276,13.549307823181152,-0.07975365221500397,-0.029840996488928795,0.4619339108467102
13.581692663,13.578307867050171,-0.0768793597817421,-0.019605865702033043,0.45262786746025085
13.615565939,13.608307838439941,-0.0773232951760292,-0.016706401482224464,0.4424086809158325
13.649746022,13.647331476211548,-0.07855208963155746,-0.008236761204898357,0.4329841732978821
13.681439604,13.677331447601318,-0.07799237221479416,-0.002943442203104496,0.42259934544563293
13.71404831,13.707331418991089,-0.08302062749862671,-0.0022047495003789663,0.41781309247016907
13.752001465,13.740350484848022,-0.08021983504295349,0.008791105821728706,0.40591761469841003
13.783148724,13.779350280761719,-0.08216292411088943,0.011834926903247833,0.3943081498146057
13.816276916,13.809350490570068,-0.07537689059972763,0.01918848045170307,0.3839971125125885
13.849912207,13.839372396469116,-0.0759892538189888,0.02175331488251686,0.3748667538166046
13.882020311,13.881372451782227,-0.07496105134487152,0.02520688995718956,0.3606908619403839
13.916849256,13.917372465133667,-0.07902178168296814,0.029331358149647713,0.35372447967529297
13.950064599,13.936392068862915,-0.07983899116516113,0.030771151185035706,0.3496062457561493
13.98121778,13.978392124176025,-0.07649216055870056,0.03161788731813431,0.33797237277030945
14.015262681,14.014392137527466,-0.0828748419880867,0.03239906206727028,0.3286024034023285
14.051396244,14.047414541244507,-0.07705875486135483,0.038219038397073746,0.3186561167240143
14.083039049,14.083414554595947,-0.08176795393228531,0.04108646884560585,0.31039607524871826
14.117044166,14.116414546966553,-0.08429628610610962,0.0372183620929718,0.3038758337497711
14.151809548,14.151414632797241,-0.08553806692361832,0.03895595669746399,0.2924704849720001
14.183777531,14.181414604187012,-0.08342500030994415,0.04138336703181267,0.28668004274368286
14.216576511,14.21041464805603,-0.08446148037910461,0.03544618934392929,0.28156259655952454
14.250426305,14.240434169769287,-0.0882260873913765,0.03560936078429222,0.279868483543396
14.282422773,14.281434059143066,-0.08577648550271988,0.035521768033504486,0.26885950565338135
14.316889477,14.314434051513672,-0.08498195558786392,0.04165520519018173,0.26141270995140076
14.354731283,14.348456382751465,-0.08403133600950241,0.03624642267823219,0.2557468116283417
14.381911462,14.378456354141235,-0.08825082331895828,0.03400124981999397,0.2536013126373291
14.414568913,14.41145634651184,-0.08244241029024124,0.0379786416888237,0.24736978113651276
14.449849428,14.447479963302612,-0.0814456045627594,0.03910588100552559,0.24274063110351562
14.483319281,14.482479810714722,-0.07980300486087799,0.03497236222028732,0.2372802495956421
14.516230505,14.507479906082153,-0.08418415486812592,0.03191841393709183,0.2345418483018875
14.549905227,14.537500381469727,-0.07683787494897842,0.03404761850833893,0.22698824107646942
14.582615776,14.579500436782837,-0.07868195325136185,0.02578081376850605,0.22395122051239014
14.616022225,14.615500450134277,-0.0763060450553894,0.02545183338224888,0.21606041491031647
14.653200297,14.64852499961853,-0.08041884750127792,0.027596397325396538,0.2127302885055542
14.682557374,14.675524950027466,-0.07834850251674652,0.02804126963019371,0.20595158636569977
14.714470158,14.705524921417236,-0.08169517666101456,0.024363575503230095,0.19917775690555573
14.75047814,14.744548082351685,-0.08079276978969574,0.020704440772533417,0.19422906637191772
14.784906638,14.781548023223877,-0.07649912685155869,0.021644817665219307,0.18970265984535217
14.815008539,14.8125479221344,-0.08079687505960464,0.019086411222815514,0.18607130646705627
14.851250354,14.844571113586426,-0.08238639682531357,0.021167580038309097,0.18343064188957214
14.883482364,14.879570960998535,-0.07495091110467911,0.018221192061901093,0.1814431995153427
14.916554044,14.909570932388306,-0.07715535908937454,0.014432881958782673,0.17978951334953308
14.950504441,14.94259238243103,-0.072773776948452,0.01641431450843811,0.17660048604011536
14.984093973,14.976592302322388,-0.07533253729343414,0.013520860113203526,0.17607481777668
15.017297677,15.009592294692993,-0.07566074281930923,0.009216014295816422,0.17797784507274628
15.049739932,15.044613361358643,-0.06949318945407867,0.01101862546056509,0.17008690536022186
15.080932748,15.077613353729248,-0.07601766288280487,0.005482716951519251,0.1716432422399521
15.114884073,15.113613367080688,-0.07147378474473953,0.004386445507407188,0.169256791472435
15.152971307,15.14664077758789,-0.06957285106182098,0.009059733711183071,0.16708603501319885
15.183399025,15.176640748977661,-0.06420934945344925,0.007789555471390486,0.16164231300354004
15.217448448,15.215640783309937,-0.06314178556203842,0.007979788817465305,0.1610744744539261
15.249683755,15.24565839767456,-0.06518088281154633,0.004497078247368336,0.16327215731143951
15.282461718,15.275658369064331,-0.0628025159239769,0.008333680219948292,0.16204185783863068
15.315409888,15.308658361434937,-0.05848435312509537,0.00887381099164486,0.16114306449890137
15.349181341,15.347675561904907,-0.05626510828733444,0.011517862789332867,0.16192206740379333
15.381336825,15.377675533294678,-0.06075269728899002,0.007641732692718506,0.16540677845478058
15.415246383,15.407675504684448,-0.057346079498529434,0.010940439067780972,0.16431492567062378
15.449177768,15.447692632675171,-0.053023964166641235,0.007279349956661463,0.16240808367729187
15.483301765,15.477692604064941,-0.054257508367300034,0.009469709359109402,0.16558873653411865
15.516262449,15.510692596435547,-0.04400758072733879,0.015816718339920044,0.1577708125114441
15.54932219,15.5407075881958,-0.04915051907300949,0.012601140886545181,0.15763945877552032
15.582107067,15.579707384109497,-0.044673167169094086,0.012234666384756565,0.1560806781053543
15.616574293,15.609707593917847,-0.04379553720355034,0.017362365499138832,0.1566259115934372
15.650758076,15.649728775024414,-0.040517840534448624,0.01653134636580944,0.15117211639881134
15.682603323,15.679728746414185,-0.04273556172847748,0.020721150562167168,0.15131701529026031
15.715222709,15.71272873878479,-0.03911123424768448,0.022095074877142906,0.14593514800071716
15.750127142,15.747728824615479,-0.04090515896677971,0.017722757533192635,0.14527525007724762
15.782540571,15.777728796005249,-0.045948565006256104,0.020990924909710884,0.14519327878952026
15.814739626,15.810728788375854,-0.03962007164955139,0.022467173635959625,0.13914790749549866
15.8508364,15.847749710083008,-0.04471055045723915,0.020995590835809708,0.13968908786773682
15.883459242,15.880749702453613,-0.040888458490371704,0.024942681193351746,0.1384061723947525
15.91738971,15.916749715805054,-0.04252244904637337,0.02559707872569561,0.13683030009269714
15.950829242,15.945770502090454,-0.0418839305639267,0.028123637661337852,0.13410329818725586
15.983053869,15.975770473480225,-0.03530645743012428,0.030180396512150764,0.1295112520456314
16.017480233,16.0147705078125,-0.039037130773067474,0.02902364917099476,0.12895262241363525
16.050106244,16.044799327850342,-0.03983199968934059,0.026708517223596573,0.12934599816799164
16.082066184,16.077799320220947,-0.04148929938673973,0.03239777684211731,0.12998265027999878
16.115534106,16.112799406051636,-0.03999323397874832,0.028784412890672684,0.1278148740530014
16.150016352,16.148823976516724,-0.04019789397716522,0.03057432919740677,0.12627944350242615
16.181511121,16.18182396888733,-0.04088669642806053,0.03386849910020828,0.12326103448867798
16.21492332,16.210824012756348,-0.03974622115492821,0.03403116390109062,0.12404481321573257
16.2518597,16.240843057632446,-0.03589577227830887,0.0327574796974659,0.11775963753461838
16.28345311,16.27984309196472,-0.036119088530540466,0.03582872450351715,0.11440626531839371
16.316837689,16.309843063354492,-0.0425647534430027,0.03161262720823288,0.11892230063676834
16.350696783,16.342864513397217,-0.03572584316134453,0.03360293433070183,0.11376536637544632
16.382926372,16.372864484786987,-0.03769577667117119,0.031072299927473068,0.11232437938451767
16.415910879,16.411864519119263,-0.035597704350948334,0.029971623793244362,0.10943557322025299
16.448845041,16.44188380241394,-0.037494707852602005,0.032161515206098557,0.10750984400510788
16.481358423,16.469883918762207,-0.03875881806015968,0.029104720801115036,0.10832115262746811
16.514932443,16.509883880615234,-0.03641756996512413,0.028563769534230232,0.1042969822883606
16.550530088,16.549907207489014,-0.03470144048333168,0.02563650533556938,0.1014418676495552
16.583845598,16.579907178878784,-0.03929649665951729,0.02558966912329197,0.10061486810445786
16.616440052,16.609907150268555,-0.036136601120233536,0.02634560875594616,0.09802278876304626
16.649810547,16.639923095703125,-0.03261725232005119,0.023284124210476875,0.09326701611280441
16.682758784,16.681923151016235,-0.0346805714070797,0.023345230147242546,0.09118323028087616
16.715639507,16.706923007965088,-0.04034623131155968,0.0220260601490736,0.09461639821529388
16.749110575,16.73694610595703,-0.038773056119680405,0.018130391836166382,0.08971661329269409
16.781217113,16.77894616127014,-0.04246411472558975,0.02088724449276924,0.08783642202615738
16.814623881,16.80794596672058,-0.03784724697470665,0.018430840224027634,0.08327896893024445
16.851627193,16.846967220306396,-0.03801439702510834,0.018072670325636864,0.08095569163560867
16.883909922,16.876967430114746,-0.040162693709135056,0.013365551829338074,0.08318693935871124
16.916555211,16.90896725654602,-0.037062544375658035,0.018077971413731575,0.07946767657995224
16.950723235,16.93898868560791,-0.03678247705101967,0.012751897796988487,0.0779334008693695
16.982505587,16.977988481521606,-0.03262469545006752,0.01127505861222744,0.07729315757751465
17.018552121,17.00998854637146,-0.03310515359044075,0.009189828298985958,0.07692784816026688
17.048559149,17.04900598526001,-0.02687239646911621,0.012210438027977943,0.0741150826215744
17.08175228,17.07900595664978,-0.02731982059776783,0.008982311002910137,0.0715511217713356
17.115667427,17.1080060005188,-0.028224367648363113,0.008420554921030998,0.0717875212430954
17.151818107,17.146026372909546,-0.025421142578125,0.007991457358002663,0.0701277107000351
17.183647123,17.176026582717896,-0.027631036937236786,0.006557024084031582,0.0678573027253151
17.217944642,17.206026554107666,-0.026898661628365517,0.009055307134985924,0.06442901492118835
17.251189206,17.248046398162842,-0.028678342700004578,0.004989259410649538,0.06254177540540695
17.283645117,17.284046411514282,-0.027626803144812584,0.006810563150793314,0.060297708958387375
17.317015559,17.317046403884888,-0.02863646298646927,0.0032015168108046055,0.059692028909921646
17.349023071,17.34307050704956,-0.029991379007697105,0.0035373601131141186,0.060804612934589386
17.382071024,17.37307047843933,-0.024527663365006447,0.0008153255912475288,0.05640197545289993
17.415839233,17.41507053375244,-0.03193407505750656,0.0021152165718376637,0.05629470944404602
17.451655102,17.451088428497314,-0.03154521808028221,0.000703079451341182,0.054945383220911026
17.484306888,17.48408842086792,-0.03326769173145294,0.0037522767670452595,0.05756675451993942
17.520424474,17.512088537216187,-0.0334804505109787,-0.0004359056183602661,0.05415000766515732
17.550340767,17.542110681533813,-0.03117690235376358,0.003447611816227436,0.055887214839458466
17.582902233,17.584110736846924,-0.032301995903253555,0.005715318955481052,0.0571400485932827
17.618922938,17.609110593795776,-0.03233145549893379,0.002345287473872304,0.05501298978924751
17.648921133,17.640132904052734,-0.030850054696202278,0.0044338577426970005,0.05244952440261841
17.682173691,17.678133010864258,-0.03276299312710762,0.007923156954348087,0.054156385362148285
17.715012306,17.716132879257202,-0.03299744427204132,0.0031624254770576954,0.0535130649805069
17.752321504,17.752150297164917,-0.029466379433870316,0.009069478139281273,0.05155108869075775
17.783954209,17.785150289535522,-0.03464490547776222,0.009318441152572632,0.05273608863353729
17.816887048,17.815150260925293,-0.0337335541844368,0.012256037443876266,0.051281560212373734
17.850083262,17.849170923233032,-0.028352901339530945,0.012714945711195469,0.04846708104014397
17.882700909,17.879170894622803,-0.031758591532707214,0.009528178721666336,0.04783716797828674
17.917150817,17.912170886993408,-0.03605074808001518,0.014112374745309353,0.045238055288791656
17.949103898,17.94819211959839,-0.03428737819194794,0.014750848524272442,0.02958573028445244
17.981687268,17.981192111968994,-0.029955582693219185,0.01695626601576805,0.012232815846800804
18.015775831,18.016192197799683,-0.03714371100068092,0.017645888030529022,-0.0027670308481901884
18.052220076,18.046209812164307,-0.045352667570114136,0.020377494394779205,-0.012314793653786182
18.085342389,18.085209846496582,-0.0505170002579689,0.026073450222611427,-0.025754963979125023
18.117863283,18.115209817886353,-0.04960854351520538,0.03296599164605141,-0.03643924742937088
18.151991854,18.1432363986969,-0.06156403571367264,0.03998278081417084,-0.04134627431631088
18.184313769,18.182236433029175,-0.07091490924358368,0.052347008138895035,-0.045407142490148544
18.217134652,18.212236404418945,-0.07485603541135788,0.06617911159992218,-0.051754940301179886
18.250561339,18.242255687713623,-0.07700909674167633,0.0786871537566185,-0.05245771259069443
18.283385455,18.27525568008423,-0.09123317152261734,0.0984334796667099,-0.05176646262407303
18.317233112,18.308255672454834,-0.09021808207035065,0.12517093122005463,-0.05419628322124481
18.351168849,18.345279693603516,-0.09253337234258652,0.14376932382583618,-0.05475214868783951
18.382983058,18.381279706954956,-0.09809582680463791,0.1780572384595871,-0.050591520965099335
18.415034525,18.411279678344727,-0.09974226355552673,0.19819022715091705,-0.04835190996527672
18.451512536,18.44430184364319,-0.10574477165937424,0.22681856155395508,-0.04493621364235878
18.483728768,18.484302043914795,-0.10092773288488388,0.2599838376045227,-0.044755447655916214
18.517363395,18.513301849365234,-0.10200423002243042,0.2831595540046692,-0.04251503944396973
18.551720391,18.54331922531128,-0.10649038106203079,0.3106729984283447,-0.03965643420815468
18.582687026,18.576319217681885,-0.10679364204406738,0.33775630593299866,-0.03790484368801117
18.616221187,18.611319303512573,-0.10397949069738388,0.37302637100219727,-0.039210788905620575
18.649519147,18.64134168624878,-0.09863549470901489,0.3985666334629059,-0.03904418647289276
18.682912412,18.680341720581055,-0.10219729691743851,0.4351751506328583,-0.03472749516367912
18.715348919,18.710341691970825,-0.09737367928028107,0.4623414874076843,-0.03465234115719795
18.750820489,18.752368450164795,-0.09562349319458008,0.49468371272087097,-0.03255805745720863
18.783836233,18.777368545532227,-0.09529659897089005,0.5185645818710327,-0.03437916189432144
18.816719507,18.807368516921997,-0.10021289438009262,0.5394268035888672,-0.02927330695092678
18.850197989,18.84938907623291,-0.10213902592658997,0.5745536684989929,-0.028433198109269142
18.884464738,18.87938904762268,-0.09929411113262177,0.6033449769020081,-0.02818654663860798
18.915363021,18.912389039993286,-0.09558940678834915,0.6304364204406738,-0.03093508817255497
18.949029185,18.942412853240967,-0.09552698582410812,0.6498528718948364,-0.027337975800037384
18.981558091,18.975412845611572,-0.09846458584070206,0.6738970875740051,-0.027081502601504326
19.015641608,19.00941276550293,-0.09494460374116898,0.698579728603363,-0.02476358599960804
19.05098474,19.04743480682373,-0.09575813263654709,0.7262821793556213,-0.02124645933508873
19.084658616,19.08243489265442,-0.09258884936571121,0.7528430819511414,-0.018613414838910103
19.117164863,19.11143469810486,-0.08659350872039795,0.7721706628799438,-0.021444426849484444
19.150799853,19.15045475959778,-0.0893930122256279,0.7952240705490112,-0.015327997505664825
19.183193408,19.179454803466797,-0.08177751302719116,0.810146689414978,-0.019058989360928535
19.216231685,19.209454774856567,-0.08650028705596924,0.8237864375114441,-0.013899263925850391
19.250699301,19.24847435951233,-0.07948674261569977,0.8487825989723206,-0.01774534024298191
19.281768911,19.27847456932068,-0.08596162497997284,0.8628849387168884,-0.015219047665596008
19.314792593,19.311474561691284,-0.08595443516969681,0.8789412379264832,-0.0161439199000597
19.351455861,19.345496654510498,-0.08132576942443848,0.9001012444496155,-0.020054377615451813
19.383915859,19.37549662590027,-0.07693410664796829,0.9101749658584595,-0.022481868043541908
19.415251212,19.414496660232544,-0.07787984609603882,0.9279351234436035,-0.022514870390295982
19.448493428,19.446516513824463,-0.07527729868888855,0.9406838417053223,-0.023139817640185356
19.484345321,19.48551654815674,-0.07887805998325348,0.9576476216316223,-0.019526183605194092
19.518212608,19.51551651954651,-0.07569488883018494,0.9681226015090942,-0.018496468663215637
19.555473742,19.54354429244995,-0.07761815190315247,0.9796850681304932,-0.016000492498278618
19.583287801,19.582544326782227,-0.07453272491693497,0.9948784112930298,-0.019265737384557724
19.616481401,19.612544298171997,-0.07208400219678879,1.007919192314148,-0.01800309494137764
19.649179265,19.646564722061157,-0.0680229589343071,1.0204180479049683,-0.01846134476363659
19.682026301,19.68356490135193,-0.07204149663448334,1.031351089477539,-0.015327779576182365
19.71480784,19.712564945220947,-0.06690490990877151,1.036914348602295,-0.013875829055905342
19.751659918,19.745588064193726,-0.06621520966291428,1.0493305921554565,-0.015019762329757214
19.784046474,19.785588026046753,-0.06636381894350052,1.0599840879440308,-0.01571599394083023
19.817115071,19.81458806991577,-0.06161386892199516,1.0706806182861328,-0.015408898703753948
19.849977648,19.844608545303345,-0.05811324715614319,1.0736515522003174,-0.014821665361523628
19.882910221,19.87760853767395,-0.05755186453461647,1.0844391584396362,-0.01216883584856987
19.916627092,19.91260862350464,-0.04810251668095589,1.09410560131073,-0.012630387209355831
19.949889739,19.942631244659424,-0.04791083186864853,1.099280834197998,-0.011660323478281498
19.98229233,19.98163104057312,-0.04412034898996353,1.1146899461746216,0.035281386226415634
20.015114644,20.01163125038147,-0.039845701307058334,1.1052336692810059,0.05704359710216522
20.051152723,20.039650201797485,-0.0437525250017643,1.0737651586532593,0.07375254482030869
20.083800254,20.07864999771118,-0.050142448395490646,0.992743730545044,0.07623952627182007
20.117048914,20.108649969100952,-0.050878848880529404,0.9135841131210327,0.06682659685611725
20.150140747,20.150675058364868,-0.0542878583073616,0.8062494397163391,0.05004680156707764
20.183620616,20.180675268173218,-0.05329399183392525,0.7123006582260132,0.02846498228609562
20.216198439,20.213675260543823,-0.06150081753730774,0.625335693359375,0.010351283475756645
20.249563408,20.248697757720947,-0.060422420501708984,0.5318223834037781,-0.01288649532943964
20.282161458,20.278697729110718,-0.05915439501404762,0.45845362544059753,-0.03291751816868782
20.31554819,20.30869770050049,-0.05968751758337021,0.39775335788726807,-0.04429104924201965
20.351115242,20.341717958450317,-0.06614597141742706,0.3352288603782654,-0.05157957971096039
20.384550848,20.37971782684326,-0.06587248295545578,0.2658521831035614,-0.06284080445766449
20.416954112,20.40971803665161,-0.07503244280815125,0.22111669182777405,-0.0628950372338295
20.45198811,20.439738750457764,-0.07337360829114914,0.1764567792415619,-0.06620316952466965
20.483813544,20.481738567352295,-0.07997133582830429,0.12857909500598907,-0.06667543202638626
20.517528431,20.50773859024048,-0.0862763449549675,0.09499486535787582,-0.06286628544330597
20.550104653,20.550758838653564,-0.09158702939748764,0.05847686901688576,-0.06057187169790268
20.58362757,20.576758861541748,-0.09299705922603607,0.029787778854370117,-0.05954459682106972
20.616679268,20.60675883293152,-0.09541963785886765,0.004167331848293543,-0.05446546524763107
20.649557911,20.648781299591064,-0.09502921253442764,-0.02142998017370701,-0.049810826778411865
20.68285102,20.673781394958496,-0.09430341422557831,-0.03834713250398636,-0.043861713260412216
20.716389822,20.71778130531311,-0.08958874642848969,-0.05347699299454689,-0.04023014381527901
20.749376047,20.74580216407776,-0.08873085677623749,-0.07017437368631363,-0.033061616122722626
20.781909937,20.774802207946777,-0.08798407018184662,-0.07976584136486053,-0.02591807208955288
20.815667114,20.813802242279053,-0.0793309137225151,-0.09564738720655441,-0.025180744007229805
20.856601579,20.843817710876465,-0.0799141600728035,-0.10313542932271957,-0.01780538819730282
20.884434806,20.885817766189575,-0.07756679505109787,-0.1125396266579628,-0.016784707084298134
20.917438251,20.910817861557007,-0.07719969004392624,-0.11286246031522751,-0.014418068341910839
20.951245452,20.951836347579956,-0.07564133405685425,-0.12039414793252945,-0.014540891163051128
20.983916198,20.98483633995056,-0.07565202564001083,-0.12174693495035172,-0.01351905707269907
21.017294908,21.012836456298828,-0.0703202486038208,-0.1236228197813034,-0.018108436837792397
21.050503092,21.04885983467102,-0.07288186252117157,-0.12797190248966217,-0.01924850419163704
21.082219207,21.081859827041626,-0.07078542560338974,-0.12296759337186813,-0.021647337824106216
21.11523907,21.10785984992981,-0.06880541145801544,-0.12298604846000671,-0.024634137749671936
21.151826118,21.15088152885437,-0.07605872303247452,-0.12263793498277664,-0.02610699273645878
21.18430179,21.18088150024414,-0.07716850191354752,-0.1170436441898346,-0.02719103917479515
21.217337112,21.213881492614746,-0.07191111892461777,-0.11565598845481873,-0.031800828874111176
21.252704363,21.2498996257782,-0.07122338563203812,-0.11104097217321396,-0.035238444805145264
21.284423518,21.277899742126465,-0.0762958899140358,-0.111641526222229,-0.03162626549601555
21.317683039,21.31689977645874,-0.07852001488208771,-0.10734153538942337,-0.029936084523797035
21.350233028,21.346917629241943,-0.07415929436683655,-0.10363251715898514,-0.03140019625425339
21.383171309,21.376917600631714,-0.07926365733146667,-0.10398498177528381,-0.027994375675916672
21.416124473,21.40991759300232,-0.07669828087091446,-0.0972808301448822,-0.025659821927547455
21.450256883,21.44893193244934,-0.07768385112285614,-0.09446391463279724,-0.025017542764544487
21.482103132,21.47893190383911,-0.0763678252696991,-0.09038661420345306,-0.023964619264006615
21.515415431,21.508931875228882,-0.06903708726167679,-0.08752454072237015,-0.02149263396859169
21.551736032,21.54994821548462,-0.07020995020866394,-0.08251544088125229,-0.018430201336741447
21.584237213,21.58594822883606,-0.06452243030071259,-0.07566159963607788,-0.018663909286260605
21.620297416,21.613948345184326,-0.0659787505865097,-0.07125936448574066,-0.014360656961798668
21.65139115,21.64694833755493,-0.05938279628753662,-0.0662146583199501,-0.01393237616866827
21.68335226,21.682948350906372,-0.06400328874588013,-0.05843998119235039,-0.009781322441995144
21.717438817,21.71194839477539,-0.06033560261130333,-0.059182800352573395,-0.008609632030129433
21.749756489,21.750967025756836,-0.0563797727227211,-0.045074623078107834,-0.011401847936213017
21.78210959,21.780966997146606,-0.06141285225749016,-0.0418241024017334,-0.00769516546279192
21.815542593,21.809967041015625,-0.06173350289463997,-0.034306228160858154,-0.007963519543409348
21.852189884,21.85198450088501,-0.06124696135520935,-0.027335381135344505,-0.004241020884364843
21.884135523,21.877984523773193,-0.05905885621905327,-0.021308302879333496,-0.005762666929513216
21.919079029,21.907984495162964,-0.0648704469203949,-0.01448019314557314,-0.003101636655628681
21.950491423,21.947004079818726,-0.06418917328119278,-0.007851924747228622,-0.0038465410470962524
21.984036541,21.977004051208496,-0.06488834321498871,0.0033807684667408466,-0.00620521605014801
22.016750282,22.005004167556763,-0.06678523123264313,0.004946588538587093,-0.007432750891894102
22.050069312,22.04402732849121,-0.06250184029340744,0.015774087980389595,-0.009705105796456337
22.08306435,22.07402753829956,-0.06793045252561569,0.02558717131614685,-0.00928653497248888
22.11620943,22.113027334213257,-0.07006025314331055,0.0309853907674551,-0.008189714513719082
22.149089216,22.137048482894897,-0.06872972846031189,0.03743545711040497,-0.010316909290850163
22.184080347,22.176048517227173,-0.07092902064323425,0.04574856534600258,-0.013737342320382595
22.217446585,22.217048406600952,-0.07042041420936584,0.0551668256521225,-0.012505986727774143
22.250626776,22.25006604194641,-0.07911757379770279,0.06387026607990265,-0.009004362858831882
22.283468027,22.28006601333618,-0.07885968685150146,0.07173033803701401,-0.007370488718152046
22.321073533,22.313066005706787,-0.07707969099283218,0.0746353417634964,-0.006658076774328947
22.349815573,22.341087818145752,-0.07596985250711441,0.0823298916220665,-0.006596229504793882
22.382638517,22.383087873458862,-0.07450101524591446,0.09472471475601196,-0.008556932210922241
22.416956122,22.409087896347046,-0.08020848780870438,0.09896676242351532,-0.0073720961809158325
22.449396631,22.43810510635376,-0.07853765785694122,0.10640794038772583,-0.00722005870193243
22.482768727,22.482105016708374,-0.08048630505800247,0.1172429695725441,-0.008241274394094944
22.516407077,22.51510500907898,-0.07659122347831726,0.12118486315011978,-0.009115123189985752
22.552232625,22.55112600326538,-0.07718588411808014,0.12642456591129303,-0.010162060149013996
22.58437593,22.584125995635986,-0.074322409927845,0.12936243414878845,-0.01075306348502636
22.619038075,22.618125915527344,-0.0805804654955864,0.13282780349254608,-0.008985111489892006
22.651251345,22.648149013519287,-0.0822003185749054,0.13917966187000275,-0.0064951227977871895
22.6835508,22.678148984909058,-0.07802227884531021,0.1428864449262619,-0.009199363179504871
22.725480907,22.717149019241333,-0.08168715238571167,0.14857664704322815,-0.007306094281375408
22.749598604,22.746168851852417,-0.08332289010286331,0.14705535769462585,-0.005296017043292522
22.783002268,22.776168823242188,-0.07894717901945114,0.1552601307630539,-0.00881116557866335
22.81569957,22.815168857574463,-0.08423615247011185,0.15948621928691864,-0.005980904214084148
22.852336148,22.84319233894348,-0.08332011848688126,0.15679071843624115,-0.005133179947733879
22.884675947,22.876192331314087,-0.08963754773139954,0.16430389881134033,-0.003087384160608053
22.917916415,22.906192302703857,-0.08471046388149261,0.1664411872625351,-0.0032032609451562166
22.952213739,22.948214292526245,-0.08261758089065552,0.17124207317829132,-0.008121263235807419
22.983291782,22.984214305877686,-0.0843142569065094,0.17359869182109833,-0.006475862115621567
23.016767619,23.014214277267456,-0.08351009339094162,0.17552819848060608,-0.008304672315716743
23.049918055,23.047231197357178,-0.09359730035066605,0.1788536161184311,-0.005158745683729649
23.082527949,23.082231283187866,-0.09336306154727936,0.18391188979148865,-0.005649149417877197
23.115554396,23.112231254577637,-0.08830966800451279,0.18934771418571472,-0.00724418880417943
23.152170651,23.15124821662903,-0.09300626814365387,0.19504165649414062,-0.004372179973870516
23.184641833,23.180248022079468,-0.09174708276987076,0.19582313299179077,-0.004746340215206146
23.217441168,23.213248014450073,-0.09352321922779083,0.20384052395820618,-0.009329013526439667
23.252090009,23.244266510009766,-0.08914917707443237,0.20718993246555328,-0.011155219748616219
23.284440082,23.28226661682129,-0.08960511535406113,0.2137070596218109,-0.008686129003763199
23.31745235,23.31326651573181,-0.08957868069410324,0.2162657529115677,-0.008079498074948788
23.35064801,23.345285654067993,-0.09817005693912506,0.2214774191379547,-0.002842858899384737
23.383504603,23.375285625457764,-0.09366670995950699,0.22182278335094452,-0.0047355941496789455
23.417755582,23.41428565979004,-0.09180605411529541,0.22801566123962402,-0.006131480447947979
23.451796669,23.452304363250732,-0.0970550999045372,0.22716355323791504,-0.004934442695230246
23.483783991,23.482304334640503,-0.09075167775154114,0.23236744105815887,-0.008432110771536827
23.516806565,23.51530432701111,-0.09732045233249664,0.2320348024368286,-0.0073344712145626545
23.55047658,23.54532289505005,-0.09200608730316162,0.23674993216991425,-0.010437866672873497
23.582654719,23.584322929382324,-0.09084833413362503,0.24088247120380402,-0.011373394168913364
23.617105253,23.614322900772095,-0.08851686865091324,0.2401999831199646,-0.011668997816741467
23.65221507,23.645343780517578,-0.08656433969736099,0.24615545570850372,-0.012220252305269241
23.68471233,23.6833438873291,-0.0910780280828476,0.24827149510383606,-0.00879763811826706
23.715752556,23.708343744277954,-0.08459775894880295,0.2467075139284134,-0.013528496958315372
23.752322796,23.75236225128174,-0.08816877752542496,0.24953660368919373,-0.01115869078785181
23.78526972,23.786362171173096,-0.08279341459274292,0.25609302520751953,-0.012196396477520466
23.818809899,23.816362380981445,-0.0855344831943512,0.25379830598831177,-0.006883610039949417
23.852139865,23.849379062652588,-0.08035337924957275,0.25331205129623413,-0.005531258415430784
23.88439643,23.88537907600403,-0.08357710391283035,0.25341910123825073,-0.005082357209175825
23.917096303,23.914379119873047,-0.08110148459672928,0.2526962459087372,-0.005338164512068033
23.950100901,23.943397998809814,-0.08046011626720428,0.2575841546058655,-0.007845085114240646
23.982856208,23.98339819908142,-0.08183510601520538,0.2583185136318207,-0.01170123741030693
24.015857189,24.01139807701111,-0.07887589931488037,0.25644612312316895,-0.011395970359444618
24.051987545,24.044421195983887,-0.0781179666519165,0.25875386595726013,-0.013077287003397942
24.085444541,24.074421167373657,-0.08158491551876068,0.25869259238243103,-0.01086962129920721
24.118293624,24.116421222686768,-0.0736495852470398,0.2595577538013458,-0.014180785976350307
24.152042863,24.152435779571533,-0.0687108263373375,0.25888049602508545,-0.017240768298506737
24.183616045,24.18543577194214,-0.06815482676029205,0.26113706827163696,-0.016630753874778748
24.2178703,24.213435649871826,-0.06799639761447906,0.2635641098022461,-0.01745586283504963
24.250350807,24.24945378303528,-0.06530054658651352,0.2653488516807556,-0.019128363579511642
24.282727552,24.282453775405884,-0.06868573278188705,0.26727601885795593,-0.019137898460030556
24.316121594,24.312453746795654,-0.06124861538410187,0.2677610218524933,-0.01952853798866272
24.353045687,24.347474575042725,-0.05610983073711395,0.2733179032802582,-0.01766611449420452
24.384376587,24.386474609375,-0.055756792426109314,0.2776280641555786,-0.015080897137522697
24.417473649,24.41647458076477,-0.05174225941300392,0.27771657705307007,-0.013747164979577065
24.450918995,24.452494144439697,-0.053091470152139664,0.2851298749446869,-0.014131303876638412
24.483480124,24.480494022369385,-0.051200103014707565,0.2879113256931305,-0.015545823611319065
24.516482866,24.516494035720825,-0.04703347384929657,0.28944098949432373,-0.014348665252327919
24.550765062,24.54951500892639,-0.045393578708171844,0.2928937077522278,-0.017355062067508698
24.582664572,24.574515104293823,-0.044461462646722794,0.2939438223838806,-0.01703532226383686
24.618954411,24.612515211105347,-0.03847136348485947,0.30024152994155884,-0.02079588547348976
24.651643083,24.64853549003601,-0.03598172217607498,0.3009476363658905,-0.022873947396874428
24.684674527,24.681535482406616,-0.03792807459831238,0.3042716979980469,-0.026235567405819893
24.717659965,24.717535495758057,-0.03585297241806984,0.3044837713241577,-0.028780987486243248
24.750993847,24.746554136276245,-0.026473503559827805,0.3061785101890564,-0.034622762352228165
24.784155956,24.78555393218994,-0.025714758783578873,0.3083304464817047,-0.03536152467131615
24.816930734,24.81455397605896,-0.02242434211075306,0.30863824486732483,-0.0354810506105423
24.851291609,24.849574327468872,-0.021322770044207573,0.31069985032081604,-0.031140482053160667
24.883025311,24.874574184417725,-0.01829487830400467,0.31285983324050903,-0.028105907142162323
24.916091147,24.904574155807495,-0.016576306894421577,0.3102019727230072,-0.025525007396936417
24.952096786,24.946574211120605,-0.009323697537183762,0.3080112636089325,-0.021364811807870865
24.984781532,24.976574182510376,-0.011182360351085663,0.3129810094833374,-0.015641236677765846
25.01882981,25.00957417488098,-0.009204357862472534,0.31383779644966125,-0.009452707134187222
25.051885468,25.039589643478394,-0.003377770073711872,0.3195112645626068,-0.008529438637197018
25.083755034,25.07858967781067,-0.0021865637972950935,0.3218465745449066,-0.005160344298928976
25.117595563,25.10858964920044,0.0031445545610040426,0.32702988386154175,-0.0014322814531624317
25.150498555,25.15060567855835,0.004931595176458359,0.3314652442932129,-0.0017413417808711529
25.182834345,25.176605701446533,0.010906842537224293,0.3307017683982849,-0.0009960042079910636
25.216296089,25.20560574531555,0.015028701163828373,0.3319603502750397,-0.0005321039352566004
25.252457211,25.2456271648407,0.01623995415866375,0.330680251121521,0.0029841968789696693
25.285232693,25.28262734413147,0.01730525493621826,0.3326505720615387,0.0048887948505580425
25.31839381,25.31862711906433,0.023377828299999237,0.32847875356674194,0.009017517790198326
25.351308899,25.34864616394043,0.027758611366152763,0.33039799332618713,0.010669445618987083
25.383911839,25.379646062850952,0.028431938961148262,0.3317914605140686,0.011755640618503094
25.417590133,25.4096462726593,0.027406170964241028,0.3312300443649292,0.015924224629998207
25.450896362,25.442666053771973,0.03327247500419617,0.3290022909641266,0.012301359325647354
25.483121157,25.472666263580322,0.03283805027604103,0.3240559697151184,0.012251470237970352
25.515927908,25.514666080474854,0.03788600116968155,0.31942620873451233,0.010444234125316143
25.549501288,25.55068612098694,0.033833373337984085,0.31632962822914124,0.00939474068582058
25.582997342,25.583686113357544,0.03497995808720589,0.3068866729736328,0.007193977478891611
25.616308628,25.609686136245728,0.03433886542916298,0.3060976266860962,0.007321900688111782
25.652164866,25.652704000473022,0.03345174342393875,0.301798015832901,0.005073666572570801
25.685550238,25.68170404434204,0.03237718716263771,0.30150464177131653,0.004503238946199417
25.717941762,25.71770405769348,0.032348401844501495,0.29621633887290955,0.004424705635756254
25.75195286,25.750717878341675,0.029921092092990875,0.2934514284133911,0.002992855617776513
25.784785323,25.786717891693115,0.023980027064681053,0.2912658154964447,0.0022805712651461363
25.819258324,25.814717769622803,0.020950132980942726,0.2918170392513275,0.0016606105491518974
25.851949355,25.844717979431152,0.021374208852648735,0.2890181243419647,0.0012420153943821788
25.883938281,25.88371777534485,0.01800701580941677,0.2862146198749542,0.0013386922655627131
25.917587204,25.911717891693115,0.014017167501151562,0.28559979796409607,0.001270181150175631
25.951031837,25.945735692977905,0.013049292378127575,0.28458738327026367,0.002935308963060379
25.984202662,25.974735736846924,0.007682611234486103,0.28566786646842957,0.0026069486048072577
26.017652639,26.016735792160034,0.0048050289042294025,0.2897506058216095,0.0024743431713432074
26.051242225,26.042757034301758,0.0015483242459595203,0.28694260120391846,0.004418424796313047
26.083589933,26.07275700569153,-0.0053083449602127075,0.2885929346084595,0.0039280797354876995
26.116546865,26.11475706100464,-0.00250898115336895,0.28564760088920593,0.004484336823225021
26.152858007,26.14475703239441,-0.006859163288027048,0.28598883748054504,0.005805826745927334
26.18294683,26.177757024765015,-0.010275802575051785,0.2889288663864136,0.005804143846035004
26.217838719,26.211756944656372,-0.012439019978046417,0.29318997263908386,0.00576923880726099
26.251535619,26.24177360534668,-0.01865682564675808,0.29855552315711975,0.007994954474270344
26.284238204,26.280773639678955,-0.020720291882753372,0.2989009618759155,0.008577462285757065
26.318156806,26.31877374649048,-0.024149861186742783,0.29915183782577515,0.007588454522192478
26.350892516,26.351794958114624,-0.026195868849754333,0.3020496070384979,0.007018114905804396
26.383188023,26.37979483604431,-0.026573462411761284,0.30472037196159363,0.008132022805511951
26.416683224,26.415794849395752,-0.02756805345416069,0.3105306029319763,0.007296123541891575
26.45334313,26.448813438415527,-0.02553926780819893,0.3104883134365082,0.005875549279153347
26.48518499,26.483813285827637,-0.02304880879819393,0.3089492917060852,0.009509069845080376
26.519524017,26.507813453674316,-0.02705979160964489,0.31170326471328735,0.012832457199692726
26.553811322,26.549830436706543,-0.01858494058251381,0.3127908706665039,0.013790062628686428
26.584192067,26.585830450057983,-0.022918345406651497,0.3121073544025421,0.01909303478896618
26.617430776,26.617830514907837,-0.015120229683816433,0.3089545965194702,0.01932070404291153
26.650828265,26.64685082435608,-0.012590554542839527,0.30924028158187866,0.020999206230044365
26.682850119,26.68285083770752,-0.014361709356307983,0.31094199419021606,0.024080470204353333
26.715796406,26.715850830078125,-0.01243675034493208,0.3055376708507538,0.024663379415869713
26.749493861,26.74087166786194,-0.01420949213206768,0.3000497817993164,0.023592373356223106
26.78504933,26.784871816635132,-0.013123112730681896,0.303006112575531,0.024002768099308014
26.818560833,26.81887173652649,-0.015424723736941814,0.29543548822402954,0.02131790481507778
26.851654793,26.848891019821167,-0.01949446089565754,0.29154258966445923,0.02243434078991413
26.884171981,26.881891012191772,-0.019539494067430496,0.2931636869907379,0.020401006564497948
26.917810258,26.917891025543213,-0.02438349835574627,0.29240989685058594,0.021186677739024162
26.951387372,26.946906566619873,-0.02816838026046753,0.29244381189346313,0.021502330899238586
26.984329818,26.98590660095215,-0.029181083664298058,0.2899937927722931,0.020881475880742073
27.017702385,27.01590657234192,-0.03405866399407387,0.2935563921928406,0.021031390875577927
27.050667939,27.043924570083618,-0.03514435887336731,0.2931644320487976,0.019737429916858673
27.083799697,27.078924417495728,-0.03790948912501335,0.2882235646247864,0.017823340371251106
27.117144035,27.117924451828003,-0.04575083777308464,0.2914302945137024,0.018664205446839333
27.153811983,27.147945404052734,-0.05133999139070511,0.2894750237464905,0.01810363307595253
27.185536108,27.175945520401,-0.055560335516929626,0.28983190655708313,0.019091568887233734
27.218920357,27.214945554733276,-0.05202322453260422,0.2922334671020508,0.015545533038675785
27.252387021,27.244945526123047,-0.05779927596449852,0.2921377718448639,0.01715799979865551
27.284553333,27.274945497512817,-0.056478846818208694,0.28681477904319763,0.01707409881055355
27.317620312,27.316945552825928,-0.06631121039390564,0.2934058904647827,0.0167117677628994
27.351118533,27.34194540977478,-0.06662385165691376,0.2943272292613983,0.013456830754876137
27.382875111,27.37194538116455,-0.06777286529541016,0.29277417063713074,0.011778322048485279
27.41643139,27.410945415496826,-0.06401293724775314,0.29678502678871155,0.007396709639579058
27.454090132,27.448963165283203,-0.0652891993522644,0.2960275411605835,0.007014645729213953
27.485442961,27.484963178634644,-0.06867071986198425,0.2961938679218292,0.005376249086111784
27.518401025,27.51796317100525,-0.06722605228424072,0.29456403851509094,0.005124092102050781
27.551941717,27.5429630279541,-0.06619293987751007,0.29613974690437317,0.00010139566438738257
27.584296894,27.580963134765625,-0.07119858264923096,0.293317973613739,0.0007267072796821594
27.617151101,27.616963148117065,-0.06950653344392776,0.2900252342224121,-0.004122001584619284
27.650964063,27.646984577178955,-0.06705549359321594,0.2836790382862091,-0.004813095089048147
27.683640282,27.67998456954956,-0.06884898990392685,0.28121280670166016,-0.0038204011507332325
27.716535307,27.713984727859497,-0.06639201194047928,0.275338739156723,-0.005989730358123779
27.752068703,27.753003358840942,-0.06595202535390854,0.2673751413822174,-0.0075840093195438385
27.78504771,27.783003330230713,-0.07369056344032288,0.25969406962394714,-0.002893228316679597
27.818310958,27.81200337409973,-0.06897124648094177,0.25280001759529114,-0.005699061322957277
27.851472108,27.845022439956665,-0.07287730276584625,0.24849429726600647,-0.005291108042001724
27.884189119,27.875022411346436,-0.07041186839342117,0.24005554616451263,-0.006782489363104105
27.918234004,27.917022466659546,-0.07526964694261551,0.22986790537834167,-0.004924274981021881
27.953279445,27.953036069869995,-0.07312889397144318,0.22328205406665802,-0.008977627381682396
27.984644256,27.9860360622406,-0.07975788414478302,0.2197089046239853,-0.0055985404178500175
28.018037511,28.014036178588867,-0.07114295661449432,0.21774011850357056,-0.013309597969055176
28.0520839,28.044053316116333,-0.08103679120540619,0.21283471584320068,-0.011148408986628056
28.087972941,28.07705330848694,-0.07887808233499527,0.2116462141275406,-0.010813192464411259
28.116887574,28.111053228378296,-0.08251927047967911,0.2057192027568817,-0.007750419899821281
28.152521243,28.141071796417236,-0.07836134731769562,0.20545132458209991,-0.010018542408943176
28.185265362,28.184072017669678,-0.0832723006606102,0.20067694783210754,-0.011417743749916553
28.218994962,28.219071865081787,-0.08970855921506882,0.19511160254478455,-0.00534491753205657
28.251747658,28.252071857452393,-0.09266852587461472,0.19462032616138458,-0.004210226703435183
28.284279133,28.278071880340576,-0.0901358425617218,0.19558687508106232,-0.008602936752140522
28.317634525,28.308071851730347,-0.09004521369934082,0.19512908160686493,-0.009418842382729053
28.350533999,28.35009527206421,-0.09911517053842545,0.1905747503042221,-0.0017323807114735246
28.383640484,28.37509512901306,-0.09832398593425751,0.1938972920179367,-0.0005218483856879175
28.416404959,28.405095100402832,-0.09776195138692856,0.1953660100698471,-0.0009747127769514918
28.452922042,28.44711971282959,-0.1014459952712059,0.192712664604187,0.001557611394673586
28.486824823,28.486119747161865,-0.11044701933860779,0.18975315988063812,0.006048566661775112
28.518190851,28.510119676589966,-0.10468202084302902,0.18975518643856049,0.004110252950340509
28.552057786,28.54913854598999,-0.11114778369665146,0.18956716358661652,0.010086710564792156
28.584671931,28.57913851737976,-0.11236324161291122,0.18537335097789764,0.009995156899094582
28.618441314,28.60813856124878,-0.10897368937730789,0.1817399561405182,0.010277710855007172
28.652047596,28.647156238555908,-0.1203446015715599,0.1793491095304489,0.01949462480843067
28.684517903,28.676156044006348,-0.11967870593070984,0.17913655936717987,0.019090794026851654
28.718285312,28.706156015396118,-0.11749912053346634,0.1808619499206543,0.017303071916103363
28.751698517,28.748181104660034,-0.12590213119983673,0.18364500999450684,0.01663794182240963
28.784170346,28.785181283950806,-0.12576158344745636,0.18457041680812836,0.012957406230270863
28.815996881,28.81718111038208,-0.12050171196460724,0.1907486766576767,0.008327855728566647
28.852530297,28.85320019721985,-0.12797664105892181,0.19370391964912415,0.008638584055006504
28.885594642,28.886200189590454,-0.12686772644519806,0.1977069079875946,0.007115700747817755
28.918832265,28.915200233459473,-0.13359735906124115,0.20068126916885376,0.006811634637415409
28.951872031,28.951212882995605,-0.13476073741912842,0.2099272906780243,0.004846048541367054
28.984261797,28.98421287536621,-0.1373308151960373,0.21893151104450226,0.0029443521052598953
29.017722306,29.018213033676147,-0.13993774354457855,0.2247314751148224,0.004997588694095612
29.05022038,29.04822850227356,-0.1463100016117096,0.2304818332195282,0.004809243604540825
29.083650355,29.081228494644165,-0.14569179713726044,0.24330031871795654,0.0026202716398984194
29.116527181,29.117228507995605,-0.15201686322689056,0.25170478224754333,0.00045727749238722026
29.152965413,29.146247625350952,-0.15589509904384613,0.25656658411026,0.0019471138948574662
29.185678178,29.18524742126465,-0.15627101063728333,0.2643549144268036,3.733567427843809e-05
29.21705222,29.215247631072998,-0.15147468447685242,0.2748482823371887,-0.0015502986498177052
29.253266766,29.25426411628723,-0.1527281105518341,0.2834201157093048,-0.0033492636866867542
29.285315291,29.27826428413391,-0.152941033244133,0.28736746311187744,-0.00538603775203228
29.319017857,29.316264152526855,-0.15589283406734467,0.29134929180145264,-0.007075909059494734
29.352015599,29.346283197402954,-0.15318980813026428,0.29062822461128235,-0.006974675692617893
29.385563643,29.376283168792725,-0.15731605887413025,0.2939060628414154,-0.007454280741512775
29.417622601,29.417283058166504,-0.14805302023887634,0.29889780282974243,-0.012206505052745342
29.451228991,29.44730520248413,-0.1509791910648346,0.29756078124046326,-0.010583840310573578
29.483351544,29.480305194854736,-0.14637504518032074,0.30160245299339294,-0.012330837547779083
29.516490175,29.516305208206177,-0.14612682163715363,0.296320378780365,-0.011464358307421207
29.552973758,29.549327850341797,-0.14586688578128815,0.29695460200309753,-0.009951930493116379
29.585909026,29.579327821731567,-0.14064550399780273,0.2908700108528137,-0.012203565798699856
29.620395885,29.618327856063843,-0.13742020726203918,0.29210174083709717,-0.013942922465503216
29.651510971,29.648327827453613,-0.14042143523693085,0.28615251183509827,-0.014657407067716122
29.684074714,29.68132781982422,-0.13967068493366241,0.2812361419200897,-0.015162046998739243
29.718539084,29.71132779121399,-0.1314351111650467,0.279904305934906,-0.018771201372146606
29.752172914,29.750346660614014,-0.13447624444961548,0.2719744145870209,-0.017699560150504112
29.783821544,29.78334665298462,-0.1293112188577652,0.2657550871372223,-0.019719887524843216
29.817026213,29.816346645355225,-0.13334216177463531,0.2593030035495758,-0.020524591207504272
29.853615423,29.846346616744995,-0.13181445002555847,0.2590302526950836,-0.020892441272735596
29.883794908,29.88534665107727,-0.1311434656381607,0.25465765595436096,-0.026190564036369324
29.916372622,29.913346529006958,-0.12690894305706024,0.24999022483825684,-0.03132622316479683
29.952564198,29.952367305755615,-0.13037079572677612,0.24795709550380707,-0.0268882866948843
29.985862771,29.982367277145386,-0.12525734305381775,0.2470291256904602,-0.03035210631787777
30.018646536,30.012367248535156,-0.129879891872406,0.24276266992092133,-0.029230590909719467
30.052692884,30.045387506484985,-0.13182197511196136,0.24450905621051788,-0.028442252427339554
30.085065988,30.080387592315674,-0.1278100162744522,0.24483056366443634,-0.030813924968242645
30.118158254,30.109387636184692,-0.13453318178653717,0.24080629646778107,-0.028288057073950768
30.151155656,30.15140151977539,-0.13281428813934326,0.2387765347957611,-0.03124360926449299
30.183819561,30.177401542663574,-0.1279985010623932,0.24329325556755066,-0.03199423849582672
30.218668669,30.21040153503418,-0.1309993714094162,0.23908479511737823,-0.031837090849876404
30.252902025,30.253422737121582,-0.12853938341140747,0.23791901767253876,-0.030752455815672874
30.283627905,30.283422708511353,-0.13174653053283691,0.23594540357589722,-0.0304407961666584
30.31686522,30.316422700881958,-0.13581669330596924,0.23248769342899323,-0.027557464316487312
30.35299256,30.35144305229187,-0.13203857839107513,0.2300814986228943,-0.027600303292274475
30.385478804,30.38144302368164,-0.1340118944644928,0.22484247386455536,-0.024961501359939575
30.419483224,30.420443058013916,-0.1272944062948227,0.22348809242248535,-0.026218056678771973
30.453251285,30.450457096099854,-0.12659965455532074,0.21581166982650757,-0.028413109481334686
30.488013466,30.47845721244812,-0.12768493592739105,0.2069317102432251,-0.024025652557611465
30.518249376,30.517457246780396,-0.12679804861545563,0.1974225640296936,-0.018578531220555305
30.552117005,30.54748272895813,-0.12491132318973541,0.18972930312156677,-0.016873126849532127
30.583923997,30.58348274230957,-0.11968626827001572,0.1861688494682312,-0.019345473498106003
30.618101055,30.617482900619507,-0.12399956583976746,0.17235949635505676,-0.013362504541873932
30.650025155,30.64850354194641,-0.12164988368749619,0.1659322828054428,-0.013667669147253036
30.685980204,30.687503576278687,-0.12026872485876083,0.16041478514671326,-0.01304581854492426
30.719260641,30.715503454208374,-0.11781920492649078,0.1570686548948288,-0.011952653527259827
30.753005829,30.74552011489868,-0.11849519610404968,0.15108861029148102,-0.009755524806678295
30.784782044,30.784520149230957,-0.11945482343435287,0.14468063414096832,-0.008607139810919762
30.818354947,30.814520120620728,-0.12177029997110367,0.13768795132637024,-0.00541734928265214
30.851897733,30.84754252433777,-0.12374231964349747,0.13340696692466736,-0.006449342705309391
30.883796625,30.882542371749878,-0.11823021620512009,0.1324782818555832,-0.013529735617339611
30.917038976,30.911542415618896,-0.12325155735015869,0.1302228420972824,-0.013546327129006386
30.950565119,30.944560289382935,-0.1254713535308838,0.12810133397579193,-0.013792584650218487
30.986598342,30.98356032371521,-0.12804384529590607,0.12241389602422714,-0.01175113208591938
31.019158402,31.01256036758423,-0.12811945378780365,0.12133896350860596,-0.015183670446276665
31.05192176,31.049578428268433,-0.12776891887187958,0.1230306327342987,-0.016543162986636162
31.085008245,31.085578441619873,-0.12263817340135574,0.13028082251548767,-0.019279340282082558
31.11761196,31.115578651428223,-0.12419827282428741,0.13519786298274994,-0.018955552950501442
31.151164187,31.148600339889526,-0.12590967118740082,0.13686063885688782,-0.01957414485514164
31.184603019,31.181600332260132,-0.13120441138744354,0.1404627114534378,-0.01801704429090023
31.217946604,31.211600303649902,-0.13488319516181946,0.14797855913639069,-0.021035319194197655
31.25151813,31.2446231842041,-0.12986211478710175,0.155034139752388,-0.026463212445378304
31.283990623,31.274623155593872,-0.1346384882926941,0.1635884940624237,-0.027583064511418343
31.316781122,31.313623189926147,-0.1327420473098755,0.17232638597488403,-0.028500642627477646
31.353432369,31.351641416549683,-0.13055388629436493,0.17389048635959625,-0.02900679223239422
31.38603378,31.387641429901123,-0.1305655688047409,0.18650127947330475,-0.028157765045762062
31.421500346,31.42064142227173,-0.12402042746543884,0.19390851259231567,-0.032860167324543
31.45248286,31.445656061172485,-0.11894980072975159,0.20314495265483856,-0.03569580242037773
31.485166108,31.482656002044678,-0.1130015105009079,0.21042287349700928,-0.03588380664587021
31.518534945,31.518656015396118,-0.10898679494857788,0.22296716272830963,-0.03270946070551872
31.550958918,31.551677703857422,-0.10637794435024261,0.2305792272090912,-0.03180941566824913
31.584294533,31.578677654266357,-0.09920231997966766,0.23167972266674042,-0.027187474071979523
31.617503598,31.608677625656128,-0.09380844980478287,0.23720264434814453,-0.026194985955953598
31.650126964,31.64769673347473,-0.07887197285890579,0.24099856615066528,-0.028413578867912292
31.686922805,31.685696840286255,-0.07558878511190414,0.2438817024230957,-0.028059717267751694
31.717846921,31.710696697235107,-0.06717859208583832,0.24798965454101562,-0.02967129647731781
31.753380422,31.75471544265747,-0.06070409342646599,0.25322872400283813,-0.03491685166954994
31.783598851,31.779715538024902,-0.054246313869953156,0.2544776499271393,-0.03144727647304535
31.817081223,31.817715406417847,-0.05206209421157837,0.2589905560016632,-0.032625745981931686
31.854010478,31.853731155395508,-0.038984205573797226,0.2593424618244171,-0.03732454031705856
31.88601052,31.88373112678528,-0.03589485213160515,0.26103919744491577,-0.03853854537010193
31.919344834,31.9147310256958,-0.027755146846175194,0.26661229133605957,-0.04219191521406174
31.952769467,31.94374942779541,-0.015810728073120117,0.2624378204345703,-0.04520434886217117
31.985079737,31.982749462127686,-0.014578113332390785,0.26042354106903076,-0.04403774440288544
32.018317459,32.012749433517456,-0.0036010059993714094,0.2567686140537262,-0.04461376741528511
32.053170301,32.04077124595642,0.0027409030590206385,0.2555240988731384,-0.04096434637904167
32.083981407,32.079771280288696,0.017709996551275253,0.2534019351005554,-0.0386715829372406
32.117713068,32.10977125167847,0.023990677669644356,0.25429508090019226,-0.03547069430351257
32.156139599,32.152785539627075,0.030699126422405243,0.2547853887081146,-0.03665740042924881
32.186060347,32.187785625457764,0.040797725319862366,0.2523239850997925,-0.03601958602666855
32.218873774,32.217785596847534,0.04626702889800072,0.25755250453948975,-0.037084076553583145
32.252463843,32.25080466270447,0.053419485688209534,0.25538188219070435,-0.03698175027966499
32.285046383,32.28680467605591,0.05684678629040718,0.2594897449016571,-0.03844529762864113
32.318163732,32.319804668426514,0.06128663569688797,0.25527894496917725,-0.03940822184085846
32.351824726,32.3478217124939,0.06578724831342697,0.25893399119377136,-0.04113645479083061
32.384174106,32.38482165336609,0.07681713998317719,0.25407272577285767,-0.042994722723960876
32.418344881,32.41682171821594,0.08558192104101181,0.2573923170566559,-0.042074818164110184
32.450977733,32.45184135437012,0.09005710482597351,0.25841569900512695,-0.04129878431558609
32.486705603,32.48184156417847,0.09722093492746353,0.26022228598594666,-0.038976557552814484
32.519530519,32.52084136009216,0.09887240827083588,0.2552196979522705,-0.03167574852705002
32.552306371,32.55085492134094,0.10608268529176712,0.25188252329826355,-0.03083314746618271
32.585291315,32.57885503768921,0.10548137128353119,0.25113585591316223,-0.025543181225657463
32.619074473,32.617855072021484,0.11483900994062424,0.2478417158126831,-0.022470703348517418
32.651588329,32.647876501083374,0.11528346687555313,0.2443060278892517,-0.01796131394803524
32.683968749,32.677876472473145,0.12205785512924194,0.24094244837760925,-0.017484288662672043
32.717708679,32.71087646484375,0.12368163466453552,0.23405888676643372,-0.015346657484769821
32.752234085,32.749876499176025,0.12194094061851501,0.2331823855638504,-0.013821575790643692
32.786237931,32.779876470565796,0.12715193629264832,0.22712165117263794,-0.012399530969560146
32.818821347,32.80787658691406,0.13026854395866394,0.2220289707183838,-0.010962706059217453
32.854732297,32.842893838882446,0.13248533010482788,0.22244465351104736,-0.011387941427528858
32.88496844,32.88589382171631,0.13139662146568298,0.21435926854610443,-0.008787033148109913
32.918295117,32.91189384460449,0.13648173213005066,0.2138720601797104,-0.007916356436908245
32.95208075,32.94191551208496,0.140925332903862,0.20978447794914246,-0.007968412712216377
32.98404067,32.98491549491882,0.14202265441417694,0.21062172949314117,-0.004595271777361631
33.017708236,33.01791548728943,0.1468532830476761,0.21034139394760132,-0.0021730607841163874
33.050632701,33.04393482208252,0.15391243994235992,0.20527267456054688,-0.0010085104731842875
33.086888925,33.08693480491638,0.15792223811149597,0.21312135457992554,0.0018229256384074688
33.119503643,33.1159348487854,0.16552414000034332,0.21388106048107147,0.005581809673458338
33.15265509,33.15194773674011,0.1695989966392517,0.2088613510131836,0.006754976697266102
33.184787838,33.18494772911072,0.17273978888988495,0.21383394300937653,0.006142968777567148
33.218239816,33.212947607040405,0.17569158971309662,0.21260076761245728,0.007598256226629019
33.250967384,33.251964807510376,0.18188801407814026,0.21981817483901978,0.0053767915815114975
33.284227106,33.27596473693848,0.18494994938373566,0.21629419922828674,0.0025406968779861927
33.317219103,33.31496477127075,0.18683649599552155,0.21998143196105957,0.0003693609614856541
33.353391344,33.34498190879822,0.19230279326438904,0.21432609856128693,-0.002108503133058548
33.386126882,33.38698196411133,0.19635719060897827,0.21595348417758942,-0.0033998358994722366
33.420059484,33.41198205947876,0.19266144931316376,0.2147117406129837,-0.0022733272053301334
33.452611503,33.441996335983276,0.1924036145210266,0.21464760601520538,-0.0011480870889499784
33.485522078,33.48599624633789,0.2013455033302307,0.2152569442987442,-0.004463489633053541
33.519388718,33.52099633216858,0.19967642426490784,0.21568366885185242,-0.003754653036594391
33.553568625,33.5530104637146,0.20010384917259216,0.211602121591568,-0.0015441089635714889
33.584694869,33.58301043510437,0.2027410864830017,0.20792211592197418,-0.0027920780703425407
33.618157697,33.61901044845581,0.20143985748291016,0.20825813710689545,-0.0036229784600436687
33.652614323,33.652029514312744,0.20357777178287506,0.20473617315292358,-0.005336650647222996
33.684273226,33.682029724121094,0.20948272943496704,0.2058560699224472,-0.008993873372673988
33.717819408,33.7150297164917,0.21048980951309204,0.20397506654262543,-0.012186858803033829
33.753801996,33.75004529953003,0.20627155900001526,0.20065203309059143,-0.013900058344006538
33.786770257,33.783045291900635,0.20785759389400482,0.19954435527324677,-0.015832556411623955
33.820488627,33.813045263290405,0.21043679118156433,0.19795717298984528,-0.018604785203933716
33.853745864,33.84104514122009,0.210390105843544,0.19737188518047333,-0.01766124926507473
33.885885474,33.88004517555237,0.20717832446098328,0.20009179413318634,-0.013629792258143425
33.919017986,33.91004514694214,0.21365448832511902,0.19655413925647736,-0.015422649681568146
33.951875828,33.95206546783447,0.21124760806560516,0.19542664289474487,-0.012745136395096779
33.984650617,33.97306537628174,0.2168978899717331,0.19961917400360107,-0.012925010174512863
34.019756963,34.012065410614014,0.21444258093833923,0.19483037292957306,-0.012030421756207943
34.054203902,34.04208540916443,0.21339838206768036,0.19670997560024261,-0.012059762142598629
34.08440066,34.08408546447754,0.20949195325374603,0.19392812252044678,-0.012358369305729866
34.117877774,34.10908532142639,0.21331992745399475,0.19285358488559723,-0.014941945672035217
34.153890767,34.15310478210449,0.2093750238418579,0.19371642172336578,-0.014592841267585754
34.186058894,34.18310475349426,0.21958936750888824,0.1922573298215866,-0.01612347550690174
34.219536872,34.2171049118042,0.21573270857334137,0.19507969915866852,-0.012915204279124737
34.252294921,34.250115156173706,0.22293969988822937,0.1907258778810501,-0.013959057629108429
34.285640845,34.28611516952515,0.223335400223732,0.18982358276844025,-0.013525260612368584
34.318474171,34.315115213394165,0.22464750707149506,0.19052791595458984,-0.013752458617091179
34.351915599,34.34913611412048,0.23177075386047363,0.18839871883392334,-0.012982194311916828
34.384430824,34.379136085510254,0.22680526971817017,0.18939314782619476,-0.009034260176122189
34.417317471,34.41813611984253,0.23243919014930725,0.18926440179347992,-0.006468204315751791
34.45142541,34.44715714454651,0.23550726473331451,0.18849767744541168,-0.003356457455083728
34.484523677,34.486157178878784,0.2391517013311386,0.18513716757297516,-0.0005752980941906571
34.517981171,34.516157150268555,0.2393195629119873,0.18917912244796753,0.00039267484680749476
34.554145902,34.552170515060425,0.24656546115875244,0.18787717819213867,-0.0011280968319624662
34.586820098,34.58617043495178,0.2467159628868103,0.18848848342895508,-0.0039019493851810694
34.619897592,34.61617040634155,0.25194254517555237,0.18932202458381653,-0.008133144117891788
34.654318096,34.64918565750122,0.25281667709350586,0.1928408294916153,-0.013612817972898483
34.685502436,34.68418574333191,0.25080859661102295,0.19327369332313538,-0.01689022406935692
34.718187878,34.71318578720093,0.25636839866638184,0.19413000345230103,-0.02267015539109707
34.751357784,34.75220608711243,0.25091296434402466,0.19555512070655823,-0.021872403100132942
34.784293316,34.78320598602295,0.25692814588546753,0.1994962841272354,-0.024068785831332207
34.817655286,34.8152060508728,0.2530096471309662,0.19908490777015686,-0.02512870915234089
34.853282914,34.85022449493408,0.2577337324619293,0.19926881790161133,-0.023025522008538246
34.88638404,34.88022446632385,0.25365161895751953,0.197541743516922,-0.021400805562734604
34.919638441,34.91922450065613,0.25642597675323486,0.19666993618011475,-0.020124970003962517
34.952981976,34.94924187660217,0.26374584436416626,0.1972634643316269,-0.024524947628378868
34.985385195,34.97724175453186,0.2635175585746765,0.19726558029651642,-0.02175043150782585
35.018742845,35.016241788864136,0.260557621717453,0.19378262758255005,-0.015793107450008392
35.052316402,35.046255350112915,0.26426979899406433,0.18683817982673645,-0.015630031004548073
35.084377516,35.075255393981934,0.2644941210746765,0.18733203411102295,-0.010987278074026108
35.11861672,35.118255376815796,0.26705992221832275,0.18374206125736237,-0.009784581139683723
35.151483024,35.15127658843994,0.26816603541374207,0.17527028918266296,-0.007466212846338749
35.184364243,35.18127655982971,0.2654414474964142,0.16865390539169312,-0.003971220459789038
35.217595599,35.21427655220032,0.26697686314582825,0.17112217843532562,-0.004324361216276884
35.251073717,35.24929642677307,0.2691224217414856,0.16870221495628357,-0.00237884814850986
35.287138089,35.28829646110535,0.26643702387809753,0.16187405586242676,0.0036784231197088957
35.320086647,35.31829643249512,0.2723131477832794,0.1620044708251953,0.001281440956518054
35.353018433,35.3473117351532,0.2726139426231384,0.15879879891872406,0.00332334591075778
35.385747691,35.380311727523804,0.27220970392227173,0.15222327411174774,0.0061908140778541565
35.419880317,35.41931176185608,0.2724323570728302,0.15255199372768402,0.00507499510422349
35.451376249,35.449328660964966,0.27129507064819336,0.1429230272769928,0.005111653823405504
35.48475243,35.479328632354736,0.2682817280292511,0.13980770111083984,0.009982232004404068
35.51716781,35.50632858276367,0.2730638086795807,0.13738971948623657,0.006426547653973103
35.551663922,35.54534959793091,0.2647128105163574,0.1323678344488144,0.011360731907188892
35.584695405,35.58334970474243,0.26794686913490295,0.13152027130126953,0.009599594399333
35.617832826,35.61934971809387,0.2617402672767639,0.1192011907696724,0.006113790906965733
35.653828259,35.652369022369385,0.2570728063583374,0.11459089815616608,0.008334293961524963
35.686451923,35.68636918067932,0.255443811416626,0.10898412764072418,0.002895187586545944
35.719526594,35.71336913108826,0.2519088685512543,0.10876253992319107,-0.000449480110546574
35.753575666,35.75238656997681,0.24447841942310333,0.09970379620790482,-8.967143367044628e-05
35.785513156,35.78538656234741,0.24078020453453064,0.09566550701856613,0.0006931382231414318
35.81918591,35.81538653373718,0.2375323325395584,0.08883136510848999,0.0008213496766984463
35.852574649,35.84840750694275,0.23248687386512756,0.0828818529844284,0.0012531278189271688
35.884788057,35.88340735435486,0.22583232820034027,0.07331057637929916,0.004323021043092012
35.917541554,35.916407346725464,0.2213122844696045,0.06651550531387329,0.0035473795142024755
35.953754121,35.94642615318298,0.21709300577640533,0.06431212276220322,0.003083587624132633
35.986646522,35.97842621803284,0.21136543154716492,0.061072591692209244,0.0027176886796951294
36.019792724,36.00842618942261,0.20406322181224823,0.05542781576514244,0.0037792371585965157
36.054137174,36.04844379425049,0.20292432606220245,0.05968562886118889,0.0005780644714832306
36.08548279,36.08544373512268,0.1930312067270279,0.0550508052110672,0.003595106303691864
36.119242214,36.118443727493286,0.18927551805973053,0.05364067107439041,0.0038238144479691982
36.152780161,36.152464628219604,0.18220488727092743,0.06373828649520874,0.0011599669232964516
36.185064621,36.182464599609375,0.17215271294116974,0.06804505735635757,0.0021159793250262737
36.218097365,36.212464570999146,0.15844225883483887,0.07457195222377777,-0.0013764963950961828
36.25181499,36.24548363685608,0.14946791529655457,0.0809144452214241,-0.001683750539086759
36.286895657,36.278483867645264,0.13799849152565002,0.08642195165157318,-0.004117152187973261
36.320029122,36.308483839035034,0.12539042532444,0.09252096712589264,-0.0055052489042282104
36.353307634,36.352497816085815,0.11786564439535141,0.0962829515337944,-0.015201429836452007
36.386028934,36.38549780845642,0.10969073325395584,0.0978335291147232,-0.01945679634809494
36.419884663,36.41949772834778,0.09217485785484314,0.09567642211914062,-0.0150698721408844
36.454301508,36.44951558113098,0.08426494896411896,0.09392417222261429,-0.014792078174650669
36.485872313,36.48251557350159,0.07896029949188232,0.09237312525510788,-0.018138857558369637
36.519803638,36.51851558685303,0.06751108169555664,0.09520465135574341,-0.015463759191334248
36.551802258,36.5515296459198,0.06183948367834091,0.08924100548028946,-0.014769027940928936
36.584695331,36.58652949333191,0.058665771037340164,0.09281706064939499,-0.022091703489422798
36.618936787,36.61652946472168,0.053370922803878784,0.09422501921653748,-0.020502008497714996
36.651464903,36.64954853057861,0.04536726325750351,0.09288785606622696,-0.02086750976741314
36.68652492,36.685548543930054,0.03990621864795685,0.09160181879997253,-0.024477021768689156
36.72060044,36.71754860877991,0.03216712549328804,0.08863168954849243,-0.025594891980290413
36.753935006,36.748565435409546,0.027716824784874916,0.08928743749856949,-0.029386315494775772
36.786025719,36.7805655002594,0.023412855342030525,0.08787864446640015,-0.02997514046728611
36.819600964,36.81556534767151,0.010368293151259422,0.0812201052904129,-0.024138523265719414
36.854094314,36.8455867767334,0.012867363169789314,0.07722137123346329,-0.02476828172802925
36.884943925,36.884586572647095,0.007894258014857769,0.06787918508052826,-0.017807060852646828
36.918892064,36.914586544036865,0.015183394774794579,0.06992379575967789,-0.020277637988328934
36.951481419,36.94760489463806,0.01123284362256527,0.06621845811605453,-0.009886372834444046
36.986583317,36.97760486602783,0.007370861247181892,0.056785132735967636,-0.0022366526536643505
37.019943903,37.01960492134094,0.005056533496826887,0.060208406299352646,0.004018321167677641
37.053396472,37.05362248420715,0.006153689697384834,0.06070896238088608,0.006691919174045324
37.085657517,37.07962250709534,0.011494134552776814,0.06927324086427689,0.006472306326031685
37.119308583,37.10962247848511,0.005928099155426025,0.07772528380155563,0.01290126796811819
37.152232905,37.15164232254028,0.002995199989527464,0.08607394248247147,0.02120848372578621
37.185843612,37.187642097473145,-0.0011975785018876195,0.10455020517110825,0.02867508865892887
37.219347486,37.22064232826233,0.0025645741261541843,0.11997073888778687,0.02661837264895439
37.252275105,37.24866318702698,-0.002535933395847678,0.14070215821266174,0.03035038709640503
37.285188001,37.27866315841675,-0.005481733474880457,0.1546877920627594,0.03328711912035942
37.318422902,37.31166315078735,-0.004959838464856148,0.1789640635251999,0.030416380614042282
37.350987293,37.35067796707153,-0.009868688881397247,0.21174636483192444,0.03318075090646744
37.384785231,37.380677938461304,-0.00853403564542532,0.23114937543869019,0.03304009512066841
37.419933825,37.40867805480957,-0.003482608823105693,0.2588892877101898,0.027225414291024208
37.453154292,37.44769024848938,-0.006479640956968069,0.28567206859588623,0.02554246596992016
37.485688726,37.47769045829773,-0.006839372683316469,0.30904823541641235,0.01897546835243702
37.518945583,37.516690254211426,-0.009454651735723019,0.34186676144599915,0.012311634607613087
37.552488695,37.54070997238159,-0.009976574219763279,0.35911136865615845,0.011993990279734135
37.585138187,37.57971000671387,-0.0160145815461874,0.39563918113708496,0.009230569005012512
37.619632337,37.60970997810364,-0.0164041630923748,0.41839271783828735,0.005522537045180798
37.652411611,37.65072822570801,-0.01568150334060192,0.455344021320343,4.5454406063072383e-05
37.684361014,37.68072819709778,-0.022446703165769577,0.478127658367157,-0.003957704640924931
37.719788993,37.719728231430054,-0.033839039504528046,0.5089272260665894,-0.001528633409179747
37.752703406,37.74374723434448,-0.03651080280542374,0.5265136957168579,-0.0069761741906404495
37.785780694,37.78274726867676,-0.03623618558049202,0.5586673617362976,-0.01105059776455164
37.818592017,37.81274724006653,-0.043785449117422104,0.5819462537765503,-0.010949193499982357
37.852551146,37.85177206993103,-0.04846930876374245,0.611918032169342,-0.01401271391659975
37.884876758,37.87577199935913,-0.05632771551609039,0.6299003958702087,-0.014176866970956326
37.919273751,37.914772033691406,-0.05756647139787674,0.6553574204444885,-0.0191839300096035
37.952306167,37.94479250907898,-0.06132310628890991,0.6780567169189453,-0.021708132699131966
37.985029893,37.98679256439209,-0.0673256367444992,0.7047402262687683,-0.02412443794310093
38.018136785,38.01579236984253,-0.07040669023990631,0.7331069707870483,-0.025996649637818336
38.051435229,38.04881000518799,-0.06837509572505951,0.7575076222419739,-0.030593452975153923
38.087001823,38.0838098526001,-0.07206212729215622,0.7809844613075256,-0.031780142337083817
38.120224959,38.11380982398987,-0.0738476887345314,0.7957007884979248,-0.030388159677386284
38.15417375,38.14682745933533,-0.07799071073532104,0.8171446323394775,-0.029917286708950996
38.186220532,38.174827575683594,-0.07733015716075897,0.8323595523834229,-0.03455592319369316
38.220762508,38.21382761001587,-0.07714128494262695,0.8548941612243652,-0.03487784415483475
38.255448221,38.25184226036072,-0.08068439364433289,0.8757206201553345,-0.03716875985264778
38.285070988,38.27684211730957,-0.07952045649290085,0.8881177306175232,-0.04074639827013016
38.318366839,38.30684208869934,-0.08605273813009262,0.9044919610023499,-0.038636691868305206
38.351771029,38.3488609790802,-0.08309227973222733,0.9263024926185608,-0.04212015122175217
38.388194307,38.38486099243164,-0.08557306975126266,0.9439448118209839,-0.037363696843385696
38.420222462,38.417860984802246,-0.08211515843868256,0.9550966024398804,-0.03255937620997429
38.45511957,38.45387816429138,-0.08418702334165573,0.9722213745117188,-0.02308856137096882
38.486230037,38.48687815666199,-0.08212500065565109,0.9800717234611511,-0.017121057957410812
38.519437106,38.51687812805176,-0.0827828198671341,0.9914330244064331,-0.011656679213047028
38.552640751,38.54987835884094,-0.07670392841100693,1.003016471862793,-0.010190180502831936
38.585288336,38.585878133773804,-0.07400905340909958,1.0125458240509033,-0.0059641641564667225
38.61886561,38.61887836456299,-0.07480824738740921,1.0187994241714478,-8.305057417601347e-05
38.653145303,38.64889883995056,-0.07146624475717545,1.0293680429458618,-0.0004041107895318419
38.685245752,38.67889881134033,-0.06928468495607376,1.0367528200149536,0.00021766519057564437
38.71794475,38.71189880371094,-0.063103087246418,1.0425221920013428,0.0028070879634469748
38.750982107,38.750911474227905,-0.05698440223932266,1.0462440252304077,0.0077524990774691105
38.787197938,38.780911445617676,-0.05051898956298828,1.0534343719482422,0.009125594049692154
38.820636706,38.81991147994995,-0.050195951014757156,1.0565872192382812,0.01593744195997715
38.853687793,38.84392428398132,-0.04473458603024483,1.0629284381866455,0.012426315806806087
38.886290776,38.8829243183136,-0.045204419642686844,1.0656843185424805,0.01626010425388813
38.919825015,38.91292428970337,-0.04615147039294243,1.0663690567016602,0.017101557925343513
38.952624669,38.948941469192505,-0.0429961122572422,1.07371187210083,0.014519305899739265
38.985373243,38.98294138908386,-0.0460938923060894,1.075769305229187,0.016950679942965508
39.019019468,39.01294136047363,-0.048713404685258865,1.0814279317855835,0.018010513857007027
39.055609441,39.051958084106445,-0.045190367847681046,1.0887572765350342,0.01471744291484356
39.08695276,39.080958127975464,-0.05039915069937706,1.089570164680481,0.017806487157940865
39.120191079,39.11995816230774,-0.0478937141597271,1.096893072128296,0.01419020351022482
39.153523397,39.14997577667236,-0.05326908081769943,1.0998420715332031,0.015994014218449593
39.186094021,39.179975748062134,-0.05672319605946541,1.10353422164917,0.019176024943590164
39.219883566,39.21297574043274,-0.056528352200984955,1.1114660501480103,0.017579210922122
39.252843663,39.2519965171814,-0.0520188994705677,1.116956353187561,0.016209764406085014
39.286309603,39.280996561050415,-0.05541602894663811,1.1210155487060547,0.019786160439252853
39.319159185,39.310996532440186,-0.04946286231279373,1.1301501989364624,0.0135682737454772
39.352451273,39.35301494598389,-0.052310239523649216,1.135877013206482,0.013718802481889725
39.385474708,39.37901496887207,-0.0422823540866375,1.1424705982208252,0.009101815521717072
39.418204335,39.40901494026184,-0.04625437781214714,1.1493499279022217,0.0093599958345294
39.452571671,39.45103335380554,-0.04499424248933792,1.1554001569747925,0.008956852369010448
39.487073364,39.476033449172974,-0.03419937565922737,1.1646225452423096,0.0025176925119012594
39.520764557,39.52003335952759,-0.029674917459487915,1.169545292854309,-8.868323493516073e-05
39.553827167,39.54505515098572,-0.031601682305336,1.172586441040039,0.003145531751215458
39.586452168,39.57505512237549,-0.024311136454343796,1.1818547248840332,0.0006680118385702372
39.6197954,39.6190550327301,-0.017948796972632408,1.1907943487167358,-0.002976546995341778
39.654178802,39.65207266807556,-0.014714865013957024,1.1911572217941284,-0.0014344543451443315
39.685179273,39.68007254600525,-0.01574515923857689,1.199411153793335,0.0013500491622835398
39.717974684,39.71507263183594,-0.0035490598529577255,1.204040288925171,-0.005577536765486002
39.751682723,39.75109148025513,-0.003544057020917535,1.2131627798080444,-0.004990385379642248
39.785732899,39.78409147262573,0.0010694072116166353,1.2205634117126465,-0.007594000548124313
39.818412066,39.8140914440155,-0.000839854939840734,1.2224665880203247,-0.006975870579481125
39.85218226,39.85311007499695,0.0032913710456341505,1.2284358739852905,-0.006279295776039362
39.887680352,39.881110191345215,0.014768037013709545,1.2325528860092163,-0.012571027502417564
39.919990787,39.91411018371582,0.013346214778721333,1.239408016204834,-0.01152871735394001
39.953511308,39.94412350654602,0.018476087599992752,1.237445592880249,-0.01222131960093975
39.986821971,39.988123416900635,0.019775867462158203,1.2372876405715942,-0.008764603175222874
40.019600418,40.02012348175049,0.0296478271484375,1.2361855506896973,-0.012522910721600056
40.053540208,40.049139976501465,0.0279551949352026,1.2295054197311401,-0.011429276317358017
40.085477814,40.085139989852905,0.03613256290555,1.2248109579086304,-0.012552360072731972
40.120208197,40.11813998222351,0.039645638316869736,1.2112433910369873,-0.015901364386081696
40.150887581,40.143157958984375,0.04107962176203728,1.2038583755493164,-0.011748972348868847
40.187466554,40.18715810775757,0.04640673100948334,1.1835687160491943,-0.01277346070855856
40.220484401,40.221158027648926,0.04683024063706398,1.1587740182876587,-0.012941155582666397
40.254040799,40.25117516517639,0.046602845191955566,1.1428935527801514,-0.010516018606722355
40.287017711,40.284175157547,0.04882245510816574,1.119956374168396,-0.00938233733177185
40.319184091,40.32017517089844,0.052008118480443954,1.0885306596755981,-0.009496274404227734
40.352650299,40.35319495201111,0.04971582069993019,1.0640182495117188,-0.006359724793583155
40.385771843,40.38319492340088,0.05204128101468086,1.0368807315826416,-0.006524801254272461
40.424078842,40.416194915771484,0.0520920492708683,1.0164684057235718,-0.006947434041649103
40.452483807,40.451213359832764,0.05665450543165207,0.9800814390182495,-0.009955605491995811
40.487200395,40.481213331222534,0.05076195299625397,0.9568939208984375,-0.005129190161824226
40.52028078,40.52021336555481,0.054522547870874405,0.9239566326141357,-0.009050148539245129
40.55519929,40.55023431777954,0.05868733674287796,0.896936297416687,-0.012048302218317986
40.586381508,40.58323431015015,0.05943182855844498,0.8719969987869263,-0.00991277676075697
40.621194817,40.612234354019165,0.06388165801763535,0.8430662155151367,-0.01272007916122675
40.653288192,40.65425372123718,0.05665087327361107,0.8023983240127563,-0.0063827671110630035
40.685906829,40.68425369262695,0.058096520602703094,0.7785847187042236,-0.005973943509161472
40.719389948,40.71725368499756,0.06037032604217529,0.7488192319869995,-0.007830238901078701
40.755560705,40.750269651412964,0.06355661153793335,0.7264724373817444,-0.008991598151624203
40.785563737,40.787269592285156,0.06023130193352699,0.6921576857566833,-0.007110892329365015
40.818724244,40.81926965713501,0.05504968389868736,0.6592036485671997,-0.007783864159137011
40.851961979,40.84928369522095,0.05636462941765785,0.6375582218170166,-0.008592143654823303
40.887577381,40.88828372955322,0.052381791174411774,0.6051092147827148,-0.008340060710906982
40.921188041,40.91828370094299,0.04666661098599434,0.5799758434295654,-0.007699146401137114
40.953735904,40.94728374481201,0.051713891327381134,0.5618458390235901,-0.01491724606603384
40.986111802,40.98628377914429,0.047509778290987015,0.5326334238052368,-0.011315274983644485
41.021854042,41.01628375053406,0.044617824256420135,0.5144161581993103,-0.007672011386603117
41.052589609,41.046298027038574,0.048196546733379364,0.49022138118743896,-0.0065785059705376625
41.085170501,41.07929801940918,0.0430600680410862,0.4679649770259857,-0.0025376267731189728
41.118261716,41.118298053741455,0.04149460420012474,0.4422740042209625,0.002386608626693487
41.15207977,41.14831614494324,0.047149159014225006,0.4202033579349518,0.00011549287592060864
41.187119591,41.176316261291504,0.048538222908973694,0.4090377986431122,0.0011203886242583394
41.22071252,41.21531629562378,0.046745460480451584,0.38882431387901306,0.0036050663329660892
41.254433086,41.24533295631409,0.045649852603673935,0.371868759393692,0.0029445700347423553
41.286432475,41.27533292770386,0.046353623270988464,0.3594730496406555,0.0024563679471611977
41.320610587,41.31733298301697,0.043078914284706116,0.3391118347644806,0.0030720289796590805
41.352912266,41.34735369682312,0.04358736425638199,0.31826332211494446,0.004169249441474676
41.38626922,41.37735366821289,0.03937579318881035,0.3073021471500397,0.004795901011675596
41.424729534,41.416353702545166,0.03636609762907028,0.2844558656215668,0.0033645688090473413
41.452881481,41.453370809555054,0.04043658450245857,0.269071102142334,-0.0013232585042715073
41.485597051,41.483370780944824,0.033255405724048615,0.25095319747924805,-0.00024223285436164588
41.519375034,41.51637077331543,0.0380258746445179,0.2403339147567749,-0.000934900133870542
41.552401215,41.54739594459534,0.038271401077508926,0.22712485492229462,-0.002870171330869198
41.587147196,41.588395833969116,0.02978728711605072,0.20929750800132751,-0.0005475983489304781
41.620676306,41.62139582633972,0.02987579256296158,0.20303994417190552,-0.002315042307600379
41.653799879,41.650410413742065,0.027612032368779182,0.18868906795978546,-0.0025752296205610037
41.68676188,41.686410427093506,0.031534478068351746,0.1751812994480133,-0.005319253075867891
41.720219823,41.71941041946411,0.021793678402900696,0.16455604135990143,-0.0003525407228153199
41.752769939,41.74942636489868,0.025462644174695015,0.15630927681922913,-0.001085316645912826
41.785682674,41.78242635726929,0.025853270664811134,0.14657960832118988,0.00040043931221589446
41.820264736,41.81842637062073,0.024632377550005913,0.13784396648406982,-0.000614781049080193
41.853454188,41.85144281387329,0.022717373445630074,0.12695859372615814,0.0012082272442057729
41.88587097,41.88144278526306,0.02021162584424019,0.12459474802017212,-0.00021478670532815158
41.918714125,41.92044281959534,0.017357446253299713,0.11347078531980515,0.000173099702806212
41.952058962,41.949461221694946,0.01928476057946682,0.1088256761431694,0.0005842088721692562
41.987586554,41.98246121406555,0.022199401631951332,0.10341048240661621,-0.003891951637342572
42.0220485,42.01246118545532,0.014068975113332272,0.09569816291332245,0.0008793920860625803
42.053836156,42.05147576332092,0.011682427488267422,0.08747591078281403,0.0029310991521924734
42.086599587,42.08147573471069,0.008528079837560654,0.08875802904367447,0.002240842441096902
42.119242998,42.1144757270813,0.00262556248344481,0.07932242751121521,0.0032982577104121447
42.152781275,42.1444947719574,-0.0026167549658566713,0.07704217731952667,0.0044087693095207214
42.185876247,42.18349480628967,-0.008106585592031479,0.07324438542127609,0.0025860443711280823
42.219038174,42.21349477767944,-0.0066478974185884,0.06658725440502167,-0.003285708138719201
42.252691926,42.24651288986206,-0.01161266304552555,0.06254512816667557,-0.004763868171721697
42.287975061,42.27651286125183,-0.009323952719569206,0.06070775166153908,-0.008411896415054798
42.321990375,42.31851291656494,-0.012991521507501602,0.05462111532688141,-0.009143304079771042
42.355217945,42.344512939453125,-0.018068131059408188,0.05192405730485916,-0.007181751541793346
42.388497395,42.38751292228699,-0.022476807236671448,0.04893412068486214,-0.009707975201308727
42.422178319,42.42051291465759,-0.021983226761221886,0.04770422726869583,-0.06495487689971924
42.454284811,42.45052766799927,-0.021030787378549576,0.04177253320813179,-0.14299939572811127
42.486449904,42.48352766036987,-0.02117805741727352,0.04621123895049095,-0.2364770770072937
42.519831259,42.51852774620056,-0.018435124307870865,0.045077405869960785,-0.36616724729537964
42.553484979,42.54854440689087,-0.021147454157471657,0.045873090624809265,-0.46008989214897156
42.585567531,42.587544441223145,-0.01886298693716526,0.046444401144981384,-0.5731792449951172
42.61885079,42.616544246673584,-0.01606856659054756,0.05278720706701279,-0.6494460701942444
42.653334147,42.64956092834473,-0.015249648131430149,0.05143872648477554,-0.7147188782691956
42.687776689,42.68056106567383,-0.01526959054172039,0.05587752163410187,-0.7634827494621277
42.720813521,42.72156095504761,-0.01351160742342472,0.05129673331975937,-0.8087062835693359
42.753569027,42.755577087402344,-0.013551131822168827,0.0516696497797966,-0.8323575854301453
42.786848682,42.780577182769775,-0.012844971381127834,0.04738905653357506,-0.8451918363571167
42.820174424,42.81757712364197,-0.012467493303120136,0.04340382665395737,-0.8537808656692505
42.85338626,42.85059118270874,-0.00999437551945448,0.037119895219802856,-0.8549535870552063
42.886228501,42.88059115409851,-0.008264157921075821,0.03623124584555626,-0.8505696058273315
42.919073141,42.919591188430786,-0.009903267957270145,0.031225109472870827,-0.839903712272644
42.951948891,42.9526093006134,-0.006277162116020918,0.03008861280977726,-0.8290407061576843
42.985952055,42.98560929298401,-0.01408367045223713,0.023421823978424072,-0.8115951418876648
43.023840871,43.01560926437378,-0.007854935713112354,0.02148859016597271,-0.7962373495101929
43.054308968,43.054624795913696,-0.010284807533025742,0.0183764286339283,-0.7687764167785645
43.086509056,43.083624839782715,-0.016504254192113876,0.014558009803295135,-0.7459157705307007
43.121240082,43.113624811172485,-0.011298470199108124,0.012139185331761837,-0.7269895076751709
43.153175199,43.15264320373535,-0.010577415116131306,0.009025326929986477,-0.6980488300323486
43.185691819,43.18264317512512,-0.011418716982007027,0.0022845969069749117,-0.678148090839386
43.218546285,43.21564316749573,-0.01572704315185547,-0.00010917993495240808,-0.6533754467964172
43.252388975,43.245660066604614,-0.013042135164141655,-0.0027196311857551336,-0.6334612965583801
43.287904512,43.28466010093689,-0.021488023921847343,-0.0074716415256261826,-0.6034112572669983
43.322196426,43.31265997886658,-0.02325098030269146,-0.012861811555922031,-0.5838211178779602
43.354244586,43.35667705535889,-0.025854500010609627,-0.014816397801041603,-0.5534869432449341
43.387775034,43.38867688179016,-0.0321936309337616,-0.015166477300226688,-0.5289073586463928
43.419873922,43.41867685317993,-0.03278906270861626,-0.016950707882642746,-0.50875324010849
43.456263392,43.45169639587402,-0.03593407943844795,-0.02256638929247856,-0.4858854413032532
43.485864596,43.48669648170471,-0.03629305958747864,-0.025024354457855225,-0.4604971706867218
43.521951937,43.51669645309448,-0.0443425215780735,-0.02534225955605507,-0.4388956129550934
43.552864073,43.54971194267273,-0.043789561837911606,-0.025880401954054832,-0.4219984710216522
43.587620255,43.58571195602417,-0.05101781338453293,-0.02833627536892891,-0.3947168290615082
43.621375955,43.618711948394775,-0.04718618839979172,-0.02770882472395897,-0.3784636855125427
43.654308129,43.652724266052246,-0.04782389849424362,-0.03024805523455143,-0.3596533238887787
43.686973116,43.68272423744202,-0.054092247039079666,-0.030139870941638947,-0.34161391854286194
43.720634349,43.71572422981262,-0.0534878633916378,-0.02745085582137108,-0.32271796464920044
43.753761288,43.748743772506714,-0.05456751585006714,-0.029006365686655045,-0.305441677570343
43.785901252,43.778743743896484,-0.05584006756544113,-0.02526584267616272,-0.2926056385040283
43.819732528,43.820743799209595,-0.04838786646723747,-0.024149777367711067,-0.27776870131492615
43.852794817,43.84576201438904,-0.05072225630283356,-0.027479318901896477,-0.26325735449790955
43.888515934,43.88976192474365,-0.047864656895399094,-0.026444489136338234,-0.24767105281352997
43.920800465,43.914762020111084,-0.04859006032347679,-0.022968681529164314,-0.23419645428657532
43.956407164,43.95277738571167,-0.04472116380929947,-0.024967437610030174,-0.2214486002922058
43.986964281,43.98877739906311,-0.03701648488640785,-0.02419375814497471,-0.21131165325641632
44.019932954,44.021777391433716,-0.038603488355875015,-0.022229447960853577,-0.20090220868587494
44.053676281,44.04979419708252,-0.039936959743499756,-0.02521594986319542,-0.18996690213680267
44.085629975,44.08579421043396,-0.0384775772690773,-0.02447156421840191,-0.17748188972473145
44.119151569,44.118794202804565,-0.032770220190286636,-0.024695727974176407,-0.1743263304233551
44.152320403,44.14481163024902,-0.038291241973638535,-0.02081787772476673,-0.1624918133020401
44.188139168,44.18881154060364,-0.032936014235019684,-0.019484952092170715,-0.1546637862920761
44.220804464,44.217811584472656,-0.03444335609674454,-0.018877079710364342,-0.1485217958688736
44.253774322,44.25082755088806,-0.026638315990567207,-0.017258035019040108,-0.14321686327457428
44.287238532,44.27982759475708,-0.02570992149412632,-0.0155507642775774,-0.13420309126377106
44.319895923,44.32182741165161,-0.026059811934828758,-0.01663096621632576,-0.12499091029167175
44.357849368,44.346845388412476,-0.01876039430499077,-0.016520094126462936,-0.12182410806417465
44.387237976,44.376845359802246,-0.019866377115249634,-0.015129582025110722,-0.11303386837244034
44.418949615,44.418845415115356,-0.018067488446831703,-0.01813303492963314,-0.11120064556598663
44.453572763,44.444862365722656,-0.015402182005345821,-0.01477070339024067,-0.10855799913406372
44.488414763,44.48786234855652,-0.014896770939230919,-0.013924960978329182,-0.10856103897094727
44.521599119,44.51286220550537,-0.010842233896255493,-0.011766353622078896,-0.10796615481376648
44.554316808,44.55088567733765,-0.01056764181703329,-0.009852207265794277,-0.10714670270681381
44.587407869,44.58688569068909,-0.015777070075273514,-0.010718083940446377,-0.10229180008172989
44.620764125,44.61988568305969,-0.011362425982952118,-0.007150162942707539,-0.1032017171382904
44.65355165,44.6489040851593,-0.013450047001242638,-0.010508453473448753,-0.09905199706554413
44.685763649,44.686903953552246,-0.009483445435762405,-0.008641318418085575,-0.09601636976003647
44.718704138,44.710904121398926,-0.004780135117471218,-0.00928704533725977,-0.09698959439992905
44.753081403,44.74992227554321,-0.009626402519643307,-0.012038172222673893,-0.09292532503604889
44.788338137,44.77992224693298,-0.003104468807578087,-0.011498297564685345,-0.0904955342411995
44.82098642,44.821922302246094,-0.006225676275789738,-0.009108559228479862,-0.08582837134599686
44.855244081,44.85093903541565,0.0008753176662139595,-0.010469749569892883,-0.0827961191534996
44.887195676,44.878939151763916,0.0028765664901584387,-0.0068587264977395535,-0.08097422122955322
44.919904257,44.919939041137695,0.0032183704897761345,-0.00790094118565321,-0.07634206861257553
44.953443083,44.949957847595215,0.004199101123958826,-0.009526173584163189,-0.07317806780338287
44.986082884,44.98295783996582,0.005964360199868679,-0.010197659023106098,-0.07292266190052032
45.019224655,45.015957832336426,0.011239363811910152,-0.008126283995807171,-0.07129117101430893
45.052341749,45.05197191238403,0.007432648912072182,-0.014704245142638683,-0.0690038874745369
45.087884385,45.081971883773804,0.010275290347635746,-0.015637364238500595,-0.06661494821310043
45.118948829,45.11397194862366,0.010907270945608616,-0.018965944647789,-0.06224728375673294
45.154000826,45.15298938751221,0.0143239451572299,-0.027703506872057915,-0.06171991676092148
45.188388588,45.18298935890198,0.016627108678221703,-0.028896473348140717,-0.05872157961130142
45.221378782,45.211989402770996,0.017987975850701332,-0.03178371861577034,-0.056096091866493225
45.255506087,45.25500178337097,0.018366992473602295,-0.04088148847222328,-0.05141264572739601
45.287550945,45.28800177574158,0.021787462756037712,-0.04127015918493271,-0.047782525420188904
45.320485738,45.31800174713135,0.018539778888225555,-0.04191726818680763,-0.0449158251285553
45.355940455,45.35102105140686,0.014888308942317963,-0.04680266231298447,-0.04441484436392784
45.387421991,45.38602113723755,0.017765790224075317,-0.04835987091064453,-0.047505442053079605
45.419931468,45.419021129608154,0.018790628761053085,-0.04800170287489891,-0.04649937525391579
45.452537696,45.44903635978699,0.014098829589784145,-0.04628982022404671,-0.04264647513628006
45.488265545,45.48203635215759,0.012751458212733269,-0.049250390380620956,-0.043292198330163956
45.522040697,45.51203632354736,0.01578586734831333,-0.05050365999341011,-0.039606351405382156
45.55223649,45.55404806137085,0.014725598506629467,-0.049370814114809036,-0.038253214210271835
45.588287688,45.57904815673828,0.012638897635042667,-0.046965863555669785,-0.03731694445014
45.622487036,45.623048067092896,0.015516581013798714,-0.04537099599838257,-0.03617266193032265
45.65443351,45.6560640335083,0.013692181557416916,-0.04576893150806427,-0.036456767469644547
45.687890395,45.68606400489807,0.01397629827260971,-0.04882389307022095,-0.037862394005060196
45.720547365,45.71906399726868,0.021044809371232986,-0.04930301383137703,-0.040074076503515244
45.753769545,45.753082513809204,0.015353060327470303,-0.04435776546597481,-0.03904511407017708
45.786177674,45.783082485198975,0.017615655437111855,-0.04701065272092819,-0.04111026972532272
45.818976011,45.81608247756958,0.021341776475310326,-0.04683680459856987,-0.04160085693001747
45.852746406,45.85209941864014,0.02282177098095417,-0.04627522453665733,-0.04060078784823418
45.889340006,45.881099462509155,0.02163158915936947,-0.04312703013420105,-0.03910049796104431
45.921785613,45.9190993309021,0.026539577171206474,-0.04078790172934532,-0.04123232886195183
45.954746023,45.94909930229187,0.025540193542838097,-0.04292958229780197,-0.043351154774427414
45.987212402,45.9890992641449,0.025870073586702347,-0.03973359987139702,-0.042947497218847275
46.02054708,46.012099266052246,0.03215885907411575,-0.03662911057472229,-0.04485313594341278
46.053954922,46.051114559173584,0.03355911746621132,-0.038197703659534454,-0.04570524021983147
46.085991376,46.082114458084106,0.0307778213173151,-0.03713860362768173,-0.0460054911673069
46.118899842,46.11411452293396,0.03499539941549301,-0.0417412705719471,-0.047036007046699524
46.152773774,46.144132137298584,0.03321360796689987,-0.042139556258916855,-0.04368726536631584
46.188688321,46.18313217163086,0.035209037363529205,-0.045761674642562866,-0.04244725778698921
46.223709829,46.21313214302063,0.041856300085783005,-0.051059842109680176,-0.04413062334060669
46.256852636,46.255149602890015,0.04112144559621811,-0.051023028790950775,-0.040503669530153275
46.288377872,46.2811496257782,0.04915029555559158,-0.04953783005475998,-0.039594899863004684
46.320644315,46.31114959716797,0.04776410013437271,-0.0503983348608017,-0.03430657461285591
46.354690851,46.35316443443298,0.051365695893764496,-0.048428405076265335,-0.03263051435351372
46.38785923,46.378164291381836,0.05071622133255005,-0.052099864929914474,-0.030232256278395653
46.421915016,46.4211642742157,0.04928293824195862,-0.05230771005153656,-0.02737988717854023
46.453457503,46.44718265533447,0.05343315750360489,-0.050384797155857086,-0.027190107852220535
46.48704883,46.484182596206665,0.04985272139310837,-0.056975796818733215,-0.023045741021633148
46.519048734,46.520182609558105,0.05144541710615158,-0.0574353002011776,-0.020862650126218796
46.552584628,46.55319619178772,0.05784941464662552,-0.05433426424860954,-0.021372610703110695
46.588571091,46.58219623565674,0.05451705679297447,-0.04986788332462311,-0.018340611830353737
46.62109031,46.621196031570435,0.058606091886758804,-0.04596538841724396,-0.019875505939126015
46.654522251,46.645211935043335,0.05670860782265663,-0.04797546565532684,-0.01791498064994812
46.688350793,46.68421196937561,0.05878373980522156,-0.04643632844090462,-0.02009078860282898
46.720406752,46.71421194076538,0.05647113919258118,-0.04377031698822975,-0.020044391974806786
46.7544035,46.74222683906555,0.05611270293593407,-0.04269089549779892,-0.019455518573522568
46.787202297,46.77722692489624,0.05596761405467987,-0.03933124244213104,-0.017002250999212265
46.819487573,46.816226959228516,0.05934200808405876,-0.0378812775015831,-0.01493376586586237
46.853099044,46.8462450504303,0.06104977801442146,-0.041257210075855255,-0.014620021916925907
46.888148696,46.88824510574341,0.05560433119535446,-0.043991927057504654,-0.00788604561239481
46.921629714,46.91324496269226,0.06479841470718384,-0.04237087070941925,-0.007545911241322756
46.954648802,46.94326114654541,0.060838427394628525,-0.045561861246824265,-0.0023925327695906162
46.988091958,46.98626112937927,0.06166088581085205,-0.04034825786948204,-0.002912478754296899
47.020473345,47.01426124572754,0.06306173652410507,-0.04178277403116226,-0.00639630202203989
47.05507467,47.05327582359314,0.06543225795030594,-0.03536723181605339,-0.027315476909279823
47.086545287,47.08327579498291,0.06089816242456436,-0.03115799091756344,-0.044630128890275955
47.119423265,47.1112756729126,0.06166408956050873,-0.030393436551094055,-0.0655495747923851
47.156951009,47.15029454231262,0.05640453100204468,-0.028176482766866684,-0.10083165764808655
47.186560305,47.18029451370239,0.05580507591366768,-0.023275459185242653,-0.13736079633235931
47.2233085,47.21929454803467,0.04735690355300903,-0.016309313476085663,-0.18566207587718964
47.253029431,47.24331188201904,0.0468536801636219,-0.018297553062438965,-0.2171771377325058
47.288317585,47.28231191635132,0.04156067967414856,-0.008724788203835487,-0.2727475166320801
47.321708061,47.31231188774109,0.03910721093416214,-0.008705295622348785,-0.3176468312740326
47.355625789,47.34532713890076,0.037136442959308624,-0.009327349252998829,-0.36664432287216187
47.389227914,47.38732719421387,0.03600970655679703,-0.007167557720094919,-0.4189934730529785
47.420724616,47.41732716560364,0.03141527250409126,-0.004427696578204632,-0.4487682282924652
47.453691888,47.45034599304199,0.03312838822603226,-0.007823877036571503,-0.4734850227832794
47.486701663,47.48434591293335,0.028346285223960876,-0.0005846567219123244,-0.4926144480705261
47.519479849,47.51434588432312,0.02076124958693981,0.001154947793111205,-0.5034361481666565
47.552748545,47.54736304283142,0.021792499348521233,-0.002035498386248946,-0.5130593180656433
47.588457886,47.58936309814453,0.00978810340166092,0.0016838239971548319,-0.49190786480903625
47.621676335,47.615363121032715,-0.0010507226688787341,0.0007357346476055682,-0.479558527469635
47.654987214,47.65236306190491,-0.011052645742893219,-0.0011489648604765534,-0.46103203296661377
47.687347502,47.68836307525635,-0.02952524647116661,-0.0023177501279860735,-0.4419800341129303
47.72070909,47.72136306762695,-0.0386301726102829,-0.012827660888433456,-0.42697155475616455
47.757442734,47.755378007888794,-0.027604686096310616,-0.023495454341173172,-0.3850939869880676
47.791280205,47.786377906799316,0.02734818495810032,-0.006524324882775545,0.05111042782664299
47.820774907,47.81937789916992,0.033568643033504486,-0.02401641383767128,0.18068449199199677
47.853262564,47.84439468383789,0.029050426557660103,-0.014228490181267262,0.1841004341840744
47.888725286,47.888394832611084,0.021595967933535576,-0.015099468640983105,0.11372211575508118
47.921685274,47.9173948764801,0.010787373408675194,-0.020118828862905502,0.05059974268078804
47.9545086,47.95040941238403,0.0011473734630271792,-0.0234571173787117,-0.020180806517601013
47.987977725,47.98540949821472,-0.013207281939685345,-0.0254508163779974,-0.11527805775403976
48.020428192,48.01540946960449,-0.0232815220952034,-0.025678489357233047,-0.18011868000030518
48.054260095,48.05442571640015,-0.020224660634994507,-0.028113873675465584,-0.1811964362859726
48.086616083,48.08442568778992,-0.011951563879847527,-0.036457713693380356,-0.0958176851272583
48.12018628,48.11742568016052,-0.00958099402487278,-0.030113359913229942,0.050448235124349594
48.152878226,48.14744281768799,-0.009988036938011646,-0.02040412463247776,0.031244201585650444
48.188537267,48.1894428730011,0.0026477689389139414,-0.021912163123488426,-0.06155641749501228
48.222555023,48.222442865371704,0.012200504541397095,-0.02737102471292019,-0.045641735196113586
48.254686431,48.2474582195282,0.016780786216259003,0.00044211591011844575,0.016428474336862564
48.287518239,48.28545832633972,0.025676578283309937,0.009172147139906883,-0.019920898601412773
48.3210885,48.32145833969116,0.0322321280837059,0.020259365439414978,-0.003809883026406169
48.353680558,48.35447311401367,0.026862172409892082,0.03098289482295513,-0.016047809273004532
48.386834401,48.386473178863525,0.02548547089099884,0.03477499634027481,-0.00600859709084034
48.423256059,48.41747307777405,0.022815465927124023,0.026959741488099098,-0.015877768397331238
48.452612083,48.44948983192444,0.020407436415553093,0.02767893485724926,-0.006500742863863707
48.488991462,48.47948980331421,0.028991689905524254,0.023362264037132263,-0.0124285276979208
48.522369276,48.52148985862732,0.02864029072225094,0.02534567378461361,-0.007867269217967987
48.554854949,48.54750466346741,0.024217145517468452,0.025969162583351135,-0.011582473292946815
48.589289956,48.59150457382202,0.01876247674226761,0.02671220898628235,-0.00777009641751647
48.621887838,48.61650466918945,0.020287131890654564,0.028107214719057083,-0.012303986586630344
48.655973541,48.6465208530426,0.02257794886827469,0.028395112603902817,-0.006918760947883129
48.687904495,48.689520835876465,0.025401748716831207,0.024913901463150978,-0.011024345643818378
48.721440619,48.72252082824707,0.02026408165693283,0.02906833030283451,-0.008496317081153393
48.754065335,48.74853515625,0.020204316824674606,0.03210632875561714,-0.009740070439875126
48.786328586,48.77853512763977,0.022877441719174385,0.03178198263049126,-0.007115903776139021
48.819704078,48.82153511047363,0.02441134862601757,0.03102125972509384,-0.008266511373221874
48.853450027,48.854552268981934,0.025354141369462013,0.028039105236530304,-0.011157450266182423
48.888866353,48.88955211639404,0.021850353106856346,0.032357946038246155,-0.006445235572755337
48.922676889,48.91955232620239,0.023246778175234795,0.028622711077332497,-0.011123831383883953
48.956598163,48.952566385269165,0.02269420400261879,0.030047371983528137,-0.00906372256577015
48.988036931,48.987566232681274,0.025208935141563416,0.031352970749139786,-0.008243334479629993
49.021069904,49.02056622505188,0.021929703652858734,0.03456125780940056,-0.007928410544991493
49.054301885,49.050581216812134,0.02211681194603443,0.03471337631344795,-0.008887643925845623
49.087164879,49.08358120918274,0.022779153659939766,0.031777285039424896,-0.006344136316329241
49.12122499,49.11958122253418,0.02085500955581665,0.03645065426826477,-0.0070740655064582825
49.155337462,49.15259838104248,0.023847363889217377,0.03233293071389198,-0.009994815103709698
49.188627051,49.183598279953,0.021434633061289787,0.03654099628329277,-0.006850711070001125
49.221894365,49.221598386764526,0.017982877790927887,0.03512420877814293,-0.010182077065110207
49.254510408,49.25061321258545,0.020881637930870056,0.03546585142612457,-0.006168336607515812
49.287680555,49.289613246917725,0.024722762405872345,0.035927750170230865,-0.009414441883563995
49.321176545,49.319613218307495,0.024079151451587677,0.03302295133471489,-0.008664384484291077
49.355840976,49.34962725639343,0.022474175319075584,0.03156992420554161,-0.009445009753108025
49.386460703,49.38262724876404,0.02083824947476387,0.032993726432323456,-0.008800188079476357
49.419529458,49.42162728309631,0.022541897371411324,0.03378693759441376,-0.00876583531498909
49.454002946,49.45164370536804,0.02464357390999794,0.03381791710853577,-0.008332701399922371
49.488425419,49.482643604278564,0.023989157751202583,0.032420605421066284,-0.008560651913285255
49.521529892,49.51964354515076,0.022161364555358887,0.03229531645774841,-0.009199514053761959
49.554628731,49.55665850639343,0.021960020065307617,0.03253622353076935,-0.008343823254108429
49.588680969,49.588658571243286,0.02597597800195217,0.03169536218047142,-0.009095622226595879
49.620983778,49.617658376693726,0.02587619237601757,0.030803557485342026,-0.008014844730496407
49.653720864,49.65367412567139,0.024840926751494408,0.03234567120671272,-0.009319372475147247
49.686920449,49.68667411804199,0.023735415190458298,0.03043592907488346,-0.007400043774396181
49.719696306,49.711673974990845,0.023854931816458702,0.03025653213262558,-0.00901546236127615
49.752834749,49.74968647956848,0.026759741827845573,0.029157673940062523,-0.008197669871151447
49.790372734,49.78568625450134,0.027371924370527267,0.02739967405796051,-0.00815719272941351
49.825456763,49.81868648529053,0.026068054139614105,0.029047202318906784,-0.009696001186966896
49.855448982,49.85269594192505,0.02524527534842491,0.027990024536848068,-0.007974005304276943
49.887664079,49.885695934295654,0.027074260637164116,0.027979059144854546,-0.010013710707426071
49.920613436,49.909695863723755,0.0283367857336998,0.026244377717375755,-0.007942878641188145
49.954724704,49.94871163368225,0.028270814567804337,0.023790378123521805,-0.010164489038288593
49.987049035,49.97871160507202,0.02705496922135353,0.024419818073511124,-0.009357123635709286
50.021015064,50.02071166038513,0.026095500215888023,0.024584336206316948,-0.008557168766856194
50.052884954,50.04673409461975,0.028343068435788155,0.024094097316265106,-0.009737868793308735
50.089136144,50.08973407745361,0.027797920629382133,0.02381860464811325,-0.008568128570914268
50.122446134,50.1157341003418,0.02772221900522709,0.02204258367419243,-0.010018634609878063
50.15318343,50.152745485305786,0.026491651311516762,0.02160158008337021,-0.009178046137094498
50.189108968,50.18874549865723,0.027730830013751984,0.02064891904592514,-0.010437099263072014
50.229061862,50.22174549102783,0.027326170355081558,0.0210858304053545,-0.009948430582880974
50.253201605,50.247756481170654,0.0278661847114563,0.019781310111284256,-0.011076673865318298
50.288767023,50.29075646400452,0.026286626234650612,0.020412808284163475,-0.011202829889953136
50.319647157,50.32075643539429,0.027612760663032532,0.019015468657016754,-0.0093810074031353
50.35480195,50.35377216339111,0.027945244684815407,0.01988164335489273,-0.011569437570869923
50.387807892,50.3887722492218,0.02789793163537979,0.0192317683249712,-0.009654977358877659
50.420686806,50.41777205467224,0.02838032692670822,0.018465787172317505,-0.011508418247103691
50.454262341,50.45078706741333,0.026739392429590225,0.018858183175325394,-0.009535172022879124
50.48682703,50.48678708076477,0.027742469683289528,0.017313523218035698,-0.011468341574072838
50.519960032,50.519787073135376,0.027694642543792725,0.016867507249116898,-0.009812536649405956
50.552683145,50.54980540275574,0.02775965817272663,0.01602334901690483,-0.010419053956866264
50.58873091,50.58280539512634,0.026255276054143906,0.01714635081589222,-0.009965556673705578
50.622040196,50.61180543899536,0.02705073356628418,0.01718815229833126,-0.009999427013099194
50.65463004,50.65082025527954,0.026347212493419647,0.016226664185523987,-0.011025818064808846
50.689463014,50.68782019615173,0.026932960376143456,0.01568085141479969,-0.009116371162235737
50.720715062,50.71382021903992,0.025986196473240852,0.014840523712337017,-0.010141981765627861
50.754459789,50.74383878707886,0.026732007041573524,0.01452616322785616,-0.008986623957753181
50.787280851,50.78583860397339,0.025760678574442863,0.015744725242257118,-0.009566724300384521
50.822055884,50.82183861732483,0.024796804413199425,0.015023873187601566,-0.008490283973515034
50.853686231,50.8538556098938,0.02454628422856331,0.013547993265092373,-0.008508306927978992
50.888756031,50.88985562324524,0.023623151704669,0.01358532439917326,-0.009239116683602333
50.921667539,50.9238555431366,0.023586347699165344,0.013617273420095444,-0.008063950575888157
50.95731663,50.9528694152832,0.02329937368631363,0.014608747325837612,-0.00942851323634386
50.987801869,50.98586940765381,0.023472124710679054,0.013128074817359447,-0.008721906691789627
51.020945701,51.01486945152283,0.022588035091757774,0.013904394581913948,-0.008679907768964767
51.054030293,51.042887687683105,0.02277410961687565,0.012687761336565018,-0.008121992461383343
51.086691554,51.0818874835968,0.022974791005253792,0.013034995645284653,-0.009375891648232937
51.122459383,51.11188769340515,0.02253318578004837,0.01429732795804739,-0.008356036618351936
51.153214553,51.1459002494812,0.022340906783938408,0.015065104700624943,-0.009349111467599869
51.188866332,51.18890023231506,0.021061329171061516,0.0155200669541955,-0.008963127620518208
51.221840058,51.22290015220642,0.02090834453701973,0.012786446139216423,-0.009121262468397617
51.255622135,51.255913972854614,0.020396584644913673,0.013237145729362965,-0.009457333013415337
51.287646976,51.285913944244385,0.01966533437371254,0.014165613800287247,-0.009005660191178322
51.32070001,51.31891393661499,0.018601858988404274,0.013896853663027287,-0.008850068785250187
51.354284808,51.34892988204956,0.019250599667429924,0.013080944307148457,-0.008333170786499977
51.387145909,51.381929874420166,0.019177326932549477,0.01126023568212986,-0.008527620695531368
51.421578872,51.410929918289185,0.018762731924653053,0.012076829560101032,-0.007657521869987249
51.453983453,51.45094561576843,0.019754847511649132,0.009914112277328968,-0.007661713287234306
51.488325362,51.4809455871582,0.019307903945446014,0.012290979735553265,-0.007075246423482895
51.521836517,51.52294564247131,0.01926235668361187,0.011971675790846348,-0.007160899695008993
51.554154428,51.54795789718628,0.02028314769268036,0.012130644172430038,-0.006874707527458668
51.587657229,51.57795810699463,0.0197298601269722,0.010931555181741714,-0.0068800984881818295
51.620604583,51.61995792388916,0.019932623952627182,0.010219384916126728,-0.006302292924374342
51.654279859,51.65296721458435,0.01925710216164589,0.009772918187081814,-0.006611227989196777
51.690277732,51.68996715545654,0.0185365192592144,0.009991565719246864,-0.006886969320476055
51.722436656,51.7219672203064,0.019287215545773506,0.009581128135323524,-0.006228921469300985
51.754976471,51.752978801727295,0.019604871049523354,0.008933558128774166,-0.00666031613945961
51.788460787,51.78497862815857,0.019395219162106514,0.008183528669178486,-0.006498299073427916
51.821419676,51.81997871398926,0.019350877031683922,0.007707329001277685,-0.006966139655560255
51.854609609,51.849990129470825,0.01951790414750576,0.007802858017385006,-0.006294757127761841
51.88693592,51.8889901638031,0.019539711996912956,0.008392694406211376,-0.00697120139375329
51.921001702,51.91899013519287,0.019399244338274002,0.008161897771060467,-0.006898773368448019
51.953196856,51.952000856399536,0.01893317513167858,0.007751223165541887,-0.006389947142452002
51.988798879,51.98200082778931,0.018784556537866592,0.007265554275363684,-0.0066086421720683575
52.022002766,52.021000623703,0.019420122727751732,0.007342227268964052,-0.006620941683650017
52.055297388,52.05101299285889,0.019245702773332596,0.008257576264441013,-0.006779670715332031
52.088268439,52.08401298522949,0.019655395299196243,0.007684572599828243,-0.006266018841415644
52.121041859,52.12301301956177,0.020101303234696388,0.007284883875399828,-0.007074463646858931
52.153790507,52.14602971076965,0.02037614956498146,0.006252487190067768,-0.007295543327927589
52.186950612,52.18502974510193,0.02050148881971836,0.006508589722216129,-0.007389346603304148
52.220017902,52.21602964401245,0.020180661231279373,0.00629001809284091,-0.007427128963172436
52.253353458,52.254040479660034,0.019524162635207176,0.006298060994595289,-0.0067102801986038685
52.289241766,52.278040409088135,0.019663510844111443,0.006347815040498972,-0.006949814967811108
52.322421042,52.31704044342041,0.019140738993883133,0.00504126213490963,-0.006570859812200069
52.355142902,52.34705448150635,0.018374979496002197,0.004982718266546726,-0.006457884795963764
52.388256888,52.39005446434021,0.018083367496728897,0.0051142447628080845,-0.007027281913906336
52.421652773,52.41905450820923,0.01788431778550148,0.005282565951347351,-0.006482049822807312
52.455978052,52.45207214355469,0.017516931518912315,0.004962814040482044,-0.006423332262784243
52.486846374,52.48207211494446,0.016991645097732544,0.0043181926012039185,-0.0063302116468548775
52.521151458,52.52107214927673,0.016227498650550842,0.003245436819270253,-0.0070893485099077225
52.553454725,52.55008840560913,0.015741687268018723,0.002836264669895172,-0.007861529476940632
52.589173214,52.58908820152283,0.015853215008974075,0.0029955238569527864,-0.0073752873577177525
52.622219509,52.61908841133118,0.0155543964356184,0.0027563453186303377,-0.007428620010614395
52.655375837,52.64909911155701,0.01439344696700573,0.0026299860328435898,-0.0074233924970030785
52.688900567,52.68209910392761,0.014258000999689102,0.002793241525068879,-0.0069019547663629055
52.722145082,52.72109913825989,0.01405998133122921,0.0014526104787364602,-0.006330160889774561
52.755576315,52.7501175403595,0.014319973066449165,0.0018505178159102798,-0.006666405126452446
52.788245796,52.779117584228516,0.014258702285587788,0.002167086349800229,-0.006580652669072151
52.823728965,52.82311749458313,0.013045111671090126,0.00243237242102623,-0.007630615495145321
52.855944071,52.855127573013306,0.013011874631047249,0.002017974853515625,-0.006584523245692253
52.886973073,52.88812756538391,0.013469562865793705,0.0020795089658349752,-0.006533170584589243
52.921496668,52.914127349853516,0.01326796505600214,0.001847152365371585,-0.006707271561026573
52.953649716,52.95113754272461,0.013452309183776379,0.001955231884494424,-0.006597562693059444
52.98876486,52.9881374835968,0.014612953178584576,0.0029084801208227873,-0.007408764213323593
53.021986683,53.01713752746582,0.014635690487921238,0.0022761719301342964,-0.007703280542045832
53.055296521,53.05614757537842,0.014116219244897366,0.001699604094028473,-0.007444110233336687
53.088348526,53.08514761924744,0.014608304016292095,0.0018510549562051892,-0.007580420933663845
53.122316482,53.12414765357971,0.01456126756966114,0.0015169975813478231,-0.00750367296859622
53.159173465,53.15416479110718,0.014784055761992931,0.0016832581022754312,-0.007627817336469889
53.187871415,53.18116474151611,0.015428604558110237,0.001609206316061318,-0.008065183646976948
53.221135741,53.21116495132446,0.015961891040205956,0.002119422424584627,-0.008123687468469143
53.254025737,53.253177642822266,0.016295870766043663,0.0023337488528341055,-0.008309900760650635
53.287021957,53.2781777381897,0.01642702892422676,0.001808277564123273,-0.008625470101833344
53.32082624,53.317177534103394,0.01777401939034462,0.0025137385819107294,-0.008299409411847591
53.353650274,53.35519027709961,0.01833440735936165,0.002925604349002242,-0.00903655868023634
53.389353188,53.38419008255005,0.018592791631817818,0.0021293514873832464,-0.009184809401631355
53.422012972,53.417190074920654,0.019719338044524193,0.002867345465347171,-0.00910268072038889
53.455124859,53.45620036125183,0.020800409838557243,0.0028950348496437073,-0.008381557650864124
53.487855054,53.4862003326416,0.021083781495690346,0.002471469808369875,-0.008090955205261707
53.521393343,53.51520037651062,0.02141379565000534,0.002559157321229577,-0.00781920738518238
53.555743343,53.54821729660034,0.022548886016011238,0.0023162609431892633,-0.008318493142724037
53.587215485,53.57821726799011,0.023158755153417587,0.002143042627722025,-0.008302915841341019
53.62052161,53.621217250823975,0.023409314453601837,0.0026161749847233295,-0.007734509650617838
53.653374576,53.65522837638855,0.02415570802986622,0.0034431079402565956,-0.008084956556558609
53.690295305,53.68922829627991,0.024810250848531723,0.0037271426990628242,-0.009030479937791824
53.722258482,53.72222828865051,0.02513257786631584,0.003310981672257185,-0.008939031511545181
