19.971558091,19.97061252593994,-0.18259148311495466,0.9337797667270905,1.0,0.0,0.0,0.0,0.0,0.0,0.0,0.0,-0.0008309761649826158
19.990784543,19.99058747291565,-0.18259148311495466,0.9337797667270905,1.0,0.0,0.0,0.0,0.0,0.0,0.0,0.0,-0.0008309761649826158
20.010825058,20.010596990585327,-0.18259148311495466,0.9337797667270905,1.0,0.0,0.0,0.0,0.0,0.0,0.0,0.0,-0.0008309761649826158
20.030820413,20.030601978302002,-0.1825914799686864,0.9337797966736345,1.0,1.150244289688691e-06,1.0951606331997062e-05,0.0,0.00027999960302226874,0.0026675920185062355,0.0,1.0,-0.0008309761649826158
20.05089847,20.050609588623047,-0.18259135605501764,0.9337809789010422,1.0,1.3457929412696612e-05,0.00012853190561838804,0.0,0.000946217636825296,0.009057014543575399,0.0,1.0,-0.0008309761649826158
20.070867164,20.070613861083984,-0.18259085430405747,0.9337857797256145,1.0,3.8846036097314727e-05,0.00037217051130386774,0.0,0.0015880167163555095,0.015272997169649926,0.0,1.0,-0.0008309761649826158
20.090932195,20.090625524520874,-0.1825897173020163,0.9337966921875528,1.0,7.684877316628704e-05,0.0007386069037148879,0.0,0.002206053343391971,0.02132092022332361,0.0,1.0,-0.0008309761649826158
20.110826284,20.110623359680176,-0.18258769942449393,0.9338161201405252,1.0,0.00012694246724306984,0.0012240015627106278,0.0,0.002799995099936653,0.027196469929629742,0.0,1.0,-0.0008309761649826158
20.130903125,20.130637884140015,-0.18258455940330837,0.9338464494183036,1.0,0.00018873673182550694,0.001825786564465611,0.0,0.003371078082656393,0.032910824487867446,0.0,1.0,-0.0008309761649826158
20.150949977,20.150627851486206,-0.1825800761595538,0.9338898945726551,1.0,0.00026163392424569955,0.0025393553230571614,0.0,0.003918455083847911,0.038454370275783724,0.0,1.0,-0.0008309761649826158
20.170928625,20.17062497138977,-0.1825740254022107,0.9339487246100174,1.0,0.0003452774812808213,0.003362431036837324,0.0,0.004443338736046993,0.043838161271177074,0.0,1.0,-0.0008309761649826158
20.190864993,20.19063401222229,-0.18256619336065033,0.9340251304135649,1.0,0.00043925156726142857,0.00429214848515951,0.0,0.0049461417284335655,0.04906535195790782,0.0,1.0,-0.0008309761649826158
20.211300746,20.21064782142639,-0.18255637924760731,0.934121199965796,1.0,0.0005430905252622773,0.0053251316156221725,0.0,0.005426977730293348,0.054135989817774184,0.0,1.0,-0.0008309761649826158
20.230970827,20.23064684867859,-0.1825444016260081,0.9342388546141737,1.0,0.0006562489073802474,0.0064571774236405,0.0,0.005885719775457153,0.05904740921985768,0.0,1.0,-0.0008309761649826158
20.250949475,20.250641584396362,-0.18253007418161146,0.9343800860425957,1.0,0.0007783381295126812,0.007685618446208796,0.0,0.006322946810328111,0.06380437605846938,0.0,1.0,-0.0008309761649826158
20.271017515,20.270647287368774,-0.18251320955560743,0.9345469202072837,1.0,0.0009090328113286821,0.009008415569731776,0.0,0.006739310247019785,0.06841263841185327,0.0,1.0,-0.0008309761649826158
20.291036074,20.29065775871277,-0.18249364333431106,0.9347411800556179,1.0,0.001047882869061931,0.010422257227266375,0.0,0.007134974277049736,0.07287267216141267,0.0,1.0,-0.0008309761649826158
20.311075628,20.310664653778076,-0.18247122516855466,0.934964571155706,1.0,0.0011944175031783613,0.01192358800833149,0.0,0.007510089971734923,0.07718468282524284,0.0,1.0,-0.0008309761649826158
20.330993753,20.330663919448853,-0.18244581167933024,0.9352187512537691,1.0,0.0013481959711774702,0.013509124328548117,0.0,0.00786492207525662,0.08135006521575686,0.0,1.0,-0.0008309761649826158
20.350909254,20.35066270828247,-0.18241725409996137,0.9355054543059578,1.0,0.0015088666094726848,0.015176475825870846,0.0,0.008199923375309622,0.08537242654666523,0.0,1.0,-0.0008309761649826158
20.370973165,20.370664358139038,-0.18238541264347016,0.9358263475191901,1.0,0.0016760666729651631,0.016923123758153344,0.0,0.008515471153823517,0.08925457534559382,0.0,1.0,-0.0008309761649826158
20.391103104,20.39068102836609,-0.18235013713485332,0.9361832270526053,1.0,0.0018495189279702105,0.018747435120553834,0.0,0.008812050346766617,0.09300077697318206,0.0,1.0,-0.0008309761649826158
20.411128064,20.410674810409546,-0.18231137833501032,0.9365768883584428,1.0,0.0020285083655827633,0.020643131156488477,0.0,0.009089426295588817,0.09660606786653234,0.0,1.0,-0.0008309761649826158
20.430965119,20.43068528175354,-0.18226894935202007,0.9370095445851933,1.0,0.002213015457323452,0.02261125096001261,0.0,0.009348481747721757,0.10007981485274166,0.0,1.0,-0.0008309761649826158
20.451060459,20.45068359375,-0.1822228073139716,0.937481966124739,1.0,0.002402404883795877,0.02464627521996968,0.0,0.009589151751195523,0.10341899937800833,0.0,1.0,-0.0008309761649826158
20.470914477,20.47067904472351,-0.18217283763315284,0.9379956741388973,1.0,0.0025964023156922283,0.026746494523969003,0.0,0.009811893633611627,0.10662749781335491,0.0,1.0,-0.0008309761649826158
20.491124173,20.490690231323242,-0.18211890203326783,0.9385524598379735,1.0,0.0027948331564850116,0.028911291444194763,0.0,0.010017211935746378,0.1097101959661474,0.0,1.0,-0.0008309761649826158
20.510916068,20.510684728622437,-0.18206100600793984,0.9391526512731109,1.0,0.002997027721214632,0.031134617089629908,0.0,0.010205095822609986,0.112664220077308,0.0,1.0,-0.0008309761649826158
20.53098526,20.53069043159485,-0.18199899452390947,0.9397982574420942,1.0,0.0032029266169097906,0.03341707251409576,0.0,0.010376136413494795,0.11549587797504905,0.0,1.0,-0.0008309761649826158
20.551075032,20.55085515975952,-0.18193228788790386,0.9404957731942495,1.0,0.0034137555446838532,0.035773758132477636,0.0,0.010531704109106487,0.11822662310808685,0.0,1.0,-0.0008309761649826158
20.571059473,20.570714235305786,-0.1818624073673443,0.9412296959733002,1.0,0.0036242935989897534,0.038147360835937734,0.0,0.010668714764555639,0.12079696127171372,0.0,1.0,-0.0008309761649826158
20.591008547,20.59071946144104,-0.18178775958871154,0.9420171782291162,1.0,0.0038389703537207373,0.04058884182771838,0.0,0.010790797314320229,0.12326885778684417,0.0,1.0,-0.0008309761649826158
20.611507959,20.61072325706482,-0.18170879923867964,0.9428539317028828,1.0,0.004055917436258939,0.043078444309643145,0.0,0.010897198912594941,0.12562493479860498,0.0,1.0,-0.0008309761649826158
20.631170903,20.630725860595703,-0.18162548379119797,0.9437408978931774,1.0,0.004274826198972242,0.04561389065347531,0.0,0.010988243196659463,0.12786733626349242,0.0,1.0,-0.0008309761649826158
20.651045853,20.650837898254395,-0.18153728025305277,0.9446842968118704,1.0,0.004496616328340539,0.04820730306447425,0.0,0.01106463161019816,0.13000965944757684,0.0,1.0,-0.0008309761649826158
20.670962858,20.67071843147278,-0.18144569512840916,0.9456685011746249,1.0,0.004717214266076644,0.05081208886080029,0.0,0.011125523541408475,0.13201866637182705,0.0,1.0,-0.0008309761649826158
20.691341595,20.69081163406372,-0.18134866166442545,0.9467162627352276,1.0,0.004941259395012139,0.053484270485909306,0.0,0.011172622997681462,0.13394155524902224,0.0,1.0,-0.0008309761649826158
20.711352044,20.710747003555298,-0.18124793336018796,0.9478092277108396,1.0,0.005164338568995783,0.056172587002322624,0.0,0.011205319862907815,0.1357444928035115,0.0,1.0,-0.0008309761649826158
20.731421895,20.730847597122192,-0.18114186148249242,0.9489658745305682,1.0,0.005389788368297885,0.05891854404699254,0.0,0.011224458493792807,0.13745876542408558,0.0,1.0,-0.0008309761649826158
20.7510027,20.750730514526367,-0.18103247791402804,0.9501646200486124,1.0,0.005613039782855146,0.061667639363696215,0.0,0.011230045276324973,0.1390541856472897,0.0,1.0,-0.0008309761649826158
20.771031488,20.77073621749878,-0.1809179376777856,0.9514262580053154,1.0,0.005837652571588915,0.06446476076748547,0.0,0.011222590200242345,0.14056090784708605,0.0,1.0,-0.0008309761649826158
20.791100827,20.790746450424194,-0.1807988792635455,0.9527444490184954,1.0,0.0060620375205941626,0.06729168561046485,0.0,0.011202331678142417,0.14197116351332914,0.0,1.0,-0.0008309761649826158
20.811176119,20.81075429916382,-0.18067535124493073,0.9541193105087289,1.0,0.00628586412942424,0.07014552569080908,0.0,0.011169594737879898,0.14328655239487112,0.0,1.0,-0.0008309761649826158
20.830963681,20.830752849578857,-0.18054741211026315,0.9555508572898362,1.0,0.006508811382163095,0.07302342671953538,0.0,0.011124720927496872,0.1445088150554689,0.0,1.0,-0.0008309761649826158
20.850969393,20.850754976272583,-0.18041499956175266,0.9570404733221471,1.0,0.006730782778858361,0.07592539510113178,0.0,0.011068006123379114,0.1456408737239763,0.0,1.0,-0.0008309761649826158
20.871016744,20.870750427246094,-0.18027820593127547,0.9585878257682514,1.0,0.00695143013558582,0.07884813435155778,0.0,0.010999801880540092,0.14668426057534187,0.0,1.0,-0.0008309761649826158
20.891030489,20.890764236450195,-0.18013688390937882,0.960195314876016,1.0,0.007170800566537273,0.08179356513453627,0.0,0.010920332985523107,0.14764230320943944,0.0,1.0,-0.0008309761649826158
20.911222506,20.910768270492554,-0.17999126024432868,0.9618611118223078,1.0,0.007388365310752182,0.08475587356229429,0.0,0.0108300233389345,0.14851570682094292,0.0,1.0,-0.0008309761649826158
20.93120959,20.930763006210327,-0.17984137425544872,0.963585516103635,1.0,0.007603917113291757,0.08773343409749026,0.0,0.010729206145060515,0.14930670894080336,0.0,1.0,-0.0008309761649826158
20.951202372,20.950769662857056,-0.17968710515098826,0.9653707001960442,1.0,0.007817478107085229,0.09072781370279408,0.0,0.010618091160859714,0.15001823865836653,0.0,1.0,-0.0008309761649826158
20.97114977,20.97077202796936,-0.17952862073377418,0.9672155270929332,1.0,0.008028671278047031,0.09373500017270012,0.0,0.01049708275929492,0.15065176881986364,0.0,1.0,-0.0008309761649826158
20.991118611,20.99079203605652,-0.17936579180695802,0.9691223296281809,1.0,0.008237529952984548,0.09675675937173192,0.0,0.010366358798918453,0.1512100181956275,0.0,1.0,-0.0008309761649826158
21.011257146,21.010791063308716,-0.17919898508796595,0.9710876460012827,1.0,0.008443463930406429,0.09978577768290262,0.0,0.010226493072618748,0.15169403177933516,0.0,1.0,-0.0008309761649826158
21.030997468,21.03077220916748,-0.17902824745405146,0.9731117392982757,1.0,0.00864455165389506,0.10279923159565606,0.0,0.009643876013247281,0.14678780551510584,0.0,2.0,-0.0008309761649826158
21.051260537,21.050780534744263,-0.17885343332273604,0.9751971433600224,1.0,0.008825810407512163,0.10561578848304354,0.0,0.0084890543498902,0.13494427022858624,0.0,2.0,-0.0008309761649826158
21.071301007,21.07078456878662,-0.1786752541602754,0.9773361709362204,1.0,0.008984794621057406,0.10820628614223425,0.0,0.007420025858356185,0.1242364283846318,0.0,2.0,-0.0008309761649826158
21.091164166,21.090789079666138,-0.1784941012275227,0.9795249717443398,1.0,0.009123225078548142,0.11059359299439367,0.0,0.006433465329202063,0.11462025858750541,0.0,2.0,-0.0008309761649826158
21.110985813,21.11077880859375,-0.17831050661668196,0.9817580223476317,1.0,0.009242638311553336,0.11279755432725651,0.0,0.005526945412509017,0.10606034197799856,0.0,2.0,-0.0008309761649826158
21.131105625,21.130781412124634,-0.17812457983070584,0.9840349756953414,1.0,0.009344758241121633,0.11484182039760166,0.0,0.004696131266382046,0.09850331888096708,0.0,2.0,-0.0008309761649826158
21.151469704,21.1510329246521,-0.17793442527697287,0.9863804198580006,1.0,0.009431976036259317,0.11676752634938772,0.0,0.003929588422642368,0.09183761394299543,0.0,2.0,-0.0008309761649826158
21.171238126,21.170804738998413,-0.1777472161511786,0.9887066864148628,1.0,0.00950284775413477,0.11852657216286236,0.0,0.0032505837923264428,0.08624529522119163,0.0,2.0,-0.0008309761649826158
21.191253664,21.19080686569214,-0.17755653148605888,0.9910943858027216,1.0,0.009561554088228943,0.12020243105784628,0.0,0.002630360446102001,0.08146699529771563,0.0,2.0,-0.0008309761649826158
21.21106603,21.210819005966187,-0.17736469451693004,0.993515946639161,1.0,0.009608521133088703,0.12179200319603906,0.0,0.0020738873843937035,0.07752991525920784,0.0,2.0,-0.0008309761649826158
21.231240091,21.230828762054443,-0.1771720496487574,0.995968268374544,1.0,0.009644963396313553,0.12331069284904712,0.0,0.001578478577685675,0.07439558113798983,0.0,2.0,-0.0008309761649826158
21.251136024,21.250818967819214,-0.1769789593617614,0.9984479706696643,1.0,0.00967205496144689,0.12477294166936652,0.0,0.0011413807712156608,0.07202392809174989,0.0,2.0,-0.0008309761649826158
21.271149033,21.270822048187256,-0.17678528769300383,1.0009580858808467,1.0,0.009690970668518614,0.12619592144491307,0.0,0.000758787382587256,0.07036934366373368,0.0,2.0,-0.0008309761649826158
21.29112962,21.290842056274414,-0.17659114580600024,1.003498548067902,1.0,0.009702763117866865,0.12759382789343235,0.0,0.00042766124474018853,0.0693916018482087,0.0,2.0,-0.0008309761649826158
21.311187181,21.310840129852295,-0.17639704123758318,1.006064049022116,1.0,0.009708416248814583,0.12897710971857151,0.0,0.00014554897374904194,0.06905092067660859,0.0,2.0,-0.0008309761649826158
21.331282221,21.330848455429077,-0.17620278155144123,1.0086584662047224,1.0,0.00970888736655799,0.13036027040451975,0.0,-9.111246252425019e-05,0.06930475442730079,0.0,2.0,-0.0008309761649826158
21.35131661,21.350845336914062,-0.17600866594780043,1.0112791661213967,1.0,0.009705057090485572,0.13175332737122653,0.0,-0.00028515133466462726,0.07011136944047083,0.0,2.0,-0.0008309761649826158
21.371190619,21.37084650993347,-0.17581461991069203,1.0139285113354022,1.0,0.00969774380359107,0.13316801384744129,0.0,-0.0004398143119505691,0.07142970894583228,0.0,2.0,-0.0008309761649826158
21.391205324,21.390848398208618,-0.17562074302100128,1.0166065255720134,1.0,0.009687705382051307,0.1346138823853654,0.0,-0.0005581296167653182,0.07321830047096262,0.0,2.0,-0.0008309761649826158
21.411237057,21.410855531692505,-0.17542703784802302,1.0193145568996793,1.0,0.009675635022118054,0.13610027713878195,0.0,-0.0006431836888414497,0.07543632918518033,0.0,2.0,-0.0008309761649826158
21.431510463,21.430864572525024,-0.17523356995390496,1.0220530702437378,1.0,0.009662169035322696,0.137635149410393,0.0,-0.0006980208656677373,0.07804221747453388,0.0,2.0,-0.0008309761649826158
21.451151375,21.45082950592041,-0.1750408076614864,1.024816677984011,1.0,0.009647914683291813,0.13922211098857246,0.0,-0.0007256742410056182,0.08098742464288297,0.0,2.0,-0.0008309761649826158
21.471132923,21.47086477279663,-0.17484765521269327,1.02762250070116,1.0,0.009633301261455198,0.14087690555683974,0.0,-0.000729327799621559,0.08424806929255423,0.0,2.0,-0.0008309761649826158
21.491266017,21.49086856842041,-0.17465509743938548,1.0304576642029781,1.0,0.009618853113409247,0.1425969809864318,0.0,-0.0007119688942031356,0.08776700338390002,0.0,2.0,-0.0008309761649826158
21.514256572,21.5108745098114,-0.1744628036795501,1.03332826027824,1.0,0.00960493508334604,0.14438992884422844,0.0,-0.0006766910562686485,0.09150809706411445,0.0,2.0,-0.0008309761649826158
21.531289763,21.530881881713867,-0.17427076798417482,1.0362356745512167,1.0,0.009591875617788145,0.14625971617085626,0.0,-0.0006265666606432167,0.09542980815914988,0.0,2.0,-0.0008309761649826158
21.551377954,21.55087971687317,-0.1740790716248089,1.0391799172562701,1.0,0.009579947104316656,0.14820850153394863,0.0,-0.0005647041942323285,0.09948854673734621,0.0,2.0,-0.0008309761649826158
21.571278591,21.570880651474,-0.17388757201679755,1.0421644024764318,1.0,0.009569346201148498,0.15023980821033314,0.0,-0.0004941440155680935,0.10364533431044443,0.0,2.0,-0.0008309761649826158
21.591172379,21.590899229049683,-0.17369610099750063,1.045193043278627,1.0,0.009560210471890075,0.15235678955635415,0.0,-0.00041789867132777884,0.10786189479588776,0.0,2.0,-0.0008309761649826158
21.611148262,21.610887050628662,-0.1735050923970952,1.0482601361741186,1.0,0.009552642158916724,0.15455493428370348,0.0,-0.0003392300982967797,0.11208655716087906,0.0,2.0,-0.0008309761649826158
21.631317811,21.63089632987976,-0.17331401370515084,1.05137538608712,1.0,0.00954664044520273,0.1568398266974619,0.0,-0.0002610082086953527,0.11628896230499255,0.0,2.0,-0.0008309761649826158
21.651450841,21.6509108543396,-0.17312298986162836,1.0545380228455141,1.0,0.009542171961490334,0.1592088203970296,0.0,-0.00018637499763220563,0.12042416280371324,0.0,2.0,-0.0008309761649826158
21.671224512,21.67089533805847,-0.17293232635805103,1.0577440577772703,1.0,0.009539138971156094,0.16165582435189638,0.0,-0.00011852527805472801,0.12444364910536294,0.0,2.0,-0.0008309761649826158
21.691372636,21.69090962409973,-0.172741427055212,1.0610046680054206,1.0,0.009537367975185857,0.16418553179758677,0.0,-6.0331704607023005e-05,0.12831797920458757,0.0,2.0,-0.0008309761649826158
21.711160793,21.710902452468872,-0.1725507568518693,1.0643130956639806,1.0,0.009536638628558029,0.16678809125504354,0.0,-1.5020590563958045e-05,0.1319957654329305,0.0,2.0,-0.0008309761649826158
21.731257708,21.730915546417236,-0.17235989966358992,1.067677714760801,1.0,0.009536661807317635,0.16946466157505613,0.0,1.4427774561315117e-05,0.13544325194091486,0.0,2.0,-0.0008309761649826158
21.751215975,21.750906229019165,-0.17216925131426686,1.0710927093043507,1.0,0.00953708884825898,0.1722044279660628,0.0,2.488190808234623e-05,0.13861173071917726,0.0,2.0,-0.0008309761649826158
21.771265778,21.770919799804688,-0.1719783745641534,1.07456710832491,1.0,0.009537512599199372,0.17500772498238928,0.0,1.3797827624518604e-05,0.1414738572105984,0.0,2.0,-0.0008309761649826158
21.791233871,21.790919542312622,-0.1717876264135132,1.078095676065527,1.0,0.009537496465420042,0.17786315374136105,0.0,-1.8981744010749135e-05,0.14402227215246902,0.0,2.0,-0.0008309761649826158
21.811157156,21.81087327003479,-0.17159732516827605,1.0816735270973001,1.0,0.009536615690208706,0.18075977171561786,0.0,-7.276397487693719e-05,0.14626202908452174,0.0,2.0,-0.0008309761649826158
21.831271226,21.83092451095581,-0.17140612376556325,1.0853275176694768,1.0,0.009534441854346253,0.18371258150400782,0.0,-0.00014747080091032368,0.14821584743017352,0.0,2.0,-0.0008309761649826158
21.851231669,21.850923776626587,-0.17121547678488327,1.0890314028045693,1.0,0.009530579551104257,0.1866938734251749,0.0,-0.00024207028378286834,0.14987592912794914,0.0,2.0,-0.0008309761649826158
21.871238104,21.87092900276184,-0.1710248708809419,1.0927963481932632,1.0,0.009524627166709576,0.1897064432292428,0.0,-0.00035622077839565775,0.15125584044923798,0.0,2.0,-0.0008309761649826158
21.891259038,21.890944004058838,-0.17083431527602916,1.0966237001624561,1.0,0.00951619563238896,0.19274536285787713,0.0,-0.0004894211720372772,0.15236329190670903,0.0,2.0,-0.0008309761649826158
21.911991488,21.910930633544922,-0.17064422588067385,1.1005065277731654,1.0,0.00950493069075465,0.19579943454013735,0.0,-0.0006408464723994035,0.15320431423232725,0.0,2.0,-0.0008309761649826158
21.931545397,21.93094229698181,-0.17045415615678974,1.104455511391967,1.0,0.009490439687182906,0.19887157422874882,0.0,-0.000810350424615382,0.15378898785734826,0.0,2.0,-0.0008309761649826158
21.951461448,21.950942039489746,-0.17026452491348743,1.1084636564067216,1.0,0.009472394011031568,0.20195105704006738,0.0,-0.000997092358520314,0.15412374814328908,0.0,2.0,-0.0008309761649826158
21.971269481,21.9709529876709,-0.17007518506262828,1.1125357836486036,1.0,0.009450431046049538,0.20503656703490009,0.0,-0.0012007442523451178,0.15421676953076574,0.0,2.0,-0.0008309761649826158
21.991486161,21.990949630737305,-0.1698864641405151,1.1166666204052555,1.0,0.0094242499001085,0.2081193330900292,0.0,-0.0014204920796038563,0.15407575291891223,0.0,2.0,-0.0008309761649826158
22.011235495,22.01094627380371,-0.1696983099252893,1.120859099003503,1.0,0.009393516435255652,0.2111970352066696,0.0,-0.0016559358301793904,0.15370860807083442,0.0,2.0,-0.0008309761649826158
22.031329658,22.030964851379395,-0.16951062340419584,1.1251175854330437,1.0,0.00935436441960655,0.21422035448291585,0.0,-0.002764114774752406,0.14139499911958714,0.0,3.0,-0.0008309761649826158
22.051349568,22.05096411705017,-0.16932424828843204,1.129428238453359,1.0,0.009276328670113321,0.21676940383967008,0.0,-0.005015029109052776,0.11398285695152141,0.0,3.0,-0.0008309761649826158
22.071309467,22.07096552848816,-0.1691398542432742,1.1337850484787113,1.0,0.009154727940393254,0.21879787369358644,0.0,-0.007120235913140537,0.0892949514537455,0.0,3.0,-0.0008309761649826158
22.09151072,22.09097409248352,-0.16895824039258545,1.1381792275223306,1.0,0.008992375879334788,0.22035939042279695,0.0,-0.009084905521010727,0.06721780716214662,0.0,3.0,-0.0008309761649826158
22.111279514,22.110970497131348,-0.1687803651388602,1.1425977274574766,1.0,0.008792219379291985,0.22150390017881152,0.0,-0.01091196402378736,0.04766232260549545,0.0,3.0,-0.0008309761649826158
22.131200398,22.1309711933136,-0.16860681203447103,1.147036318836053,1.0,0.00855679814757704,0.22228166209224479,0.0,-0.012607738083314064,0.030501798372147497,0.0,3.0,-0.0008309761649826158
22.151262523,22.150984287261963,-0.1684381952291881,1.1514899543795614,1.0,0.008288561466279131,0.22273947959709792,0.0,-0.01417750990629702,0.015622903380497669,0.0,3.0,-0.0008309761649826158
22.171275072,22.170977115631104,-0.16827541571473634,1.1559453752665065,1.0,0.007990459327088464,0.2229214962242109,0.0,-0.015623533932700804,0.002939436645155302,0.0,3.0,-0.0008309761649826158
22.191218456,22.19096875190735,-0.16811888528115554,1.1604018046768299,1.0,0.007664645925693314,0.2228708177135623,0.0,-0.016952153220998984,-0.007673515236281683,0.0,3.0,-0.0008309761649826158
22.211260898,22.210973501205444,-0.16796903224845497,1.1648580968536004,1.0,0.007313170620426805,0.22262753856790066,0.0,-0.018168941138415065,-0.016330737367531146,0.0,3.0,-0.0008309761649826158
22.231898707,22.23097801208496,-0.16782644674185962,1.1693079084577465,1.0,0.006938442457946561,0.2222298016032205,0.0,-0.0192777592755679,-0.02313404434776817,0.0,3.0,-0.0008309761649826158
22.251312015,22.250990867614746,-0.16769151796359275,1.1737503652934318,1.0,0.006542404395451994,0.22171336506685663,0.0,-0.020283762721292998,-0.028194516369895298,0.0,3.0,-0.0008309761649826158
22.271336054,22.270997047424316,-0.16756475102702567,1.178180098333213,1.0,0.0061273696842965766,0.2211124255124781,0.0,-0.021190940889623495,-0.03161750291479548,0.0,3.0,-0.0008309761649826158
22.291248264,22.291006565093994,-0.16744644322888202,1.1825979755152844,1.0,0.0056950565268353015,0.22045834008654,0.0,-0.022004535708881848,-0.03351452352215375,0.0,3.0,-0.0008309761649826158
22.311252363,22.311001300811768,-0.16733702043282017,1.1869992246703696,1.0,0.0052476987309533615,0.21978116196133665,0.0,-0.02272863939430727,-0.03399439449474852,0.0,3.0,-0.0008309761649826158
22.331278034,22.331007957458496,-0.1672366240489855,1.1913895562637509,1.0,0.004786430983788424,0.2191072297804382,0.0,-0.023368996954190657,-0.033167353276536284,0.0,3.0,-0.0008309761649826158
22.35127714,22.35102105140686,-0.16714555142927612,1.1957680433480833,1.0,0.004313002066619881,0.21846181467403364,0.0,-0.023930071118017968,-0.031141217975746618,0.0,3.0,-0.0008309761649826158
22.371430545,22.371020317077637,-0.1670641140678179,1.2001310678092079,1.0,0.0038294392801384853,0.21786842360394215,0.0,-0.024416093833737135,-0.028028013040385342,0.0,3.0,-0.0008309761649826158
22.391367624,22.39103078842163,-0.16699240233365967,1.2044853703907565,1.0,0.0033365825704625225,0.21734699386617076,0.0,-0.024832449552082744,-0.023933388231183666,0.0,3.0,-0.0008309761649826158
22.411308096,22.411024570465088,-0.1669306794068374,1.2088264804858828,1.0,0.002836477055023153,0.2169167103267586,0.0,-0.025183334515794808,-0.01897270683324667,0.0,3.0,-0.0008309761649826158
22.4312944,22.43102478981018,-0.16687900597754865,1.2131614734347298,1.0,0.0023297976350755913,0.21659330016302122,0.0,-0.02547396141232595,-0.013250043981868543,0.0,3.0,-0.0008309761649826158
22.451289505,22.451117277145386,-0.16683735344927997,1.2175111062032042,1.0,0.001815503323377288,0.2163904084191115,0.0,-0.025709915698710114,-0.006845481551140059,0.0,3.0,-0.0008309761649826158
22.471359472,22.47103500366211,-0.16680630527545195,1.221820226160216,1.0,0.0013015126380297795,0.21632186245497795,0.0,-0.025893145409013794,4.312474605900209e-05,0.0,3.0,-0.0008309761649826158
22.491908754,22.491059064865112,-0.1667854448611743,1.2261523365284221,1.0,0.0007815739477850516,0.21639575854055365,0.0,-0.026031247946805502,0.007400798678857321,0.0,3.0,-0.0008309761649826158
22.51152965,22.51105546951294,-0.16677502762685245,1.2304814836777984,1.0,0.0002600096360513921,0.21661999842398713,0.0,-0.02612777964132975,0.015071867742441259,0.0,3.0,-0.0008309761649826158
22.531510257,22.53104066848755,-0.16677505361200148,1.2348141643325579,1.0,-0.00026280937427622945,0.21699969026994873,0.0,-0.026187685142502935,0.022952377711615138,0.0,3.0,-0.0008309761649826158
22.551430117,22.551043033599854,-0.16678555159405753,1.2391598029956237,1.0,-0.0007869561794938744,0.21753864135677153,0.0,-0.02621578514758738,0.03094464831930797,0.0,3.0,-0.0008309761649826158
22.571524664,22.57105040550232,-0.1668065440123763,1.2435189052434086,1.0,-0.0013115159941453644,0.2182377893766478,0.0,-0.026216763543716555,0.0389345905417695,0.0,3.0,-0.0008309761649826158
22.591511159,22.591060161590576,-0.1668380346372174,1.247894128859026,1.0,-0.0018359281672136653,0.2190959557570595,0.0,-0.02619536337520224,0.046811834142767884,0.0,3.0,-0.0008309761649826158
22.612172557,22.611072778701782,-0.166880019462962,1.2522886798272321,1.0,-0.0023597982029968352,0.22010984134994052,0.0,-0.026156336084370253,0.05446700592654522,0.0,3.0,-0.0008309761649826158
22.631435951,22.63106060028076,-0.16693240873490148,1.2566996019646948,1.0,-0.002882109727050053,0.22127226412619858,0.0,-0.026104514004666287,0.061780864786487685,0.0,3.0,-0.0008309761649826158
22.651548164,22.651065826416016,-0.16699528535528704,1.2611390107687686,1.0,-0.0034037396565174427,0.2225779315473267,0.0,-0.026043789722109204,0.06867972359128777,0.0,3.0,-0.0008309761649826158
22.671448181,22.671065092086792,-0.1670685615849219,1.2656045790644648,1.0,-0.003923923767128959,0.22401683625832353,0.0,-0.02597525016276128,0.07514480572794964,0.0,3.0,-0.0008309761649826158
22.691449197,22.69106960296631,-0.16715225017641286,1.2701013707968265,1.0,-0.0044427970057111885,0.2255812190411481,0.0,-0.025899157729987698,0.0811884357325528,0.0,3.0,-0.0008309761649826158
22.711413053,22.71106219291687,-0.1672462439532153,1.2746279397515325,1.0,-0.004959768589096648,0.22726131032969957,0.0,-0.025815881051592025,0.08681436261386132,0.0,3.0,-0.0008309761649826158
22.731531911,22.73110055923462,-0.1673508066678179,1.2791996710495013,1.0,-0.00547618206189148,0.22905402229641744,0.0,-0.025725462692165333,0.0920464875449944,0.0,3.0,-0.0008309761649826158
22.751533501,22.751103162765503,-0.16746548470811362,1.2838000926847442,1.0,-0.0059898002723074864,0.2309441080972081,0.0,-0.025628565580733093,0.09687195889463973,0.0,3.0,-0.0008309761649826158
22.771595165,22.77110242843628,-0.16759039500028003,1.288438484875531,1.0,-0.006501331465784981,0.2329264812218986,0.0,-0.025525352246769935,0.10130848135644915,0.0,3.0,-0.0008309761649826158
22.791835324,22.791342973709106,-0.16772720687004888,1.2931740898659663,1.0,-0.007016870164207166,0.23501920263761567,0.0,-0.025414753362123493,0.10541227179666914,0.0,3.0,-0.0008309761649826158
22.811612267,22.811121463775635,-0.16787095377925126,1.2978432812216751,1.0,-0.00751842029081848,0.2371407209767971,0.0,-0.02530100894848677,0.10905563197753053,0.0,3.0,-0.0008309761649826158
22.831864557,22.831352949142456,-0.16802823187681293,1.3026635295245643,1.0,-0.008029072259224498,0.23938168309615393,0.0,-0.025179165753402004,0.1124162166696068,0.0,3.0,-0.0008309761649826158
22.851514181,22.851126432418823,-0.1681919090237968,1.307419113569123,1.0,-0.008525732635745359,0.24163412538129247,0.0,-0.025055006863553032,0.11535144830157953,0.0,3.0,-0.0008309761649826158
22.871598537,22.871121644973755,-0.16836738292197756,1.3122738809608572,1.0,-0.00902541758741994,0.24396742019334713,0.0,-0.02492465361121197,0.11797713783447507,0.0,3.0,-0.0008309761649826158
22.891694128,22.89113450050354,-0.16855299001216345,1.317180157996675,1.0,-0.009522888290633497,0.24635197052272148,0.0,-0.024789649007660185,0.12026901370291011,0.0,3.0,-0.0008309761649826158
22.911513766,22.911134481430054,-0.1687483960784975,1.3221313770229863,1.0,-0.010017295525472598,0.24877751522276578,0.0,-0.02465049791577935,0.12223216990278195,0.0,3.0,-0.0008309761649826158
22.93146245,22.931153059005737,-0.1689538575883663,1.327136149910957,1.0,-0.010509335635099344,0.2512414277739687,0.0,-0.024507279700469283,0.12387829197399486,0.0,3.0,-0.0008309761649826158
22.951698513,22.951271057128906,-0.16917023531196312,1.3322158205074512,1.0,-0.011000897304846791,0.2537476408673931,0.0,-0.02435968354190167,0.12522002499193932,0.0,3.0,-0.0008309761649826158
22.971451356,22.97114372253418,-0.16939365065793882,1.3372832132095531,1.0,-0.011483508276273582,0.25624675639945,0.0,-0.02421057986348135,0.1262463962994019,0.0,3.0,-0.0008309761649826158
22.991551555,22.99117422103882,-0.169628518803362,1.3424413672129072,1.0,-0.01196692969453507,0.25878346471542135,0.0,-0.024057260956334554,0.1269889441092814,0.0,3.0,-0.0008309761649826158
23.011482316,23.011172771453857,-0.16987264163969187,1.347642115364003,1.0,-0.012446488639747663,0.2613281126733303,0.0,-0.02390145250299584,0.12744656722849798,0.0,3.0,-0.0008309761649826158
23.031466047,23.031155109405518,-0.1701261077150596,1.3528893445028303,1.0,-0.012921582242787341,0.26383178390522116,0.0,-0.02351828676375512,0.11664246706333385,0.0,4.0,-0.0008309761649826158
23.051358178,23.051138162612915,-0.17038897318452892,1.3581831146348327,1.0,-0.013384989462989862,0.2659077613450028,0.0,-0.02287716253228989,0.09149860207403629,0.0,4.0,-0.0008309761649826158
23.071525044,23.071277618408203,-0.1706631385416002,1.3635552764746024,1.0,-0.01383999801977627,0.2675138040821296,0.0,-0.022324124038882568,0.06835574957757345,0.0,4.0,-0.0008309761649826158
23.091559248,23.091181993484497,-0.1709430067001635,1.368892127324309,1.0,-0.014279641167280907,0.2686641863515816,0.0,-0.02186548061080696,0.047575102875520775,0.0,4.0,-0.0008309761649826158
23.11164578,23.111172676086426,-0.17123280941917296,1.3742711320430456,1.0,-0.01471284695483306,0.26942350176434526,0.0,-0.021488959363804887,0.02872254270531811,0.0,4.0,-0.0008309761649826158
23.131449128,23.13116431236267,-0.171531217917113,1.3796619562505026,1.0,-0.015139357672379155,0.26982554108943063,0.0,-0.021192829282808114,0.011816276146802581,0.0,4.0,-0.0008309761649826158
23.151503367,23.15116238594055,-0.17183819621827373,1.3850592501714507,1.0,-0.015560850513176504,0.2699084108192055,0.0,-0.02097316136076441,-0.003222600667614375,0.0,4.0,-0.0008309761649826158
23.171518655,23.171175718307495,-0.17215381149123984,1.390459484098384,1.0,-0.01597900547003039,0.2697083769263037,0.0,-0.02082607685189784,-0.016473649723128734,0.0,4.0,-0.0008309761649826158
23.191888725,23.191192626953125,-0.17247782790463487,1.3958541169887548,1.0,-0.01639498491057247,0.2692604283728229,0.0,-0.02074786070977913,-0.028002153581572313,0.0,4.0,-0.0008309761649826158
23.211452991,23.211169719696045,-0.172809487178003,1.4012268392791707,1.0,-0.01680922616500202,0.2685998623559848,0.0,-0.02073460089424946,-0.03786329259720352,0.0,4.0,-0.0008309761649826158
23.231492475,23.23123788833618,-0.17315099598977302,1.4066089523848404,1.0,-0.017225714430856503,0.26775386517114563,0.0,-0.02078254017454464,-0.04619157375053596,0.0,4.0,-0.0008309761649826158
23.251899896,23.251188039779663,-0.17349879297759316,1.411941008858377,1.0,-0.017641281150150703,0.2667622247964538,0.0,-0.020887165808273288,-0.052978692367397336,0.0,4.0,-0.0008309761649826158
23.271389588,23.271153211593628,-0.1738551777778773,1.4172560391595441,1.0,-0.01805978741491256,0.26564851416684665,0.0,-0.02104485338930024,-0.05835680520387361,0.0,4.0,-0.0008309761649826158
23.291395147,23.291191339492798,-0.174221300483101,1.4225671325448732,1.0,-0.018483488294507255,0.26443637529702924,0.0,-0.021252507325871115,-0.06240781582756686,0.0,4.0,-0.0008309761649826158
23.3116009,23.311169624328613,-0.1745948262991424,1.427837459578555,1.0,-0.018910526099551583,0.2631598467616301,0.0,-0.021504905669213554,-0.06517909905727758,0.0,4.0,-0.0008309761649826158
23.33139343,23.331142902374268,-0.17497683961002872,1.4330804956516705,1.0,-0.01934291696821199,0.2618403036456791,0.0,-0.021798632620344583,-0.06675983058493878,0.0,4.0,-0.0008309761649826158
23.351485852,23.351170539855957,-0.17536862477292614,1.4383110849069962,1.0,-0.01978275751063483,0.26049679125120834,0.0,-0.02213081182992993,-0.06722598249199692,0.0,4.0,-0.0008309761649826158
23.371400002,23.371159076690674,-0.17576849920731807,1.443504641540716,1.0,-0.020228718735247685,0.2591571277822508,0.0,-0.022496042179126867,-0.06664967765022344,0.0,4.0,-0.0008309761649826158
23.391481606,23.39119863510132,-0.17617841666487927,1.4486847386619806,1.0,-0.02068345083873054,0.2578354367553266,0.0,-0.02289208498029692,-0.06510326483021107,0.0,4.0,-0.0008309761649826158
23.411549607,23.41118097305298,-0.17659631797065836,1.4538240393907629,1.0,-0.021145052375716997,0.25655740489780793,0.0,-0.023312890631364307,-0.0626711390880073,0.0,4.0,-0.0008309761649826158
23.431538299,23.431213855743408,-0.1770246211096324,1.4589512471313337,1.0,-0.021616489111152687,0.2553332217111234,0.0,-0.023756805860350238,-0.05941645780901106,0.0,4.0,-0.0008309761649826158
23.451461155,23.451200246810913,-0.1774614305276403,1.4640428060081676,1.0,-0.02209588011746687,0.25418437266089483,0.0,-0.024217788622332665,-0.055430339123489915,0.0,4.0,-0.0008309761649826158
23.471513858,23.471238374710083,-0.177909084589792,1.469125361072638,1.0,-0.022585912248265252,0.25311930788678183,0.0,-0.024694202835236764,-0.05076874171670538,0.0,4.0,-0.0008309761649826158
23.491456397,23.49121356010437,-0.17836520330033212,1.474171700637799,1.0,-0.023084018151738047,0.25215655311043794,0.0,-0.025179415575255795,-0.045534429104193475,0.0,4.0,-0.0008309761649826158
23.511571287,23.51120615005493,-0.17883177760589347,1.4792042397333731,1.0,-0.023592331089307274,0.25130289548686036,0.0,-0.02567144508206447,-0.03978392436320577,0.0,4.0,-0.0008309761649826158
23.531632471,23.53122591972351,-0.17930926813613365,1.484227700265283,1.0,-0.02411122353119874,0.2505677805487561,0.0,-0.02616665284566188,-0.033588370418735684,0.0,4.0,-0.0008309761649826158
23.551484211,23.551226139068604,-0.1797967633636225,1.4892328149768046,1.0,-0.024639500265176965,0.24996097612900653,0.0,-0.02665998261684669,-0.027037648595538453,0.0,4.0,-0.0008309761649826158
23.571530385,23.571218967437744,-0.18029474046779842,1.4942253191483355,1.0,-0.025177400868881022,0.24948831373573296,0.0,-0.0271478448789026,-0.0202040206116207,0.0,4.0,-0.0008309761649826158
23.591517252,23.59122610092163,-0.18080392856539534,1.49921323931718,1.0,-0.025725356385279622,0.24915431365904894,0.0,-0.027626855208399127,-0.013155719304760085,0.0,4.0,-0.0008309761649826158
23.61166101,23.61123013496399,-0.1813241039852101,1.5041952288160285,1.0,-0.026282695399285707,0.2489628141958533,0.0,-0.028092706166690566,-0.005974088441551937,0.0,4.0,-0.0008309761649826158
23.631612576,23.63123083114624,-0.18185542011678063,1.5091738971808857,1.0,-0.02684908301065682,0.24891568546155335,0.0,-0.028541479885524405,0.0012647970819674912,0.0,4.0,-0.0008309761649826158
23.651646331,23.651239156723022,-0.1823983669002384,1.5141550157166082,1.0,-0.02742447019332057,0.24901336016143116,0.0,-0.02896952892534064,0.00848946840500537,0.0,4.0,-0.0008309761649826158
23.671635599,23.67124915122986,-0.182952959622775,1.5191399687065394,1.0,-0.028008231978724804,0.24925481434007954,0.0,-0.02937280566760201,0.015622027748070732,0.0,4.0,-0.0008309761649826158
23.691900712,23.691248416900635,-0.18351900447120528,1.524128483836027,1.0,-0.02859946234625378,0.249637189151561,0.0,-0.0297471742541608,0.022582430725685974,0.0,4.0,-0.0008309761649826158
23.711516974,23.711250066757202,-0.18409701162365552,1.529126583033135,1.0,-0.029197927852614134,0.25015652000263333,0.0,-0.030088997116068515,0.02929968452513509,0.0,4.0,-0.0008309761649826158
23.73155699,23.731250286102295,-0.18468702068518822,1.5341361043317312,1.0,-0.029802836936669266,0.2508070957193719,0.0,-0.0303943301290596,0.035697279524021255,0.0,4.0,-0.0008309761649826158
23.751625651,23.751259326934814,-0.18528944365121908,1.5391620185949975,1.0,-0.030413724469393978,0.2515823246832889,0.0,-0.030660975908716154,0.041729733430957434,0.0,4.0,-0.0008309761649826158
23.771518185,23.771257162094116,-0.1859038058653597,1.5442019038618242,1.0,-0.031029229962514428,0.2524740702896796,0.0,-0.030889263993748143,0.047393158736201896,0.0,4.0,-0.0008309761649826158
23.791543447,23.791284322738647,-0.18653143487012158,1.5492680567340111,1.0,-0.031649824514144664,0.2534770010680622,0.0,-0.031080492545978076,0.05270562683028764,0.0,4.0,-0.0008309761649826158
23.81208483,23.811281204223633,-0.18717056257444376,1.554347718342939,1.0,-0.0322729468736934,0.2545810611669462,0.0,-0.03123499820553763,0.05765887632314526,0.0,4.0,-0.0008309761649826158
23.831600691,23.831286668777466,-0.18782245527707794,1.5594525701834716,1.0,-0.0328990652340313,0.2557812450082667,0.0,-0.03135403135285433,0.062270280741063035,0.0,4.0,-0.0008309761649826158
23.851487688,23.85127878189087,-0.188486445635463,1.5645788850978517,1.0,-0.03352679523273254,0.25706940967048925,0.0,-0.0314383699508576,0.06654225155085254,0.0,4.0,-0.0008309761649826158
23.871583042,23.871280670166016,-0.18916334340483054,1.5697343817533105,1.0,-0.03415618931558035,0.25844038780673434,0.0,-0.03148901640814222,0.07048719613569916,0.0,4.0,-0.0008309761649826158
23.891882206,23.891355514526367,-0.18985537013935191,1.5749369833885227,1.0,-0.034788559522578984,0.2598924352518901,0.0,-0.03150682061951037,0.07412279963377649,0.0,4.0,-0.0008309761649826158
23.911549774,23.911288499832153,-0.19055507007153094,1.580132373856327,1.0,-0.035416496453454516,0.261403292766435,0.0,-0.031492654412615104,0.07741915308859261,0.0,4.0,-0.0008309761649826158
23.93158182,23.93129563331604,-0.19126995245956738,1.5853779995101143,1.0,-0.036046172142544325,0.26298276090613315,0.0,-0.0314474206091171,0.08042086328708795,0.0,4.0,-0.0008309761649826158
23.951544927,23.95130491256714,-0.19199749921638098,1.5906563652615995,1.0,-0.036674705712079265,0.2646194453266186,0.0,-0.03137199942079637,0.08312268672123613,0.0,4.0,-0.0008309761649826158
23.971682944,23.971333742141724,-0.19273833246150412,1.5959731918752573,1.0,-0.03730204511144165,0.26630891579457744,0.0,-0.03126717400917224,0.08553381692033424,0.0,4.0,-0.0008309761649826158
23.991683305,23.991349697113037,-0.1934912256703662,1.6013209150181447,1.0,-0.03792660302892715,0.26804268667497166,0.0,-0.031133995271904604,0.08765755947076649,0.0,4.0,-0.0008309761649826158
24.011712375,24.01132082939148,-0.19425486426995214,1.6066916582210833,1.0,-0.03854683052534836,0.2698121572204485,0.0,-0.030973692617546823,0.08949903853294407,0.0,4.0,-0.0008309761649826158
24.03159902,24.031331300735474,-0.19503235642270547,1.612108592477964,1.0,-0.039149989108308206,0.27155229034934125,0.0,-0.02713341977311156,0.07457657642989216,0.0,5.0,-0.0008309761649826158
24.051941649,24.051329851150513,-0.19582012432560159,1.6175516048129368,1.0,-0.039604339324630256,0.272672735671241,0.0,-0.01843782937992179,0.0381947657032116,0.0,5.0,-0.0008309761649826158
24.071657993,24.071324586868286,-0.1966151529253536,1.623009079975193,1.0,-0.039892599168403785,0.27310800049903233,0.0,-0.010522812318743555,0.006028605594441464,0.0,5.0,-0.0008309761649826158
24.091752386,24.091381072998047,-0.19741687842426953,1.6284859066168758,1.0,-0.0400303343385814,0.2729392422305636,0.0,-0.0033347555582673386,-0.022198864048389354,0.0,5.0,-0.0008309761649826158
24.111628181,24.11130666732788,-0.19821473443324258,1.633918329669091,1.0,-0.04003159407652798,0.27224937946668715,0.0,0.0030922437733258952,-0.046426631360469914,0.0,5.0,-0.0008309761649826158
24.131605146,24.131333827972412,-0.19901543196947025,1.6393599281023754,1.0,-0.03991073014007513,0.27110628897656885,0.0,0.00886576236038338,-0.0671352059045335,0.0,5.0,-0.0008309761649826158
24.151995687,24.151554584503174,-0.19982028143333352,1.644826931913811,1.0,-0.039678155266250424,0.2695670877797178,0.0,0.014028912879939343,-0.0845327495266154,0.0,5.0,-0.0008309761649826158
24.171551779,24.17129135131836,-0.20060037047790058,1.6501299053436727,1.0,-0.03935663168330225,0.26775776903337445,0.0,0.01845355990660389,-0.09829828577751015,0.0,5.0,-0.0008309761649826158
24.191594291,24.191335916519165,-0.2013852848593579,1.6554765061280328,1.0,-0.03894665017277694,0.26567298579744275,0.0,0.022356481177838814,-0.10921633167178839,0.0,5.0,-0.0008309761649826158
24.211659592,24.21134328842163,-0.20215979511719265,1.660769458182312,1.0,-0.038465104597461976,0.2634030869188672,0.0,0.025689483004920563,-0.11722599514370252,0.0,5.0,-0.0008309761649826158
24.231675924,24.231356859207153,-0.20292427891614792,1.6660172212352422,1.0,-0.03792205842227981,0.26099944284189514,0.0,0.02849233925445049,-0.12254167749100923,0.0,5.0,-0.0008309761649826158
24.251727173,24.251441955566406,-0.2036800382890927,1.6712344850019403,1.0,-0.0373257695089802,0.25850584462658954,0.0,0.03080245068830169,-0.12535627898660065,0.0,5.0,-0.0008309761649826158
24.271685383,24.271348476409912,-0.20441683008529266,1.6763555064308462,1.0,-0.03669370869565383,0.2560019525338628,0.0,0.03262599562385799,-0.12584364319496597,0.0,5.0,-0.0008309761649826158
24.291630631,24.29136037826538,-0.20514451396988406,1.6814535124187373,1.0,-0.03602611577060227,0.2534964896532379,0.0,0.03402264822408351,-0.12421285959767234,0.0,5.0,-0.0008309761649826158
24.31163384,24.311355352401733,-0.20585797636377828,1.6864975071152344,1.0,-0.03533529758005557,0.2510454383519682,0.0,0.035011989674537065,-0.12064930170438876,0.0,5.0,-0.0008309761649826158
24.331629368,24.331367015838623,-0.20655803777196308,1.6914975196876028,1.0,-0.03462789604440803,0.24868144297385966,0.0,0.03562685324053605,-0.11533685412692751,0.0,5.0,-0.0008309761649826158
24.351778395,24.351364135742188,-0.2072433461490609,1.6964477829443203,1.0,-0.03391221348019907,0.2464412410584034,0.0,0.035897312693355186,-0.10847333039148485,0.0,5.0,-0.0008309761649826158
24.371616872,24.37131667137146,-0.2079128388448326,1.701343883722584,1.0,-0.03319589055872024,0.2443566944847888,0.0,0.0358554553888767,-0.10026468850734137,0.0,5.0,-0.0008309761649826158
24.391616273,24.39135718345642,-0.20857091593590618,1.706221375787313,1.0,-0.03248013507025653,0.2424399499974853,0.0,0.03553113908295067,-0.0908421862280261,0.0,5.0,-0.0008309761649826158
24.411591286,24.41137146949768,-0.2092139036978982,1.7110561457136841,1.0,-0.031774363529391114,0.2407243685182859,0.0,0.03495607105405619,-0.08044401027120544,0.0,5.0,-0.0008309761649826158
24.431747866,24.431365489959717,-0.2098422615468951,1.7158538333625515,1.0,-0.031083051050934785,0.2392266078787715,0.0,0.03416208669015143,-0.06926051887363999,0.0,5.0,-0.0008309761649826158
24.451562115,24.45135807991028,-0.2104569242933758,1.720623503206296,1.0,-0.030409596621868044,0.23795890730953473,0.0,0.03317987277080032,-0.057471997176336886,0.0,5.0,-0.0008309761649826158
24.471765199,24.471381902694702,-0.21105926650818696,1.7253776696989596,1.0,-0.02975639437972098,0.23692994218120442,0.0,0.03203854331051077,-0.04524770828739444,0.0,5.0,-0.0008309761649826158
24.491680649,24.4913809299469,-0.21164804247353083,1.7301078287828144,1.0,-0.029128129861665207,0.2361491643004285,0.0,0.030772356240407993,-0.03281169317179934,0.0,5.0,-0.0008309761649826158
24.511575296,24.511380434036255,-0.21222452201237677,1.73482493348685,1.0,-0.028526182106583215,0.23561777559585168,0.0,0.029411061570920185,-0.02033849370927316,0.0,5.0,-0.0008309761649826158
24.531643413,24.531385898590088,-0.21278941355623757,1.7395353594101526,1.0,-0.027951977357344362,0.23533458258275033,0.0,0.02798532506596675,-0.008014197077033564,0.0,5.0,-0.0008309761649826158
24.551732749,24.551392078399658,-0.21334312160882915,1.7442427019681337,1.0,-0.027406661053594534,0.2352948356413161,0.0,0.026526640572248038,0.003967790776307732,0.0,5.0,-0.0008309761649826158
24.571650696,24.571394205093384,-0.21388610064247457,1.7489506349886972,1.0,-0.02689070191279115,0.23548973076390275,0.0,0.025066207916782015,0.01541667737249614,0.0,5.0,-0.0008309761649826158
24.591621772,24.59139585494995,-0.21441904219305505,1.753664639171931,1.0,-0.02640380662930282,0.23590727265008887,0.0,0.023622177024407706,0.026227391777478036,0.0,5.0,-0.0008309761649826158
24.61207946,24.611416578292847,-0.21494302841986196,1.7583936341963156,1.0,-0.02594519487689255,0.23653538817962777,0.0,0.022194311927314414,0.036414326389022186,0.0,5.0,-0.0008309761649826158
24.631615741,24.631404399871826,-0.2154572767695875,1.7631293798946903,1.0,-0.025515680716695903,0.23735969741930732,0.0,0.020786169553268653,0.04596473168482869,0.0,5.0,-0.0008309761649826158
24.651630664,24.65140175819397,-0.21596346135139466,1.7678857577281504,1.0,-0.025113953700360785,0.23836934585569125,0.0,0.019394582104374197,0.05491311784215349,0.0,5.0,-0.0008309761649826158
24.671645844,24.67140793800354,-0.2164621041026577,1.7726661529883132,1.0,-0.024739727373645194,0.2395525298999596,0.0,0.0180194992680272,0.06327133057240736,0.0,5.0,-0.0008309761649826158
24.691584616,24.691401720046997,-0.21695323404027866,1.7774688895449233,1.0,-0.02439304601985463,0.24089622071688477,0.0,0.01666221949919975,0.07104385406603361,0.0,5.0,-0.0008309761649826158
24.71159463,24.711411714553833,-0.2174380909697797,1.7823039168525658,1.0,-0.024073086382599133,0.24239088299211867,0.0,0.015320678973351725,0.07825467373472489,0.0,5.0,-0.0008309761649826158
24.731822922,24.731428861618042,-0.21791698953113156,1.7871720702025478,1.0,-0.02377969962211953,0.2440248879809829,0.0,0.01399535228966827,0.08491276393065281,0.0,5.0,-0.0008309761649826158
24.751614915,24.751423120498657,-0.21838973712663554,1.792068557974115,1.0,-0.02351296900782784,0.24578461939080454,0.0,0.012688100558648465,0.09102172601595684,0.0,5.0,-0.0008309761649826158
24.771714928,24.77143383026123,-0.21885779243652878,1.797005466241892,1.0,-0.023272025377792296,0.24766277405216602,0.0,0.01139619882202488,0.09660698329920853,0.0,5.0,-0.0008309761649826158
24.791707308,24.79146957397461,-0.21932186167959278,1.8019872973468534,1.0,-0.023056516713027105,0.24965005856567007,0.0,0.010118996959776218,0.10168246085537207,0.0,5.0,-0.0008309761649826158
24.811645565,24.811437606811523,-0.21978032045462967,1.806992889956574,1.0,-0.0228670349988639,0.2517267713941052,0.0,0.008862217102431867,0.10623938392785,0.0,5.0,-0.0008309761649826158
24.831632215,24.831434965133667,-0.22023591362237777,1.8120483020322136,1.0,-0.022702264878025888,0.2538928359066607,0.0,0.007619560847159152,0.11031443767297149,0.0,5.0,-0.0008309761649826158
24.851919526,24.851449489593506,-0.220688844106395,1.8171521821454801,1.0,-0.022562076938479628,0.2561375544219862,0.0,0.0063917149830567685,0.11391649177567284,0.0,5.0,-0.0008309761649826158
24.871727585,24.871446132659912,-0.22113881208409622,1.8222970555486762,1.0,-0.022446398662144918,0.25844761114031706,0.0,0.005180684040740201,0.11705237908488106,0.0,5.0,-0.0008309761649826158
24.891708474,24.891445875167847,-0.22158677881526276,1.8274895455471785,1.0,-0.022354768340824168,0.2608162368418174,0.0,0.003985036669468432,0.11973900439139441,0.0,5.0,-0.0008309761649826158
24.911775842,24.911506414413452,-0.2220345070274933,1.8327459314250107,1.0,-0.0222867255417007,0.26324162785373534,0.0,0.0028012605414812737,0.12199511547171873,0.0,5.0,-0.0008309761649826158
24.93177315,24.931461095809937,-0.22247875108349496,1.8380232491521356,1.0,-0.022242448705098734,0.2656948638168659,0.0,0.0016390068416332168,0.12381650128043711,0.0,5.0,-0.0008309761649826158
24.951839814,24.951470851898193,-0.2229235674143256,1.8433646449629593,1.0,-0.022221186414347067,0.26818725189463183,0.0,0.0004886963621587491,0.12523256962322257,0.0,5.0,-0.0008309761649826158
24.97174597,24.971474409103394,-0.22336804888039816,1.8487544802803508,1.0,-0.022222786917475066,0.27070318530365634,0.0,-0.000646224894268102,0.1262505609773174,0.0,5.0,-0.0008309761649826158
24.991746991,24.991477251052856,-0.22381276992305482,1.854194593755472,1.0,-0.022246939288036834,0.2732355093470701,0.0,-0.0017662104137813812,0.12688405879172193,0.0,5.0,-0.0008309761649826158
25.011787218,25.011487245559692,-0.22425835626000248,1.8596874306476199,1.0,-0.02229336719529975,0.2757776767147257,0.0,-0.0028718380548181494,0.12714623770676725,0.0,5.0,-0.0008309761649826158
25.031773548,25.031491994857788,-0.22470497327432656,1.8652296419321563,1.0,-0.022359167581979377,0.27827224216295793,0.0,-0.0033352788764850036,0.11525180935274294,0.0,6.0,-0.0008309761649826158
25.051852726,25.05155301094055,-0.2251541664970174,1.8708333826339933,1.0,-0.022422322009765884,0.2803053909150471,0.0,-0.0029834233770745125,0.08784510084471499,0.0,6.0,-0.0008309761649826158
25.071725149,25.071484565734863,-0.22560165454305484,1.8764360716142103,1.0,-0.02247939464888003,0.2818044268599393,0.0,-0.002764745328353872,0.06295517866183528,0.0,6.0,-0.0008309761649826158
25.09187938,25.091496467590332,-0.22605205242086387,1.8820865302593766,1.0,-0.02253357979528219,0.2828331739552052,0.0,-0.0026711828581583927,0.04023059651890031,0.0,6.0,-0.0008309761649826158
25.111766941,25.111492156982422,-0.22650316405163778,1.8877486555748444,1.0,-0.022587068773484226,0.2834288861164454,0.0,-0.0026985180319252506,0.019710533418037798,0.0,6.0,-0.0008309761649826158
25.131785789,25.131505727767944,-0.2269557563135809,1.893423715419544,1.0,-0.02264231778560601,0.28363548134296845,0.0,-0.0028415247332576584,0.0012797659099825999,0.0,6.0,-0.0008309761649826158
25.15173528,25.151487112045288,-0.22740876530921766,1.8990903007236721,1.0,-0.022701443659374643,0.2834941168573842,0.0,-0.0030944509662943764,-0.015099284084807723,0.0,6.0,-0.0008309761649826158
25.171778804,25.171493768692017,-0.22786358451861424,1.9047580239180149,1.0,-0.022766765706931483,0.28304424878737355,0.0,-0.0034526816167020557,-0.02955541179999122,0.0,6.0,-0.0008309761649826158
25.191766543,25.191509008407593,-0.228319989343454,1.9104164553367,1.0,-0.022840295848930634,0.28232357161813315,0.0,-0.003910903744289872,-0.042153001439322796,0.0,6.0,-0.0008309761649826158
25.211921798,25.211517810821533,-0.22877781661570673,1.9160562492169666,1.0,-0.022923923942688704,0.2813690804569287,0.0,-0.004463498426099485,-0.052963286440020206,0.0,6.0,-0.0008309761649826158
25.23219765,25.23151469230652,-0.22923715315263207,1.921671478763258,1.0,-0.02301944797507026,0.2802162056349533,0.0,-0.005104892797328029,-0.06206667207347253,0.0,6.0,-0.0008309761649826158
25.251805547,25.25151491165161,-0.22969861964301977,1.9272629793218843,1.0,-0.0231286663890946,0.27889735528426696,0.0,-0.005830260015515637,-0.0695524875880625,0.0,6.0,-0.0008309761649826158
25.271869458,25.271519660949707,-0.2301625214070501,1.932827907577556,1.0,-0.02325321573872999,0.2774439787887275,0.0,-0.006634390429009062,-0.07550101869425493,0.0,6.0,-0.0008309761649826158
25.291751386,25.2915198802948,-0.23062897504923985,1.9383614246778822,1.0,-0.023394559899495054,0.2758866832354919,0.0,-0.007511646557393919,-0.07999068136006654,0.0,6.0,-0.0008309761649826158
25.311854697,25.31152081489563,-0.23109844927421733,1.9438631489253761,1.0,-0.02355414324535092,0.2742534441630108,0.0,-0.008456949071223744,-0.08310406356709156,0.0,6.0,-0.0008309761649826158
25.3318489,25.331522464752197,-0.23157132914553072,1.9493319075834366,1.0,-0.023733277813022625,0.27257095132211967,0.0,-0.009465037789021821,-0.08492207863855092,0.0,6.0,-0.0008309761649826158
25.351844896,25.351523637771606,-0.23204798376724278,1.9547665759691668,1.0,-0.023933153258012194,0.2708644256504418,0.0,-0.01053056037566874,-0.08552558452511488,0.0,6.0,-0.0008309761649826158
25.371875106,25.371584177017212,-0.23253029311248077,1.9601831170886443,1.0,-0.024155565603795625,0.2691522311443175,0.0,-0.01165166890207697,-0.08499247379306979,0.0,6.0,-0.0008309761649826158
25.391881791,25.391582489013672,-0.23301576786455955,1.9655487718918994,1.0,-0.02440014895924871,0.2674666977515826,0.0,-0.012816233905466426,-0.08340743226656455,0.0,6.0,-0.0008309761649826158
25.411758982,25.411532163619995,-0.23350517184098588,1.9708681952166622,1.0,-0.024667765435476576,0.2658266311022687,0.0,-0.014019416584952364,-0.08085882349954028,0.0,6.0,-0.0008309761649826158
25.431921887,25.431553840637207,-0.23400195405034319,1.9761744960047352,1.0,-0.02496085328157603,0.2642408024201428,0.0,-0.015263282270313127,-0.07741052756565235,0.0,6.0,-0.0008309761649826158
25.451807592,25.45155167579651,-0.23450425635495173,1.9814435618376538,1.0,-0.025278773520870074,0.26273400281744,0.0,-0.01653673584504398,-0.07315680067760669,0.0,6.0,-0.0008309761649826158
25.471793602,25.471546411514282,-0.23501308835319326,1.9866825333816625,1.0,-0.025622367789728977,0.26131990833705726,0.0,-0.01783573556324384,-0.06817592446698016,0.0,6.0,-0.0008309761649826158
25.491767674,25.491540670394897,-0.23552903989377888,1.9918941544655915,1.0,-0.02599214005701668,0.26001203431892317,0.0,-0.019155183473890534,-0.06254833143984895,0.0,6.0,-0.0008309761649826158
25.511710444,25.51154112815857,-0.2360528150826703,1.9970824129015063,1.0,-0.02638858290901405,0.25882211818621115,0.0,-0.020490253340333577,-0.056352826596454,0.0,6.0,-0.0008309761649826158
25.531749295,25.531556844711304,-0.23658519729090283,2.0022520887904065,1.0,-0.026812169967818003,0.2577603426971429,0.0,-0.02183628501171719,-0.04966681051286459,0.0,6.0,-0.0008309761649826158
25.551835579,25.551556825637817,-0.23712589693137093,2.0073978195254556,1.0,-0.027262387711947462,0.25683725264244756,0.0,-0.023185902477931997,-0.04258174906898623,0.0,6.0,-0.0008309761649826158
25.571751881,25.571563720703125,-0.2376760679419656,2.0125283474357945,1.0,-0.027739774512758754,0.2560589801396323,0.0,-0.02453536406096329,-0.03517086466559055,0.0,6.0,-0.0008309761649826158
25.591850774,25.59157371520996,-0.2382361385277322,2.0176455167676384,1.0,-0.028244181770604577,0.2554314599539,0.0,-0.02587909162085269,-0.02751661609777085,0.0,6.0,-0.0008309761649826158
25.611780647,25.611573457717896,-0.23880627859784923,2.0227490869145326,1.0,-0.028775097371466236,0.25495904847353706,0.0,-0.02721093718363691,-0.019705126968544713,0.0,6.0,-0.0008309761649826158
25.632024781,25.631744146347046,-0.2393923186252885,2.027888323354969,1.0,-0.029337372635092108,0.25464178575586577,0.0,-0.028537464887813876,-0.011745981314074798,0.0,6.0,-0.0008309761649826158
25.65184161,25.65157723426819,-0.23997986831342757,2.0329368757946926,1.0,-0.029916120497151134,0.25448648897019094,0.0,-0.029820197860273276,-0.003921191239782731,0.0,6.0,-0.0008309761649826158
25.671974558,25.671630144119263,-0.24058585262950025,2.038039790472988,1.0,-0.030526882392980275,0.2544865630423467,0.0,-0.031090085653087803,0.003908044772101366,0.0,6.0,-0.0008309761649826158
25.691890305,25.691595315933228,-0.24120160365027277,2.0431219293968437,1.0,-0.031159956011103072,0.2546411133757486,0.0,-0.03232213265443152,0.01154019056907917,0.0,6.0,-0.0008309761649826158
25.712041003,25.711602687835693,-0.24183158949273403,2.0482194956896143,1.0,-0.03181868677008806,0.2549465516616537,0.0,-0.03351920489364589,0.018944574566440595,0.0,6.0,-0.0008309761649826158
25.731924807,25.73159146308899,-0.24247437494928054,2.0533197875462013,1.0,-0.03250028946923103,0.2553965209865015,0.0,-0.03467228446867057,0.026017117841609334,0.0,6.0,-0.0008309761649826158
25.75190674,25.751601934432983,-0.24313173674399874,2.058436048623638,1.0,-0.0332052515027203,0.25598468403633085,0.0,-0.03577892854613766,0.032698359114452284,0.0,6.0,-0.0008309761649826158
25.771871454,25.77160382270813,-0.24380313567064496,2.063563211703875,1.0,-0.033931557332033506,0.25670202569357276,0.0,-0.036836471426480576,0.038959982305264124,0.0,6.0,-0.0008309761649826158
25.791854699,25.791617155075073,-0.24448966669947944,2.068708890636053,1.0,-0.03467896934568825,0.25754102644675814,0.0,-0.03784681139513778,0.044816526535590026,0.0,6.0,-0.0008309761649826158
25.813069676,25.8128080368042,-0.245233112488061,2.0741768634884314,1.0,-0.03549185381677919,0.25855258499101497,0.0,-0.03886542545835442,0.05058153813056057,0.0,6.0,-0.0008309761649826158
25.831864876,25.831621646881104,-0.2459077787237954,2.0790504560099516,1.0,-0.03623122322895277,0.2595494398925618,0.0,-0.03972650084924058,0.05533207620611945,0.0,6.0,-0.0008309761649826158
25.852011734,25.851622343063354,-0.24664042811500955,2.08425297571868,1.0,-0.037034566189058565,0.260703535230305,0.0,-0.04059808697688724,0.060011159783027845,0.0,6.0,-0.0008309761649826158
25.871941081,25.871623039245605,-0.2473893197716332,2.089479513652454,1.0,-0.03785490087667457,0.26194746568719196,0.0,-0.04142538049999677,0.0643161675394137,0.0,6.0,-0.0008309761649826158
25.892174033,25.89162850379944,-0.24815496821544247,2.0947330399579434,1.0,-0.03869155020570095,0.2632741590366605,0.0,-0.04220942700699311,0.06825652179061019,0.0,6.0,-0.0008309761649826158
25.911877966,25.911640644073486,-0.24893777152026217,2.1000156338979052,1.0,-0.03954374327220798,0.26467657216285634,0.0,-0.0429511272336644,0.07184081441204394,0.0,6.0,-0.0008309761649826158
25.931976815,25.931716203689575,-0.2497403382754464,2.1053438706331518,1.0,-0.0404131292542459,0.26615197224942316,0.0,-0.04365323346361251,0.07508593560358323,0.0,6.0,-0.0008309761649826158
25.952044459,25.951639890670776,-0.250554222183781,2.110661679739044,1.0,-0.04128946228721185,0.26767721820185764,0.0,-0.04430935180101143,0.07796788630778471,0.0,6.0,-0.0008309761649826158
25.971897218,25.971640825271606,-0.25138895507086706,2.116031248407505,1.0,-0.042181945123654224,0.2692628197942911,0.0,-0.04492812563210535,0.08053025652335731,0.0,6.0,-0.0008309761649826158
25.992032617,25.991678953170776,-0.2522432688690723,2.121443139227424,1.0,-0.043088111212838516,0.2708995194690379,0.0,-0.04550884212352242,0.0827736318676914,0.0,6.0,-0.0008309761649826158
26.011926151,26.01166009902954,-0.25311333514624335,2.126872648994227,1.0,-0.04400289117743345,0.2725731475541447,0.0,-0.04604968336499267,0.08469643805175736,0.0,6.0,-0.0008309761649826158
26.032227242,26.031920194625854,-0.25401429748794085,2.132412364424509,1.0,-0.044929506597696255,0.27424338574199114,0.0,-0.043827825584064894,0.07152154527309502,0.0,7.0,-0.0008309761649826158
26.05184252,26.051652431488037,-0.25490902502004403,2.1378356667297087,1.0,-0.04573951808636402,0.27534513891031565,0.0,-0.03838048694263017,0.040696794852379065,0.0,7.0,-0.0008309761649826158
26.072045771,26.071660041809082,-0.2558315075914837,2.143350879432468,1.0,-0.04645758027377491,0.27587421503201864,0.0,-0.03350507371093011,0.01273177724759882,0.0,7.0,-0.0008309761649826158
26.092038554,26.091660737991333,-0.2567671006804053,2.1488694049813373,1.0,-0.047084199958991955,0.2758758830469869,0.0,-0.029256583797170648,-0.012046824811210236,0.0,7.0,-0.0008309761649826158
26.111900818,26.1117000579834,-0.25771625265228404,2.154393825571486,1.0,-0.04763286043891935,0.27541130018734095,0.0,-0.0255998139507764,-0.03382285564241847,0.0,7.0,-0.0008309761649826158
26.131982256,26.13167095184326,-0.2586724163458112,2.1598860018022563,1.0,-0.04811249353114919,0.2745434018332211,0.0,-0.022526007203391464,-0.052621514929258914,0.0,7.0,-0.0008309761649826158
26.152190404,26.151694774627686,-0.25964014707572947,2.1653717255458123,1.0,-0.04853725962140529,0.27332427017926375,0.0,-0.019988857482614752,-0.06869512564367765,0.0,7.0,-0.0008309761649826158
26.171953099,26.17169427871704,-0.2606147307061471,2.1708234430346183,1.0,-0.0489160254602633,0.2718119547255524,0.0,-0.01797232604297328,-0.08211067834474979,0.0,7.0,-0.0008309761649826158
26.191870829,26.19162368774414,-0.26159305888516876,2.176223428795359,1.0,-0.04925825361463937,0.270063114649194,0.0,-0.01645062399097013,-0.09298971160115421,0.0,7.0,-0.0008309761649826158
26.211908259,26.21166729927063,-0.26258358958900313,2.181617133400688,1.0,-0.049576539749249846,0.26810953725578485,0.0,-0.01538431355824773,-0.101559414107373,0.0,7.0,-0.0008309761649826158
26.231954811,26.231683015823364,-0.263578931353416,2.186962730907335,1.0,-0.049877482177134856,0.26600989292028704,0.0,-0.014756931978770512,-0.10787878766867212,0.0,7.0,-0.0008309761649826158
26.252193396,26.25168800354004,-0.26457966419169976,2.192262367928889,1.0,-0.0501698617023192,0.2638062168397736,0.0,-0.014539687032459985,-0.11209458295627171,0.0,7.0,-0.0008309761649826158
26.272117143,26.27169370651245,-0.26558626251102724,2.197517385793672,1.0,-0.05046177823959245,0.2615380050109303,0.0,-0.014705173830673443,-0.11434555960430445,0.0,7.0,-0.0008309761649826158
26.29193892,26.29169011116028,-0.2665982869673986,2.2027242940414204,1.0,-0.05076046785364503,0.2592443581138624,0.0,-0.01522611488649406,-0.11476653108747145,0.0,7.0,-0.0008309761649826158
26.312002467,26.31169891357422,-0.2676170465526542,2.207888567896614,1.0,-0.05107310399139205,0.2569580406673199,0.0,-0.016076192165301702,-0.11349228839935134,0.0,7.0,-0.0008309761649826158
26.331898753,26.331690788269043,-0.26864137711674274,2.2130031195763746,1.0,-0.05140552158058659,0.25471494721406607,0.0,-0.017227104026929646,-0.11065989745510513,0.0,7.0,-0.0008309761649826158
26.351909651,26.351698398590088,-0.26967341215853,2.2180774430557317,1.0,-0.051764028743430855,0.2525412718972087,0.0,-0.0186537388715009,-0.10639962249933804,0.0,7.0,-0.0008309761649826158
26.371965133,26.37170910835266,-0.2707130911809504,2.2231100275752973,1.0,-0.05215367052367137,0.2504656520616735,0.0,-0.02032862089570415,-0.10084691112592736,0.0,7.0,-0.0008309761649826158
26.391908851,26.391701459884644,-0.27175994673500786,2.228097679057176,1.0,-0.05257867416511605,0.24851468557152234,0.0,-0.022222706015591037,-0.09414390734594358,0.0,7.0,-0.0008309761649826158
26.412048795,26.41171383857727,-0.2728167605285406,2.233052710670168,1.0,-0.053044016399051125,0.24670640831876228,0.0,-0.024312707250870452,-0.08641231166520023,0.0,7.0,-0.0008309761649826158
26.431960988,26.43171000480652,-0.2738824412776947,2.237969156232616,1.0,-0.053552467342776085,0.24506323666957047,0.0,-0.026567917191703816,-0.07780061051417168,0.0,7.0,-0.0008309761649826158
26.451997074,26.451714277267456,-0.27495920159657244,2.242856553331747,1.0,-0.05410769923945434,0.24359943088674077,0.0,-0.02896406167805048,-0.06843342232953162,0.0,7.0,-0.0008309761649826158
26.471999906,26.471723079681396,-0.2760477946622791,2.2477176406165555,1.0,-0.054712177479574124,0.24232915501574018,0.0,-0.03147382205604684,-0.05844669313825141,0.0,7.0,-0.0008309761649826158
26.492104196,26.491724967956543,-0.27714860660997404,2.2525536689652204,1.0,-0.05536754295264541,0.24126408905108992,0.0,-0.03406879431594228,-0.04798093075439891,0.0,7.0,-0.0008309761649826158
26.512244973,26.511726140975952,-0.27826300748771593,2.257370328365608,1.0,-0.05607542052114242,0.24041208795842953,0.0,-0.03672277327516668,-0.0371678908216322,0.0,7.0,-0.0008309761649826158
26.53218165,26.53175401687622,-0.2793936245539062,2.2621785572115556,1.0,-0.056837804011990796,0.2397780127447967,0.0,-0.039412516076868666,-0.02612699905488438,0.0,7.0,-0.0008309761649826158
26.551901041,26.551729679107666,-0.280537043101302,2.2669638211961436,1.0,-0.05765195787498022,0.23936685706678731,0.0,-0.04210043320962098,-0.015036730554109623,0.0,7.0,-0.0008309761649826158
26.571921445,26.571728467941284,-0.2816986162729679,2.2717486254162105,1.0,-0.058520670159197645,0.2391768063806787,0.0,-0.04476972043504873,-0.003990005675425985,0.0,7.0,-0.0008309761649826158
26.591891856,26.591747522354126,-0.2828792865715231,2.276536627591177,1.0,-0.059443274240298716,0.23920613005058988,0.0,-0.04739290980806942,0.0068764381704598315,0.0,7.0,-0.0008309761649826158
26.611929926,26.61172580718994,-0.2840764839781898,2.281317611099888,1.0,-0.06041564184043828,0.23944923647796368,0.0,-0.04993518936820475,0.017395371739113902,0.0,7.0,-0.0008309761649826158
26.631993697,26.63175129890442,-0.2852965226897498,2.2861169011886022,1.0,-0.061440306121343706,0.23989942978059534,0.0,-0.052380750342524214,0.02747817280021122,0.0,7.0,-0.0008309761649826158
26.652223417,26.651751279830933,-0.2865359605169807,2.290921024162431,1.0,-0.06251128653397332,0.2405448406347708,0.0,-0.05469354366886486,0.03695258435194942,0.0,7.0,-0.0008309761649826158
26.672014437,26.671746015548706,-0.28779693263488904,2.2957386222879355,1.0,-0.06362674007807488,0.24137262249385544,0.0,-0.05685635432062909,0.04573066032790098,0.0,7.0,-0.0008309761649826158
26.692122941,26.691761016845703,-0.2890819545228115,2.3005794343579695,1.0,-0.06478514202089046,0.2423700605033526,0.0,-0.05887168634346382,0.0538235698003571,0.0,7.0,-0.0008309761649826158
26.712013837,26.71175479888916,-0.2903891427992886,2.305436570794958,1.0,-0.0659811091549559,0.24352136688244508,0.0,-0.06073864245215263,0.061232325172058504,0.0,7.0,-0.0008309761649826158
26.732081309,26.731765508651733,-0.2917217444576876,2.3103223077932213,1.0,-0.06721402779284971,0.24481535248415826,0.0,-0.062464162197503406,0.06798926714377324,0.0,7.0,-0.0008309761649826158
26.752071582,26.75177764892578,-0.29307947208357144,2.3152356737869346,1.0,-0.06848018197326734,0.24623823904159478,0.0,-0.06405004601944467,0.07410625506102624,0.0,7.0,-0.0008309761649826158
26.772045117,26.77177929878235,-0.29446209870191997,2.320176041482242,1.0,-0.0697759999946162,0.24777642729601487,0.0,-0.0654987107545785,0.07959781681029286,0.0,7.0,-0.0008309761649826158
26.792102475,26.79179072380066,-0.29587161638587794,2.32515065996928,1.0,-0.07110010784946512,0.24941920654576702,0.0,-0.06681495864909973,0.08448752412229586,0.0,7.0,-0.0008309761649826158
26.812182876,26.81179642677307,-0.2973074803882724,2.330157685843429,1.0,-0.07244887013111453,0.25115343749559704,0.0,-0.06800105016793628,0.08878934963961219,0.0,7.0,-0.0008309761649826158
26.832156443,26.83186960220337,-0.2987755179543627,2.3352172314154784,1.0,-0.07382473234749205,0.25297423192756235,0.0,-0.06906403201127505,0.09253425208743078,0.0,7.0,-0.0008309761649826158
26.852183939,26.851791858673096,-0.3002600453311229,2.340275640259884,1.0,-0.07521013427112938,0.25485018215475214,0.0,-0.06999645002919541,0.09570295305863587,0.0,7.0,-0.0008309761649826158
26.872092407,26.871795415878296,-0.3017785786189031,2.3453928912430824,1.0,-0.0766186793864231,0.25679196346048117,0.0,-0.0708131027565112,0.09835306938948227,0.0,7.0,-0.0008309761649826158
26.89237854,26.891964197158813,-0.30333834801101933,2.350592268985908,1.0,-0.07805421417620925,0.2587981947478973,0.0,-0.0715185565942373,0.10050401640762155,0.0,7.0,-0.0008309761649826158
26.912165963,26.911811590194702,-0.3049016297727174,2.355748591840095,1.0,-0.07947961144085239,0.26080982222496796,0.0,-0.0721004246301982,0.10212764790938525,0.0,7.0,-0.0008309761649826158
26.932078559,26.93180751800537,-0.30650535481328883,2.3609842566800716,1.0,-0.08092628173899885,0.2628643412264628,0.0,-0.07257726504875837,0.10328672051840747,0.0,7.0,-0.0008309761649826158
26.952148047,26.951815366744995,-0.30813907126738815,2.3662643418745017,1.0,-0.08238228046521176,0.2649386327462768,0.0,-0.07294778979641299,0.1039853880759019,0.0,7.0,-0.0008309761649826158
26.97221619,26.97181510925293,-0.3098013047250008,2.3715838683162613,1.0,-0.0838440582425839,0.2670215908045547,0.0,-0.07321490666497274,0.10424071603999421,0.0,7.0,-0.0008309761649826158
26.992097357,26.99181294441223,-0.31149264535836907,2.3769445246930636,1.0,-0.08531002321039058,0.26910516169383203,0.0,-0.07338208192813869,0.10407100553158617,0.0,7.0,-0.0008309761649826158
27.012148729,27.01181960105896,-0.31321412044668473,2.3823492600463108,1.0,-0.08677902990036163,0.2711821824142179,0.0,-0.07345266420420055,0.1034938325162012,0.0,7.0,-0.0008309761649826158
27.032130778,27.031819581985474,-0.31496433738419555,2.387793395696066,1.0,-0.0882290152189128,0.27319126571660524,0.0,-0.06879905676559259,0.08991257775530301,0.0,8.0,-0.0008309761649826158
27.052102809,27.051822662353516,-0.3167422190498338,2.393273988319432,1.0,-0.08949688160807025,0.2746858948264036,0.0,-0.05815028808572412,0.06004214683019613,0.0,8.0,-0.0008309761649826158
27.072131489,27.071828603744507,-0.3185436759085054,2.3987795349957297,1.0,-0.09056265388154791,0.2756135929471262,0.0,-0.048569607484038435,0.03319441636424187,0.0,8.0,-0.0008309761649826158
27.092165482,27.091834783554077,-0.32036461543473443,2.4042984912189906,1.0,-0.09144710388006963,0.2760334683517107,0.0,-0.040015975629278104,0.0092551480389018,0.0,8.0,-0.0008309761649826158
27.112119814,27.111870527267456,-0.3222043326028379,2.4098294155879683,1.0,-0.09217130762093943,0.27600216351867285,0.0,-0.03243626452257278,-0.011923664552207568,0.0,8.0,-0.0008309761649826158
27.132169522,27.131840467453003,-0.32405100490598265,2.4153375273251605,1.0,-0.09275148260473219,0.27557555743525225,0.0,-0.02582128022612359,-0.03036740622635658,0.0,8.0,-0.0008309761649826158
27.152083719,27.151851654052734,-0.32591184677306584,2.420844941064341,1.0,-0.09320940022015066,0.2748043094025865,0.0,-0.02009120017561385,-0.04629856298389614,0.0,8.0,-0.0008309761649826158
27.172081738,27.171847820281982,-0.32777934339642795,2.4263297432350996,1.0,-0.09356106515617307,0.27373972295492766,0.0,-0.015221297999786446,-0.059785959201230546,0.0,8.0,-0.0008309761649826158
27.192076653,27.19184899330139,-0.3296534456903027,2.431792147518793,1.0,-0.09382360814932707,0.27242838329757274,0.0,-0.011163312287539397,-0.07096394097643387,0.0,8.0,-0.0008309761649826158
27.212293942,27.211888790130615,-0.33153566828467995,2.437236692481934,1.0,-0.09401306820933404,0.270912527905469,0.0,-0.007870351670555597,-0.07996271521861778,0.0,8.0,-0.0008309761649826158
27.232171876,27.23185896873474,-0.33341449548880236,2.442630374758481,1.0,-0.09414355991509096,0.26924348632101874,0.0,-0.005315835147631508,-0.086857334237368,0.0,8.0,-0.0008309761649826158
27.252438774,27.25189733505249,-0.33530192529463243,2.4480078184025427,1.0,-0.09423016617019292,0.2674501408106624,0.0,-0.0034392071502978563,-0.0918149059128094,0.0,8.0,-0.0008309761649826158
27.272158089,27.27187204360962,-0.337184722355151,2.453331456154645,1.0,-0.09428556010234196,0.2655822117577141,0.0,-0.0022105228439242104,-0.09492056778180061,0.0,8.0,-0.0008309761649826158
27.292127911,27.291869640350342,-0.3390706159649727,2.4586234143836943,1.0,-0.09432249544149451,0.26366732981662855,0.0,-0.0015798304783047053,-0.09631218041289012,0.0,8.0,-0.0008309761649826158
27.312121226,27.311864137649536,-0.3409568368726462,2.463876013355469,1.0,-0.09435245516824045,0.26174114386096176,0.0,-0.0015062625702737039,-0.09610395399396492,0.0,8.0,-0.0008309761649826158
27.332178295,27.331887245178223,-0.34284638067970086,2.4690976843638053,1.0,-0.09438621285168373,0.25983141851188934,0.0,-0.0019480314007871643,-0.09441149235250242,0.0,8.0,-0.0008309761649826158
27.352135987,27.351877450942993,-0.34473364153572916,2.4742731362383465,1.0,-0.09443352997517566,0.25797243427107097,0.0,-0.0028609872212046914,-0.09135915984428451,0.0,8.0,-0.0008309761649826158
27.372139735,27.371881008148193,-0.34662329097431654,2.479415457990209,1.0,-0.09450351023147574,0.25618595363822816,0.0,-0.00420386245612509,-0.08706077304586281,0.0,8.0,-0.0008309761649826158
27.392141595,27.39188027381897,-0.34851425701520156,2.4845219630415523,1.0,-0.09460426871052607,0.25449723888289594,0.0,-0.0059331620178285464,-0.08163788745740325,0.0,8.0,-0.0008309761649826158
27.412182726,27.41192054748535,-0.3504114555552798,2.4896061206788254,1.0,-0.09474344852155822,0.2529241871135345,0.0,-0.00801100237514618,-0.07519450107443769,0.0,8.0,-0.0008309761649826158
27.432146275,27.43188452720642,-0.3523046718552068,2.494641009217599,1.0,-0.09492658225039967,0.25149454474282673,0.0,-0.010381810042739841,-0.0678893126691086,0.0,8.0,-0.0008309761649826158
27.452242455,27.451894998550415,-0.3542064447337306,2.4996604612191766,1.0,-0.09516029406522934,0.25021581756951217,0.0,-0.013016787517236053,-0.05979830675383826,0.0,8.0,-0.0008309761649826158
27.472212117,27.47189736366272,-0.3561126640353046,2.504653973384491,1.0,-0.09544883965792153,0.24910611925119158,0.0,-0.01586685970353839,-0.051060045146064964,0.0,8.0,-0.0008309761649826158
27.492166353,27.491901874542236,-0.3580254519325691,2.5096276303919254,1.0,-0.09579624149993059,0.2481766275646339,0.0,-0.018890729533085685,-0.04178912667678516,0.0,8.0,-0.0008309761649826158
27.512341811,27.511913299560547,-0.3599464567002372,2.5145862567199315,1.0,-0.09620566375865965,0.24743670676052007,0.0,-0.022046501528731357,-0.03210198346444735,0.0,8.0,-0.0008309761649826158
27.532213056,27.531902551651,-0.3618741549824287,2.5195265774137474,1.0,-0.09667863165482006,0.24689427041019105,0.0,-0.025286840768481735,-0.022131775509983645,0.0,8.0,-0.0008309761649826158
27.552079277,27.55190396308899,-0.3638131347747656,2.52446104353706,1.0,-0.09721724199920492,0.2465529326915988,0.0,-0.02857458723028541,-0.011980390137342197,0.0,8.0,-0.0008309761649826158
27.572234923,27.571916580200195,-0.3657646636517335,2.529393534036012,1.0,-0.0978220750134394,0.24641537863862784,0.0,-0.03186702013085635,-0.0017667315533210957,0.0,8.0,-0.0008309761649826158
27.592285047,27.591920614242554,-0.36772808440728516,2.5343231379277413,1.0,-0.09849216047294145,0.24648172758862183,0.0,-0.03511812267716475,0.008380016886332872,0.0,8.0,-0.0008309761649826158
27.612195147,27.61192488670349,-0.3697055900243796,2.539256175713259,1.0,-0.09922653974715197,0.24674944340775765,0.0,-0.03828673415486924,0.018345714071930398,0.0,8.0,-0.0008309761649826158
27.632236246,27.631938219070435,-0.3716993251457114,2.5441988000129006,1.0,-0.10002350052150832,0.24721396838188514,0.0,-0.04133147666579094,0.028015678405634424,0.0,8.0,-0.0008309761649826158
27.652195506,27.651923179626465,-0.3737067391175283,2.5491455790513236,1.0,-0.10087852865512514,0.24786696469074695,0.0,-0.04420420147303563,0.037253531108283264,0.0,8.0,-0.0008309761649826158
27.672224251,27.67195725440979,-0.37573679216593814,2.554119413525475,1.0,-0.10179123725557616,0.24870166821712203,0.0,-0.046873026010351544,0.045975372663592286,0.0,8.0,-0.0008309761649826158
27.692257433,27.69193172454834,-0.3777795350627513,2.5590968193556436,1.0,-0.10275200713956688,0.24970149215232568,0.0,-0.049281060888647456,0.054015764317670356,0.0,8.0,-0.0008309761649826158
27.712189893,27.71192979812622,-0.3798443908817727,2.564101699584043,1.0,-0.1037592325835384,0.2508558854590989,0.0,-0.05139995078140453,0.06130111023799808,0.0,8.0,-0.0008309761649826158
27.732188668,27.731939792633057,-0.38193102729717177,2.5691340391882522,1.0,-0.10480645015090148,0.2521488732360572,0.0,-0.053220423801287685,0.06780416998578999,0.0,8.0,-0.0008309761649826158
27.752171536,27.751930475234985,-0.38403690987691436,2.5741885845126506,1.0,-0.10588611414084778,0.25356290164171896,0.0,-0.054749381791076794,0.0735408327904506,0.0,8.0,-0.0008309761649826158
27.77216311,27.771934509277344,-0.3861661073276112,2.5792759392118176,1.0,-0.10699428537651141,0.25508529278937453,0.0,-0.05599919343112994,0.0785468815216378,0.0,8.0,-0.0008309761649826158
27.792141273,27.791938543319702,-0.3883176907517087,2.5843946690173487,1.0,-0.10812472841698993,0.25670068269277585,0.0,-0.05697845235991315,0.08284417907278512,0.0,8.0,-0.0008309761649826158
27.812158675,27.811943292617798,-0.3904921672903155,2.589546766643414,1.0,-0.10927218917098402,0.2583952440810823,0.0,-0.05769692355990408,0.08645892941103853,0.0,8.0,-0.0008309761649826158
27.832613752,27.831952571868896,-0.392690188435562,2.594734533418329,1.0,-0.11043173875797618,0.2601558805797974,0.0,-0.05816435772503616,0.08941749076660074,0.0,8.0,-0.0008309761649826158
27.852218572,27.851957321166992,-0.39491102772048703,2.5999569972128627,1.0,-0.11159796812238983,0.26196898036916666,0.0,-0.05839029106544484,0.09174465546421096,0.0,8.0,-0.0008309761649826158
27.872208417,27.87196636199951,-0.397155678142541,2.605217212432767,1.0,-0.11276661758763618,0.26382291708052985,0.0,-0.05838455204222251,0.09346740771788203,0.0,8.0,-0.0008309761649826158
27.892236893,27.8919780254364,-0.39942399120627115,2.6105155174906893,1.0,-0.11393306568163293,0.26570573445518764,0.0,-0.05815676414281502,0.09461136852470972,0.0,8.0,-0.0008309761649826158
27.912177866,27.9119656085968,-0.4017128314491463,2.615845285888144,1.0,-0.1150914329435305,0.2676035884223961,0.0,-0.057717302531243686,0.09520193611377595,0.0,8.0,-0.0008309761649826158
27.932291349,27.932032108306885,-0.40403391261169075,2.6212343763500185,1.0,-0.11624349235073292,0.26951548033680117,0.0,-0.05707280434194163,0.09526602044905091,0.0,8.0,-0.0008309761649826158
27.952229794,27.951969385147095,-0.4063627690833189,2.626626663558008,1.0,-0.11737337456208849,0.27141128132337977,0.0,-0.056240425000457055,0.0948308654394283,0.0,8.0,-0.0008309761649826158
27.972260766,27.971994638442993,-0.4087244146007462,2.632080710062901,1.0,-0.11848969936457004,0.2733019401364354,0.0,-0.05522140834761322,0.09391929822594351,0.0,8.0,-0.0008309761649826158
27.992266262,27.991994619369507,-0.41110516384230766,2.63756542077461,1.0,-0.11958249221483525,0.27516745153872485,0.0,-0.05403039236472866,0.0925602564751539,0.0,8.0,-0.0008309761649826158
28.012300275,28.0120050907135,-0.4135088130573222,2.6430901108647102,1.0,-0.1206503788673102,0.2770024888399813,0.0,-0.05267515417370479,0.09077781836737732,0.0,8.0,-0.0008309761649826158
28.03312191,28.032582759857178,-0.416002459381564,2.6488089940584874,1.0,-0.1216853357218291,0.27876670546700644,0.0,-0.04358955255765943,0.07009378345108028,0.0,9.0,-0.0008309761649826158
28.052712968,28.05202341079712,-0.41837525279956883,2.65423906957732,1.0,-0.12236661340352338,0.27973507250820806,0.0,-0.026840987396576012,0.03031212699465043,0.0,9.0,-0.0008309761649826158
28.072295896,28.072004556655884,-0.4208245985618517,2.6598320740181403,1.0,-0.12274841318494296,0.27997218641841376,0.0,-0.011720603219580414,-0.00578756242351845,0.0,9.0,-0.0008309761649826158
28.092204735,28.092005968093872,-0.42328118380668417,2.6654285940069125,1.0,-0.12284845002474035,0.27953389805384443,0.0,0.0013878974018649004,-0.0372826159567619,0.0,9.0,-0.0008309761649826158
28.112295654,28.112018823623657,-0.42573865671046707,2.6710134752376677,1.0,-0.12270561121697572,0.2785095297357361,0.0,0.01257341268016997,-0.0643699749576142,0.0,9.0,-0.0008309761649826158
28.13230355,28.132020235061646,-0.4281897842063632,2.676569613019471,1.0,-0.12235765546516854,0.2769864880114114,0.0,0.021923002925678642,-0.08724138829901475,0.0,9.0,-0.0008309761649826158
28.152344508,28.152024030685425,-0.43063247189481496,2.682091598011288,1.0,-0.12184009069203168,0.27504589440788174,0.0,0.02954378073849898,-0.10613716523843739,0.0,9.0,-0.0008309761649826158
28.172340691,28.172025442123413,-0.43306311268632375,2.6875706088079196,1.0,-0.12118663653743345,0.272765534760158,0.0,0.03553359083764206,-0.12127507607436612,0.0,9.0,-0.0008309761649826158
28.192335369,28.192030668258667,-0.4354800400349816,2.693002232396138,1.0,-0.12042869920448593,0.2702176045903375,0.0,0.03999366559972098,-0.13288140270247437,0.0,9.0,-0.0008309761649826158
28.212270165,28.212027549743652,-0.43788002569507145,2.6983785864319083,1.0,-0.11959637483552829,0.2674721540311406,0.0,0.04302138382259775,-0.1411723549937116,0.0,9.0,-0.0008309761649826158
28.232281454,28.232033491134644,-0.44026392001199943,2.7037009711155857,1.0,-0.11871657417756336,0.264590838538245,0.0,0.04471885749390543,-0.14637696909916817,0.0,9.0,-0.0008309761649826158
28.25225152,28.252016067504883,-0.44262720837386094,2.7089587613855795,1.0,-0.11781636089126445,0.26163793471612895,0.0,0.0451841733106377,-0.14871182287586318,0.0,9.0,-0.0008309761649826158
28.272348936,28.272037267684937,-0.44497699375777056,2.714167217451707,1.0,-0.11691659222829041,0.25865941146795235,0.0,0.044517037287348425,-0.14840314579737035,0.0,9.0,-0.0008309761649826158
28.292321627,28.29204273223877,-0.4473071679640226,2.719312298526762,1.0,-0.11604136903118377,0.25571400705299635,0.0,0.042816945314935115,-0.14566943249274136,0.0,9.0,-0.0008309761649826158
28.312384636,28.312058210372925,-0.44962135424650657,2.724401604776697,1.0,-0.11520927043827658,0.2528443250527801,0.0,0.04018194060077269,-0.14073071330604076,0.0,9.0,-0.0008309761649826158
28.333498898,28.332067728042603,-0.4519188226207398,2.729433181764344,1.0,-0.11443863868120654,0.2500944550170837,0.0,0.03671346141025525,-0.1338124477173827,0.0,9.0,-0.0008309761649826158
28.352331042,28.352034330368042,-0.4541967269634092,2.7344006027133365,1.0,-0.11374632133509084,0.24750635849742506,0.0,0.032520314375606874,-0.12515619961541083,0.0,9.0,-0.0008309761649826158
28.372425289,28.37203884124756,-0.45646595690407066,2.739327427645285,1.0,-0.11314315864327995,0.24510240160370933,0.0,0.027685292050326184,-0.11494945933252529,0.0,9.0,-0.0008309761649826158
28.392310444,28.39204692840576,-0.45872455466426665,2.7442092215002334,1.0,-0.11264214988630844,0.2429157394764976,0.0,0.022314193537112236,-0.10342681595799837,0.0,9.0,-0.0008309761649826158
28.412290688,28.412013053894043,-0.46096950248699503,2.7490394901840025,1.0,-0.11225382660045877,0.24097474637743688,0.0,0.01652016203629225,-0.09083988833791443,0.0,9.0,-0.0008309761649826158
28.432373957,28.432066679000854,-0.46321770330197415,2.7538545746806475,1.0,-0.11198378240161606,0.23928729249649142,0.0,0.01036391046310795,-0.07732583376022475,0.0,9.0,-0.0008309761649826158
28.452399809,28.452067375183105,-0.4654558022361811,2.758625945736322,1.0,-0.11183995281288336,0.23788109751246336,0.0,0.0039875272667314185,-0.06319969846862815,0.0,9.0,-0.0008309761649826158
28.472425501,28.472065687179565,-0.4676920422233464,2.7633714811693837,1.0,-0.11182517994445192,0.23676216980532216,0.0,-0.0025245628074431576,-0.048650496230826526,0.0,9.0,-0.0008309761649826158
28.492409777,28.492063522338867,-0.46992925727046425,2.7680974910434655,1.0,-0.11194116995338291,0.23593660946710146,0.0,-0.009073496842338642,-0.03389872119652886,0.0,9.0,-0.0008309761649826158
28.512316056,28.512068033218384,-0.47217082417849426,2.7728114654823077,1.0,-0.11218776607251506,0.23540610917053023,0.0,-0.015561947753923258,-0.01916131527416919,0.0,9.0,-0.0008309761649826158
28.532305998,28.53206443786621,-0.4744177124746161,2.777515882153737,1.0,-0.11256252832819424,0.2351684166603575,0.0,-0.02188571103092442,-0.004670870446311131,0.0,9.0,-0.0008309761649826158
28.552337258,28.55208730697632,-0.4766763322049138,2.782224634138372,1.0,-0.11306203276389573,0.2352164700576462,0.0,-0.027955715385267633,0.009374811763431303,0.0,9.0,-0.0008309761649826158
28.572436082,28.572088479995728,-0.47894368823050654,2.7869320257842602,1.0,-0.11367888894076773,0.23553876139868965,0.0,-0.033657656231282806,0.022719643979539923,0.0,9.0,-0.0008309761649826158
28.59236787,28.59208607673645,-0.48122407966164416,2.791647621856402,1.0,-0.11440520693520585,0.23611913425156564,0.0,-0.03889797977121995,0.035155329603720885,0.0,9.0,-0.0008309761649826158
28.612336079,28.612091064453125,-0.4835208608149282,2.796378993028602,1.0,-0.11523140831146869,0.23693806625220998,0.0,-0.04361349639745106,0.04654094601774987,0.0,9.0,-0.0008309761649826158
28.632394384,28.632107496261597,-0.4858364169421831,2.801131697030549,1.0,-0.11614726005296903,0.23797493885676851,0.0,-0.04781056108877588,0.05688959453656932,0.0,9.0,-0.0008309761649826158
28.652323355,28.652101516723633,-0.48816846130860025,2.805901747899012,1.0,-0.11714086892783657,0.23920728552190249,0.0,-0.051497928571365606,0.06621746897694894,0.0,9.0,-0.0008309761649826158
28.672402976,28.672098398208618,-0.4905214505274694,2.8106989995573595,1.0,-0.11820345967329254,0.24061656150011554,0.0,-0.05469656807240717,0.07457104364562392,0.0,9.0,-0.0008309761649826158
28.692402284,28.692122220993042,-0.4928994799786931,2.8155325013715586,1.0,-0.11932678203657131,0.2421855893560237,0.0,-0.057424653099219715,0.08199099367048032,0.0,9.0,-0.0008309761649826158
28.712935922,28.712659120559692,-0.495362352162753,2.8205239950277083,1.0,-0.12053074391919907,0.24393944941138992,0.0,-0.05974535044972333,0.08865367373953814,0.0,9.0,-0.0008309761649826158
28.732598659,28.732136726379395,-0.4977214631800524,2.8252925452216764,1.0,-0.12171234776059543,0.24572076240845747,0.0,-0.061514872441399915,0.09411845238700452,0.0,9.0,-0.0008309761649826158
28.752320031,28.752123594284058,-0.5001664969789799,2.830222861403147,1.0,-0.12295646936285526,0.24765099548207142,0.0,-0.06290922693300624,0.09889402235115369,0.0,9.0,-0.0008309761649826158
28.77269985,28.772125244140625,-0.502638488591458,2.8351963560950857,1.0,-0.12422526806502515,0.24967005027899986,0.0,-0.06389261546322134,0.102862068915781,0.0,9.0,-0.0008309761649826158
28.792426599,28.792141675949097,-0.5051378922587338,2.840214715464809,1.0,-0.12551070089175392,0.251762208113699,0.0,-0.06447962211853484,0.10605381254564908,0.0,9.0,-0.0008309761649826158
28.812938632,28.81211256980896,-0.5076573222860079,2.8452639369476134,1.0,-0.12680108069448282,0.2539057686246622,0.0,-0.06468483675733973,0.10849430780963278,0.0,9.0,-0.0008309761649826158
28.832353168,28.832122802734375,-0.510207597601905,2.8503665201546937,1.0,-0.12809444088627425,0.2560952742696007,0.0,-0.06452479086689579,0.11022728784170555,0.0,9.0,-0.0008309761649826158
28.852365501,28.852123022079468,-0.5127823893425142,2.8555106047717738,1.0,-0.12938041811935694,0.2583114730245643,0.0,-0.06401455357208913,0.1112798604784937,0.0,9.0,-0.0008309761649826158
28.872319584,28.872124433517456,-0.5153829309603655,2.860699489172292,1.0,-0.13065289244093223,0.2605423368686721,0.0,-0.06316955441409253,0.11168605984197878,0.0,9.0,-0.0008309761649826158
28.892452033,28.8921537399292,-0.5180124104079303,2.8659403591670896,1.0,-0.13190697547520902,0.2627782428087312,0.0,-0.062003456762303163,0.11147808345942271,0.0,9.0,-0.0008309761649826158
28.912395394,28.91214084625244,-0.5206611292023304,2.8712147359941267,1.0,-0.13313206858374096,0.2649994223932068,0.0,-0.060536166582346895,0.11069029685474356,0.0,9.0,-0.0008309761649826158
28.932443253,28.93216037750244,-0.523338385029076,2.876541993303302,1.0,-0.13432684180405383,0.26720289055998486,0.0,-0.05877792543563511,0.10935321128793095,0.0,9.0,-0.0008309761649826158
28.952304968,28.9521586894989,-0.5260363224930615,2.8819073611687096,1.0,-0.1354824539469997,0.26937210232840514,0.0,-0.056748684806017996,0.10750293331904784,0.0,9.0,-0.0008309761649826158
28.972364285,28.972139358520508,-0.5287545296558327,2.887310902072136,1.0,-0.1365939228341353,0.2714975821601361,0.0,-0.054464343569677554,0.1051735663903871,0.0,9.0,-0.0008309761649826158
28.992350982,28.992137908935547,-0.5314969615154219,2.8927613628822937,1.0,-0.13765825142784477,0.27357384457681133,0.0,-0.05193626740372281,0.10239386844947027,0.0,9.0,-0.0008309761649826158
29.012397592,29.012160301208496,-0.5342634199201919,2.8982592454806553,1.0,-0.1386708899646286,0.27559264081263396,0.0,-0.04917851787031613,0.09919471273313983,0.0,9.0,-0.0008309761649826158
29.032395651,29.032166242599487,-0.537047222903553,2.903792195201397,1.0,-0.13959466808859028,0.2774851550906276,0.0,-0.038780889634719005,0.08189990540682102,0.0,10.0,-0.0008309761649826158
29.052356551,29.052170038223267,-0.5398460603545435,2.9093569886864574,1.0,-0.14016992121700036,0.278773450629889,0.0,-0.019066642524946983,0.047552800464886524,0.0,10.0,-0.0008309761649826158
29.072381014,29.072150945663452,-0.5426493760975059,2.9149345347488613,1.0,-0.1403705091898931,0.2794126226597025,0.0,-0.0013302762145971693,0.017045220236146918,0.0,10.0,-0.0008309761649826158
29.092406469,29.092183113098145,-0.5454604664217219,2.9205333184884736,1.0,-0.14023481279809522,0.27947833949339324,0.0,0.014571141500753742,-0.009887847443705109,0.0,10.0,-0.0008309761649826158
29.112498015,29.112171411514282,-0.5482596489604245,2.9261160340927943,1.0,-0.1398000108505051,0.2790412836511671,0.0,0.02864226995270252,-0.033276211741573435,0.0,10.0,-0.0008309761649826158
29.132460932,29.132192850112915,-0.5510520704862522,2.931694815331826,1.0,-0.13909983712406507,0.2781684313696216,0.0,0.04102003569806443,-0.053372653617585926,0.0,10.0,-0.0008309761649826158
29.152438283,29.15218424797058,-0.5538239244593834,2.9372439320648884,1.0,-0.1381699282975359,0.2769273796206336,0.0,0.05174590145278765,-0.07027223600884036,0.0,10.0,-0.0008309761649826158
29.172421907,29.172178506851196,-0.5565755617322595,2.9427658923788638,1.0,-0.13704104931270814,0.2753785287134373,0.0,0.060922114211102475,-0.08416901685834603,0.0,10.0,-0.0008309761649826158
29.192505196,29.192197561264038,-0.5593062209253858,2.9482610062859536,1.0,-0.13574184962081884,0.27357820522384246,0.0,0.06863656274773423,-0.09523151564582133,0.0,10.0,-0.0008309761649826158
29.212449901,29.21218991279602,-0.5620058697504732,2.953710866021234,1.0,-0.13430427188137742,0.2715863853124369,0.0,0.07495093548398711,-0.10359154733150147,0.0,10.0,-0.0008309761649826158
29.232551241,29.232235431671143,-0.5646826489289192,2.959133703039738,1.0,-0.1327494204384138,0.26944714340414916,0.0,0.07996901377795944,-0.10943721066264425,0.0,10.0,-0.0008309761649826158
29.252452067,29.252230405807495,-0.5673207312582262,2.964499183860795,1.0,-0.1311106946895445,0.2672205264607949,0.0,0.08374585779727148,-0.1128976030784057,0.0,10.0,-0.0008309761649826158
29.272518681,29.27220320701599,-0.5699224663690218,2.9698136568863336,1.0,-0.12940998025813702,0.2649496201074567,0.0,0.08637440504387563,-0.11414974996430066,0.0,10.0,-0.0008309761649826158
29.292576846,29.29222059249878,-0.5724954975984111,2.9750944237630397,1.0,-0.1276635751129573,0.26266930765001123,0.0,0.08794272336377254,-0.11335378751177384,0.0,10.0,-0.0008309761649826158
29.316225958,29.31582283973694,-0.5754840499040949,2.981262659490683,1.0,-0.12557842760704505,0.260028632057747,0.0,0.08853139703758997,-0.10999525880699139,0.0,10.0,-0.0008309761649826158
29.334926963,29.332213640213013,-0.5775305111775888,2.9855101466774627,1.0,-0.12412921449953379,0.2582548793660131,0.0,0.08820409244646721,-0.10625273454189221,0.0,10.0,-0.0008309761649826158
29.352525542,29.35222601890564,-0.5799970270179332,2.990657527464341,1.0,-0.12237418521650424,0.2561859736732319,0.0,0.08706025870317143,-0.10026150236724336,0.0,10.0,-0.0008309761649826158
29.373793736,29.37352681159973,-0.5825840684626015,2.996092288407055,1.0,-0.12053996438753312,0.2541320754056385,0.0,0.08502963582220918,-0.09233589214430044,0.0,10.0,-0.0008309761649826158
29.392480564,29.392213344573975,-0.5848218406027911,3.0008254979683295,1.0,-0.11897259608758116,0.25248090007426555,0.0,0.08263350481134607,-0.08421693411410708,0.0,10.0,-0.0008309761649826158
29.412431574,29.412230253219604,-0.5871869456087054,3.0058631396782673,1.0,-0.11734891315484754,0.25089104339453305,0.0,0.07950802800399379,-0.07446565245422371,0.0,10.0,-0.0008309761649826158
29.432562487,29.432220220565796,-0.5895170898158735,3.0108642520643554,1.0,-0.11579496204581881,0.24950771242207284,0.0,0.07588926728482265,-0.06379513727302882,0.0,10.0,-0.0008309761649826158
29.454428319,29.452200889587402,-0.5918158835863678,3.015837640342772,1.0,-0.11431829699750656,0.24834614511749986,0.0,0.07185629299165612,-0.05235763611925371,0.0,10.0,-0.0008309761649826158
29.472665822,29.47224521636963,-0.594093157219475,3.020805825442416,1.0,-0.11292141792690606,0.2474169399399447,0.0,0.0674741455357368,-0.040268576813859834,0.0,10.0,-0.0008309761649826158
29.492617281,29.492210388183594,-0.5963344993299458,3.0257383258231494,1.0,-0.11162004331993712,0.2467370822526039,0.0,0.06285534877043869,-0.027773917037979823,0.0,10.0,-0.0008309761649826158
29.512529245,29.512237071990967,-0.5985576128071565,3.0306749796645005,1.0,-0.11040915500366205,0.2463089509694494,0.0,0.058048893913300904,-0.014945917382562672,0.0,10.0,-0.0008309761649826158
29.53332155,29.532249212265015,-0.6007558313441606,3.0356020041671803,1.0,-0.10929637076087348,0.24613937381402387,0.0,0.053153789711745246,-0.001992402557411141,0.0,10.0,-0.0008309761649826158
29.552708945,29.552263021469116,-0.6029329466891101,3.040528647517701,1.0,-0.10828171031989733,0.2462290588269675,0.0,0.04824738675162525,0.010937247791709778,0.0,10.0,-0.0008309761649826158
29.572541855,29.57222318649292,-0.6050849749290047,3.0454464390792673,1.0,-0.10736700563053025,0.24657466239140632,0.0,0.04342417199421653,0.023648277793780745,0.0,10.0,-0.0008309761649826158
29.592519814,29.592262506484985,-0.6072281409970385,3.0503932283193067,1.0,-0.10654413342625628,0.24717368182828728,0.0,0.03873345797174765,0.03606504845272323,0.0,10.0,-0.0008309761649826158
29.612486475,29.612260580062866,-0.6093513624171524,3.0553442116986096,1.0,-0.10581447728916303,0.24801474019574812,0.0,0.034285094142430216,0.047952130961732585,0.0,10.0,-0.0008309761649826158
29.632543456,29.632267951965332,-0.6114618618966379,3.0603167177467996,1.0,-0.1051704926308777,0.24908771376128394,0.0,0.030148410610072927,0.05918123746956085,0.0,10.0,-0.0008309761649826158
29.652474847,29.65225386619568,-0.6135580366603112,3.0653075174248205,1.0,-0.10460602216218852,0.2503758894692866,0.0,0.0264105564036084,0.06957618903972713,0.0,10.0,-0.0008309761649826158
29.672587933,29.672261714935303,-0.6156458989734463,3.0703315259423327,1.0,-0.1041111908493596,0.2518640862314294,0.0,0.02313357177129643,0.07902153602925212,0.0,10.0,-0.0008309761649826158
29.692463112,29.692266702651978,-0.6177242051039444,3.075386450269781,1.0,-0.1036772339338125,0.2535312300010949,0.0,0.02032859663445659,0.08749191132821811,0.0,10.0,-0.0008309761649826158
29.712609151,29.712265253067017,-0.6197936991801055,3.080474722274317,1.0,-0.10329492432910116,0.2553577451441519,0.0,0.017979600879574474,0.09501867396148932,0.0,10.0,-0.0008309761649826158
29.732658182,29.732282876968384,-0.6218579714642044,3.0856059239030253,1.0,-0.10295486731878463,0.2573276053784442,0.0,0.01606772878159747,0.10164294299735295,0.0,10.0,-0.0008309761649826158
29.752789019,29.752279043197632,-0.6239135505407742,3.0907721635390555,1.0,-0.10264913603504454,0.25941888532945717,0.0,0.014580562332290775,0.10738361782541486,0.0,10.0,-0.0008309761649826158
29.772550161,29.772290229797363,-0.6259648523361874,3.095985313809081,1.0,-0.10236884793619341,0.26161818560350675,0.0,0.01349886157817294,0.11228413617604203,0.0,10.0,-0.0008309761649826158
29.792498534,29.792287349700928,-0.6280092942232768,3.101239676331592,1.0,-0.10210645267217063,0.26390572533822243,0.0,0.012807997346767911,0.11636953699513455,0.0,10.0,-0.0008309761649826158
29.812740238,29.812307596206665,-0.6300509425064835,3.106546666440999,1.0,-0.10185382230113772,0.26626986835761884,0.0,0.01249066347796374,0.11967923322887679,0.0,10.0,-0.0008309761649826158
29.832553101,29.83230447769165,-0.6320851953511981,3.111895313511043,1.0,-0.10160422494817682,0.2686898660092221,0.0,0.01253132248120861,0.12223791075809834,0.0,10.0,-0.0008309761649826158
29.852494465,29.852293252944946,-0.6341136213997689,3.117290663712967,1.0,-0.10135047891495523,0.2711528472621482,0.0,0.012912926021304165,0.12408158878077201,0.0,10.0,-0.0008309761649826158
29.872576686,29.872301816940308,-0.6361388702424016,3.1227409636476104,1.0,-0.10108556468358419,0.2736482850682449,0.0,0.013620046338667518,0.12524450758969563,0.0,10.0,-0.0008309761649826158
29.892610834,29.892322301864624,-0.6381598562648805,3.1282446704687388,1.0,-0.10080320896378742,0.27616192601233136,0.0,0.014636892396405614,0.12575697293549704,0.0,10.0,-0.0008309761649826158
29.912571978,29.912330627441406,-0.640173756372914,3.133795408706559,1.0,-0.10049772625686909,0.27867806492033464,0.0,0.01594596374253887,0.1256507476706981,0.0,10.0,-0.0008309761649826158
29.932531874,29.932307720184326,-0.6421781282840571,3.139387628660181,1.0,-0.10016380680213637,0.28118225229297966,0.0,0.01752881905566724,0.12496020868725907,0.0,10.0,-0.0008309761649826158
29.952543842,29.952295780181885,-0.6441765883392551,3.145032804766343,1.0,-0.09979543634269845,0.2836684334424203,0.0,0.019372162210891945,0.1237170396675966,0.0,10.0,-0.0008309761649826158
29.972651379,29.972323417663574,-0.6461712386973387,3.1507387285083137,1.0,-0.09938691039480567,0.2861293459842805,0.0,0.021463344113221358,0.12194972558449672,0.0,10.0,-0.0008309761649826158
29.992465522,29.992308855056763,-0.6481530926155781,3.1564813606393796,1.0,-0.0989351959924833,0.28854484790241236,0.0,0.023777521713794353,0.11969789342789028,0.0,10.0,-0.0008309761649826158
30.012766307,30.012315273284912,-0.6501274933388603,3.1622778485034937,1.0,-0.09843454881831236,0.29091317851586096,0.0,0.0263053743289042,0.11698754619570319,0.0,10.0,-0.0008309761649826158
30.032603782,30.032325506210327,-0.6520917277723077,3.168121970168971,1.0,-0.09787536605225795,0.29310285590035123,0.0,0.030413390833857763,0.0846687251962225,0.0,11.0,-0.0008309761649826158
30.052605701,30.052339792251587,-0.6540441956014286,3.17400053297951,1.0,-0.09721341343008606,0.294101936533072,0.0,0.035479472050973966,0.016721270541253965,0.0,11.0,-0.0008309761649826158
30.072639049,30.072344064712524,-0.6559815215843685,3.1798831160744365,1.0,-0.09646539291516178,0.2938332395563109,0.0,0.039069790857888656,-0.04211188704765537,0.0,11.0,-0.0008309761649826158
30.092621349,30.0923490524292,-0.6579033014332852,3.1857492653130195,1.0,-0.09565938013795922,0.29247441413774694,0.0,0.04129328503883887,-0.09234418997819915,0.0,11.0,-0.0008309761649826158
30.112829031,30.112355947494507,-0.6598088195527131,3.1915794078793356,1.0,-0.09482157755332633,0.2901924680838644,0.0,0.04225585072897958,-0.13445428917333382,0.0,11.0,-0.0008309761649826158
30.132738838,30.132354736328125,-0.6616966769695213,3.19735358755194,1.0,-0.09397660172782692,0.2871467798653935,0.0,0.042063444506451206,-0.16889875406778151,0.0,11.0,-0.0008309761649826158
30.152574712,30.15237259864807,-0.6635695256968377,3.203065871395006,1.0,-0.09314535420334533,0.2834809966236902,0.0,0.040820925357752905,-0.1961947885920793,0.0,11.0,-0.0008309761649826158
30.172820865,30.17236304283142,-0.6654235095539996,3.208692081526218,1.0,-0.09234967000793293,0.27934270327754995,0.0,0.03863770250379918,-0.21675856038173283,0.0,11.0,-0.0008309761649826158
30.192655971,30.1923668384552,-0.6672633124239292,3.214235573328161,1.0,-0.09160568248377204,0.2748531403995095,0.0,0.03561619912162996,-0.23111462478217934,0.0,11.0,-0.0008309761649826158
30.212600696,30.212356328964233,-0.6690875869296016,3.219682911190572,1.0,-0.09093008220111991,0.2701381165696839,0.0,0.03186643282648615,-0.23971828551031257,0.0,11.0,-0.0008309761649826158
30.232597814,30.232368230819702,-0.6709011786927848,3.2250405985158177,1.0,-0.09033523734453507,0.2652990661179673,0.0,0.027487008638368872,-0.2430574690715516,0.0,11.0,-0.0008309761649826158
30.252728683,30.25237727165222,-0.6727035124011312,3.230300331345768,1.0,-0.0898334783219857,0.26044274562717706,0.0,0.022588576908889494,-0.24159604191050688,0.0,11.0,-0.0008309761649826158
30.27264918,30.272367477416992,-0.6744951331994115,3.235458671541438,1.0,-0.08943437178808605,0.2556641560281772,0.0,0.017281704683439498,-0.2358181194753651,0.0,11.0,-0.0008309761649826158
30.292625687,30.292372703552246,-0.6762812079824598,3.2405267058062615,1.0,-0.08914441954845567,0.2510368263629561,0.0,0.011663388837484806,-0.22619045919105413,0.0,11.0,-0.0008309761649826158
30.312568972,30.31237506866455,-0.6780623511003429,3.2455035782330426,1.0,-0.08896907450985965,0.2466372641408025,0.0,0.005844358809458058,-0.21319372104090734,0.0,11.0,-0.0008309761649826158
30.332802482,30.33239459991455,-0.6798426986308155,3.2503994496524524,1.0,-0.088911257566662,0.24252399407170572,0.0,-7.543930835702615e-05,-0.19728728321158395,0.0,11.0,-0.0008309761649826158
30.35263442,30.352393865585327,-0.6816212592418549,3.2552114570523787,1.0,-0.08897190360170928,0.23875786947956804,0.0,-0.0059788684244323695,-0.17897744428362758,0.0,11.0,-0.0008309761649826158
30.372815761,30.37241005897522,-0.6834037338378486,3.259955974563711,1.0,-0.08914982905838031,0.23537543004819883,0.0,-0.011770949858130868,-0.15870655239405307,0.0,11.0,-0.0008309761649826158
30.39267916,30.392401456832886,-0.6851886956885788,3.2646311827995493,1.0,-0.0894412095784482,0.23241764644629598,0.0,-0.017333747595639232,-0.13699344064025246,0.0,11.0,-0.0008309761649826158
30.412631983,30.412394762039185,-0.6869807324076784,3.269252078371449,1.0,-0.08984073839410012,0.22990444077372763,0.0,-0.022569247513412702,-0.11428669849355275,0.0,11.0,-0.0008309761649826158
30.432825358,30.432441234588623,-0.6887865932677444,3.2738394563970874,1.0,-0.0903422434669225,0.22784632119203818,0.0,-0.027383313977397968,-0.09100076715877992,0.0,11.0,-0.0008309761649826158
30.452663377,30.452409744262695,-0.6905963302959147,3.278372574957451,1.0,-0.09093251994762525,0.22626151067040573,0.0,-0.031639415069268685,-0.06776413196188485,0.0,11.0,-0.0008309761649826158
30.472838157,30.472411155700684,-0.6924216931534497,3.282886109904162,1.0,-0.0916026995179525,0.22513568207114754,0.0,-0.03525726557485177,-0.04492251350537026,0.0,11.0,-0.0008309761649826158
30.492748829,30.492427110671997,-0.6942624775608983,3.287384904333719,1.0,-0.09233845444492933,0.22445808648036822,0.0,-0.03812522199910185,-0.02297440721905256,0.0,11.0,-0.0008309761649826158
30.512732184,30.512425184249878,-0.6961168506231602,3.2918704582621694,1.0,-0.09312248130625846,0.2242067628557184,0.0,-0.04013290728932182,-0.0024305565888703222,0.0,11.0,-0.0008309761649826158
30.532632774,30.53241991996765,-0.6979869111573059,3.2963541884706373,1.0,-0.09393705861207553,0.2243484218097188,0.0,-0.04117751906550176,0.016251624970341997,0.0,11.0,-0.0008309761649826158
30.553382596,30.553173542022705,-0.6999453276805548,3.3010149875142987,1.0,-0.09479355591203359,0.22486717169555048,0.0,-0.041181609428402384,0.03335150616026754,0.0,11.0,-0.0008309761649826158
30.572668521,30.572420358657837,-0.7017773911770093,3.305350039223717,1.0,-0.0955785570174308,0.22564518739804187,0.0,-0.040243509291258035,0.047176130491835486,0.0,11.0,-0.0008309761649826158
30.592666535,30.592433214187622,-0.7036981496499501,3.3098761755354187,1.0,-0.09636661793810505,0.22671666849874678,0.0,-0.03836221087950814,0.05957510028538256,0.0,11.0,-0.0008309761649826158
30.612788762,30.612449645996094,-0.7056345764382155,3.3144268896286637,1.0,-0.09710837300043704,0.22801720683844096,0.0,-0.03561261107682904,0.07006163163204542,0.0,11.0,-0.0008309761649826158
30.632940403,30.632438898086548,-0.7075825906015982,3.3189993849256427,1.0,-0.09778600481196857,0.22950719650160467,0.0,-0.03205683185072165,0.07872460150995894,0.0,11.0,-0.0008309761649826158
30.652701225,30.652446031570435,-0.7095451393023322,3.3236073925272502,1.0,-0.09838543289532001,0.23115465006352381,0.0,-0.027743861133889335,0.08568629728613564,0.0,11.0,-0.0008309761649826158
30.672663009,30.67243528366089,-0.7115170135725097,3.3282455079325883,1.0,-0.09889109149015461,0.23292351275240328,0.0,-0.022737699472261064,0.09103575158619902,0.0,11.0,-0.0008309761649826158
30.692713245,30.69245743751526,-0.7135012144341761,3.3329276633451044,1.0,-0.0992907476480058,0.2347872243775666,0.0,-0.017081361581525994,0.09488636083404216,0.0,11.0,-0.0008309761649826158
30.713012706,30.712453365325928,-0.715489642702811,3.337641627663535,1.0,-0.09957090843068875,0.23671123482974638,0.0,-0.010847592677712944,0.09732755683152111,0.0,11.0,-0.0008309761649826158
30.732707328,30.732466220855713,-0.717484072780942,3.3423984900318326,1.0,-0.09972111417485084,0.23867253405641475,0.0,-0.0040798619166781715,0.09846719985135748,0.0,11.0,-0.0008309761649826158
30.752953212,30.752495050430298,-0.7194817074605442,3.3471985776143987,1.0,-0.0997310060575276,0.24064600372678246,0.0,0.00316624270094068,0.09840384450858322,0.0,11.0,-0.0008309761649826158
30.77272708,30.772456407546997,-0.7214713356175095,3.3520217275365973,1.0,-0.09959223109225976,0.24260042996678227,0.0,0.010802454217809503,0.09724368238497016,0.0,11.0,-0.0008309761649826158
30.792793734,30.79246759414673,-0.7234616086967435,3.3568958084064273,1.0,-0.09929642449588917,0.24452635848971782,0.0,0.018816780693365225,0.09508281937621263,0.0,11.0,-0.0008309761649826158
30.812723212,30.812474727630615,-0.7254439346076709,3.3618069334044907,1.0,-0.09883722545460207,0.24639952206723542,0.0,0.027132406255022584,0.09202520168037642,0.0,11.0,-0.0008309761649826158
30.833141381,30.8324556350708,-0.7274128141221391,3.366748354588768,1.0,-0.09821003129987452,0.24820107009908268,0.0,0.03568310954757507,0.08817762572387507,0.0,11.0,-0.0008309761649826158
30.853213571,30.85299515724182,-0.7294218435619862,3.3718645639646065,1.0,-0.09738511655299344,0.24996533479967384,0.0,0.04466989550693447,0.08350198334244299,0.0,11.0,-0.0008309761649826158
30.873858019,30.87354588508606,-0.7314131057332922,3.377018805098978,1.0,-0.09637347880792878,0.25162787174239265,0.0,0.05380094689336314,0.07820179075507729,0.0,11.0,-0.0008309761649826158
30.892951324,30.89270305633545,-0.7332489355396692,3.381853264511842,1.0,-0.09526066638109788,0.2530748588218936,0.0,0.0623844289535015,0.07279765857418552,0.0,11.0,-0.0008309761649826158
30.915351043,30.912492990493774,-0.7351213535925883,3.3868755038535605,1.0,-0.09393813572407692,0.254457146307599,0.0,0.07127033509104048,0.06684237123253506,0.0,11.0,-0.0008309761649826158
30.932703062,30.932483434677124,-0.7369843732996906,3.391975131953288,1.0,-0.09242395185698697,0.2557307646102872,0.0,0.08021048469254757,0.06054152370097382,0.0,11.0,-0.0008309761649826158
30.952710026,30.9524929523468,-0.7388170793213759,3.3971038634892676,1.0,-0.090730172283875,0.25687743617836484,0.0,0.08906705813655934,0.054048696622252576,0.0,11.0,-0.0008309761649826158
30.97281883,30.972516536712646,-0.7406153895091191,3.402257888627289,1.0,-0.0888591837114901,0.2578938484402417,0.0,0.09778110726926698,0.04746677644478697,0.0,11.0,-0.0008309761649826158
30.992812992,30.992509841918945,-0.7423718618041888,3.40742307788197,1.0,-0.08681890170842911,0.2587772260780073,0.0,0.10627699478912561,0.04091207111001246,0.0,11.0,-0.0008309761649826158
31.012809553,31.012579202651978,-0.7440923053885475,3.4126243942198657,1.0,-0.08460255188858497,0.25953319617652876,0.0,0.11454255280727443,0.03445185460866069,0.0,11.0,-0.0008309761649826158
31.032666283,31.03244137763977,-0.7457495864509728,3.417785574494327,1.0,-0.08225248307146436,0.26012284683976955,0.0,0.12150254680760288,0.020261788228083003,0.0,12.0,-0.0008309761649826158
31.053030875,31.05264449119568,-0.747386173268862,3.4230432954166994,1.0,-0.07974344118558929,0.2602832388685576,0.0,0.12679625420336418,-0.003935399710604756,0.0,12.0,-0.0008309761649826158
31.073110139,31.07255458831787,-0.7489484194499119,3.4282233298057854,1.0,-0.07717099942552544,0.2599890249788705,0.0,0.13153140235744204,-0.025200163388370226,0.0,12.0,-0.0008309761649826158
31.092711466,31.092501640319824,-0.7504613040545884,3.4334030741987913,1.0,-0.07450386135553118,0.25929447213112516,0.0,0.13581299767362692,-0.04403553277104939,0.0,12.0,-0.0008309761649826158
31.112781352,31.11251473426819,-0.751924890926585,3.438582386059166,1.0,-0.07174659182813367,0.2582440328991126,0.0,0.13966091350169482,-0.0605506316984149,0.0,12.0,-0.0008309761649826158
31.132716751,31.1325101852417,-0.7533313372851199,3.4437329836503725,1.0,-0.06891918557817352,0.256887431199059,0.0,0.14307478246738062,-0.07476918952735104,0.0,12.0,-0.0008309761649826158
31.152762441,31.15253734588623,-0.7546826987060675,3.448861897416298,1.0,-0.06602302036957634,0.2552657166801452,0.0,0.14607997372597478,-0.08682561140675961,0.0,12.0,-0.0008309761649826158
31.172871918,31.172534465789795,-0.7559735723851915,3.4539483829493838,1.0,-0.06307517627785564,0.25342652222628764,0.0,0.1486844500216008,-0.09678364822722324,0.0,12.0,-0.0008309761649826158
31.19274033,31.19252872467041,-0.7572048470847794,3.458995580707558,1.0,-0.06007945558411813,0.2514084068965641,0.0,0.15091011582740038,-0.10476354540649059,0.0,12.0,-0.0008309761649826158
31.212774658,31.212539672851562,-0.7583767475263259,3.4640050833729554,1.0,-0.057040345292793504,0.24924782182763483,0.0,0.152776043360011,-0.11087229557865506,0.0,12.0,-0.0008309761649826158
31.234114038,31.23253035545349,-0.7594863871345853,3.468965236369382,1.0,-0.05397050151827597,0.24698528192882088,0.0,0.15429621602927132,-0.1152004807428246,0.0,12.0,-0.0008309761649826158
31.252822126,31.25253915786743,-0.760535301679195,3.473883855507906,1.0,-0.05087073296412069,0.24465095936106088,0.0,0.1554909496876781,-0.11785812313148321,0.0,12.0,-0.0008309761649826158
31.272916081,31.2725510597229,-0.7615221204644654,3.4787560788422045,1.0,-0.047749710375694705,0.242279012932036,0.0,0.15637616842333896,-0.11894203038145577,0.0,12.0,-0.0008309761649826158
31.292764553,31.292543649673462,-0.7624454647268901,3.4835760958901196,1.0,-0.04461695155480931,0.23990256505295218,0.0,0.1569685869309057,-0.11855425544487855,0.0,12.0,-0.0008309761649826158
31.312853323,31.312553644180298,-0.7633068019493906,3.4883529230713757,1.0,-0.04147237294026643,0.23754567897040144,0.0,0.15728667279479355,-0.11679571668630594,0.0,12.0,-0.0008309761649826158
31.332758893,31.332540035247803,-0.7641042632563438,3.493077463425206,1.0,-0.0383277574509982,0.23523954339027,0.0,0.15734720856423232,-0.11377191763530815,0.0,12.0,-0.0008309761649826158
31.352838349,31.352555513381958,-0.7648399004274605,3.4977633594792343,1.0,-0.03517979406341326,0.23300247633330762,0.0,0.15716759314485754,-0.10957583056300255,0.0,12.0,-0.0008309761649826158
31.372967829,31.372567653656006,-0.7655124772937203,3.5024046467357577,1.0,-0.03203819382878734,0.23086058282097333,0.0,0.156765003687427,-0.10431346750031886,0.0,12.0,-0.0008309761649826158
31.39279841,31.392559051513672,-0.766121677040523,3.506999429400126,1.0,-0.028909985307286425,0.22883586986401813,0.0,0.15615752041377692,-0.09809271889729289,0.0,12.0,-0.0008309761649826158
31.412873289,31.412582874298096,-0.7666693074564149,3.5115623733173247,1.0,-0.025790806156835534,0.2269413626542005,0.0,0.1553607119098962,-0.09099777519371371,0.0,12.0,-0.0008309761649826158
31.432891871,31.43258237838745,-0.7671541019619711,3.5160834010923323,1.0,-0.022693064947440014,0.2251987476867586,0.0,0.1543940537674436,-0.08314958263887985,0.0,12.0,-0.0008309761649826158
31.452805986,31.452587366104126,-0.7675772537387727,3.5205724093903723,1.0,-0.019615385086585155,0.22361945519401583,0.0,0.1532736925002874,-0.07463900682698109,0.0,12.0,-0.0008309761649826158
31.472862782,31.472587823867798,-0.7679389976376291,3.525030591757857,1.0,-0.01656217492071388,0.2222164634577108,0.0,0.15201749603360823,-0.06557155145508943,0.0,12.0,-0.0008309761649826158
31.492788484,31.49257802963257,-0.768239792524074,3.5294602319232484,1.0,-0.01353689210033112,0.2210001584201404,0.0,0.1506433141636531,-0.05605189729481141,0.0,12.0,-0.0008309761649826158
31.512790391,31.51255464553833,-0.7684802538489687,3.533864571024954,1.0,-0.010542096993255515,0.21997848657628002,0.0,0.14916882703259493,-0.046183248193239095,0.0,12.0,-0.0008309761649826158
31.532933889,31.5325825214386,-0.7686615747868828,3.538261654568104,1.0,-0.007570103354886027,0.21915482875015424,0.0,0.1476063591375959,-0.036034375602221023,0.0,12.0,-0.0008309761649826158
31.552878826,31.552606344223022,-0.7687836734691136,3.542643436110188,1.0,-0.004630671857958512,0.21853623923875856,0.0,0.1459772700235628,-0.02573382929202541,0.0,12.0,-0.0008309761649826158
31.573042616,31.57261037826538,-0.7688472094797393,3.5470105800417753,1.0,-0.001727244592473132,0.21812490045344746,0.0,0.1443003297521027,-0.015391600283563971,0.0,12.0,-0.0008309761649826158
31.592870861,31.59259057044983,-0.7688530301697817,3.5513664159300573,1.0,0.0011389191664716836,0.21792024137397473,0.0,0.14259332280426099,-0.00511105279027241,0.0,12.0,-0.0008309761649826158
31.612867071,31.612603902816772,-0.7688017951730428,3.5557273691984634,1.0,0.003975430424461565,0.21791982137037164,0.0,0.14086873443656203,0.0050354459871221535,0.0,12.0,-0.0008309761649826158
31.632832811,31.632604598999023,-0.768694223906198,3.5600875596732187,1.0,0.006775655882754759,0.21811991819787005,0.0,0.13914779986824738,0.014923183292208387,0.0,12.0,-0.0008309761649826158
31.652848928,31.652607440948486,-0.7685309665266424,3.5644542391779326,1.0,0.009541965828302773,0.21851446742269615,0.0,0.1374465492765236,0.02445843279909312,0.0,12.0,-0.0008309761649826158
31.673030129,31.672613859176636,-0.768312672734743,3.568831405376118,1.0,0.01227503256593338,0.21909547702890725,0.0,0.13578225793411455,0.033540018715510884,0.0,12.0,-0.0008309761649826158
31.693041306,31.69261598587036,-0.7680400917314516,3.5732210742584503,1.0,0.014974768944693021,0.21985260280986693,0.0,0.13417287124675975,0.04206322000225277,0.0,12.0,-0.0008309761649826158
31.712961619,31.712636709213257,-0.7677135007027703,3.577631640843914,1.0,0.01764546166519373,0.22077472671260553,0.0,0.13263389864690486,0.04993606239506426,0.0,12.0,-0.0008309761649826158
31.733383616,31.732612133026123,-0.7673346588857743,3.5820521878254805,1.0,0.020280243251602763,0.22184472778030853,0.0,0.13118028714469457,0.05707663392884898,0.0,12.0,-0.0008309761649826158
31.752924729,31.752623796463013,-0.7669026419462068,3.5865035604405984,1.0,0.022891491134915686,0.22305264314474402,0.0,0.12980429790817746,0.06352873816474934,0.0,12.0,-0.0008309761649826158
31.77300446,31.772654056549072,-0.7664181716274328,3.5909844738555865,1.0,0.02547834310348832,0.22438410302914888,0.0,0.12850454288788288,0.06930514199203633,0.0,12.0,-0.0008309761649826158
31.793056187,31.792635440826416,-0.7658835086697877,3.5954821633070666,1.0,0.02803370855190614,0.22582098677769682,0.0,0.12728226783647076,0.07440935888923024,0.0,12.0,-0.0008309761649826158
31.813116747,31.812651872634888,-0.7652969539222507,3.60001750782092,1.0,0.03056978881312503,0.22735623434430724,0.0,0.12612933327359385,0.07888482065343018,0.0,12.0,-0.0008309761649826158
31.832891051,31.83264470100403,-0.7646606436467187,3.604579029151474,1.0,0.033080529412419866,0.22897290056596342,0.0,0.1250462464292248,0.08273918271332525,0.0,12.0,-0.0008309761649826158
31.852897459,31.85262894630432,-0.7639746480983812,3.6091716608581565,1.0,0.035569231788294006,0.23065992755671527,0.0,0.12402908952052413,0.0859981491123522,0.0,12.0,-0.0008309761649826158
31.87309609,31.87265944480896,-0.7632373678560961,3.613809300809586,1.0,0.038043893196301644,0.23241040449744463,0.0,0.12307233957556475,0.08869028087577449,0.0,12.0,-0.0008309761649826158
31.892927396,31.892653703689575,-0.7624521679586609,3.6184740580072177,1.0,0.04049558811159325,0.23420594955103477,0.0,0.12217702597107284,0.09082546223879202,0.0,12.0,-0.0008309761649826158
31.912933291,31.91266393661499,-0.7616174349283925,3.62317889182971,1.0,0.0429318995214131,0.23604033130189717,0.0,0.12133778822815325,0.09243143790089718,0.0,12.0,-0.0008309761649826158
31.932872647,31.93261456489563,-0.7607368276159974,3.6279064884779086,1.0,0.045344750095823255,0.2378961184405277,0.0,0.12055469982221217,0.09352509610213688,0.0,12.0,-0.0008309761649826158
31.953205221,31.952991008758545,-0.7597878878726474,3.632773434799724,1.0,0.047793524099327994,0.23980894448219667,0.0,0.11980714900110467,0.09414102967832179,0.0,12.0,-0.0008309761649826158
31.972996104,31.972678184509277,-0.7588237848836047,3.6375129039653644,1.0,0.05014549422114761,0.24166438945811283,0.0,0.11913214556960076,0.09427619236774042,0.0,12.0,-0.0008309761649826158
31.992932739,31.992679357528687,-0.757797041299571,3.6423652692242117,1.0,0.05252176831178972,0.24354768476533226,0.0,0.11849104609376895,0.09397180184199529,0.0,12.0,-0.0008309761649826158
32.013079362,32.01268553733826,-0.7567225966808332,3.647256548035877,1.0,0.05488628705003022,0.2454211237524961,0.0,0.11789187863613904,0.09324317745530056,0.0,12.0,-0.0008309761649826158
32.033008028,32.0326509475708,-0.7556033552517014,3.6521748406917958,1.0,0.057221295883560015,0.2472294189457548,0.0,0.1141442933664807,0.08172171351075747,0.0,13.0,-0.0008309761649826158
32.053124501,32.0527126789093,-0.7544329699221245,3.657149397301365,1.0,0.05943111182028836,0.2486127086365197,0.0,0.10628164256045801,0.056568838011370276,0.0,13.0,-0.0008309761649826158
32.073099735,32.07269239425659,-0.7532248147656988,3.662126386287256,1.0,0.061482435496588814,0.2495116379937134,0.0,0.09917562941069576,0.033784779606284156,0.0,13.0,-0.0008309761649826158
32.093063127,32.092689037323,-0.751975980750162,3.667121134646237,1.0,0.06340034127865521,0.24997748082768287,0.0,0.09276083584804869,0.013164410428948533,0.0,13.0,-0.0008309761649826158
32.114419362,32.11410212516785,-0.7505976090098593,3.672475352880147,1.0,0.06531969130902546,0.2500436818272352,0.0,0.0866346392935158,-0.006587738503106408,0.0,13.0,-0.0008309761649826158
32.132948176,32.13269376754761,-0.749368511689413,3.677122048256943,1.0,0.0668856498306769,0.2497765873303658,0.0,0.08191382045792758,-0.021860104511225296,0.0,13.0,-0.0008309761649826158
32.152910192,32.15268349647522,-0.7480154235844033,3.6821096631464147,1.0,0.06847729499276003,0.24919099455915633,0.0,0.07743247836314203,-0.0364129169520161,0.0,13.0,-0.0008309761649826158
32.17289954,32.172690629959106,-0.7466301694215757,3.6870870653269554,1.0,0.06998656555949631,0.2483323358192672,0.0,0.07353790374093683,-0.049119774762307854,0.0,13.0,-0.0008309761649826158
32.192908732,32.19270634651184,-0.7452148319709182,3.692047041287786,1.0,0.07142422245766457,0.2472368406137819,0.0,0.07020602908119847,-0.06005347013830607,0.0,13.0,-0.0008309761649826158
32.212852408,32.21269202232361,-0.7437735492897084,3.696975583666627,1.0,0.07279857802742662,0.24594171507256118,0.0,0.06741564223409127,-0.06927713468373152,0.0,13.0,-0.0008309761649826158
32.2329331,32.23269701004028,-0.7423038845209595,3.7018812505769825,1.0,0.0741235630764957,0.24447698914997112,0.0,0.06513256165540626,-0.07689668485194745,0.0,13.0,-0.0008309761649826158
32.252967864,32.25270891189575,-0.7408076259364083,3.706757842440317,1.0,0.07540818510075163,0.24287473288473993,0.0,0.06333238379875292,-0.082985871091092,0.0,13.0,-0.0008309761649826158
32.27551009,32.275190591812134,-0.7390964380756787,3.712196686714086,1.0,0.07681435023702124,0.24094824833489994,0.0,0.06185366004877722,-0.08809944963087882,0.0,13.0,-0.0008309761649826158
32.292960675,32.292723417282104,-0.737740206424589,3.7164074812983188,1.0,0.07789153543527905,0.2393776680621479,0.0,0.06107617460856333,-0.09089055059619162,0.0,13.0,-0.0008309761649826158
32.312955976,32.31273078918457,-0.7361696131400531,3.7211784688889438,1.0,0.0791077595685938,0.23753729131238446,0.0,0.06056599752643325,-0.09287102220017693,0.0,13.0,-0.0008309761649826158
32.33305299,32.33272910118103,-0.7345755031870803,3.725910148508369,1.0,0.08031702714477475,0.23567035055797048,0.0,0.06043196164425462,-0.09364577492002654,0.0,13.0,-0.0008309761649826158
32.353044323,32.35273265838623,-0.7329567878886117,3.7306056334267623,1.0,0.08152746500826005,0.2337987935278891,0.0,0.060647031523200244,-0.0932973947682507,0.0,13.0,-0.0008309761649826158
32.373077103,32.372735023498535,-0.7313138714121015,3.7352636063118583,1.0,0.08274541715256141,0.23194484654243383,0.0,0.061184428087792626,-0.09190729099296924,0.0,13.0,-0.0008309761649826158
32.393015722,32.39274859428406,-0.7296455299286198,3.739887402022753,1.0,0.08397780937465756,0.230127445532946,0.0,0.06201786828787184,-0.08955557832576978,0.0,13.0,-0.0008309761649826158
32.413029491,32.412747621536255,-0.727953595942661,3.7444719866525724,1.0,0.0852286867558261,0.22836732008186478,0.0,0.06311936401173257,-0.08632723659138035,0.0,13.0,-0.0008309761649826158
32.433081825,32.432740211486816,-0.7262369599091133,3.749020627052313,1.0,0.08650364433863905,0.22668038161198947,0.0,0.0644621489354908,-0.08230389787736259,0.0,13.0,-0.0008309761649826158
32.453137617,32.45273494720459,-0.7244943404136038,3.7535369345117564,1.0,0.08780779796865809,0.22508097029143218,0.0,0.06601994528163159,-0.07756560513133919,0.0,13.0,-0.0008309761649826158
32.473026244,32.47274661064148,-0.7227238421510135,3.7580259593539185,1.0,0.08914614796445433,0.2235815676203025,0.0,0.06776732835129039,-0.072189674881375,0.0,13.0,-0.0008309761649826158
32.492935675,32.49273061752319,-0.7209286744932779,3.7624800204796855,1.0,0.09051922226170528,0.22219721825231573,0.0,0.06967352437575237,-0.06626996337400777,0.0,13.0,-0.0008309761649826158
32.512985738,32.5127534866333,-0.7191021287276976,3.7669161586210005,1.0,0.09193454505389735,0.2209336829847734,0.0,0.07171809882874702,-0.059868242658129935,0.0,13.0,-0.0008309761649826158
32.533006003,32.5327467918396,-0.7172495825612861,3.7713218219784372,1.0,0.09338975163415038,0.21980392698768714,0.0,0.07386737113784528,-0.05308760801372207,0.0,13.0,-0.0008309761649826158
32.552984982,32.55274844169617,-0.7153667079094262,3.7757081167919484,1.0,0.09488942240640431,0.2188125502450478,0.0,0.07609842505736929,-0.04599746750547887,0.0,13.0,-0.0008309761649826158
32.573022914,32.57276225090027,-0.7134522049969783,3.7800786886461726,1.0,0.0964352642407418,0.2179649010611992,0.0,0.07838496500161408,-0.03867772105704631,0.0,13.0,-0.0008309761649826158
32.593019175,32.59276723861694,-0.7115071881953399,3.7844318118268916,1.0,0.09802645811429274,0.21726560332512215,0.0,0.08069772816040433,-0.031217819584451977,0.0,13.0,-0.0008309761649826158
32.613381066,32.61277794837952,-0.7095292831593749,3.7887737339264556,1.0,0.09966446157737466,0.2167161526364667,0.0,0.08301158531870648,-0.023693963290745072,0.0,13.0,-0.0008309761649826158
32.633365326,32.63279438018799,-0.7075175739038334,3.7931073721513253,1.0,0.10134902246852137,0.21631710667820353,0.0,0.0852996215583927,-0.01618804543805956,0.0,13.0,-0.0008309761649826158
32.653192983,32.65278697013855,-0.7054741581996087,3.797429348460509,1.0,0.1030767970449239,0.21606762978157681,0.0,0.0875316793262572,-0.008792753956657951,0.0,13.0,-0.0008309761649826158
32.673070056,32.67278432846069,-0.7033952555220695,3.8017488408384805,1.0,0.10484887134603317,0.2159643004543784,0.0,0.08968423533944143,-0.0015789239190735936,0.0,13.0,-0.0008309761649826158
32.693024316,32.69278359413147,-0.7012802614179499,3.8060681608541427,1.0,0.10666316592157733,0.21600272757177832,0.0,0.09173015585069882,0.005370786710551771,0.0,13.0,-0.0008309761649826158
32.713026326,32.71279788017273,-0.6991269875956477,3.8103927931548918,1.0,0.1085184613660856,0.2161769920933298,0.0,0.09364382531104258,0.011978924479775383,0.0,13.0,-0.0008309761649826158
32.733298173,32.73279881477356,-0.6969376501850071,3.8147193833333803,1.0,0.11040930802447253,0.2164793038488096,0.0,0.09540537752496463,0.018183831107152618,0.0,13.0,-0.0008309761649826158
32.753032395,32.75280213356018,-0.6947099106502177,3.8190536996487054,1.0,0.11233409094575855,0.21690179226817727,0.0,0.0970171052058689,0.023992781980329243,0.0,13.0,-0.0008309761649826158
32.773069451,32.77280068397522,-0.6924438942785396,3.823396580402906,1.0,0.11428917350276041,0.217436442220256,0.0,0.09848131519086618,0.029412163047517807,0.0,13.0,-0.0008309761649826158
32.79303027,32.79281234741211,-0.6901369553978478,3.8277541011288965,1.0,0.11627341293872069,0.21807611613455388,0.0,0.09980206045770237,0.034454897993718696,0.0,13.0,-0.0008309761649826158
32.813053308,32.812814235687256,-0.6877912383621541,3.832123215560316,1.0,0.11828164915498568,0.21881257559415035,0.0,0.10098060189987718,0.039123334980510724,0.0,13.0,-0.0008309761649826158
32.833481022,32.8332097530365,-0.6853577482456655,3.836594451694869,1.0,0.12035223894507438,0.21965587908437703,0.0,0.10203956396625842,0.04350954668260161,0.0,13.0,-0.0008309761649826158
32.853392553,32.852819204330444,-0.6829780238305859,3.8409104117846185,1.0,0.12236207161708541,0.2205475660715574,0.0,0.10292454821496479,0.04737865183231443,0.0,13.0,-0.0008309761649826158
32.873074957,32.8728129863739,-0.6805109212013309,3.8453297008344736,1.0,0.12442784341795442,0.2215314203412556,0.0,0.1036952605691416,0.050980456386848866,0.0,13.0,-0.0008309761649826158
32.893078536,32.89280343055725,-0.678002771610955,3.8497686526952006,1.0,0.12650738889171995,0.22258372145644223,0.0,0.10433580002307136,0.05424356106271128,0.0,13.0,-0.0008309761649826158
32.913109895,32.912834882736206,-0.6754476834200747,3.8542383990609674,1.0,0.12860274146657386,0.22370027686778188,0.0,0.1048500446327789,0.057182506700227544,0.0,13.0,-0.0008309761649826158
32.933110753,32.93281698226929,-0.6728569572485072,3.858720017638231,1.0,0.1307019625402875,0.22486951474272976,0.0,0.10523859242954256,0.059792590879769306,0.0,13.0,-0.0008309761649826158
32.953048433,32.95283126831055,-0.670219976766501,3.8632327145486203,1.0,0.13281109605650754,0.226089748461051,0.0,0.10550601465674274,0.06209313165458503,0.0,13.0,-0.0008309761649826158
32.973202372,32.972838163375854,-0.6675417185139177,3.8677686218441973,1.0,0.13492361855254556,0.22735248732655797,0.0,0.10565439534560435,0.06408735258427964,0.0,13.0,-0.0008309761649826158
32.993125521,32.992844343185425,-0.6648212348438266,3.872330069278821,1.0,0.1370378963115116,0.22865210870513714,0.0,0.10568668672424361,0.06578441733173128,0.0,13.0,-0.0008309761649826158
33.013122859,33.0128448009491,-0.6620592994169854,3.8769164391537974,1.0,0.13915104030966405,0.22998237084378734,0.0,0.10560576743878203,0.0671922952316915,0.0,13.0,-0.0008309761649826158
33.033170349,33.032846450805664,-0.6592550213641627,3.8815298544863426,1.0,0.14122813617781016,0.23128650728768835,0.0,0.09730341532984142,0.05582263882769415,0.0,14.0,-0.0008309761649826158
33.053459543,33.05284309387207,-0.6564127422339467,3.886164111143165,1.0,0.14298483935572953,0.23212466634359644,0.0,0.07873756418835348,0.028511193892325877,0.0,14.0,-0.0008309761649826158
33.073188772,33.072845220565796,-0.6535381260895217,3.8908111317485523,1.0,0.14439083963358082,0.23244653811329594,0.0,0.06217519945664159,0.004156315687338026,0.0,14.0,-0.0008309761649826158
33.093075915,33.09281826019287,-0.6506427983068022,3.895453158786763,1.0,0.14548356183080732,0.23231038187920458,0.0,0.047557101890840475,-0.01732844033338051,0.0,14.0,-0.0008309761649826158
33.11313275,33.11285138130188,-0.6477196673978005,3.900102257168479,1.0,0.1463048611353866,0.23177020743800375,0.0,0.03473798477939779,-0.03615598399261186,0.0,14.0,-0.0008309761649826158
33.13320594,33.13284683227539,-0.6447880698490683,3.904728234884397,1.0,0.14688624155344648,0.2308811010725811,0.0,0.023698908754670327,-0.05235360000026893,0.0,14.0,-0.0008309761649826158
33.15323109,33.152862310409546,-0.6418439579395346,3.9093380167052754,1.0,0.14726401722383572,0.22969166445629763,0.0,0.014321010440087378,-0.06609533201721086,0.0,14.0,-0.0008309761649826158
33.17321969,33.17285919189453,-0.6388968168719268,3.9139171237647377,1.0,0.14747000576013305,0.22825235220607534,0.0,0.006538287020845459,-0.07747767230832858,0.0,14.0,-0.0008309761649826158
33.193164059,33.192867040634155,-0.6359454057959281,3.9184677893793736,1.0,0.1475355174895165,0.22660690752008741,0.0,0.0002537754099795428,-0.08664246301723191,0.0,14.0,-0.0008309761649826158
33.213165045,33.212878465652466,-0.63299329818731,3.922984675829314,1.0,0.1474896028439185,0.2247989694035392,0.0,-0.004613176376760118,-0.09370765612445733,0.0,14.0,-0.0008309761649826158
33.233230714,33.23292827606201,-0.6300373339479397,3.9274726616193054,1.0,0.1473594718392464,0.22286584730859896,0.0,-0.008151398198119759,-0.09880300845758119,0.0,14.0,-0.0008309761649826158
33.253216914,33.25287365913391,-0.6270999882415899,3.9318979054029395,1.0,0.14717220701318248,0.22086009300314277,0.0,-0.010426480974845121,-0.10202516067457923,0.0,14.0,-0.0008309761649826158
33.273121564,33.272871255874634,-0.6241590998200017,3.9362940126088457,1.0,0.14695064671537394,0.21880202826783834,0.0,-0.011545492177955054,-0.10352999483733087,0.0,14.0,-0.0008309761649826158
33.293107731,33.292885065078735,-0.6212203789427512,3.9406523371128594,1.0,0.14671744971836467,0.2167284192598431,0.0,-0.01158491921082604,-0.10342949111424073,0.0,14.0,-0.0008309761649826158
33.314031528,33.312880754470825,-0.6182889142561507,3.944965399950663,1.0,0.1464937674655493,0.21467371519637524,0.0,-0.010629275122069798,-0.10184754388312305,0.0,14.0,-0.0008309761649826158
33.33442826,33.33411359786987,-0.6151807269085793,3.949500744068123,1.0,0.14628768384906973,0.21254222364326286,0.0,-0.00862005624668859,-0.09868459057138508,0.0,14.0,-0.0008309761649826158
33.353204305,33.3529269695282,-0.6124299391734898,3.9534821456743408,1.0,0.1461484765264928,0.21072128245734972,0.0,-0.0060634540829249085,-0.09472193665957843,0.0,14.0,-0.0008309761649826158
33.373174822,33.372888803482056,-0.6095135382154896,3.9576699916926574,1.0,0.14606049964228027,0.20888138763604921,0.0,-0.002634936190096213,-0.08944506751776353,0.0,14.0,-0.0008309761649826158
33.393142683,33.39289689064026,-0.6065914204079979,3.9618317959782368,1.0,0.14604770370647777,0.20715300931626146,0.0,0.001458435405030233,-0.08316902898674756,0.0,14.0,-0.0008309761649826158
33.413203775,33.41290092468262,-0.6036692654226962,3.965959538858908,1.0,0.14612265967638532,0.20555935159109345,0.0,0.006124061613210681,-0.07602990619530882,0.0,14.0,-0.0008309761649826158
33.433178228,33.43290638923645,-0.6007444515644932,3.970057149637649,1.0,0.14629598918310427,0.20411603036947779,0.0,0.011278537139981481,-0.0681496205468906,0.0,14.0,-0.0008309761649826158
33.453104642,33.45291233062744,-0.5978150306111326,3.9741276165880843,1.0,0.14657662808256394,0.20283670439221468,0.0,0.016837224343634025,-0.0596519819967251,0.0,14.0,-0.0008309761649826158
33.473213742,33.472930669784546,-0.5948770772907502,3.9781766718735696,1.0,0.14697208721171945,0.20173191066711954,0.0,0.02271912097112539,-0.05065523624781101,0.0,14.0,-0.0008309761649826158
33.493168801,33.49291372299194,-0.5919351572128644,3.982198435133603,1.0,0.1474867814248762,0.20081256856095858,0.0,0.028825488486378906,-0.041304777429334055,0.0,14.0,-0.0008309761649826158
33.513258954,33.51292133331299,-0.5889781277128078,3.9862085663146636,1.0,0.14812599335448157,0.20008197107046047,0.0,0.03508975223927027,-0.031696766913179894,0.0,14.0,-0.0008309761649826158
33.533208635,33.532918214797974,-0.5860086221456865,3.9902039057580696,1.0,0.1488909021317182,0.19954527218427326,0.0,0.0414167487459477,-0.02197114952982974,0.0,14.0,-0.0008309761649826158
33.553544013,33.55329895019531,-0.582965088199023,3.994266882624134,1.0,0.14980062119026327,0.19919859081682428,0.0,0.04784565289153966,-0.012060603245227277,0.0,14.0,-0.0008309761649826158
33.573181194,33.572935581207275,-0.5800138797749944,3.9981767691154695,1.0,0.15080020226141866,0.19905460240826708,0.0,0.05393834152818423,-0.0026347256409654115,0.0,14.0,-0.0008309761649826158
33.593149151,33.592936277389526,-0.576986576944339,4.002158101869394,1.0,0.15193958617526399,0.19909596708329147,0.0,0.05995781077328064,0.006719428833252422,0.0,14.0,-0.0008309761649826158
33.613212867,33.612950801849365,-0.5739331703130274,4.0061448789672705,1.0,0.15319769907788364,0.19932113048863456,0.0,0.0657093587868297,0.015708185237979365,0.0,14.0,-0.0008309761649826158
33.633496845,33.633198261260986,-0.5708174871080202,4.010184403401839,1.0,0.15458404878359513,0.1997270874445301,0.0,0.07116439347900401,0.024296501382480396,0.0,14.0,-0.0008309761649826158
33.653158382,33.65294909477234,-0.5677500978014515,4.014134459889566,1.0,0.15603865318114699,0.20028477789037644,0.0,0.07605448468721204,0.03206927445433423,0.0,14.0,-0.0008309761649826158
33.673218994,33.67293739318848,-0.5646156589002466,4.018144699514709,1.0,0.15760448152820725,0.20099901775712614,0.0,0.08054432075220602,0.03928967018077446,0.0,14.0,-0.0008309761649826158
33.69316556,33.692954301834106,-0.5614444847759745,4.022176408187623,1.0,0.15925795776459695,0.20185253511890117,0.0,0.08458898458010655,0.04588528247622145,0.0,14.0,-0.0008309761649826158
33.713195979,33.712955713272095,-0.5582419521637868,4.026223306713403,1.0,0.16098659088850872,0.20283104432074855,0.0,0.08819089239437283,0.05185775766455097,0.0,14.0,-0.0008309761649826158
33.733195449,33.73295879364014,-0.5550038299234598,4.030291335578514,1.0,0.16278315208757366,0.20392308718213617,0.0,0.09136548997573052,0.05722987609278182,0.0,14.0,-0.0008309761649826158
33.753175875,33.75292110443115,-0.5517359184336914,4.034373828535418,1.0,0.16463517473911551,0.20511417551237066,0.0,0.09411897497396103,0.062008658592397785,0.0,14.0,-0.0008309761649826158
33.773281603,33.77296423912048,-0.5484170452908443,4.038497705470438,1.0,0.1665459295362914,0.2064003490369524,0.0,0.09647876045799654,0.06623845439702607,0.0,14.0,-0.0008309761649826158
33.793282929,33.79298663139343,-0.5450629164991201,4.042643871276359,1.0,0.16849797687215426,0.207764287431616,0.0,0.0984429124750544,0.06991218989205,0.0,14.0,-0.0008309761649826158
33.813249945,33.812984228134155,-0.5416735634756766,4.046812858150588,1.0,0.1704830349446582,0.20919459208163274,0.0,0.1000241978213359,0.07304788783553577,0.0,14.0,-0.0008309761649826158
33.833319507,33.83297801017761,-0.5382448961915819,4.0510102172890345,1.0,0.17249561652955442,0.21068211739074347,0.0,0.101236896138601,0.07566683850599337,0.0,14.0,-0.0008309761649826158
33.853584557,33.8529908657074,-0.5347724255826032,4.055241875920705,1.0,0.17453081873638937,0.21221847769631694,0.0,0.10209380729255554,0.07778835814817853,0.0,14.0,-0.0008309761649826158
33.87321939,33.87297511100769,-0.5312641231419086,4.059498563485815,1.0,0.17657676278182574,0.21379016151009092,0.0,0.10260493816329716,0.07942459021017359,0.0,14.0,-0.0008309761649826158
33.893286102,33.892985820770264,-0.5277101433522832,4.063792635836262,1.0,0.17863228980614926,0.21539199463649597,0.0,0.10278356951201072,0.08059699310597375,0.0,14.0,-0.0008309761649826158
33.913590647,33.91325855255127,-0.5240676679214598,4.068175832828175,1.0,0.18071504854279444,0.21703407275346961,0.0,0.10263668063302639,0.08132655152917415,0.0,14.0,-0.0008309761649826158
33.93331039,33.93298554420471,-0.520482771743726,4.072473094138035,1.0,0.18273581909641484,0.21864187143961997,0.0,0.10218861340093188,0.08161039084202716,0.0,14.0,-0.0008309761649826158
33.953207571,33.9530086517334,-0.516803396330843,4.076867338270174,1.0,0.18477492186590191,0.2202753936044094,0.0,0.10143779338454148,0.08148550596251956,0.0,14.0,-0.0008309761649826158
33.973315891,33.97300696372986,-0.5130879592106196,4.081288776911143,1.0,0.1867936322684573,0.22190039744000012,0.0,0.10040198240661187,0.08096228562734553,0.0,14.0,-0.0008309761649826158
33.993285403,33.993000984191895,-0.509333252522391,4.08574154573328,1.0,0.18878840952688758,0.2235107246716418,0.0,0.09909258200284277,0.08005794729249559,0.0,14.0,-0.0008309761649826158
34.013337298,34.01301383972168,-0.5055353032964156,4.090230599647815,1.0,0.19075622823119628,0.22510080324857892,0.0,0.09751956483976325,0.0787878905618249,0.0,14.0,-0.0008309761649826158
34.033182214,34.03301405906677,-0.5017007402073419,4.094748332350446,1.0,0.1926888285133754,0.22666097694621598,0.0,0.09569711456021034,0.07717083013112717,0.0,14.0,-0.0008309761649826158
34.053392375,34.05307936668396,-0.49781526918959024,4.099311741257709,1.0,0.1945886545625888,0.22819035722296335,0.0,0.09362906396833762,0.07521610291170791,0.0,14.0,-0.0008309761649826158
34.073275601,34.072972774505615,-0.49392583936434914,4.103865986156223,1.0,0.1964289914461926,0.22966479023060948,0.0,0.09135344068550165,0.07296616117718863,0.0,14.0,-0.0008309761649826158
34.09333156,34.093032360076904,-0.4899673231448509,4.108487499727664,1.0,0.19823668893102023,0.23110321297843708,0.0,0.0888435254219343,0.07039982703581053,0.0,14.0,-0.0008309761649826158
34.113351097,34.113038063049316,-0.48598386203135313,4.113124779476652,1.0,0.1999873187964471,0.2324836528922522,0.0,0.08613688528819588,0.06755966050413074,0.0,14.0,-0.0008309761649826158
34.133489182,34.13319110870361,-0.4819362073926708,4.117823549410403,1.0,0.20169413295114277,0.23381410786280474,0.0,0.08321684044916419,0.06443223143786776,0.0,14.0,-0.0008309761649826158
34.153297964,34.15304112434387,-0.47791639395539165,4.122477224962419,1.0,0.20331595204474073,0.23506047145825681,0.0,0.08016262595951058,0.06110727374804685,0.0,14.0,-0.0008309761649826158
34.173390697,34.17303729057312,-0.47383504007494937,4.127189516839688,1.0,0.20488673690258724,0.23624697772907535,0.0,0.07691897697752077,0.05752921949269473,0.0,14.0,-0.0008309761649826158
34.193271587,34.19304013252258,-0.4697215416006648,4.131926407643542,1.0,0.2063915806589852,0.23736014564802813,0.0,0.07351838387891102,0.053737229128754053,0.0,14.0,-0.0008309761649826158
34.213336508,34.213054180145264,-0.4655763173950531,4.1366874481130465,1.0,0.20782772138512728,0.23839602940701565,0.0,0.06997172005888877,0.04974707905747898,0.0,14.0,-0.0008309761649826158
34.23326915,34.23305821418762,-0.4614052053853739,4.141465965664478,1.0,0.20919085759388428,0.2393497672263605,0.0,0.0662945817935556,0.04557989825240482,0.0,14.0,-0.0008309761649826158
34.253265292,34.253063440322876,-0.4572072593019326,4.146263070637692,1.0,0.2104793046959678,0.24021855630096417,0.0,0.0624967303391895,0.04125025516254556,0.0,14.0,-0.0008309761649826158
34.273371723,34.273072481155396,-0.4529835258085173,4.151077566536038,1.0,0.21169088389247534,0.2409993834647624,0.0,0.058589525059220174,0.036774498270896946,0.0,14.0,-0.0008309761649826158
34.293308815,34.293057680130005,-0.4487413789013324,4.155901057280973,1.0,0.2128220024465103,0.2416885800878252,0.0,0.05459027340355245,0.03217582131993573,0.0,14.0,-0.0008309761649826158
34.313386377,34.3130738735199,-0.4444708460178461,4.160744855243538,1.0,0.21387388230795687,0.24228557592846245,0.0,0.05049984738787912,0.027458509150546265,0.0,14.0,-0.0008309761649826158
34.333620446,34.33305549621582,-0.4401875091068533,4.165591259225334,1.0,0.21484153322335858,0.24278639028479268,0.0,0.04634342319960537,0.022654844137781377,0.0,14.0,-0.0008309761649826158
34.353308888,34.35306191444397,-0.4358802925731815,4.17045276907813,1.0,0.21572655139117777,0.24319085989808728,0.0,0.042120490372473285,0.01776746284885644,0.0,14.0,-0.0008309761649826158
34.373378353,34.373061418533325,-0.43155773642844225,4.175319681577349,1.0,0.21652630292624248,0.24349682308576248,0.0,0.037849519487918405,0.012820932515749001,0.0,14.0,-0.0008309761649826158
34.393227814,34.3930230140686,-0.42722824659008507,4.18018251725838,1.0,0.217238973844391,0.2437030944949305,0.0,0.033549015918499785,0.007839876422551762,0.0,14.0,-0.0008309761649826158
34.413322532,34.413076400756836,-0.422865432958406,4.185070808724981,1.0,0.21786819809472233,0.24380989607695946,0.0,0.029202808032082264,0.002808762039654924,0.0,14.0,-0.0008309761649826158
34.433578396,34.433316230773926,-0.41845011576760177,4.190005730678224,1.0,0.21841473719193538,0.24381525462531398,0.0,0.02480185089516754,-0.002279548335829553,0.0,14.0,-0.0008309761649826158
34.453307517,34.453075647354126,-0.41412984509991774,4.194822566283079,1.0,0.21886232817790646,0.2437211768942493,0.0,0.020503232986295417,-0.007240387620610477,0.0,14.0,-0.0008309761649826158
34.473496906,34.473081827163696,-0.40974740927813164,4.199696739080196,1.0,0.21922905417645755,0.24352626044694975,0.0,0.016160421451657754,-0.012239803957777653,0.0,14.0,-0.0008309761649826158
34.493359809,34.493102073669434,-0.4053554344545061,4.204569416061914,1.0,0.21950925641036867,0.24323145975226196,0.0,0.011835984527483422,-0.017202258723309157,0.0,14.0,-0.0008309761649826158
34.513342316,34.5131139755249,-0.400960556734181,4.2094331639040385,1.0,0.21970313216681778,0.24283804095200842,0.0,0.007546599248570886,-0.022105285356783355,0.0,14.0,-0.0008309761649826158
34.533338201,34.53309464454651,-0.39656954285554497,4.214280467874057,1.0,0.2198114968628254,0.24234806182640437,0.0,0.0033088861750175625,-0.026926577851437587,0.0,14.0,-0.0008309761649826158
34.553353994,34.55309319496155,-0.3921732376339284,4.219121389462902,1.0,0.21983572080818517,0.24176205849168725,0.0,-0.0008758708823827507,-0.03166126931299775,0.0,14.0,-0.0008309761649826158
34.573358744,34.573099851608276,-0.3877755079242321,4.223951596232731,1.0,0.21977688161078202,0.24108212566748927,0.0,-0.004993656397420272,-0.036289943188126256,0.0,14.0,-0.0008309761649826158
34.593336258,34.59310030937195,-0.3833811450760952,4.2287657817233955,1.0,0.21963650109740962,0.2403110636735778,0.0,-0.00902970129029188,-0.04079239994355632,0.0,14.0,-0.0008309761649826158
34.613382872,34.61311054229736,-0.37898824245255364,4.233565999207482,1.0,0.21941617118385795,0.23945089273465292,0.0,-0.01297613810746489,-0.04515642381766576,0.0,14.0,-0.0008309761649826158
34.633551618,34.63311052322388,-0.3746027553676366,4.238345720867988,1.0,0.21911799565556725,0.23850535382530644,0.0,-0.01682553514829796,-0.04937306279351464,0.0,14.0,-0.0008309761649826158
34.653825918,34.653578758239746,-0.3701216085222807,4.243216849785083,1.0,0.21873412066586465,0.2374518782082573,0.0,-0.020667612888169203,-0.05354012746087598,0.0,14.0,-0.0008309761649826158
34.673440555,34.673134088516235,-0.3658483784804085,4.247849808289791,1.0,0.2182948145221766,0.23636709015423363,0.0,-0.02424725641880244,-0.05738322069625649,0.0,14.0,-0.0008309761649826158
34.693367009,34.69311165809631,-0.3614924495287016,4.252560149976262,1.0,0.21777464021839973,0.23518263718560758,0.0,-0.02781326329494118,-0.06117191008877169,0.0,14.0,-0.0008309761649826158
34.713319355,34.71312189102173,-0.35714051430796784,4.257253733379934,1.0,0.2171831121945575,0.23392174551018494,0.0,-0.03129394604400402,-0.0648295910239812,0.0,14.0,-0.0008309761649826158
34.734329221,34.73389744758606,-0.3526354092019223,4.262099345865457,1.0,0.2164962459761251,0.2325366585829579,0.0,-0.03481226546064123,-0.0684840152043315,0.0,14.0,-0.0008309761649826158
34.753304156,34.75311326980591,-0.3484819099496507,4.266554850270099,1.0,0.2157967311691989,0.23118925031620624,0.0,-0.0379807594299339,-0.07173615555927024,0.0,14.0,-0.0008309761649826158
34.773349094,34.77312397956848,-0.3441714677764671,4.271166546791018,1.0,0.21500441180881658,0.22972093811877212,0.0,-0.04119383212098477,-0.07499419775138125,0.0,14.0,-0.0008309761649826158
34.79338971,34.793133020401,-0.3398779017562194,4.275747808665556,1.0,0.2141487509771939,0.2281888668655028,0.0,-0.04431931765016206,-0.0781226770048205,0.0,14.0,-0.0008309761649826158
34.813373485,34.81315016746521,-0.33560035660995824,4.280299625316517,1.0,0.21323103547633399,0.22659482000552836,0.0,-0.04735969839822348,-0.08112508633983087,0.0,14.0,-0.0008309761649826158
34.833402004,34.83321571350098,-0.33133147276976654,4.28482986921124,1.0,0.21225087218071034,0.2249378502721244,0.0,-0.05032174994360931,-0.08400898422298726,0.0,14.0,-0.0008309761649826158
34.853387987,34.853148221969604,-0.3271109757818509,4.289296564057233,1.0,0.21121920959369314,0.22323581423672934,0.0,-0.0531801607716601,-0.08675104360094696,0.0,14.0,-0.0008309761649826158
34.87345504,34.87315082550049,-0.3228968494226924,4.293744348532999,1.0,0.21012746836460555,0.22147404832252096,0.0,-0.05596547664834865,-0.089381831619355,0.0,14.0,-0.0008309761649826158
34.893404761,34.893160343170166,-0.3187036743266612,4.298157886334121,1.0,0.20898043461656002,0.2196602220392786,0.0,-0.05866937812941041,-0.09189432621914174,0.0,14.0,-0.0008309761649826158
34.913402747,34.91317391395569,-0.31453316226351613,4.3025354993414515,1.0,0.20777986981913382,0.2177969236683873,0.0,-0.061292387598362225,-0.0942900761640678,0.0,14.0,-0.0008309761649826158
34.933386746,34.93316411972046,-0.3103920230058542,4.306870305073781,1.0,0.20652910743569822,0.21588909066459855,0.0,-0.06383202253912823,-0.09656798789612249,0.0,14.0,-0.0008309761649826158
34.953382779,34.953168869018555,-0.3062734003111818,4.311169640648899,1.0,0.20522740603416983,0.2139354165112432,0.0,-0.06629413602691887,-0.09873446786811452,0.0,14.0,-0.0008309761649826158
34.973458441,34.97317290306091,-0.3021814746432951,4.315429291306582,1.0,0.20387729377583083,0.21193960109467797,0.0,-0.06867773370726221,-0.10078974161868044,0.0,14.0,-0.0008309761649826158
34.993382879,34.99317216873169,-0.2981179486969635,4.319647659729311,1.0,0.20248059902926838,0.20990423381718884,0.0,-0.07098338621249185,-0.10273548085818857,0.0,14.0,-0.0008309761649826158
35.013471503,35.01317596435547,-0.2940819299894533,4.323825851699451,1.0,0.20103823733757206,0.20783056811596012,0.0,-0.07321310608966979,-0.10457456489469615,0.0,14.0,-0.0008309761649826158
35.033493877,35.03318738937378,-0.2900736532678541,4.327963801357246,1.0,0.1995514432589106,0.20572034157584704,0.0,-0.07536818416970076,-0.10630921837324757,0.0,14.0,-0.0008309761649826158
35.053398598,35.05320334434509,-0.2860947065662715,4.332060055097899,1.0,0.1980219380002768,0.2035759744048801,0.0,-0.07744916019978923,-0.1079410562485979,0.0,14.0,-0.0008309761649826158
35.073459858,35.07319140434265,-0.2821522248701922,4.336107491692513,1.0,0.19645371813694934,0.20140299138244463,0.0,-0.07945382179363043,-0.10946966027643427,0.0,14.0,-0.0008309761649826158
35.093442545,35.09318232536316,-0.2782409171807039,4.340111775756565,1.0,0.1948459170974664,0.19920012325274875,0.0,-0.08138635457618876,-0.11089956419428401,0.0,14.0,-0.0008309761649826158
35.113476089,35.11318111419678,-0.2743606608878136,4.344073243274872,1.0,0.19319956439223762,0.19696878713203594,0.0,-0.08324813698090094,-0.11223303321712838,0.0,14.0,-0.0008309761649826158
35.133345989,35.13313436508179,-0.2705223825880987,4.347980996286122,1.0,0.19152054185031933,0.19471688259546047,0.0,-0.08503541722589103,-0.11346880907559247,0.0,14.0,-0.0008309761649826158
35.153386445,35.153204917907715,-0.26669571202725145,4.351866130626696,1.0,0.18979638097993823,0.19242781369575457,0.0,-0.086763361571189,-0.11461846445328693,0.0,14.0,-0.0008309761649826158
35.173502178,35.173192262649536,-0.2629196192992538,4.355689294306943,1.0,0.18804558316754144,0.19012620814717152,0.0,-0.08841552821849283,-0.11567229720866506,0.0,14.0,-0.0008309761649826158
35.193460797,35.19319677352905,-0.25917565082713173,4.35946947192426,1.0,0.18626089516780905,0.1878024298600775,0.0,-0.0900015278169213,-0.11663805515928763,0.0,14.0,-0.0008309761649826158
35.213451549,35.213214635849,-0.25546523533055493,4.363205451336135,1.0,0.1844439265399434,0.1854586371548101,0.0,-0.09152188700908075,-0.11751736243094131,0.0,14.0,-0.0008309761649826158
35.233435164,35.23321294784546,-0.2517950920311091,4.366890732512904,1.0,0.18259901623433653,0.18310043042347207,0.0,-0.09297510863268287,-0.11831081780404612,0.0,14.0,-0.0008309761649826158
35.253486279,35.25322103500366,-0.24816034825257874,4.3705304823562425,1.0,0.18072476174350133,0.18072601534373192,0.0,-0.09436437274514117,-0.11902166767118719,0.0,14.0,-0.0008309761649826158
35.273503979,35.27323126792908,-0.24456297768977894,4.374122987629246,1.0,0.1788231353335811,0.17833792316133745,0.0,-0.09569007451729135,-0.11965157686304677,0.0,14.0,-0.0008309761649826158
35.293449188,35.293235778808594,-0.2410049396800227,4.37766657195691,1.0,0.17689616925454765,0.1759387128240186,0.0,-0.09695268302238932,-0.12020232503117047,0.0,14.0,-0.0008309761649826158
35.313504143,35.31325125694275,-0.23748375508973646,4.3811639835968474,1.0,0.1749434740896287,0.17352791779486113,0.0,-0.09815422109509218,-0.12067635677760556,0.0,14.0,-0.0008309761649826158
35.333476844,35.33322596549988,-0.2340089721867314,4.384606047171697,1.0,0.17297140425147625,0.17111334530528866,0.0,-0.09929268253893343,-0.12107461667547655,0.0,14.0,-0.0008309761649826158
35.353465228,35.353248834609985,-0.23056558462516383,4.388007915208914,1.0,0.17097236544245406,0.1686857112610333,0.0,-0.1003740907107465,-0.12140085012928388,0.0,14.0,-0.0008309761649826158
35.374000551,35.37375044822693,-0.22708153198546221,4.391440723447295,1.0,0.16890369771716862,0.1661939942722904,0.0,-0.10142036295055297,-0.12166127444627817,0.0,14.0,-0.0008309761649826158
35.393474225,35.393248558044434,-0.22380758161442119,4.394658040295487,1.0,0.1669169601705174,0.1638199742909052,0.0,-0.10235910770027311,-0.12184180612666012,0.0,14.0,-0.0008309761649826158
35.413556704,35.41326379776001,-0.22048724783223173,4.397912536830777,1.0,0.16485903232309018,0.161379966804944,0.0,-0.1032666302925863,-0.12196102635767705,0.0,14.0,-0.0008309761649826158
35.433493496,35.433236598968506,-0.21721522728619816,4.401111395243188,1.0,0.16278794311791334,0.15894343231059394,0.0,-0.10411650874787436,-0.12201522761447059,0.0,14.0,-0.0008309761649826158
35.45343656,35.45322799682617,-0.21398172900397058,4.4042645131982185,1.0,0.16069846290338852,0.15650416035589165,0.0,-0.1049124352390071,-0.12200669781191519,0.0,14.0,-0.0008309761649826158
35.47349782,35.47327923774719,-0.21078064585103795,4.407378112830995,1.0,0.1585872733416876,0.1540583565158783,0.0,-0.1056567139312922,-0.12193706425052352,0.0,14.0,-0.0008309761649826158
35.493540901,35.49329900741577,-0.20762698335090307,4.4104378994807245,1.0,0.15646505357530952,0.1516183929881255,0.0,-0.106346816515947,-0.12180853110122239,0.0,14.0,-0.0008309761649826158
35.513423603,35.51323843002319,-0.20452836513603176,4.413436859422709,1.0,0.15433815168469547,0.1491913661466127,0.0,-0.10698247922017702,-0.1216239075633039,0.0,14.0,-0.0008309761649826158
35.533548522,35.53325605392456,-0.20146033487384668,4.416398984254943,1.0,0.15219063931190402,0.14675904122975503,0.0,-0.10756975887764524,-0.12138373734278572,0.0,14.0,-0.0008309761649826158
35.553489025,35.55330729484558,-0.19843040396571832,4.419317284328107,1.0,0.15002826774316436,0.14432801873709675,0.0,-0.10810789042939821,-0.12109011907652313,0.0,14.0,-0.0008309761649826158
35.57354126,35.57326889038086,-0.19545716732265672,4.422174203321277,1.0,0.14786531854821006,0.14191420409909059,0.0,-0.10859476791762201,-0.12074708004664653,0.0,14.0,-0.0008309761649826158
35.593536845,35.593276262283325,-0.19252052333335304,4.424989403903478,1.0,0.1456881316978315,0.13950220965981153,0.0,-0.10903483351748612,-0.12035446937276528,0.0,14.0,-0.0008309761649826158
35.613581942,35.613293409347534,-0.18962614648369017,4.427757744622049,1.0,0.14350156147692578,0.13709739089640013,0.0,-0.10942807376885158,-0.11991480587265224,0.0,14.0,-0.0008309761649826158
35.63473756,35.63438868522644,-0.1866233160534368,4.430623208913063,1.0,0.1411892102687154,0.1345730669238912,0.0,-0.10979266255219786,-0.11940294631501397,0.0,14.0,-0.0008309761649826158
35.653608094,35.65330457687378,-0.18397225264486386,4.4331474493367775,1.0,0.13910962904016708,0.13231911519814527,0.0,-0.11007702604051907,-0.11890353186165951,0.0,14.0,-0.0008309761649826158
35.673606912,35.67324638366699,-0.1812200680403592,4.435762518781309,1.0,0.13691186424360557,0.12995354780960136,0.0,-0.11033418701124224,-0.11833757784547806,0.0,14.0,-0.0008309761649826158
35.693582706,35.69329857826233,-0.17849686525860026,4.43834463737883,1.0,0.1346971764249644,0.12758663692573294,0.0,-0.11054962617124461,-0.11772962777775157,0.0,14.0,-0.0008309761649826158
35.713530751,35.713294982910156,-0.17582553286678132,4.440872404216829,1.0,0.13248479567705224,0.12523884861923934,0.0,-0.11072236011436268,-0.1170865833752187,0.0,14.0,-0.0008309761649826158
35.733540183,35.7332968711853,-0.1731977504053966,4.443354035383007,1.0,0.13026875927475054,0.12290362487279399,0.0,-0.11085406222981542,-0.11640861466972771,0.0,14.0,-0.0008309761649826158
35.753553295,35.75334286689758,-0.1706086484994515,4.445794432940179,1.0,0.12804558039481204,0.12057717133853955,0.0,-0.11094581964859598,-0.1156962958952314,0.0,14.0,-0.0008309761649826158
35.773634546,35.773311376571655,-0.1680739063516741,4.448179148632038,1.0,0.1258295832945187,0.11827424288854724,0.0,-0.11099815523981349,-0.1149560497521585,0.0,14.0,-0.0008309761649826158
35.793515828,35.79329204559326,-0.16558191060519,4.450519446201895,1.0,0.12361156493286138,0.11598498895752969,0.0,-0.11101247602834836,-0.11418669666031855,0.0,14.0,-0.0008309761649826158
35.813590422,35.81332564353943,-0.1631277950403402,4.4528201886050365,1.0,0.12138774649980043,0.11370536358629049,0.0,-0.1109896079035931,-0.1133885366618891,0.0,14.0,-0.0008309761649826158
35.833523617,35.83329916000366,-0.1607253787525557,4.45506873222991,1.0,0.11917141185615486,0.11144873864317861,0.0,-0.11093067965788551,-0.11256809432086551,0.0,14.0,-0.0008309761649826158
35.853534488,35.85332703590393,-0.15836089055900926,4.457278275023361,1.0,0.11695061119873677,0.10920268713974449,0.0,-0.11083635419396454,-0.1117227048086275,0.0,14.0,-0.0008309761649826158
35.873570196,35.87329363822937,-0.15604785421669787,4.459436483018108,1.0,0.11473879476438437,0.1069805370332428,0.0,-0.11070817078582987,-0.1108592402213505,0.0,14.0,-0.0008309761649826158
35.893690974,35.89333391189575,-0.15377068041396605,4.461558197719227,1.0,0.11252174302308546,0.10476773172092803,0.0,-0.11054621806641297,-0.10997387896792982,0.0,14.0,-0.0008309761649826158
35.913677169,35.91334342956543,-0.15154129840549949,4.463632588119576,1.0,0.11031166039772367,0.10257619844505231,0.0,-0.11035221591455022,-0.10907318147895452,0.0,14.0,-0.0008309761649826158
35.933564244,35.933316230773926,-0.14936005293146498,4.465659635326942,1.0,0.10810980311982492,0.1004067945487449,0.0,-0.11012736360621116,-0.10815949824313438,0.0,14.0,-0.0008309761649826158
35.953582285,35.953317642211914,-0.14721973130572744,4.4676463257418275,1.0,0.10590962082999066,0.09825272465029852,0.0,-0.10987192956662852,-0.10723187256369257,0.0,14.0,-0.0008309761649826158
35.973610887,35.97333335876465,-0.1451218560915278,4.469591514888431,1.0,0.10371324992382237,0.09611577380778957,0.0,-0.10958697587146703,-0.10629291682634205,0.0,14.0,-0.0008309761649826158
35.993550899,35.99332070350647,-0.14307077258000864,4.471491445487957,1.0,0.10152597713121407,0.09400070412095808,0.0,-0.10927412605994605,-0.10534666573432036,0.0,14.0,-0.0008309761649826158
36.013688992,36.013347864151,-0.1410593809235362,4.473352955827816,1.0,0.0993408877899896,0.0919004539883531,0.0,-0.10893327002353842,-0.1043918896929737,0.0,14.0,-0.0008309761649826158
36.03362033,36.033344745635986,-0.13909462837737813,4.4751698706347325,1.0,0.09716618499960104,0.08982251324860556,0.0,-0.10856656542130265,-0.10343394104646338,0.0,14.0,-0.0008309761649826158
36.054082893,36.053582191467285,-0.1371504330202501,4.476966539145183,1.0,0.09497304256768974,0.08773910266967132,0.0,-0.10816962937607298,-0.10246181949967734,0.0,14.0,-0.0008309761649826158
36.07371959,36.07335019111633,-0.13529412786452918,4.478680995486507,1.0,0.09283879307009908,0.08572304412985329,0.0,-0.10775779890581774,-0.10151167283174095,0.0,14.0,-0.0008309761649826158
36.093591623,36.09333062171936,-0.13346065484247505,4.48037357496897,1.0,0.09069010490288744,0.08370438749807242,0.0,-0.10731830662109229,-0.10055271738230268,0.0,14.0,-0.0008309761649826158
36.113688237,36.113375663757324,-0.13166429376801336,4.482031299569517,1.0,0.08854350792755644,0.08169841500229984,0.0,-0.10685489953357168,-0.09959408319623161,0.0,14.0,-0.0008309761649826158
36.133596787,36.13334941864014,-0.1299170314466357,4.483643319583026,1.0,0.0864140061306727,0.07971864440164385,0.0,-0.10637171485030929,-0.09864428187010157,0.0,14.0,-0.0008309761649826158
36.153764005,36.1533465385437,-0.12821022258315312,4.485217814312371,1.0,0.0842918703649024,0.07775547584983901,0.0,-0.10586751554492563,-0.09770078992005675,0.0,14.0,-0.0008309761649826158
36.173583004,36.17334032058716,-0.12654604830604968,4.48675296252383,1.0,0.08218039787979743,0.07581143653384874,0.0,-0.10534393662085739,-0.09676690638153138,0.0,14.0,-0.0008309761649826158
36.1936206,36.1933536529541,-0.12492240023889382,4.4882508896503035,1.0,0.08007750722922613,0.07388406219324349,0.0,-0.10480132342260663,-0.09584355850339817,0.0,14.0,-0.0008309761649826158
36.213641361,36.21336388587952,-0.12334098293162041,4.489710192515193,1.0,0.07798599364210435,0.07197534563955785,0.0,-0.10424126067195859,-0.09493383465180977,0.0,14.0,-0.0008309761649826158
36.233705138,36.233349561691284,-0.1218031452770061,4.491129782621694,1.0,0.07590836905439848,0.07008696254096361,0.0,-0.10366535300769686,-0.09404066842665039,0.0,14.0,-0.0008309761649826158
36.25364643,36.25338006019592,-0.12030342741225832,4.4925148458177455,1.0,0.07383782263013297,0.06821211154350162,0.0,-0.1030725772321711,-0.09316302265347856,0.0,14.0,-0.0008309761649826158
36.273608269,36.27334761619568,-0.11884958027214096,4.493858354381335,1.0,0.07178574525770776,0.06636045594043165,0.0,-0.10246711402087838,-0.09230758518342734,0.0,14.0,-0.0008309761649826158
36.293619685,36.293365478515625,-0.11743305723226341,4.495168324151066,1.0,0.06974074077344582,0.06452104212109301,0.0,-0.10184651681584016,-0.09147148432057776,0.0,14.0,-0.0008309761649826158
36.313664738,36.313387870788574,-0.11605705787182882,4.4964419052268525,1.0,0.06770785677697162,0.0626977472958997,0.0,-0.10121315019112838,-0.0906587569832541,0.0,14.0,-0.0008309761649826158
36.333627186,36.33338475227356,-0.11472330732646335,4.497677589652834,1.0,0.06569033465383649,0.06089276213660634,0.0,-0.10056895717353356,-0.08987258273033807,0.0,14.0,-0.0008309761649826158
36.354242093,36.35399007797241,-0.1133910338551276,4.498913286210079,1.0,0.06362500578857852,0.059049002880782554,0.0,-0.09989403610399851,-0.0890912841480074,0.0,14.0,-0.0008309761649826158
36.373648065,36.373390197753906,-0.1121754614328098,4.500042121162164,1.0,0.06169329403020355,0.0573275284065565,0.0,-0.09924922787445045,-0.08838435375921375,0.0,14.0,-0.0008309761649826158
36.393627155,36.393388748168945,-0.11096148538449492,4.501170963065144,1.0,0.05971516861267581,0.05556699707095742,0.0,-0.09857598440734837,-0.0876866943231205,0.0,14.0,-0.0008309761649826158
36.413663855,36.41340374946594,-0.10978599116930633,4.502265612699381,1.0,0.057748988314134116,0.053818666331232536,0.0,-0.09789428717041398,-0.08702173019113597,0.0,14.0,-0.0008309761649826158
36.433785177,36.43339800834656,-0.10865086466886238,4.503324325439117,1.0,0.05579855103163415,0.052085113072905,0.0,-0.09720347756140484,-0.08638795195944075,0.0,14.0,-0.0008309761649826158
36.453713506,36.45341753959656,-0.10755323663991181,4.504349773827476,1.0,0.053859619671390836,0.050361810466053133,0.0,-0.09649804778832145,-0.08577792833569803,0.0,14.0,-0.0008309761649826158
36.473736828,36.47340202331543,-0.10649610271376068,4.505339138432497,1.0,0.051938337916188675,0.04865351026624774,0.0,-0.09577617772815901,-0.08518743141494936,0.0,14.0,-0.0008309761649826158
36.493733201,36.49340891838074,-0.10547609507074693,4.506295535468744,1.0,0.050029556716604105,0.04695497603206342,0.0,-0.09503184771364652,-0.0846086910080119,0.0,14.0,-0.0008309761649826158
36.513656538,36.51342034339905,-0.10449390684989182,4.507218271132132,1.0,0.04813548845750468,0.04526756475075163,0.0,-0.09426171856554492,-0.08403619255612264,0.0,14.0,-0.0008309761649826158
36.533954049,36.53347420692444,-0.10354750260436241,4.508109203616182,1.0,0.046253154755843406,0.04358805466999184,0.0,-0.09346026198451761,-0.08346278935923268,0.0,14.0,-0.0008309761649826158
36.553597628,36.55341601371765,-0.10264366307417219,4.508961867851115,1.0,0.0443976156253698,0.041929389380099824,0.0,-0.09262986571435101,-0.082886866836329,0.0,14.0,-0.0008309761649826158
36.573736937,36.573429107666016,-0.10177362005628156,4.509784446714636,1.0,0.04255244895887751,0.04027643946810504,0.0,-0.09175903124728364,-0.08229709105959784,0.0,14.0,-0.0008309761649826158
36.593728637,36.5934271812439,-0.1009409466795478,4.510573476671032,1.0,0.04072650016122818,0.0386367034411513,0.0,-0.09084741395146359,-0.08168991676884424,0.0,14.0,-0.0008309761649826158
36.613725843,36.61343598365784,-0.1001441797602993,4.511330240915379,1.0,0.038918250868913117,0.03700845637258175,0.0,-0.08988987670249055,-0.08105850051874858,0.0,14.0,-0.0008309761649826158
36.633641146,36.63342237472534,-0.09938422833598748,4.5120537634788835,1.0,0.037131633933858765,0.03539492899316838,0.0,-0.08888409417451763,-0.08039786513344836,0.0,14.0,-0.0008309761649826158
36.653936193,36.653433084487915,-0.09865892622465547,4.512745988108847,1.0,0.0353635223953091,0.03379302876811606,0.0,-0.08782375954426297,-0.07970041450681388,0.0,14.0,-0.0008309761649826158
36.674291602,36.67344069480896,-0.09796889023733414,4.513406203151401,1.0,0.0336174566540973,0.03220573358334509,0.0,-0.08670626660528942,-0.07896098143413088,0.0,14.0,-0.0008309761649826158
36.693639952,36.693443298339844,-0.09731372384202393,4.514034655073172,1.0,0.031894791799976285,0.030634102826870298,0.0,-0.08552780636733004,-0.07817361282243722,0.0,14.0,-0.0008309761649826158
36.713880162,36.71345281600952,-0.09669256350170541,4.514632035165995,1.0,0.030195754088351925,0.029078211277677016,0.0,-0.08428369471752024,-0.07733176700384367,0.0,14.0,-0.0008309761649826158
36.733657543,36.73345446586609,-0.09610537199525672,4.515198237320273,1.0,0.028522952221230028,0.027540361746144673,0.0,-0.08297090314745839,-0.0764300198939205,0.0,14.0,-0.0008309761649826158
36.753913755,36.753599643707275,-0.09554751293211386,4.515737600730592,1.0,0.02686541744876774,0.026010364931470346,0.0,-0.08157477009263313,-0.07545479248941435,0.0,14.0,-0.0008309761649826158
36.773719653,36.773460388183594,-0.09502994301767902,4.516239368233377,1.0,0.025259590636160602,0.024521923306155085,0.0,-0.08012181553606433,-0.07442150542816954,0.0,14.0,-0.0008309761649826158
36.793691178,36.793450355529785,-0.09454090942536975,4.516714766463209,1.0,0.023673236365997285,0.023045272954057974,0.0,-0.07857870475625292,-0.073303433172517,0.0,14.0,-0.0008309761649826158
36.813711927,36.81341624259949,-0.09408381056734677,4.517160350748629,1.0,0.022120440201416396,0.021593557284116754,0.0,-0.0769527325728264,-0.07210254133088087,0.0,14.0,-0.0008309761649826158
36.833716961,36.83346343040466,-0.09365570546516931,4.517578839382285,1.0,0.020594853017210722,0.020160936088471346,0.0,-0.0752309487145518,-0.07080603522612329,0.0,14.0,-0.0008309761649826158
36.854019965,36.853516578674316,-0.09325771835760834,4.51796898640769,1.0,0.019104274849343548,0.01875485510784731,0.0,-0.07341527655287249,-0.06941211813439846,0.0,14.0,-0.0008309761649826158
36.873768157,36.87351131439209,-0.09289028569144613,4.518330205015677,1.0,0.01765526906352472,0.017381732819537848,0.0,-0.07150796373033944,-0.06791959465661507,0.0,14.0,-0.0008309761649826158
36.893733121,36.89348387718201,-0.09255179515350916,4.518663920862763,1.0,0.016246930446850882,0.016040988769999702,0.0,-0.06950215337967493,-0.06632031218579514,0.0,14.0,-0.0008309761649826158
36.913730475,36.91348576545715,-0.09224059058195147,4.518971616040658,1.0,0.01487771853510499,0.014731428738677147,0.0,-0.06738868806490479,-0.06460406108914452,0.0,14.0,-0.0008309761649826158
36.933764186,36.93350529670715,-0.09195610295961601,4.519253707053224,1.0,0.013550707449858188,0.013456283602487537,0.0,-0.06516445639655447,-0.06276536885528378,0.0,14.0,-0.0008309761649826158
36.953721245,36.9535014629364,-0.09169801416848153,4.519510362385648,1.0,0.012270811896035152,0.01222062637430373,0.0,-0.06283009935467418,-0.06080199710785426,0.0,14.0,-0.0008309761649826158
36.973731272,36.97349762916565,-0.09146504443215085,4.519742710138606,1.0,0.011038755927223805,0.01102554875632474,0.0,-0.06037914108934914,-0.05870583289465466,0.0,14.0,-0.0008309761649826158
36.993705518,36.99349904060364,-0.09125616205346374,4.5199516402995705,1.0,0.009856608866125445,0.009873471754540359,0.0,-0.05780693959866887,-0.056470226926320026,0.0,14.0,-0.0008309761649826158
37.013803208,37.0135498046875,-0.09106997058793674,4.520138416982619,1.0,0.008724427311906813,0.008764878653736532,0.0,-0.055103340687246025,-0.054083590342298316,0.0,14.0,-0.0008309761649826158
37.033736006,37.03349947929382,-0.09090670215859432,4.520302675505513,1.0,0.00765303236759411,0.007710866389438006,0.0,-0.05228518048042849,-0.05155836989230246,0.0,14.0,-0.0008309761649826158
37.053705963,37.05351424217224,-0.09076380456608835,4.520446857811647,1.0,0.006635944422588562,0.006705587415484065,0.0,-0.049325326946879515,-0.048867844728227125,0.0,14.0,-0.0008309761649826158
37.073752061,37.07350540161133,-0.09064079707723821,4.5205713323567664,1.0,0.005680557982363242,0.005756878015390636,0.0,-0.04623259100825923,-0.046017458578052665,0.0,14.0,-0.0008309761649826158
37.09375143,37.09351587295532,-0.09053616978897848,4.520677515138744,1.0,0.004787570072898989,0.004866006058927585,0.0,-0.042996413953341854,-0.04299508711570258,0.0,14.0,-0.0008309761649826158
37.11378383,37.11352205276489,-0.09044877046656666,4.520766471198206,1.0,0.003960943075834637,0.004037522983130284,0.0,-0.0396164498355732,-0.03979800714210601,0.0,14.0,-0.0008309761649826158
37.133725942,37.133524656295776,-0.0903772332929069,4.520839493301077,1.0,0.0032035353389660974,0.0032749277769714607,0.0,-0.03608868450205727,-0.03642013398160922,0.0,14.0,-0.0008309761649826158
37.15370582,37.15353965759277,-0.09032009984730487,4.520897981002687,1.0,0.0025178143979454385,0.0025813627525817537,0.0,-0.03240631263877945,-0.0328526598838966,0.0,14.0,-0.0008309761649826158
37.173846845,37.17355799674988,-0.09027593672837708,4.520943320993437,1.0,0.0019072593120527611,0.001961030868764284,0.0,-0.02856681437204397,-0.0290908746287381,0.0,14.0,-0.0008309761649826158
37.193779324,37.19353890419006,-0.09024326759735322,4.520976956691666,1.0,0.0013760868463960894,0.0014189369594763588,0.0,-0.024574480891594027,-0.02513691359742382,0.0,14.0,-0.0008309761649826158
37.213820589,37.2134850025177,-0.09022043609868464,4.521000530492716,1.0,0.0009270231237569554,0.0009586130933049909,0.0,-0.020425673569537835,-0.020985273543803504,0.0,14.0,-0.0008309761649826158
37.233826935,37.233537435531616,-0.09020566569283742,4.52101582420586,1.0,0.0005606623336443102,0.00058142130210692,0.0,-0.016086227178481922,-0.016599449002989108,0.0,14.0,-0.0008309761649826158
37.253705325,37.25352954864502,-0.0901973748126518,4.521024432878232,1.0,0.0002837435716378533,0.00029508212983267516,0.0,-0.011587646313134557,-0.01200908517968948,0.0,14.0,-0.0008309761649826158
37.273847534,37.273555517196655,-0.09019370612397809,4.521028252644589,1.0,9.82781130683102e-05,0.00010249365457642611,0.0,-0.006905107668113758,-0.007186916632582981,0.0,14.0,-0.0008309761649826158
37.293782253,37.293551206588745,-0.09019280087882353,4.52102919760469,1.0,8.447116271737351e-06,8.83412703913522e-06,0.0,-0.0020496003204413466,-0.0021422716349142118,0.0,14.0,-0.0008309761649826158
37.313844449,37.31357979774475,-0.09019277769925638,4.521029221853202,1.0,0.0,0.0,0.0,0.0,0.0,0.0,14.0,-0.0008309761649826158
37.333749596,37.33354616165161,-0.09019277769925638,4.521029221853202,1.0,0.0,0.0,0.0,0.0,0.0,0.0,14.0,-0.0008309761649826158
37.353845909,37.35356163978577,-0.09019277769925638,4.521029221853202,1.0,0.0,0.0,0.0,0.0,0.0,0.0,14.0,-0.0008309761649826158
37.373834557,37.37357139587402,-0.09019277769925638,4.521029221853202,1.0,0.0,0.0,0.0,0.0,0.0,0.0,14.0,-0.0008309761649826158
37.393811939,37.39360952377319,-0.09019277769925638,4.521029221853202,1.0,0.0,0.0,0.0,0.0,0.0,0.0,14.0,-0.0008309761649826158
37.414031217,37.41375207901001,-0.09019277769925638,4.521029221853202,1.0,0.0,0.0,0.0,0.0,0.0,0.0,14.0,-0.0008309761649826158
37.433872385,37.43357872962952,-0.09019277769925638,4.521029221853202,1.0,0.0,0.0,0.0,0.0,0.0,0.0,14.0,-0.0008309761649826158
37.453748374,37.453590869903564,-0.09019277769925638,4.521029221853202,1.0,0.0,0.0,0.0,0.0,0.0,0.0,14.0,-0.0008309761649826158
37.47407695,37.47359371185303,-0.09019277769925638,4.521029221853202,1.0,0.0,0.0,0.0,0.0,0.0,0.0,14.0,-0.0008309761649826158
37.493872382,37.49358510971069,-0.09019277769925638,4.521029221853202,1.0,0.0,0.0,0.0,0.0,0.0,0.0,14.0,-0.0008309761649826158
37.513739634,37.513572216033936,-0.09019277769925638,4.521029221853202,1.0,0.0,0.0,0.0,0.0,0.0,0.0,14.0,-0.0008309761649826158
37.53386184,37.53358769416809,-0.09019277769925638,4.521029221853202,1.0,0.0,0.0,0.0,0.0,0.0,0.0,14.0,-0.0008309761649826158
37.553801552,37.55360150337219,-0.09019277769925638,4.521029221853202,1.0,0.0,0.0,0.0,0.0,0.0,0.0,14.0,-0.0008309761649826158
37.573933936,37.57360124588013,-0.09019277769925638,4.521029221853202,1.0,0.0,0.0,0.0,0.0,0.0,0.0,14.0,-0.0008309761649826158
37.593844171,37.593592166900635,-0.09019277769925638,4.521029221853202,1.0,0.0,0.0,0.0,0.0,0.0,0.0,14.0,-0.0008309761649826158
37.61451882,37.61416220664978,-0.09019277769925638,4.521029221853202,1.0,0.0,0.0,0.0,0.0,0.0,0.0,14.0,-0.0008309761649826158
37.633924139,37.63359308242798,-0.09019277769925638,4.521029221853202,1.0,0.0,0.0,0.0,0.0,0.0,0.0,14.0,-0.0008309761649826158
37.653850697,37.6536021232605,-0.09019277769925638,4.521029221853202,1.0,0.0,0.0,0.0,0.0,0.0,0.0,14.0,-0.0008309761649826158
37.673955908,37.67362880706787,-0.09019277769925638,4.521029221853202,1.0,0.0,0.0,0.0,0.0,0.0,0.0,14.0,-0.0008309761649826158
37.693881686,37.693607568740845,-0.09019277769925638,4.521029221853202,1.0,0.0,0.0,0.0,0.0,0.0,0.0,14.0,-0.0008309761649826158
37.714005705,37.71361327171326,-0.09019277769925638,4.521029221853202,1.0,0.0,0.0,0.0,0.0,0.0,0.0,14.0,-0.0008309761649826158
37.73378509,37.733606576919556,-0.09019277769925638,4.521029221853202,1.0,0.0,0.0,0.0,0.0,0.0,0.0,14.0,-0.0008309761649826158
37.753830024,37.753599405288696,-0.09019277769925638,4.521029221853202,1.0,0.0,0.0,0.0,0.0,0.0,0.0,14.0,-0.0008309761649826158
37.773879374,37.77361845970154,-0.09019277769925638,4.521029221853202,1.0,0.0,0.0,0.0,0.0,0.0,0.0,14.0,-0.0008309761649826158
37.793839077,37.79361867904663,-0.09019277769925638,4.521029221853202,1.0,0.0,0.0,0.0,0.0,0.0,0.0,14.0,-0.0008309761649826158
37.813951061,37.81363081932068,-0.09019277769925638,4.521029221853202,1.0,0.0,0.0,0.0,0.0,0.0,0.0,14.0,-0.0008309761649826158
37.833844001,37.83363723754883,-0.09019277769925638,4.521029221853202,1.0,0.0,0.0,0.0,0.0,0.0,0.0,14.0,-0.0008309761649826158
37.853925645,37.853641986846924,-0.09019277769925638,4.521029221853202,1.0,0.0,0.0,0.0,0.0,0.0,0.0,14.0,-0.0008309761649826158
37.873903559,37.8736469745636,-0.09019277769925638,4.521029221853202,1.0,0.0,0.0,0.0,0.0,0.0,0.0,14.0,-0.0008309761649826158
37.893866047,37.89365243911743,-0.09019277769925638,4.521029221853202,1.0,0.0,0.0,0.0,0.0,0.0,0.0,14.0,-0.0008309761649826158
37.9139354,37.91366410255432,-0.09019277769925638,4.521029221853202,1.0,0.0,0.0,0.0,0.0,0.0,0.0,14.0,-0.0008309761649826158
37.933926564,37.9336576461792,-0.09019277769925638,4.521029221853202,1.0,0.0,0.0,0.0,0.0,0.0,0.0,14.0,-0.0008309761649826158
37.957635077,37.957355976104736,-0.09019277769925638,4.521029221853202,1.0,0.0,0.0,0.0,0.0,0.0,0.0,14.0,-0.0008309761649826158
37.973979721,37.973663568496704,-0.09019277769925638,4.521029221853202,1.0,0.0,0.0,0.0,0.0,0.0,0.0,14.0,-0.0008309761649826158
37.993930527,37.993680000305176,-0.09019277769925638,4.521029221853202,1.0,0.0,0.0,0.0,0.0,0.0,0.0,14.0,-0.0008309761649826158
38.014960198,38.01467847824097,-0.09019277769925638,4.521029221853202,1.0,0.0,0.0,0.0,0.0,0.0,0.0,14.0,-0.0008309761649826158
38.033911383,38.03366565704346,-0.09019277769925638,4.521029221853202,1.0,0.0,0.0,0.0,0.0,0.0,0.0,14.0,-0.0008309761649826158
38.053933593,38.05367660522461,-0.09019277769925638,4.521029221853202,1.0,0.0,0.0,0.0,0.0,0.0,0.0,14.0,-0.0008309761649826158
38.073929462,38.07370567321777,-0.09019277769925638,4.521029221853202,1.0,0.0,0.0,0.0,0.0,0.0,0.0,14.0,-0.0008309761649826158
38.094030565,38.09368395805359,-0.09019277769925638,4.521029221853202,1.0,0.0,0.0,0.0,0.0,0.0,0.0,14.0,-0.0008309761649826158
38.114223938,38.11392545700073,-0.09019277769925638,4.521029221853202,1.0,0.0,0.0,0.0,0.0,0.0,0.0,14.0,-0.0008309761649826158
38.134028128,38.13370609283447,-0.09019277769925638,4.521029221853202,1.0,0.0,0.0,0.0,0.0,0.0,0.0,14.0,-0.0008309761649826158
38.154230847,38.15370202064514,-0.09019277769925638,4.521029221853202,1.0,0.0,0.0,0.0,0.0,0.0,0.0,14.0,-0.0008309761649826158
38.173970578,38.173699140548706,-0.09019277769925638,4.521029221853202,1.0,0.0,0.0,0.0,0.0,0.0,0.0,14.0,-0.0008309761649826158
38.193962191,38.19370460510254,-0.09019277769925638,4.521029221853202,1.0,0.0,0.0,0.0,0.0,0.0,0.0,14.0,-0.0008309761649826158
38.213935752,38.21368479728699,-0.09019277769925638,4.521029221853202,1.0,0.0,0.0,0.0,0.0,0.0,0.0,14.0,-0.0008309761649826158
38.233969196,38.233715534210205,-0.09019277769925638,4.521029221853202,1.0,0.0,0.0,0.0,0.0,0.0,0.0,14.0,-0.0008309761649826158
38.246629425,38.24624490737915,-0.05415733740433751,5.061950073549548,1.1159527307059336,0.0,0.0,0.0,0.0,0.0,0.0,14.0,-0.0008309761649826158
38.253977323,38.253716468811035,-0.05415733740433751,5.061950073549548,1.1159527307059336,0.0,0.0,0.0,0.0,0.0,0.0,14.0,-0.0008309761649826158
38.273959078,38.27371072769165,-0.05415733740433751,5.061950073549548,1.1159527307059336,0.0,0.0,0.0,0.0,0.0,0.0,14.0,-0.0008309761649826158
38.293894617,38.2937171459198,-0.05415733740433751,5.061950073549548,1.1159527307059336,0.0,0.0,0.0,0.0,0.0,0.0,14.0,-0.0008309761649826158
38.313985286,38.313743114471436,-0.05415733740433751,5.061950073549548,1.1159527307059336,0.0,0.0,0.0,0.0,0.0,0.0,14.0,-0.0008309761649826158
38.333996165,38.33371663093567,-0.05415733740433751,5.061950073549548,1.1159527307059336,0.0,0.0,0.0,0.0,0.0,0.0,14.0,-0.0008309761649826158
38.346248999,38.34591746330261,-0.05415733740433751,5.061950073549548,1.1159527307059336,0.0,0.0,0.0,0.0,0.0,0.0,14.0,-0.0008309761649826158
38.354057325,38.353797912597656,-0.05415733740433751,5.061950073549548,1.1159527307059336,0.0,0.0,0.0,0.0,0.0,0.0,14.0,-0.0008309761649826158
38.373959739,38.3737268447876,-0.05415733740433751,5.061950073549548,1.1159527307059336,0.0,0.0,0.0,0.0,0.0,0.0,14.0,-0.0008309761649826158
38.393943254,38.39374756813049,-0.05415733740433751,5.061950073549548,1.1159527307059336,0.0,0.0,0.0,0.0,0.0,0.0,14.0,-0.0008309761649826158
38.414085772,38.41389989852905,-0.05415733740433751,5.061950073549548,1.1159527307059336,0.0,0.0,0.0,0.0,0.0,0.0,14.0,-0.0008309761649826158
38.433956564,38.43374681472778,-0.05415733740433751,5.061950073549548,1.1159527307059336,0.0,0.0,0.0,0.0,0.0,0.0,14.0,-0.0008309761649826158
38.44650007,38.44618082046509,-0.05415733740433751,5.061950073549548,1.1159527307059336,0.0,0.0,0.0,0.0,0.0,0.0,14.0,-0.0008309761649826158
38.453996857,38.453749656677246,-0.05415733740433751,5.061950073549548,1.1159527307059336,0.0,0.0,0.0,0.0,0.0,0.0,14.0,-0.0008309761649826158
38.474013177,38.47376108169556,-0.05415733740433751,5.061950073549548,1.1159527307059336,0.0,0.0,0.0,0.0,0.0,0.0,14.0,-0.0008309761649826158
38.493981714,38.49375367164612,-0.05415733740433751,5.061950073549548,1.1159527307059336,0.0,0.0,0.0,0.0,0.0,0.0,14.0,-0.0008309761649826158
38.514122439,38.513768911361694,-0.05415733740433751,5.061950073549548,1.1159527307059336,0.0,0.0,0.0,0.0,0.0,0.0,14.0,-0.0008309761649826158
38.53403071,38.53384613990784,-0.05415733740433751,5.061950073549548,1.1159527307059336,0.0,0.0,0.0,0.0,0.0,0.0,14.0,-0.0008309761649826158
38.549041502,38.548748254776,-0.05415733740433751,5.061950073549548,1.1159527307059336,0.0,0.0,0.0,0.0,0.0,0.0,14.0,-0.0008309761649826158
38.55394807,38.553760051727295,-0.05415733740433751,5.061950073549548,1.1159527307059336,0.0,0.0,0.0,0.0,0.0,0.0,14.0,-0.0008309761649826158
38.574028529,38.573753356933594,-0.05415733740433751,5.061950073549548,1.1159527307059336,0.0,0.0,0.0,0.0,0.0,0.0,14.0,-0.0008309761649826158
38.593963236,38.593769788742065,-0.05415733740433751,5.061950073549548,1.1159527307059336,0.0,0.0,0.0,0.0,0.0,0.0,14.0,-0.0008309761649826158
38.614113275,38.61378312110901,-0.05415733740433751,5.061950073549548,1.1159527307059336,0.0,0.0,0.0,0.0,0.0,0.0,14.0,-0.0008309761649826158
38.634057936,38.63377070426941,-0.05415733740433751,5.061950073549548,1.1159527307059336,0.0,0.0,0.0,0.0,0.0,0.0,14.0,-0.0008309761649826158
38.646293519,38.64607310295105,-0.05415733740433751,5.061950073549548,1.1159527307059336,0.0,0.0,0.0,0.0,0.0,0.0,14.0,-0.0008309761649826158
38.653989634,38.65377187728882,-0.05415733740433751,5.061950073549548,1.1159527307059336,0.0,0.0,0.0,0.0,0.0,0.0,14.0,-0.0008309761649826158
38.674089169,38.67377734184265,-0.05415733740433751,5.061950073549548,1.1159527307059336,0.0,0.0,0.0,0.0,0.0,0.0,14.0,-0.0008309761649826158
38.694015671,38.693787574768066,-0.05415733740433751,5.061950073549548,1.1159527307059336,0.0,0.0,0.0,0.0,0.0,0.0,14.0,-0.0008309761649826158
38.714259441,38.713977575302124,-0.05415733740433751,5.061950073549548,1.1159527307059336,0.0,0.0,0.0,0.0,0.0,0.0,14.0,-0.0008309761649826158
38.734031358,38.73378610610962,-0.05415733740433751,5.061950073549548,1.1159527307059336,0.0,0.0,0.0,0.0,0.0,0.0,14.0,-0.0008309761649826158
38.746285305,38.74594306945801,-0.05415733740433751,5.061950073549548,1.1159527307059336,0.0,0.0,0.0,0.0,0.0,0.0,14.0,-0.0008309761649826158
38.753980167,38.753772497177124,-0.05415733740433751,5.061950073549548,1.1159527307059336,0.0,0.0,0.0,0.0,0.0,0.0,14.0,-0.0008309761649826158
38.774028065,38.7737991809845,-0.05415733740433751,5.061950073549548,1.1159527307059336,0.0,0.0,0.0,0.0,0.0,0.0,14.0,-0.0008309761649826158
38.793991021,38.79378914833069,-0.05415733740433751,5.061950073549548,1.1159527307059336,0.0,0.0,0.0,0.0,0.0,0.0,14.0,-0.0008309761649826158
38.814996004,38.81476020812988,-0.05415733740433751,5.061950073549548,1.1159527307059336,0.0,0.0,0.0,0.0,0.0,0.0,14.0,-0.0008309761649826158
38.833982352,38.83379101753235,-0.05415733740433751,5.061950073549548,1.1159527307059336,0.0,0.0,0.0,0.0,0.0,0.0,14.0,-0.0008309761649826158
38.846322745,38.846110105514526,-0.05415733740433751,5.061950073549548,1.1159527307059336,0.0,0.0,0.0,0.0,0.0,0.0,14.0,-0.0008309761649826158
38.853983938,38.853798151016235,-0.05415733740433751,5.061950073549548,1.1159527307059336,0.0,0.0,0.0,0.0,0.0,0.0,14.0,-0.0008309761649826158
38.874101351,38.87380409240723,-0.05415733740433751,5.061950073549548,1.1159527307059336,0.0,0.0,0.0,0.0,0.0,0.0,14.0,-0.0008309761649826158
38.894033646,38.89381217956543,-0.05415733740433751,5.061950073549548,1.1159527307059336,0.0,0.0,0.0,0.0,0.0,0.0,14.0,-0.0008309761649826158
38.914108781,38.91381883621216,-0.05415733740433751,5.061950073549548,1.1159527307059336,0.0,0.0,0.0,0.0,0.0,0.0,14.0,-0.0008309761649826158
38.934089595,38.93382906913757,-0.05415733740433751,5.061950073549548,1.1159527307059336,0.0,0.0,0.0,0.0,0.0,0.0,14.0,-0.0008309761649826158
38.947541019,38.94671988487244,-0.05415733740433751,5.061950073549548,1.1159527307059336,0.0,0.0,0.0,0.0,0.0,0.0,14.0,-0.0008309761649826158
38.954054152,38.95381760597229,-0.05415733740433751,5.061950073549548,1.1159527307059336,0.0,0.0,0.0,0.0,0.0,0.0,14.0,-0.0008309761649826158
38.974053946,38.97381234169006,-0.05415733740433751,5.061950073549548,1.1159527307059336,0.0,0.0,0.0,0.0,0.0,0.0,14.0,-0.0008309761649826158
38.994097555,38.993831157684326,-0.05415733740433751,5.061950073549548,1.1159527307059336,0.0,0.0,0.0,0.0,0.0,0.0,14.0,-0.0008309761649826158
39.014121673,39.01383829116821,-0.05415733740433751,5.061950073549548,1.1159527307059336,0.0,0.0,0.0,0.0,0.0,0.0,14.0,-0.0008309761649826158
39.034290358,39.03384470939636,-0.05415733740433751,5.061950073549548,1.1159527307059336,0.0,0.0,0.0,0.0,0.0,0.0,14.0,-0.0008309761649826158
39.047849223,39.046391010284424,-0.05415733740433751,5.061950073549548,1.1159527307059336,0.0,0.0,0.0,0.0,0.0,0.0,14.0,-0.0008309761649826158
39.054294473,39.053858280181885,-0.05415733740433751,5.061950073549548,1.1159527307059336,0.0,0.0,0.0,0.0,0.0,0.0,14.0,-0.0008309761649826158
39.074859544,39.074570655822754,-0.05415733740433751,5.061950073549548,1.1159527307059336,0.0,0.0,0.0,0.0,0.0,0.0,14.0,-0.0008309761649826158
39.094052901,39.09385108947754,-0.05415733740433751,5.061950073549548,1.1159527307059336,0.0,0.0,0.0,0.0,0.0,0.0,14.0,-0.0008309761649826158
39.114066746,39.11383271217346,-0.05415733740433751,5.061950073549548,1.1159527307059336,0.0,0.0,0.0,0.0,0.0,0.0,14.0,-0.0008309761649826158
39.134081902,39.13382863998413,-0.05415733740433751,5.061950073549548,1.1159527307059336,0.0,0.0,0.0,0.0,0.0,0.0,14.0,-0.0008309761649826158
39.147210265,39.14597177505493,-0.05415733740433751,5.061950073549548,1.1159527307059336,0.0,0.0,0.0,0.0,0.0,0.0,14.0,-0.0008309761649826158
39.154116358,39.153828859329224,-0.05415733740433751,5.061950073549548,1.1159527307059336,0.0,0.0,0.0,0.0,0.0,0.0,14.0,-0.0008309761649826158
39.17465144,39.17384338378906,-0.05415733740433751,5.061950073549548,1.1159527307059336,0.0,0.0,0.0,0.0,0.0,0.0,14.0,-0.0008309761649826158
39.194098983,39.193859338760376,-0.05415733740433751,5.061950073549548,1.1159527307059336,0.0,0.0,0.0,0.0,0.0,0.0,14.0,-0.0008309761649826158
39.214036911,39.213852882385254,-0.05415733740433751,5.061950073549548,1.1159527307059336,0.0,0.0,0.0,0.0,0.0,0.0,14.0,-0.0008309761649826158
39.23405754,39.23384952545166,-0.14826277305521554,5.980296586769013,1.0,9.533240859445267e-07,-9.349757389192412e-06,0.0,0.00023943766370838538,-0.0023503034164146066,0.0,15.0,-0.0008309761649826158
39.254126658,39.253857374191284,-0.14826266646665962,5.980295538384933,1.0,1.1662053334907044e-05,-0.00011487034066374961,0.0,0.0008274375696486482,-0.008175018370450062,0.0,15.0,-0.0008309761649826158
39.274143606,39.273868799209595,-0.14826222923044785,5.980291220712703,1.0,3.392709662721186e-05,-0.00033563090327598706,0.0,0.001394279039071707,-0.013866062877442641,0.0,15.0,-0.0008309761649826158
39.294100993,39.2938711643219,-0.14826123496677207,5.980281360929057,1.0,6.730763829836849e-05,-0.0006687594153850572,0.0,0.001939961633145137,-0.019421054806594434,0.0,15.0,-0.0008309761649826158
39.314095571,39.313870429992676,-0.1482594655527366,5.980263738617491,1.0,0.00011138998844701067,-0.001111604959661585,0.0,0.0024650316757359315,-0.024843092148637804,0.0,15.0,-0.0008309761649826158
39.334072001,39.3338680267334,-0.14825671114765362,5.980236186935563,1.0,0.0001657659438977269,-0.001661524816437255,0.0,0.0029698781078836374,-0.030133722127623382,0.0,15.0,-0.0008309761649826158
39.354054864,39.3538761138916,-0.1482527673344839,5.980196564792186,1.0,0.0002300748502439816,-0.0023163136300169474,0.0,0.003455145967572393,-0.035297259423394636,0.0,15.0,-0.0008309761649826158
39.377111736,39.373886823654175,-0.14824744017391653,5.980142808311552,1.0,0.00030390806600725644,-0.0030732349659628195,0.0,0.003920980764464854,-0.04033277629512915,0.0,15.0,-0.0008309761649826158
39.394206893,39.393885374069214,-0.1482405483241536,5.980072953882589,1.0,0.00038681715181517243,-0.003929086867862949,0.0,0.004367399034710139,-0.04523777907162482,0.0,15.0,-0.0008309761649826158
39.414099981,39.413883686065674,-0.14823191046686415,5.979985011919375,1.0,0.00047846501162815994,-0.004881761165450865,0.0,0.004795041815510845,-0.05001655918098245,0.0,15.0,-0.0008309761649826158
39.434111521,39.43388748168945,-0.14822135233843559,5.979877038158784,1.0,0.0005785088879072805,-0.005929052217756633,0.0,0.0052043738308863085,-0.05467160195323432,0.0,15.0,-0.0008309761649826158
39.454140088,39.45389938354492,-0.14820870683201112,5.979747135567367,1.0,0.0006866038111335187,-0.007068689133750149,0.0,0.005595777893333488,-0.05920453211881188,0.0,15.0,-0.0008309761649826158
39.474148651,39.47390651702881,-0.14819382466974765,5.97959356562889,1.0,0.0008023258114704105,-0.008297514285528983,0.0,0.005969356968397117,-0.06361367598520858,0.0,15.0,-0.0008309761649826158
39.494268721,39.493908405303955,-0.14817655852308975,5.979414586838806,1.0,0.0009253141995391465,-0.009612977424363163,0.0,0.006325463622714396,-0.0679001669051577,0.0,15.0,-0.0008309761649826158
39.514818685,39.51392912864685,-0.14815674218780858,5.979208237168968,1.0,0.0010553815056126823,-0.011014345891404903,0.0,0.0066648655094925634,-0.07207028503976887,0.0,15.0,-0.0008309761649826158
39.534206283,39.53392171859741,-0.14813428872269466,5.978973357802159,1.0,0.0011918778370436018,-0.012495846686337516,0.0,0.006987122336033238,-0.07611542573995275,0.0,15.0,-0.0008309761649826158
39.554458662,39.55424451828003,-0.14810860189889744,5.978703412508472,1.0,0.0013370625740525847,-0.014083483701576261,0.0,0.0072979975324898895,-0.08010666417956083,0.0,15.0,-0.0008309761649826158
39.574215344,39.57392501831055,-0.14808085577191038,5.97841048439954,1.0,0.0014835240653632523,-0.015697114429327357,0.0,0.0075833434577818664,-0.08385694801859238,0.0,15.0,-0.0008309761649826158
39.59422378,39.59393906593323,-0.1480496271784511,5.978079279085563,1.0,0.001638071399343149,-0.017412634104996272,0.0,0.007858025033228485,-0.0875560797503518,0.0,15.0,-0.0008309761649826158
39.614253851,39.61394929885864,-0.14801525822325726,5.977713078098216,1.0,0.0017979323329458939,-0.019200699408532595,0.0,0.008117381137335901,-0.09114008426996129,0.0,15.0,-0.0008309761649826158
39.634168671,39.6339385509491,-0.14797768057582153,5.9773108283521905,1.0,0.00196265814731309,-0.021057366210800427,0.0,0.00836156889155169,-0.0946072843661001,0.0,15.0,-0.0008309761649826158
39.654159983,39.65393877029419,-0.14793673909357857,5.976870529077775,1.0,0.0021322129817446505,-0.022983289620120667,0.0,0.008591340202017527,-0.09796447859779402,0.0,15.0,-0.0008309761649826158
39.674526043,39.6739284992218,-0.14789238568902344,5.976391309089965,1.0,0.002306128219439522,-0.02497418562356388,0.0,0.00880679999148429,-0.10120925791113011,0.0,15.0,-0.0008309761649826158
39.694232498,39.693931102752686,-0.1478444816340055,5.975871302356611,1.0,0.0024843276556255835,-0.027030192762402958,0.0,0.009008549486681935,-0.1043465884209626,0.0,15.0,-0.0008309761649826158
39.714142185,39.71393346786499,-0.14779297435308011,5.975309557189983,1.0,0.002666424638257801,-0.029147841299668773,0.0,0.009196794837114814,-0.1073754953542257,0.0,15.0,-0.0008309761649826158
39.734090215,39.733932971954346,-0.14773779596515133,5.974704943577399,1.0,0.0028521284704876686,-0.031324690331942504,0.0,0.009371866844865018,-0.11029680593157504,0.0,15.0,-0.0008309761649826158
39.746394498,39.74619126319885,-0.18698004983184213,6.645245545916299,1.114615766914306,0.0,0.0,0.0,0.0,0.0,0.0,15.0,-0.0008309761649826158
39.754429284,39.7539541721344,-0.18698004983184213,6.645245545916299,1.114615766914306,0.0,0.0,0.0,0.0,0.0,0.0,15.0,-0.0008309761649826158
39.774170688,39.77394247055054,-0.18698004983184213,6.645245545916299,1.114615766914306,0.0,0.0,0.0,0.0,0.0,0.0,15.0,-0.0008309761649826158
39.79420814,39.79396200180054,-0.18698004983184213,6.645245545916299,1.114615766914306,0.0,0.0,0.0,0.0,0.0,0.0,15.0,-0.0008309761649826158
39.814278718,39.81402373313904,-0.18698004983184213,6.645245545916299,1.114615766914306,0.0,0.0,0.0,0.0,0.0,0.0,15.0,-0.0008309761649826158
39.834190614,39.8339684009552,-0.18698004983184213,6.645245545916299,1.114615766914306,0.0,0.0,0.0,0.0,0.0,0.0,15.0,-0.0008309761649826158
39.8517459,39.84624361991882,-0.18698004983184213,6.645245545916299,1.114615766914306,0.0,0.0,0.0,0.0,0.0,0.0,15.0,-0.0008309761649826158
39.854145205,39.853962659835815,-0.18698004983184213,6.645245545916299,1.114615766914306,0.0,0.0,0.0,0.0,0.0,0.0,15.0,-0.0008309761649826158
39.874204837,39.873971462249756,-0.18698004983184213,6.645245545916299,1.114615766914306,0.0,0.0,0.0,0.0,0.0,0.0,15.0,-0.0008309761649826158
39.894212044,39.89396691322327,-0.18698004983184213,6.645245545916299,1.114615766914306,0.0,0.0,0.0,0.0,0.0,0.0,15.0,-0.0008309761649826158
39.914206577,39.91396689414978,-0.18698004983184213,6.645245545916299,1.114615766914306,0.0,0.0,0.0,0.0,0.0,0.0,15.0,-0.0008309761649826158
39.934186868,39.933966636657715,-0.18698004983184213,6.645245545916299,1.114615766914306,0.0,0.0,0.0,0.0,0.0,0.0,15.0,-0.0008309761649826158
39.946697234,39.94651699066162,-0.18698004983184213,6.645245545916299,1.114615766914306,0.0,0.0,0.0,0.0,0.0,0.0,15.0,-0.0008309761649826158
39.954158774,39.9539737701416,-0.18698004983184213,6.645245545916299,1.114615766914306,0.0,0.0,0.0,0.0,0.0,0.0,15.0,-0.0008309761649826158
39.974587906,39.974364280700684,-0.18698004983184213,6.645245545916299,1.114615766914306,0.0,0.0,0.0,0.0,0.0,0.0,15.0,-0.0008309761649826158
39.994118172,39.993953466415405,-0.18698004983184213,6.645245545916299,1.114615766914306,0.0,0.0,0.0,0.0,0.0,0.0,15.0,-0.0008309761649826158
40.014188045,40.013967514038086,-0.18698004983184213,6.645245545916299,1.114615766914306,0.0,0.0,0.0,0.0,0.0,0.0,15.0,-0.0008309761649826158
40.034199509,40.03399109840393,-0.18698004983184213,6.645245545916299,1.114615766914306,0.0,0.0,0.0,0.0,0.0,0.0,15.0,-0.0008309761649826158
40.046363994,40.046217918395996,-0.18698004983184213,6.645245545916299,1.114615766914306,0.0,0.0,0.0,0.0,0.0,0.0,15.0,-0.0008309761649826158
40.05421459,40.05399990081787,-0.18698004983184213,6.645245545916299,1.114615766914306,0.0,0.0,0.0,0.0,0.0,0.0,15.0,-0.0008309761649826158
40.074391425,40.074007511138916,-0.18698004983184213,6.645245545916299,1.114615766914306,0.0,0.0,0.0,0.0,0.0,0.0,15.0,-0.0008309761649826158
40.094185862,40.09400177001953,-0.18698004983184213,6.645245545916299,1.114615766914306,0.0,0.0,0.0,0.0,0.0,0.0,15.0,-0.0008309761649826158
40.114338533,40.114025831222534,-0.18698004983184213,6.645245545916299,1.114615766914306,0.0,0.0,0.0,0.0,0.0,0.0,15.0,-0.0008309761649826158
40.134198548,40.134010314941406,-0.18698004983184213,6.645245545916299,1.114615766914306,0.0,0.0,0.0,0.0,0.0,0.0,15.0,-0.0008309761649826158
40.146541654,40.14638710021973,-0.18698004983184213,6.645245545916299,1.114615766914306,0.0,0.0,0.0,0.0,0.0,0.0,15.0,-0.0008309761649826158
40.154257508,40.15400266647339,-0.18698004983184213,6.645245545916299,1.114615766914306,0.0,0.0,0.0,0.0,0.0,0.0,15.0,-0.0008309761649826158
40.174186302,40.174004316329956,-0.18698004983184213,6.645245545916299,1.114615766914306,0.0,0.0,0.0,0.0,0.0,0.0,15.0,-0.0008309761649826158
40.194247087,40.19401526451111,-0.18698004983184213,6.645245545916299,1.114615766914306,0.0,0.0,0.0,0.0,0.0,0.0,15.0,-0.0008309761649826158
40.214143812,40.21401262283325,-0.18698004983184213,6.645245545916299,1.114615766914306,0.0,0.0,0.0,0.0,0.0,0.0,15.0,-0.0008309761649826158
40.234189041,40.23401212692261,-0.18698004983184213,6.645245545916299,1.114615766914306,0.0,0.0,0.0,0.0,0.0,0.0,15.0,-0.0008309761649826158
40.246492109,40.246378898620605,-0.18698004983184213,6.645245545916299,1.114615766914306,0.0,0.0,0.0,0.0,0.0,0.0,15.0,-0.0008309761649826158
40.25435986,40.25416326522827,-0.18698004983184213,6.645245545916299,1.114615766914306,0.0,0.0,0.0,0.0,0.0,0.0,15.0,-0.0008309761649826158
40.274243079,40.27404022216797,-0.18698004983184213,6.645245545916299,1.114615766914306,0.0,0.0,0.0,0.0,0.0,0.0,15.0,-0.0008309761649826158
40.294291733,40.294042348861694,-0.18698004983184213,6.645245545916299,1.114615766914306,0.0,0.0,0.0,0.0,0.0,0.0,15.0,-0.0008309761649826158
40.315229268,40.314048528671265,-0.18698004983184213,6.645245545916299,1.114615766914306,0.0,0.0,0.0,0.0,0.0,0.0,15.0,-0.0008309761649826158
40.334276543,40.33404517173767,-0.18698004983184213,6.645245545916299,1.114615766914306,0.0,0.0,0.0,0.0,0.0,0.0,15.0,-0.0008309761649826158
40.346402077,40.3462131023407,-0.18698004983184213,6.645245545916299,1.114615766914306,0.0,0.0,0.0,0.0,0.0,0.0,15.0,-0.0008309761649826158
40.3544167,40.354053258895874,-0.18698004983184213,6.645245545916299,1.114615766914306,0.0,0.0,0.0,0.0,0.0,0.0,15.0,-0.0008309761649826158
40.374278411,40.37403988838196,-0.18698004983184213,6.645245545916299,1.114615766914306,0.0,0.0,0.0,0.0,0.0,0.0,15.0,-0.0008309761649826158
40.394399429,40.39405798912048,-0.18698004983184213,6.645245545916299,1.114615766914306,0.0,0.0,0.0,0.0,0.0,0.0,15.0,-0.0008309761649826158
40.414341858,40.414066553115845,-0.18698004983184213,6.645245545916299,1.114615766914306,0.0,0.0,0.0,0.0,0.0,0.0,15.0,-0.0008309761649826158
40.434440921,40.434067249298096,-0.18698004983184213,6.645245545916299,1.114615766914306,0.0,0.0,0.0,0.0,0.0,0.0,15.0,-0.0008309761649826158
40.446660423,40.44646596908569,-0.18698004983184213,6.645245545916299,1.114615766914306,0.0,0.0,0.0,0.0,0.0,0.0,15.0,-0.0008309761649826158
40.454395575,40.45407319068909,-0.18698004983184213,6.645245545916299,1.114615766914306,0.0,0.0,0.0,0.0,0.0,0.0,15.0,-0.0008309761649826158
40.474358167,40.47406578063965,-0.18698004983184213,6.645245545916299,1.114615766914306,0.0,0.0,0.0,0.0,0.0,0.0,15.0,-0.0008309761649826158
40.494364767,40.494075536727905,-0.18698004983184213,6.645245545916299,1.114615766914306,0.0,0.0,0.0,0.0,0.0,0.0,15.0,-0.0008309761649826158
40.514397226,40.51406979560852,-0.18698004983184213,6.645245545916299,1.114615766914306,0.0,0.0,0.0,0.0,0.0,0.0,15.0,-0.0008309761649826158
40.534419476,40.53407883644104,-0.18698004983184213,6.645245545916299,1.114615766914306,0.0,0.0,0.0,0.0,0.0,0.0,15.0,-0.0008309761649826158
40.551206061,40.550697326660156,-0.18698004983184213,6.645245545916299,1.114615766914306,0.0,0.0,0.0,0.0,0.0,0.0,15.0,-0.0008309761649826158
40.554287141,40.554072856903076,-0.18698004983184213,6.645245545916299,1.114615766914306,0.0,0.0,0.0,0.0,0.0,0.0,15.0,-0.0008309761649826158
40.574267432,40.57408046722412,-0.18698004983184213,6.645245545916299,1.114615766914306,0.0,0.0,0.0,0.0,0.0,0.0,15.0,-0.0008309761649826158
40.594270894,40.59407901763916,-0.18698004983184213,6.645245545916299,1.114615766914306,0.0,0.0,0.0,0.0,0.0,0.0,15.0,-0.0008309761649826158
40.614495833,40.61409258842468,-0.18698004983184213,6.645245545916299,1.114615766914306,0.0,0.0,0.0,0.0,0.0,0.0,15.0,-0.0008309761649826158
40.634337253,40.634103536605835,-0.18698004983184213,6.645245545916299,1.114615766914306,0.0,0.0,0.0,0.0,0.0,0.0,15.0,-0.0008309761649826158
40.647398685,40.646907567977905,-0.18698004983184213,6.645245545916299,1.114615766914306,0.0,0.0,0.0,0.0,0.0,0.0,15.0,-0.0008309761649826158
40.655436799,40.65525722503662,-0.18698004983184213,6.645245545916299,1.114615766914306,0.0,0.0,0.0,0.0,0.0,0.0,15.0,-0.0008309761649826158
40.674311916,40.6740996837616,-0.18698004983184213,6.645245545916299,1.114615766914306,0.0,0.0,0.0,0.0,0.0,0.0,15.0,-0.0008309761649826158
40.694362478,40.694109201431274,-0.18698004983184213,6.645245545916299,1.114615766914306,0.0,0.0,0.0,0.0,0.0,0.0,15.0,-0.0008309761649826158
40.714414865,40.71410512924194,-0.18698004983184213,6.645245545916299,1.114615766914306,0.0,0.0,0.0,0.0,0.0,0.0,15.0,-0.0008309761649826158
40.734582535,40.734291553497314,-0.1778601568330664,7.579002479222259,1.0,8.548809235282545e-07,-9.048556416815145e-06,0.0,0.00022915925050643847,-0.002426751794336691,0.0,16.0,-0.0008309761649826158
40.754532057,40.75411128997803,-0.17786005558270504,7.579001405636477,1.0,1.1326351019371589e-05,-0.00012020072212799944,0.0,0.0008237580333772378,-0.008758150050873381,0.0,16.0,-0.0008309761649826158
40.774342997,40.77411675453186,-0.17785962525228144,7.578996831588916,1.0,3.362058332977171e-05,-0.00035775499283932047,0.0,0.0014013028560963582,-0.014959292654508974,0.0,16.0,-0.0008309761649826158
40.794313355,40.7941153049469,-0.1778586352921877,7.5789862816484,1.0,6.723183787590179e-05,-0.000717344481652902,0.0,0.001956359467651354,-0.020971004656547797,0.0,16.0,-0.0008309761649826158
40.814352107,40.81411361694336,-0.17785686367834722,7.57896735117623,1.0,0.00011172284042687359,-0.0011952983346042553,0.0,0.0024895401323105164,-0.026798299458833677,0.0,16.0,-0.0008309761649826158
40.834266616,40.83411240577698,-0.17785409702748112,7.578937708124428,1.0,0.0001666635746159991,-0.0017879933144260643,0.0,0.003001305591397757,-0.03244458299013913,0.0,16.0,-0.0008309761649826158
40.854379493,40.854124546051025,-0.17785012765008165,7.57889506193947,1.0,0.00023167409602799417,-0.0024923183587662007,0.0,0.003492379563029107,-0.037916220625891,0.0,16.0,-0.0008309761649826158
40.874401507,40.87411618232727,-0.1778447665270736,7.578837303748303,1.0,0.0003062249409071718,-0.003303508056907214,0.0,0.003962382592548354,-0.043207233384332244,0.0,16.0,-0.0008309761649826158
40.894354037,40.89413905143738,-0.17783781032974763,7.578762151754465,1.0,0.0003901068286794396,-0.004220249326988284,0.0,0.004412931290712903,-0.048334091414738836,0.0,16.0,-0.0008309761649826158
40.914493414,40.91414284706116,-0.1778290947436594,7.578667726947787,1.0,0.0004827195428609644,-0.005236933433824415,0.0,0.00484331151324866,-0.05328689496587952,0.0,16.0,-0.0008309761649826158
40.934459163,40.93414330482483,-0.17781844369502733,7.578552006085221,1.0,0.0005837300606601208,-0.006350831328085794,0.0,0.00525431966885265,-0.05807283282420123,0.0,16.0,-0.0008309761649826158
40.954315678,40.95413255691528,-0.17780569929716628,7.578413146063788,1.0,0.0006927075373801491,-0.007558105001153376,0.0,0.0056462406152125435,-0.06269322253858248,0.0,16.0,-0.0008309761649826158
40.97444475,40.974146604537964,-0.17779067913118657,7.578249018757503,1.0,0.0008094856002013878,-0.00885782192137441,0.0,0.006020197771628173,-0.0671593695675967,0.0,16.0,-0.0008309761649826158
40.994383966,40.99415588378906,-0.1777732528914171,7.578058047723169,1.0,0.0009335338437750031,-0.010244977732074527,0.0,0.006376025549208701,-0.07146731969071259,0.0,16.0,-0.0008309761649826158
41.014368182,41.014156103134155,-0.1777532839491827,7.577838572801757,1.0,0.0010644655355817182,-0.011716115741901508,0.0,0.006714105541713943,-0.07561949253061537,0.0,16.0,-0.0008309761649826158
41.03432561,41.034149169921875,-0.17773063830149116,7.577588947436027,1.0,0.0012019373014462561,-0.013268227154346732,0.0,0.007034917687569996,-0.07961950038208525,0.0,16.0,-0.0008309761649826158
41.054350984,41.05415391921997,-0.1777051656502231,7.577307329154208,1.0,0.001345739840640969,-0.01489979227311,0.0,0.007339181353821576,-0.08347404456262371,0.0,16.0,-0.0008309761649826158
41.074786857,41.07452178001404,-0.17767621292853952,7.5769862740127865,1.0,0.0014982358102859706,-0.01663868457901888,0.0,0.007632213813487974,-0.08724984596755878,0.0,16.0,-0.0008309761649826158
41.094398853,41.09416699409485,-0.17764528957361164,7.576642339602998,1.0,0.001650820069328676,-0.01838735340464163,0.0,0.007899254102566502,-0.09075251792059282,0.0,16.0,-0.0008309761649826158
41.114422051,41.11418008804321,-0.17761065249443386,7.5762559489761125,1.0,0.0018115017652978547,-0.02023813816754424,0.0,0.00815597122502388,-0.0941832656491922,0.0,16.0,-0.0008309761649826158
41.134389528,41.13417363166809,-0.17757278745442373,7.575832268300505,1.0,0.0019770078820734623,-0.02215433792450327,0.0,0.008397424433791566,-0.0974751668433363,0.0,16.0,-0.0008309761649826158
41.154349452,41.15417432785034,-0.17753155114997582,7.57536945909723,1.0,0.0021472549372365955,-0.02413572468974996,0.0,0.008624372351287175,-0.10063571263212799,0.0,16.0,-0.0008309761649826158
41.174398702,41.17417788505554,-0.17748685830013303,7.574866317890825,1.0,0.002321925604845123,-0.02617933964069875,0.0,0.008837187663063052,-0.10366723260959389,0.0,16.0,-0.0008309761649826158
41.194365251,41.19417905807495,-0.17743863574721627,7.574321766778085,1.0,0.002500693526580967,-0.028282070254442168,0.0,0.009036239711327148,-0.10657194163323858,0.0,16.0,-0.0008309761649826158
41.214441962,41.214200258255005,-0.17738674553196546,7.573733982602242,1.0,0.0026834916235460083,-0.030443825989173886,0.0,0.009222160261406409,-0.10935595120848296,0.0,16.0,-0.0008309761649826158
41.234385211,41.234192848205566,-0.1773312408578833,7.573103298207917,1.0,0.002869614513331664,-0.03265691750265487,0.0,0.00939493736736206,-0.11201567133905803,0.0,16.0,-0.0008309761649826158
41.250879163,41.250669956207275,-0.10590942982594516,8.085590436598586,1.1141589361558504,0.0,0.0,0.0,0.0,0.0,0.0,16.0,-0.0008309761649826158
41.254334093,41.25418138504028,-0.10590942982594516,8.085590436598586,1.1141589361558504,0.0,0.0,0.0,0.0,0.0,0.0,16.0,-0.0008309761649826158
41.27437275,41.27418041229248,-0.10590942982594516,8.085590436598586,1.1141589361558504,0.0,0.0,0.0,0.0,0.0,0.0,16.0,-0.0008309761649826158
41.294398253,41.29420208930969,-0.10590942982594516,8.085590436598586,1.1141589361558504,0.0,0.0,0.0,0.0,0.0,0.0,16.0,-0.0008309761649826158
41.314476596,41.31422138214111,-0.10590942982594516,8.085590436598586,1.1141589361558504,0.0,0.0,0.0,0.0,0.0,0.0,16.0,-0.0008309761649826158
41.334445801,41.33419919013977,-0.10590942982594516,8.085590436598586,1.1141589361558504,0.0,0.0,0.0,0.0,0.0,0.0,16.0,-0.0008309761649826158
41.346601862,41.34636569023132,-0.10590942982594516,8.085590436598586,1.1141589361558504,0.0,0.0,0.0,0.0,0.0,0.0,16.0,-0.0008309761649826158
41.354359638,41.354203939437866,-0.10590942982594516,8.085590436598586,1.1141589361558504,0.0,0.0,0.0,0.0,0.0,0.0,16.0,-0.0008309761649826158
41.374386676,41.3741979598999,-0.10590942982594516,8.085590436598586,1.1141589361558504,0.0,0.0,0.0,0.0,0.0,0.0,16.0,-0.0008309761649826158
41.394382606,41.39420747756958,-0.10590942982594516,8.085590436598586,1.1141589361558504,0.0,0.0,0.0,0.0,0.0,0.0,16.0,-0.0008309761649826158
41.414518719,41.41420531272888,-0.10590942982594516,8.085590436598586,1.1141589361558504,0.0,0.0,0.0,0.0,0.0,0.0,16.0,-0.0008309761649826158
41.434500662,41.43421936035156,-0.10590942982594516,8.085590436598586,1.1141589361558504,0.0,0.0,0.0,0.0,0.0,0.0,16.0,-0.0008309761649826158
41.449342408,41.449023962020874,-0.10590942982594516,8.085590436598586,1.1141589361558504,0.0,0.0,0.0,0.0,0.0,0.0,16.0,-0.0008309761649826158
41.454591199,41.45424032211304,-0.10590942982594516,8.085590436598586,1.1141589361558504,0.0,0.0,0.0,0.0,0.0,0.0,16.0,-0.0008309761649826158
41.474580888,41.47423481941223,-0.10590942982594516,8.085590436598586,1.1141589361558504,0.0,0.0,0.0,0.0,0.0,0.0,16.0,-0.0008309761649826158
41.494497573,41.49424123764038,-0.10590942982594516,8.085590436598586,1.1141589361558504,0.0,0.0,0.0,0.0,0.0,0.0,16.0,-0.0008309761649826158
41.515542058,41.51526212692261,-0.10590942982594516,8.085590436598586,1.1141589361558504,0.0,0.0,0.0,0.0,0.0,0.0,16.0,-0.0008309761649826158
41.534480375,41.534241914749146,-0.10590942982594516,8.085590436598586,1.1141589361558504,0.0,0.0,0.0,0.0,0.0,0.0,16.0,-0.0008309761649826158
41.547306849,41.546963930130005,-0.10590942982594516,8.085590436598586,1.1141589361558504,0.0,0.0,0.0,0.0,0.0,0.0,16.0,-0.0008309761649826158
41.554453485,41.55425524711609,-0.10590942982594516,8.085590436598586,1.1141589361558504,0.0,0.0,0.0,0.0,0.0,0.0,16.0,-0.0008309761649826158
41.574450727,41.5742564201355,-0.10590942982594516,8.085590436598586,1.1141589361558504,0.0,0.0,0.0,0.0,0.0,0.0,16.0,-0.0008309761649826158
41.594470981,41.59427285194397,-0.10590942982594516,8.085590436598586,1.1141589361558504,0.0,0.0,0.0,0.0,0.0,0.0,16.0,-0.0008309761649826158
41.614577969,41.614336252212524,-0.10590942982594516,8.085590436598586,1.1141589361558504,0.0,0.0,0.0,0.0,0.0,0.0,16.0,-0.0008309761649826158
41.634551591,41.63427519798279,-0.10590942982594516,8.085590436598586,1.1141589361558504,0.0,0.0,0.0,0.0,0.0,0.0,16.0,-0.0008309761649826158
41.647599188,41.64737272262573,-0.10590942982594516,8.085590436598586,1.1141589361558504,0.0,0.0,0.0,0.0,0.0,0.0,16.0,-0.0008309761649826158
41.654597065,41.65428686141968,-0.10590942982594516,8.085590436598586,1.1141589361558504,0.0,0.0,0.0,0.0,0.0,0.0,16.0,-0.0008309761649826158
41.674526037,41.67426252365112,-0.10590942982594516,8.085590436598586,1.1141589361558504,0.0,0.0,0.0,0.0,0.0,0.0,16.0,-0.0008309761649826158
41.694535686,41.69427514076233,-0.10590942982594516,8.085590436598586,1.1141589361558504,0.0,0.0,0.0,0.0,0.0,0.0,16.0,-0.0008309761649826158
41.715872525,41.71559238433838,-0.10590942982594516,8.085590436598586,1.1141589361558504,0.0,0.0,0.0,0.0,0.0,0.0,16.0,-0.0008309761649826158
41.734610639,41.73429870605469,-0.10590942982594516,8.085590436598586,1.1141589361558504,0.0,0.0,0.0,0.0,0.0,0.0,16.0,-0.0008309761649826158
41.747126239,41.74666500091553,-0.10590942982594516,8.085590436598586,1.1141589361558504,0.0,0.0,0.0,0.0,0.0,0.0,16.0,-0.0008309761649826158
41.754553749,41.75430679321289,-0.10590942982594516,8.085590436598586,1.1141589361558504,0.0,0.0,0.0,0.0,0.0,0.0,16.0,-0.0008309761649826158
41.774534176,41.774285078048706,-0.10590942982594516,8.085590436598586,1.1141589361558504,0.0,0.0,0.0,0.0,0.0,0.0,16.0,-0.0008309761649826158
41.794565108,41.79430413246155,-0.10590942982594516,8.085590436598586,1.1141589361558504,0.0,0.0,0.0,0.0,0.0,0.0,16.0,-0.0008309761649826158
41.815408651,41.81500864028931,-0.10590942982594516,8.085590436598586,1.1141589361558504,0.0,0.0,0.0,0.0,0.0,0.0,16.0,-0.0008309761649826158
41.834495014,41.83429670333862,-0.10590942982594516,8.085590436598586,1.1141589361558504,0.0,0.0,0.0,0.0,0.0,0.0,16.0,-0.0008309761649826158
41.846842266,41.84648537635803,-0.10590942982594516,8.085590436598586,1.1141589361558504,0.0,0.0,0.0,0.0,0.0,0.0,16.0,-0.0008309761649826158
41.854695061,41.85431170463562,-0.10590942982594516,8.085590436598586,1.1141589361558504,0.0,0.0,0.0,0.0,0.0,0.0,16.0,-0.0008309761649826158
41.874513414,41.87429904937744,-0.10590942982594516,8.085590436598586,1.1141589361558504,0.0,0.0,0.0,0.0,0.0,0.0,16.0,-0.0008309761649826158
41.894718742,41.89435029029846,-0.10590942982594516,8.085590436598586,1.1141589361558504,0.0,0.0,0.0,0.0,0.0,0.0,16.0,-0.0008309761649826158
41.914800818,41.91436314582825,-0.10590942982594516,8.085590436598586,1.1141589361558504,0.0,0.0,0.0,0.0,0.0,0.0,16.0,-0.0008309761649826158
41.934526388,41.93429708480835,-0.10590942982594516,8.085590436598586,1.1141589361558504,0.0,0.0,0.0,0.0,0.0,0.0,16.0,-0.0008309761649826158
41.946742996,41.94638228416443,-0.10590942982594516,8.085590436598586,1.1141589361558504,0.0,0.0,0.0,0.0,0.0,0.0,16.0,-0.0008309761649826158
41.954577131,41.95430278778076,-0.10590942982594516,8.085590436598586,1.1141589361558504,0.0,0.0,0.0,0.0,0.0,0.0,16.0,-0.0008309761649826158
41.97457785,41.97430372238159,-0.10590942982594516,8.085590436598586,1.1141589361558504,0.0,0.0,0.0,0.0,0.0,0.0,16.0,-0.0008309761649826158
41.994548356,41.99431610107422,-0.10590942982594516,8.085590436598586,1.1141589361558504,0.0,0.0,0.0,0.0,0.0,0.0,16.0,-0.0008309761649826158
42.01461635,42.014331102371216,-0.10590942982594516,8.085590436598586,1.1141589361558504,0.0,0.0,0.0,0.0,0.0,0.0,16.0,-0.0008309761649826158
42.034819213,42.034345865249634,-0.10590942982594516,8.085590436598586,1.1141589361558504,0.0,0.0,0.0,0.0,0.0,0.0,16.0,-0.0008309761649826158
42.046916441,42.04657435417175,-0.10590942982594516,8.085590436598586,1.1141589361558504,0.0,0.0,0.0,0.0,0.0,0.0,16.0,-0.0008309761649826158
42.054526861,42.054327726364136,-0.10590942982594516,8.085590436598586,1.1141589361558504,0.0,0.0,0.0,0.0,0.0,0.0,16.0,-0.0008309761649826158
42.074680148,42.074344873428345,-0.10590942982594516,8.085590436598586,1.1141589361558504,0.0,0.0,0.0,0.0,0.0,0.0,16.0,-0.0008309761649826158
42.094651358,42.09432816505432,-0.10590942982594516,8.085590436598586,1.1141589361558504,0.0,0.0,0.0,0.0,0.0,0.0,16.0,-0.0008309761649826158
42.1151126,42.114336013793945,-0.10590942982594516,8.085590436598586,1.1141589361558504,0.0,0.0,0.0,0.0,0.0,0.0,16.0,-0.0008309761649826158
42.13455358,42.13439440727234,-0.10590942982594516,8.085590436598586,1.1141589361558504,0.0,0.0,0.0,0.0,0.0,0.0,16.0,-0.0008309761649826158
42.146604464,42.14642882347107,-0.10590942982594516,8.085590436598586,1.1141589361558504,0.0,0.0,0.0,0.0,0.0,0.0,16.0,-0.0008309761649826158
42.154528118,42.15433168411255,-0.10590942982594516,8.085590436598586,1.1141589361558504,0.0,0.0,0.0,0.0,0.0,0.0,16.0,-0.0008309761649826158
42.1751145,42.17435669898987,-0.10590942982594516,8.085590436598586,1.1141589361558504,0.0,0.0,0.0,0.0,0.0,0.0,16.0,-0.0008309761649826158
42.194614978,42.19434142112732,-0.10590942982594516,8.085590436598586,1.1141589361558504,0.0,0.0,0.0,0.0,0.0,0.0,16.0,-0.0008309761649826158
42.214619569,42.21435570716858,-0.10590942982594516,8.085590436598586,1.1141589361558504,0.0,0.0,0.0,0.0,0.0,0.0,16.0,-0.0008309761649826158
42.234688075,42.23435688018799,-0.10590942982594516,8.085590436598586,1.1141589361558504,0.0,0.0,0.0,0.0,0.0,0.0,16.0,-0.0008309761649826158
42.246683974,42.246548652648926,-0.10590942982594516,8.085590436598586,1.1141589361558504,0.0,0.0,0.0,0.0,0.0,0.0,16.0,-0.0008309761649826158
42.254609165,42.25442814826965,-0.10590942982594516,8.085590436598586,1.1141589361558504,0.0,0.0,0.0,0.0,0.0,0.0,16.0,-0.0008309761649826158
42.274672518,42.27431631088257,-0.10590942982594516,8.085590436598586,1.1141589361558504,0.0,0.0,0.0,0.0,0.0,0.0,16.0,-0.0008309761649826158
42.294648721,42.29438519477844,-0.10590942982594516,8.085590436598586,1.1141589361558504,0.0,0.0,0.0,0.0,0.0,0.0,16.0,-0.0008309761649826158
42.314718379,42.31440019607544,-0.10590942982594516,8.085590436598586,1.1141589361558504,0.0,0.0,0.0,0.0,0.0,0.0,16.0,-0.0008309761649826158
42.334643853,42.33437490463257,0.002980267463839525,8.336073902299683,1.0,1.122830133705279e-06,-9.835931193920712e-06,0.0,0.00028177669104094096,-0.002470858506121768,0.0,17.0,-0.0008309761649826158
42.354668768,42.35442018508911,0.0029803933623554885,8.336072795654289,1.0,1.3749984588799429e-05,-0.00012106841015137865,0.0,0.0009736564068478729,-0.008604082956328307,0.0,17.0,-0.0008309761649826158
42.374610821,42.3743782043457,0.002980906116172854,8.336068267303293,1.0,3.9838164368280766e-05,-0.00035257921380767914,0.0,0.0016363653052025356,-0.014573193341284377,0.0,17.0,-0.0008309761649826158
42.394654267,42.39439582824707,0.002982074538621569,8.33605789665483,1.0,7.903210344655511e-05,-0.000703084674032798,0.0,0.002275287125258096,-0.020423542034598445,0.0,17.0,-0.0008309761649826158
42.414667916,42.41437578201294,0.002984148907638103,8.336039390769407,1.0,0.0001306519339280419,-0.0011683516300907816,0.0,0.0028876891829616013,-0.02612727948490829,0.0,17.0,-0.0008309761649826158
42.434655576,42.4343523979187,0.0029873745611544754,8.336010465227375,1.0,0.00019424678654866064,-0.0017461273255880271,0.0,0.0034751327996777547,-0.0316955808801166,0.0,17.0,-0.0008309761649826158
42.454980476,42.45442819595337,0.002992012932010005,8.335968654020249,1.0,0.0002697326244128384,-0.002437486414718247,0.0,0.004040885594670234,-0.03715699395847182,0.0,17.0,-0.0008309761649826158
42.4747168,42.47440195083618,0.0029982427688165533,8.335912201857361,1.0,0.00035586484412135805,-0.0032328070214992398,0.0,0.004579712366213199,-0.04245774649065785,0.0,17.0,-0.0008309761649826158
42.494704108,42.49441456794739,0.0030063165665618723,8.335838654198962,1.0,0.00045272238478162363,-0.004134547054520624,0.0,0.00509596389404319,-0.04763685397216963,0.0,17.0,-0.0008309761649826158
42.514718109,42.514413595199585,0.0030164228738044736,8.335746102579034,1.0,0.0005596015518148609,-0.005137895929666421,0.0,0.0055886629447635585,-0.05268133752722878,0.0,17.0,-0.0008309761649826158
42.534736655,42.534411668777466,0.0030287630339908274,8.335632490683544,1.0,0.0006761002722364562,-0.006240773578309326,0.0,0.0060585809420730646,-0.05759551523736213,0.0,17.0,-0.0008309761649826158
42.55457786,42.55440664291382,0.003043522847153994,8.335495873159811,1.0,0.0008017516477819047,-0.007440432887401867,0.0,0.006506101064534659,-0.062379805789796794,0.0,17.0,-0.0008309761649826158
42.574728843,42.5744149684906,0.003060895678465243,8.335334202828147,1.0,0.0009362251743603222,-0.008735376061833833,0.0,0.0069320099226846755,-0.06703904418081875,0.0,17.0,-0.0008309761649826158
42.594735419,42.59443187713623,0.00308105224258761,8.335145611205364,1.0,0.0010790681292170785,-0.010122885527603629,0.0,0.007336598106968339,-0.07157282340569135,0.0,17.0,-0.0008309761649826158
42.614639354,42.61441659927368,0.003104107828284275,8.334928722382676,1.0,0.001229547508293156,-0.01159741371358134,0.0,0.007719502825934423,-0.07597299918845844,0.0,17.0,-0.0008309761649826158
42.634985729,42.634454011917114,0.003130319311955177,8.334680797909675,1.0,0.0013879010680768438,-0.01316287823751342,0.0,0.00808276001645735,-0.0802591319695706,0.0,17.0,-0.0008309761649826158
42.655362189,42.65507102012634,0.0031606768724261242,8.334392055678176,1.0,0.0015582148459921878,-0.014861925039734613,0.0,0.008435380503841556,-0.08453881264764035,0.0,17.0,-0.0008309761649826158
42.674644325,42.67441487312317,0.003192416546576577,8.334088508677109,1.0,0.0017244317606278903,-0.01653509266839837,0.0,0.008747142286629353,-0.08843484219366093,0.0,17.0,-0.0008309761649826158
42.694652233,42.69440960884094,0.003228665110392831,8.33373995412455,1.0,0.0019023920426159823,-0.01834258190688733,0.0,0.00905040032300789,-0.09234144974924535,0.0,17.0,-0.0008309761649826158
42.714554236,42.71441698074341,0.003268557869827472,8.333354228876845,1.0,0.0020863452815140706,-0.020228189945243818,0.0,0.00933494909209279,-0.09612883335464857,0.0,17.0,-0.0008309761649826158
42.7346363,42.73442840576172,0.003312195665658393,8.332929940789409,1.0,0.0022758435408470282,-0.022188753461032485,0.0,0.009601069663017443,-0.09979610722428846,0.0,17.0,-0.0008309761649826158
42.754705691,42.75441861152649,0.0033596255474231456,8.332466203737782,1.0,0.0024702781293505904,-0.02421932298259814,0.0,0.00984888303179633,-0.10333978278037503,0.0,17.0,-0.0008309761649826158
42.774675481,42.77443742752075,0.0034110667810138408,8.331960423484507,1.0,0.0026697778190109107,-0.02632259132041991,0.0,0.010079424881335378,-0.10676953127869654,0.0,17.0,-0.0008309761649826158
42.794643191,42.79443717002869,0.0034664917118802977,8.331412405166954,1.0,0.002873522410834588,-0.028491224831382285,0.0,0.010292563264736636,-0.11007803097930474,0.0,17.0,-0.0008309761649826158
42.814747434,42.8144474029541,0.0035260657093756378,8.330820034583853,1.0,0.0030814729928447943,-0.030726059546296407,0.0,0.010489057017029997,-0.11327122490044989,0.0,17.0,-0.0008309761649826158
42.834590036,42.83441734313965,0.0035897061964471834,8.330183645516971,1.0,0.0032927607556639516,-0.03301893165341206,0.0,0.010668871548846198,-0.11634217254654618,0.0,17.0,-0.0008309761649826158
42.8546729,42.854445695877075,0.0036578056559524825,8.329498798132777,1.0,0.0035081129557304387,-0.035378947598535736,0.0,0.010833304251464723,-0.1193068391386803,0.0,17.0,-0.0008309761649826158
42.874769975,42.87445425987244,0.0037301768369680565,8.328766840684448,1.0,0.0037263863545503742,-0.037794788196673916,0.0,0.010982098497961742,-0.12215427394154257,0.0,17.0,-0.0008309761649826158
42.894780988,42.89445972442627,0.0038069317603246465,8.327986109493503,1.0,0.003947450890154084,-0.04026607507766924,0.0,0.01111583413134825,-0.12488796568401009,0.0,17.0,-0.0008309761649826158
42.915337465,42.914459466934204,0.0038881105358004,8.327155650128397,1.0,0.004170978270670816,-0.04279017857161718,0.0,0.011234932982824016,-0.12750855624765234,0.0,17.0,-0.0008309761649826158
42.934742236,42.93446183204651,0.003973795163053737,8.326274063793749,1.0,0.004396777507977298,-0.04536594815565777,0.0,0.011339880054441287,-0.13001814889021862,0.0,17.0,-0.0008309761649826158
42.954629452,42.95446586608887,0.00406402410317985,8.325340381145978,1.0,0.004624556846146305,-0.047991030142721096,0.0,0.011431094287492236,-0.1324174949367996,0.0,17.0,-0.0008309761649826158
42.974719838,42.97446250915527,0.004158790259634167,8.324354095968818,1.0,0.004853940041165264,-0.05066199437430745,0.0,0.01150896940900533,-0.1347064743105628,0.0,17.0,-0.0008309761649826158
42.994784299,42.99447965621948,0.004258262646327557,8.323312851713617,1.0,0.005084989245556685,-0.05338046110828341,0.0,0.011574032364622379,-0.13688913888674037,0.0,17.0,-0.0008309761649826158
43.015667581,43.01445508003235,0.0043621501025515015,8.322219106154305,1.0,0.005316729709993177,-0.05613573419659481,0.0,0.01162653001493452,-0.13895979831057723,0.0,17.0,-0.0008309761649826158
43.034759341,43.03449296951294,0.00447102269518555,8.32106623873886,1.0,0.005550126532500277,-0.058940100483491936,0.0,0.01166714777983246,-0.14093002449875813,0.0,17.0,-0.0008309761649826158
43.054768434,43.054505825042725,0.004584436132522422,8.319858320013108,1.0,0.005783930258319837,-0.06177934364216271,0.0,0.011696105752675321,-0.14279188321657843,0.0,17.0,-0.0008309761649826158
43.074610715,43.074442625045776,0.004702074004512924,8.318598152540572,1.0,0.006017306120334036,-0.06464375401251764,0.0,0.01171384439121511,-0.14454230755128605,0.0,17.0,-0.0008309761649826158
43.094682218,43.094483852386475,0.004825021883026622,8.317273465638113,1.0,0.006252155270601997,-0.06755733750074011,0.0,0.011720860883531822,-0.14619806544760303,0.0,17.0,-0.0008309761649826158
43.115327093,43.11502528190613,0.004955923269991021,8.315854778622077,1.0,0.006492898872164799,-0.07057698367040822,0.0,0.011717028854256342,-0.14778855222164758,0.0,17.0,-0.0008309761649826158
43.13469637,43.13449311256409,0.0050845450729656875,8.31445270709049,1.0,0.006720885240819843,-0.07346796570614497,0.0,0.01170329365979142,-0.14919770156697187,0.0,17.0,-0.0008309761649826158
43.154647789,43.15449285507202,0.0052213000124014695,8.312953438411267,1.0,0.006954723068848204,-0.07646553706063067,0.0,0.011679142929898929,-0.15054725150835307,0.0,17.0,-0.0008309761649826158
43.174792648,43.17449593544006,0.005362750072189695,8.311393691194404,1.0,0.007188016562036458,-0.07948962191452642,0.0,0.01164500979073037,-0.151798993516129,0.0,17.0,-0.0008309761649826158
43.194692507,43.19450044631958,0.0055088711007371975,8.309773077056315,1.0,0.007420547722411673,-0.08253802152375288,0.0,0.011601095045607886,-0.1529542153281,0.0,17.0,-0.0008309761649826158
43.21480696,43.214524269104004,0.005659779626881529,8.30808963128326,1.0,0.007652323398544533,-0.0856114992982574,0.0,0.011547547368903557,-0.15401520618848805,0.0,17.0,-0.0008309761649826158
43.234719461,43.234522342681885,0.0058151174661097696,8.30634669099431,1.0,0.007882640634209995,-0.08870134084617014,0.0,0.011484691699516542,-0.15498109265748206,0.0,17.0,-0.0008309761649826158
43.254802389,43.25450301170349,0.005974905786894608,8.304543382657398,1.0,0.008111408688854415,-0.091806839895789,0.0,0.011412734623495562,-0.15585398614290835,0.0,17.0,-0.0008309761649826158
43.274843807,43.2745156288147,0.006139516168295548,8.302674827013284,1.0,0.008339010813815906,-0.09493386978915491,0.0,0.011331689675303543,-0.15663737927156512,0.0,17.0,-0.0008309761649826158
43.294840002,43.294528007507324,0.006308663266553414,8.300743556246788,1.0,0.008564901045581443,-0.09807565393754922,0.0,0.011241867067552126,-0.1573312336517298,0.0,17.0,-0.0008309761649826158
43.314918609,43.31453275680542,0.00648224574900131,8.298750045562702,1.0,0.008788823031682338,-0.1012292419212599,0.0,0.0111435068883414,-0.15793677688106042,0.0,17.0,-0.0008309761649826158
43.334753369,43.33452033996582,0.0066601240972288586,8.296695187430668,1.0,0.009008093530530708,-0.10437755346224886,0.0,0.01044621280137319,-0.15508234582463576,0.0,18.0,-0.0008309761649826158
43.355248557,43.3545298576355,0.006842362094490228,8.29457608733245,1.0,0.009201851534637312,-0.10740516362706364,0.0,0.008932058645467554,-0.1476142557691216,0.0,18.0,-0.0008309761649826158
43.374833388,43.374526023864746,0.007028050427126321,8.292399378869321,1.0,0.009365914290285696,-0.11028628371701697,0.0,0.007489076546419769,-0.14063534995359817,0.0,18.0,-0.0008309761649826158
43.394766725,43.39453053474426,0.0072168178671042785,8.29016544302362,1.0,0.009501864086263393,-0.11303374445837736,0.0,0.006114048793383051,-0.13412435676084544,0.0,18.0,-0.0008309761649826158
43.414762855,43.41454315185547,0.007408109359094948,8.287876913983277,1.0,0.009611017439107826,-0.11565655611863267,0.0,0.004805541026274177,-0.12806884559636325,0.0,18.0,-0.0008309761649826158
43.434714626,43.43453097343445,0.007601089984637462,8.285539975466278,1.0,0.009694554937663283,-0.11815965309443184,0.0,0.0035640072917221635,-0.12246475461256057,0.0,18.0,-0.0008309761649826158
43.454917542,43.45455050468445,0.0077958047246257725,8.283150287632887,1.0,0.009753991889865612,-0.12055876491635348,0.0,0.0023844187687111326,-0.11728329345470444,0.0,18.0,-0.0008309761649826158
43.47476264,43.474549293518066,0.007991275074866211,8.280716116997688,1.0,0.009790414890579018,-0.1228560350215509,0.0,0.0012683282238006963,-0.11252505116995695,0.0,18.0,-0.0008309761649826158
43.49480345,43.49457287788391,0.008187496663496502,8.278233841948621,1.0,0.00980513188650062,-0.1250648803704644,0.0,0.00021164517544388433,-0.1081660630114548,0.0,18.0,-0.0008309761649826158
43.514943187,43.514564990997314,0.008383497430324549,8.275712178606062,1.0,0.009799310719820037,-0.1271871191557975,0.0,-0.0007842787608302033,-0.10420505164194337,0.0,18.0,-0.0008309761649826158
43.534999583,43.53457427024841,0.008579353070310103,8.273146652849784,1.0,0.009774126744563235,-0.12923567830693622,0.0,-0.0017234973468256863,-0.10061871288871141,0.0,18.0,-0.0008309761649826158
43.554773022,43.55456328392029,0.008774323712714584,8.270543484661763,1.0,0.00973076537595027,-0.13121418055014597,0.0,-0.0026058508508552346,-0.09740036707178264,0.0,18.0,-0.0008309761649826158
43.574903542,43.574562311172485,0.008968353088346443,8.267900036877657,1.0,0.009670277287052992,-0.1331328399119543,0.0,-0.0034342981180143835,-0.09453157683255807,0.0,18.0,-0.0008309761649826158
43.594794055,43.59456467628479,0.009161040712961307,8.265218345220859,1.0,0.0095937383131551,-0.13499781657551865,0.0,-0.0042100709687923265,-0.09200042138605537,0.0,18.0,-0.0008309761649826158
43.614901339,43.614581823349,0.009352188580537291,8.262497776185885,1.0,0.009502122909105635,-0.13681678602464611,0.0,-0.0049351382077108714,-0.08979255646666025,0.0,18.0,-0.0008309761649826158
43.634892765,43.63458275794983,0.00954120635768751,8.259743493171664,1.0,0.009396586089454605,-0.1385932618111823,0.0,-0.005609943207529732,-0.08789813117639421,0.0,18.0,-0.0008309761649826158
43.655176142,43.654749631881714,0.009729520844941773,8.256930753070355,1.0,0.009277000760987074,-0.14034916968530772,0.0,-0.006241680486450661,-0.08628989372105839,0.0,18.0,-0.0008309761649826158
43.674809972,43.67457962036133,0.009912218915082354,8.254130740740361,1.0,0.00914745129908194,-0.1420469744909018,0.0,-0.006816783793993181,-0.08499094486334871,0.0,18.0,-0.0008309761649826158
43.694835087,43.694581747055054,0.010093787108434516,8.251272574373578,1.0,0.009005673483131815,-0.14373613206824512,0.0,-0.007352150716359346,-0.08395122132695655,0.0,18.0,-0.0008309761649826158
43.714739031,43.71457386016846,0.010272327705162615,8.248382249908932,1.0,0.008853700913970489,-0.14540627703205916,0.0,-0.007843938818103245,-0.0831702412639981,0.0,18.0,-0.0008309761649826158
43.734796471,43.73459029197693,0.01044794431923314,8.245455126133118,1.0,0.008692116001536096,-0.14706527276036788,0.0,-0.008294516996935253,-0.0826336591502754,0.0,18.0,-0.0008309761649826158
43.754839382,43.75458788871765,0.010620079487444468,8.242497671483099,1.0,0.008522080594081551,-0.1487143325699591,0.0,-0.008704480531040367,-0.08232944236939142,0.0,18.0,-0.0008309761649826158
43.774771874,43.77459216117859,0.010788791058713887,8.239506275034483,1.0,0.008344174452055084,-0.1503600681749786,0.0,-0.009075964505298888,-0.08224371108475911,0.0,18.0,-0.0008309761649826158
43.794945334,43.79461407661438,0.010954014744244154,8.236479298776997,1.0,0.008159045442527683,-0.15200760671939084,0.0,-0.00941067880286691,-0.08236351138197226,0.0,18.0,-0.0008309761649826158
43.814854046,43.81461524963379,0.011115302893657262,8.233422465718158,1.0,0.007967773286338395,-0.15365778799333513,0.0,-0.009709572925060667,-0.0826752763683973,0.0,18.0,-0.0008309761649826158
43.834777353,43.83459949493408,0.011272575794488413,8.23033519207401,1.0,0.007771033843595015,-0.15531460085572307,0.0,-0.009974375676703234,-0.08316525811538736,0.0,18.0,-0.0008309761649826158
43.854929849,43.8546199798584,0.01142614052419181,8.227209011832462,1.0,0.0075689575879601696,-0.15698591471291964,0.0,-0.010207321773358634,-0.08382172645354838,0.0,18.0,-0.0008309761649826158
43.8749027,43.87461590766907,0.01157543425868958,8.224053124020957,1.0,0.007362783970216845,-0.15866984213169644,0.0,-0.010409252488195266,-0.08462955414163752,0.0,18.0,-0.0008309761649826158
43.894875231,43.89462995529175,0.011720695844444124,8.220860503804616,1.0,0.00715267579577764,-0.16037287461739794,0.0,-0.010582191397814222,-0.08557709060076817,0.0,18.0,-0.0008309761649826158
43.914863381,43.91463494300842,0.01186165804494029,8.217635037940854,1.0,0.006939480445458351,-0.16209538330421042,0.0,-0.01072746410495081,-0.08664986888473068,0.0,18.0,-0.0008309761649826158
43.934860267,43.93463635444641,0.011998303197194322,8.214375493869587,1.0,0.00672368158243981,-0.16384017557353678,0.0,-0.010846711500242882,-0.08783476478755002,0.0,18.0,-0.0008309761649826158
43.954982134,43.95463967323303,0.01213062257763623,8.211080484239842,1.0,0.00650572307475631,-0.16560985391668182,0.0,-0.010941547635836758,-0.08911881508916206,0.0,18.0,-0.0008309761649826158
43.97493575,43.97463798522949,0.01225853244242348,8.207750669559795,1.0,0.006286155063819269,-0.16740563407309114,0.0,-0.011013521160097422,-0.09048826571159733,0.0,18.0,-0.0008309761649826158
43.994856465,43.994627952575684,0.012381987722184887,8.204386077132959,1.0,0.006065455329868939,-0.16922877942497086,0.0,-0.011064218411324874,-0.09192954480999595,0.0,18.0,-0.0008309761649826158
44.015039622,44.014647006988525,0.012501193577272382,8.20097973814402,1.0,0.00584361644841477,-0.17108408486107882,0.0,-0.011095279900441015,-0.09343218600714424,0.0,18.0,-0.0008309761649826158
44.035038461,44.03464984893799,0.012615860945439476,8.197538798439568,1.0,0.005621522726111172,-0.17296839200312003,0.0,-0.011108193482343192,-0.09497952536557952,0.0,18.0,-0.0008309761649826158
44.054935684,44.05465340614319,0.0127260899114309,8.194059676451715,1.0,0.005399327352001731,-0.1748840974746397,0.0,-0.011104569004633956,-0.09655957474592539,0.0,18.0,-0.0008309761649826158
44.074867504,44.07464265823364,0.012831800826631797,8.19054447925217,1.0,0.005177517481954866,-0.17683020239638492,0.0,-0.011086001131162863,-0.09815780911978554,0.0,18.0,-0.0008309761649826158
44.094915919,44.09464406967163,0.012933142194799385,8.186987909362687,1.0,0.0049560819696713165,-0.17880953794502946,0.0,-0.011054043940739342,-0.09976307332183774,0.0,18.0,-0.0008309761649826158
44.114897668,44.114659786224365,0.013030131040572466,8.183388784533415,1.0,0.004735245288145002,-0.18082241349664507,0.0,-0.0110102450139351,-0.10136229355287044,0.0,18.0,-0.0008309761649826158
44.134888378,44.13466429710388,0.013122656954343717,8.179751163827847,1.0,0.004515517015977873,-0.18286592628264817,0.0,-0.01095623700811277,-0.10294008553835424,0.0,18.0,-0.0008309761649826158
44.154927127,44.15465807914734,0.013210753239640244,8.176074309396794,1.0,0.0042970737196755095,-0.18493957917135706,0.0,-0.01089361050335443,-0.10448328435411255,0.0,18.0,-0.0008309761649826158
44.174864676,44.17466616630554,0.013294553662552156,8.17235300168977,1.0,0.004079800331835013,-0.18704516131532414,0.0,-0.010823862121718767,-0.10598052326804797,0.0,18.0,-0.0008309761649826158
44.194872093,44.19466853141785,0.013373998827489745,8.168590365087566,1.0,0.0038640424027663583,-0.18917949639995923,0.0,-0.01074863468303464,-0.10741698094264411,0.0,18.0,-0.0008309761649826158
44.215072917,44.21464514732361,0.013449049747340859,8.164789677716819,1.0,0.0036501055928957007,-0.1913390507193424,0.0,-0.010669589543847285,-0.10877811692862008,0.0,18.0,-0.0008309761649826158
44.234858378,44.23467040061951,0.013520010776613203,8.160936132059017,1.0,0.003437256715351207,-0.19353032725185768,0.0,-0.01058800342227432,-0.11005558970416145,0.0,18.0,-0.0008309761649826158
44.254936109,44.25471234321594,0.01358677892150629,8.157035235243384,1.0,0.0032258791527999256,-0.195748032456774,0.0,-0.010505580283345547,-0.11123357103658095,0.0,18.0,-0.0008309761649826158
44.274973707,44.27468705177307,0.013649124740534405,8.15310294975631,1.0,0.0030168483553316542,-0.1979806978753583,0.0,-0.010424066070724722,-0.11229594017102627,0.0,18.0,-0.0008309761649826158
44.294915001,44.29467844963074,0.013707358166084224,8.149122530601687,1.0,0.0028092637722863015,-0.20023533560953052,0.0,-0.01034346956951251,-0.1132459533002184,0.0,18.0,-0.0008309761649826158
44.315022882,44.314692735672,0.013761516958556068,8.145092247560513,1.0,0.0026030472661400625,-0.20251044591934908,0.0,-0.010263739171491839,-0.11408559532751295,0.0,18.0,-0.0008309761649826158
44.334881602,44.33468818664551,0.013811521211854026,8.141020233674128,1.0,0.0023992923303039148,-0.2047562695962415,0.0,-0.010018113357238841,-0.10439945976064872,0.0,19.0,-0.0008309761649826158
44.357823476,44.35468864440918,0.013857536362178567,8.136905711204228,1.0,0.0022036929668150613,-0.2066092674390423,0.0,-0.00954452745990322,-0.08129232408471136,0.0,19.0,-0.0008309761649826158
44.374933209,44.37470531463623,0.013899765632148384,8.132755216925139,1.0,0.002017229881603951,-0.20802456891117346,0.0,-0.009089309175401045,-0.060501383317497506,0.0,19.0,-0.0008309761649826158
44.395021631,44.39470648765564,0.013938323998195029,8.128583644876946,1.0,0.001839829408350741,-0.2090456630407069,0.0,-0.008652657708658543,-0.041967539274491907,0.0,19.0,-0.0008309761649826158
44.415047482,44.41469717025757,0.013973402751041029,8.124397413791266,1.0,0.001671071202700863,-0.20971742416667022,0.0,-0.00823390615183487,-0.02558975207272004,0.0,19.0,-0.0008309761649826158
44.434880183,44.43469786643982,0.014005205608237576,8.120198776796647,1.0,0.0015104332021477517,-0.21008257636099503,0.0,-0.007832100950111063,-0.011259047322139476,0.0,19.0,-0.0008309761649826158
44.454930006,44.45471239089966,0.01403389334366993,8.115992704561872,1.0,0.0013575628109399533,-0.21018088009326083,0.0,-0.0074466772105728244,0.001115698645455717,0.0,19.0,-0.0008309761649826158
44.474956274,44.47470951080322,0.014059576589423375,8.111790653713152,1.0,0.0012123666268378814,-0.21005062051478662,0.0,-0.007077703464056003,0.011608019397844279,0.0,19.0,-0.0008309761649826158
44.494977933,44.494728565216064,0.014082452682310849,8.107588574143813,1.0,0.0010742442791560733,-0.20972803734438566,0.0,-0.0067239364972339274,0.020330148175893983,0.0,19.0,-0.0008309761649826158
44.515023339,44.51473569869995,0.014102622368711107,8.103397070094658,1.0,0.0009431278404009587,-0.2092482441582053,0.0,-0.006385463053235788,0.02735820763737986,0.0,19.0,-0.0008309761649826158
44.535033572,44.534730434417725,0.014120225432069406,8.099219041755775,1.0,0.000818711713414077,-0.2086443656066587,0.0,-0.006061741110022045,0.03278720452330264,0.0,19.0,-0.0008309761649826158
44.55591745,44.555373430252075,0.014135857478548912,8.094919300987584,1.0,0.0006969024378654625,-0.20792327722987317,0.0,-0.0057422241484204346,0.03681721053999286,0.0,19.0,-0.0008309761649826158
44.574954406,44.57474064826965,0.014148295715348527,8.090899488066194,1.0,0.0005884880161881702,-0.20718477903553312,0.0,-0.005455524920343003,0.0392325503610779,0.0,19.0,-0.0008309761649826158
44.594933818,44.59473133087158,0.014158988943159711,8.08676567722274,1.0,0.00048228026378271537,-0.20638641282566236,0.0,-0.005172354317764954,0.040429638393615956,0.0,19.0,-0.0008309761649826158
44.615297356,44.614797830581665,0.01416764376114942,8.082632349502997,1.0,0.0003812353236389912,-0.2055734465614842,0.0,-0.0049006199396503065,0.04039887601289594,0.0,19.0,-0.0008309761649826158
44.638890823,44.63846254348755,0.014175322202410846,8.077778734383626,1.0,0.0002689055928167163,-0.20463214649257339,0.0,-0.004595555558012751,0.03890244474887243,0.0,19.0,-0.0008309761649826158
44.655296571,44.65475273132324,0.014179101902418757,8.074450346254034,1.0,0.00019568867194538634,-0.20401279244245407,0.0,-0.004394813049176547,0.03702897054015722,0.0,19.0,-0.0008309761649826158
44.675023012,44.674747943878174,0.014182152152327496,8.070378246405502,1.0,0.00011019558662289387,-0.20330243473408594,0.0,-0.004158254043681394,0.03387268570368316,0.0,19.0,-0.0008309761649826158
44.694955141,44.69476056098938,0.014183540031229395,8.066316186284093,1.0,2.9260739729946898e-05,-0.20266340564477928,0.0,-0.00393186395489416,0.029854806480147954,0.0,19.0,-0.0008309761649826158
44.714943343,44.714744567871094,0.014183354214386159,8.062271814193627,1.0,-4.7137110521308806e-05,-0.20211332731375417,0.0,-0.003715627947428275,0.025077224806764307,0.0,19.0,-0.0008309761649826158
44.734932857,44.7347457408905,0.014181682161382577,8.058233968741929,1.0,-0.0001193678228171597,-0.20166526415362065,0.0,-0.0035085209963059178,0.019621735491247207,0.0,19.0,-0.0008309761649826158
44.755013553,44.754756689071655,0.014178604420101163,8.054202001202166,1.0,-0.0001875770873548793,-0.2013321594961694,0.0,-0.0033101163145855582,0.013581190292075326,0.0,19.0,-0.0008309761649826158
44.775007452,44.77478384971619,0.014174196776908258,8.05017215342562,1.0,-0.0002519510544549442,-0.20112487553206695,0.0,-0.0031198402249476677,0.007044789923503554,0.0,19.0,-0.0008309761649826158
44.795005128,44.79477310180664,0.014168549440510212,8.046152781666665,1.0,-0.00031248101393552854,-0.20105264883280813,0.0,-0.002937674523316043,0.00012325746984907234,0.0,19.0,-0.0008309761649826158
44.815016021,44.814770221710205,0.014161725095186846,8.042131833181232,1.0,-0.0003694648402350517,-0.20112203847187027,0.0,-0.002762658548023266,-0.007106417499411081,0.0,19.0,-0.0008309761649826158
44.834963736,44.83476686477661,0.014153796027026247,8.038108158421133,1.0,-0.0004230151333263711,-0.20133827958830158,0.0,-0.0025943495716896623,-0.014549240163694695,0.0,19.0,-0.0008309761649826158
44.855216845,44.85479736328125,0.014144813321811162,8.034071825297568,1.0,-0.00047334490033618554,-0.20170546805178033,0.0,-0.0024319498532780442,-0.02212624925057104,0.0,19.0,-0.0008309761649826158
44.874994357,44.87478065490723,0.014134879261313073,8.030036166741517,1.0,-0.0005203719402951257,-0.2022234707128742,0.0,-0.002275588464325909,-0.029714565918004927,0.0,19.0,-0.0008309761649826158
44.895040264,44.89479684829712,0.014124017820922489,8.025981994901427,1.0,-0.0005643960791582062,-0.202893859006429,0.0,-0.0021241098106930694,-0.03725232802167661,0.0,19.0,-0.0008309761649826158
44.915225298,44.91490840911865,0.014112247291073816,8.021893415122204,1.0,-0.0006056244409961101,-0.20371799465119714,0.0,-0.00197655921448902,-0.04466953389219941,0.0,19.0,-0.0008309761649826158
44.935062275,44.93480563163757,0.014099815200608613,8.017830673644283,1.0,-0.0006435344439833949,-0.2046778322516873,0.0,-0.0018346505034556656,-0.05176150925978829,0.0,19.0,-0.0008309761649826158
44.95530335,44.954803466796875,0.014086588378657068,8.013726751105985,1.0,-0.0006788275430560574,-0.20578150177650034,0.0,-0.0016956127622767781,-0.05855727923858603,0.0,19.0,-0.0008309761649826158
44.97512026,44.97478365898132,0.0140726959346308,8.009603086479334,1.0,-0.0007113466989909834,-0.2070163262283347,0.0,-0.0015600995881774027,-0.06498870613575658,0.0,19.0,-0.0008309761649826158
44.995174713,44.99480986595154,0.014058146440515073,8.005443892856427,1.0,-0.000741257741459817,-0.20837939635511635,0.0,-0.0014276541072622685,-0.07108160310569543,0.0,19.0,-0.0008309761649826158
45.017379174,45.01480793952942,0.01404304592166493,8.001262114387027,1.0,-0.0007685134604965949,-0.20985883123572244,0.0,-0.001298741576340539,-0.0768192758938736,0.0,19.0,-0.0008309761649826158
45.03698962,45.03660726547241,0.01402599510392308,7.996668591299657,1.0,-0.0007953275981779867,-0.21159812465447858,0.0,-0.0011619913100073592,-0.08268662307625577,0.0,19.0,-0.0008309761649826158
45.055185566,45.05484223365784,0.01401130546327747,7.992796129091451,1.0,-0.0008154965722980233,-0.213148291005369,0.0,-0.0010505985902329884,-0.08729016982252569,0.0,19.0,-0.0008309761649826158
45.075292987,45.07485294342041,0.013994784490995168,7.988513090633216,1.0,-0.0008353224274793705,-0.21494298079663404,0.0,-0.000931470275819212,-0.09202901995694876,0.0,19.0,-0.0008309761649826158
45.095001912,45.0948121547699,0.01397793428605275,7.98420436405498,1.0,-0.000852754836809982,-0.21682431178389777,0.0,-0.0008158636232045594,-0.09643554370938853,0.0,19.0,-0.0008309761649826158
45.115047467,45.114821434020996,0.013960715513908024,7.979846278842611,1.0,-0.0008679468285833011,-0.21879548770281004,0.0,-0.0007031603644073881,-0.10053853300681975,0.0,19.0,-0.0008309761649826158
45.135106432,45.134827852249146,0.013943217647540909,7.975448587168126,1.0,-0.0008809137350789187,-0.22084536281688344,0.0,-0.000593639835559701,-0.10433237870206918,0.0,19.0,-0.0008309761649826158
45.154973078,45.1548113822937,0.013925502445809769,7.971014241092249,1.0,-0.000891709814157685,-0.22296564196877805,0.0,-0.00048737517789738103,-0.10782023830920365,0.0,19.0,-0.0008309761649826158
45.175127419,45.174824953079224,0.013907565479743644,7.966530088253838,1.0,-0.0009004248928853723,-0.22515599426277133,0.0,-0.0003840567819615291,-0.11101753864177287,0.0,19.0,-0.0008309761649826158
45.195139049,45.19482183456421,0.013889489791580075,7.962005291340681,1.0,-0.0009070982920575813,-0.22740551634695483,0.0,-0.0002838991698548908,-0.11392286744926701,0.0,19.0,-0.0008309761649826158
45.215193789,45.214816093444824,0.013871302727050398,7.957435515696257,1.0,-0.0009117988710844753,-0.22971001005032543,0.0,-0.00018679615819795366,-0.11654507429117254,0.0,19.0,-0.0008309761649826158
45.235291128,45.234851598739624,0.013853003153629584,7.952809583444035,1.0,-0.0009145919209110779,-0.23206906437300404,0.0,-9.251406251715892e-05,-0.11889544539219707,0.0,19.0,-0.0008309761649826158
45.247647065,45.24717116355896,-0.10481502985343684,8.450851091273156,0.21626537056338468,0.0,0.0,0.0,0.0,0.0,0.0,19.0,-0.0008309761649826158
45.255473634,45.25517678260803,-0.10481502985343684,8.450851091273156,0.21626537056338468,0.0,0.0,0.0,0.0,0.0,0.0,19.0,-0.0008309761649826158
45.275073389,45.27484703063965,-0.10481502985343684,8.450851091273156,0.21626537056338468,0.0,0.0,0.0,0.0,0.0,0.0,19.0,-0.0008309761649826158
45.295179658,45.29483914375305,-0.10481502985343684,8.450851091273156,0.21626537056338468,0.0,0.0,0.0,0.0,0.0,0.0,19.0,-0.0008309761649826158
45.31524384,45.31482124328613,-0.10481502985343684,8.450851091273156,0.21626537056338468,0.0,0.0,0.0,0.0,0.0,0.0,19.0,-0.0008309761649826158
45.335050541,45.334855794906616,-0.10481502985343684,8.450851091273156,0.21626537056338468,0.0,0.0,0.0,0.0,0.0,0.0,19.0,-0.0008309761649826158
45.347221999,45.34701466560364,-0.10481502985343684,8.450851091273156,0.21626537056338468,0.0,0.0,0.0,0.0,0.0,0.0,19.0,-0.0008309761649826158
45.355341703,45.35485553741455,-0.10481502985343684,8.450851091273156,0.21626537056338468,0.0,0.0,0.0,0.0,0.0,0.0,19.0,-0.0008309761649826158
45.375196412,45.37486910820007,-0.10481502985343684,8.450851091273156,0.21626537056338468,0.0,0.0,0.0,0.0,0.0,0.0,19.0,-0.0008309761649826158
45.395029997,45.39484930038452,-0.10481502985343684,8.450851091273156,0.21626537056338468,0.0,0.0,0.0,0.0,0.0,0.0,19.0,-0.0008309761649826158
45.41533761,45.41500520706177,-0.10481502985343684,8.450851091273156,0.21626537056338468,0.0,0.0,0.0,0.0,0.0,0.0,19.0,-0.0008309761649826158
45.435176796,45.43488121032715,-0.10481502985343684,8.450851091273156,0.21626537056338468,0.0,0.0,0.0,0.0,0.0,0.0,19.0,-0.0008309761649826158
45.447758848,45.447306632995605,-0.10481502985343684,8.450851091273156,0.21626537056338468,0.0,0.0,0.0,0.0,0.0,0.0,19.0,-0.0008309761649826158
45.455138978,45.45488524436951,-0.10481502985343684,8.450851091273156,0.21626537056338468,0.0,0.0,0.0,0.0,0.0,0.0,19.0,-0.0008309761649826158
45.475126251,45.47489023208618,-0.10481502985343684,8.450851091273156,0.21626537056338468,0.0,0.0,0.0,0.0,0.0,0.0,19.0,-0.0008309761649826158
45.495185921,45.49492692947388,-0.10481502985343684,8.450851091273156,0.21626537056338468,0.0,0.0,0.0,0.0,0.0,0.0,19.0,-0.0008309761649826158
45.516783117,45.516512632369995,-0.10481502985343684,8.450851091273156,0.21626537056338468,0.0,0.0,0.0,0.0,0.0,0.0,19.0,-0.0008309761649826158
45.535192377,45.53489875793457,-0.10481502985343684,8.450851091273156,0.21626537056338468,0.0,0.0,0.0,0.0,0.0,0.0,19.0,-0.0008309761649826158
45.547185279,45.54696297645569,-0.10481502985343684,8.450851091273156,0.21626537056338468,0.0,0.0,0.0,0.0,0.0,0.0,19.0,-0.0008309761649826158
45.55523598,45.55500817298889,-0.10481502985343684,8.450851091273156,0.21626537056338468,0.0,0.0,0.0,0.0,0.0,0.0,19.0,-0.0008309761649826158
45.575160844,45.57489204406738,-0.10481502985343684,8.450851091273156,0.21626537056338468,0.0,0.0,0.0,0.0,0.0,0.0,19.0,-0.0008309761649826158
45.59524823,45.59489870071411,-0.10481502985343684,8.450851091273156,0.21626537056338468,0.0,0.0,0.0,0.0,0.0,0.0,19.0,-0.0008309761649826158
45.615246353,45.61491584777832,-0.10481502985343684,8.450851091273156,0.21626537056338468,0.0,0.0,0.0,0.0,0.0,0.0,19.0,-0.0008309761649826158
45.635230074,45.634899616241455,-0.10481502985343684,8.450851091273156,0.21626537056338468,0.0,0.0,0.0,0.0,0.0,0.0,19.0,-0.0008309761649826158
45.649140692,45.64898705482483,-0.10481502985343684,8.450851091273156,0.21626537056338468,0.0,0.0,0.0,0.0,0.0,0.0,19.0,-0.0008309761649826158
45.655867212,45.65489912033081,-0.10481502985343684,8.450851091273156,0.21626537056338468,0.0,0.0,0.0,0.0,0.0,0.0,19.0,-0.0008309761649826158
45.675266263,45.674904108047485,-0.10481502985343684,8.450851091273156,0.21626537056338468,0.0,0.0,0.0,0.0,0.0,0.0,19.0,-0.0008309761649826158
45.695200141,45.6949303150177,-0.10481502985343684,8.450851091273156,0.21626537056338468,0.0,0.0,0.0,0.0,0.0,0.0,19.0,-0.0008309761649826158
45.715273209,45.71493911743164,-0.10481502985343684,8.450851091273156,0.21626537056338468,0.0,0.0,0.0,0.0,0.0,0.0,19.0,-0.0008309761649826158
45.735225522,45.734920024871826,-0.10481502985343684,8.450851091273156,0.21626537056338468,0.0,0.0,0.0,0.0,0.0,0.0,19.0,-0.0008309761649826158
45.74750483,45.747265338897705,-0.10481502985343684,8.450851091273156,0.21626537056338468,0.0,0.0,0.0,0.0,0.0,0.0,19.0,-0.0008309761649826158
45.755103262,45.75486612319946,-0.10481502985343684,8.450851091273156,0.21626537056338468,0.0,0.0,0.0,0.0,0.0,0.0,19.0,-0.0008309761649826158
45.775156839,45.774935245513916,-0.10481502985343684,8.450851091273156,0.21626537056338468,0.0,0.0,0.0,0.0,0.0,0.0,19.0,-0.0008309761649826158
45.795156359,45.79492735862732,-0.10481502985343684,8.450851091273156,0.21626537056338468,0.0,0.0,0.0,0.0,0.0,0.0,19.0,-0.0008309761649826158
45.815157608,45.81492519378662,-0.10481502985343684,8.450851091273156,0.21626537056338468,0.0,0.0,0.0,0.0,0.0,0.0,19.0,-0.0008309761649826158
45.835192973,45.834940910339355,-0.10481502985343684,8.450851091273156,0.21626537056338468,0.0,0.0,0.0,0.0,0.0,0.0,19.0,-0.0008309761649826158
45.847780108,45.84757399559021,-0.10481502985343684,8.450851091273156,0.21626537056338468,0.0,0.0,0.0,0.0,0.0,0.0,19.0,-0.0008309761649826158
45.856075003,45.85494017601013,-0.10481502985343684,8.450851091273156,0.21626537056338468,0.0,0.0,0.0,0.0,0.0,0.0,19.0,-0.0008309761649826158
45.875211793,45.87494349479675,-0.10481502985343684,8.450851091273156,0.21626537056338468,0.0,0.0,0.0,0.0,0.0,0.0,19.0,-0.0008309761649826158
45.895214546,45.894965171813965,-0.10481502985343684,8.450851091273156,0.21626537056338468,0.0,0.0,0.0,0.0,0.0,0.0,19.0,-0.0008309761649826158
45.915238774,45.91495752334595,-0.10481502985343684,8.450851091273156,0.21626537056338468,0.0,0.0,0.0,0.0,0.0,0.0,19.0,-0.0008309761649826158
45.93526425,45.93497157096863,-0.10481502985343684,8.450851091273156,0.21626537056338468,0.0,0.0,0.0,0.0,0.0,0.0,19.0,-0.0008309761649826158
45.947679901,45.94751334190369,-0.10481502985343684,8.450851091273156,0.21626537056338468,0.0,0.0,0.0,0.0,0.0,0.0,19.0,-0.0008309761649826158
45.955211058,45.954952239990234,-0.10481502985343684,8.450851091273156,0.21626537056338468,0.0,0.0,0.0,0.0,0.0,0.0,19.0,-0.0008309761649826158
45.975166827,45.974953174591064,-0.10481502985343684,8.450851091273156,0.21626537056338468,0.0,0.0,0.0,0.0,0.0,0.0,19.0,-0.0008309761649826158
45.99515697,45.99496030807495,-0.10481502985343684,8.450851091273156,0.21626537056338468,0.0,0.0,0.0,0.0,0.0,0.0,19.0,-0.0008309761649826158
46.017784974,46.01496624946594,-0.10481502985343684,8.450851091273156,0.21626537056338468,0.0,0.0,0.0,0.0,0.0,0.0,19.0,-0.0008309761649826158
46.035293952,46.03498101234436,-0.10481502985343684,8.450851091273156,0.21626537056338468,0.0,0.0,0.0,0.0,0.0,0.0,19.0,-0.0008309761649826158
46.047777357,46.04739856719971,-0.10481502985343684,8.450851091273156,0.21626537056338468,0.0,0.0,0.0,0.0,0.0,0.0,19.0,-0.0008309761649826158
46.055257498,46.05502200126648,-0.10481502985343684,8.450851091273156,0.21626537056338468,0.0,0.0,0.0,0.0,0.0,0.0,19.0,-0.0008309761649826158
46.07525369,46.07499027252197,-0.10481502985343684,8.450851091273156,0.21626537056338468,0.0,0.0,0.0,0.0,0.0,0.0,19.0,-0.0008309761649826158
46.09526454,46.095001220703125,-0.10481502985343684,8.450851091273156,0.21626537056338468,0.0,0.0,0.0,0.0,0.0,0.0,19.0,-0.0008309761649826158
46.11517947,46.11497640609741,-0.10481502985343684,8.450851091273156,0.21626537056338468,0.0,0.0,0.0,0.0,0.0,0.0,19.0,-0.0008309761649826158
46.135258235,46.13500118255615,-0.10481502985343684,8.450851091273156,0.21626537056338468,0.0,0.0,0.0,0.0,0.0,0.0,19.0,-0.0008309761649826158
46.148677631,46.14733552932739,-0.10481502985343684,8.450851091273156,0.21626537056338468,0.0,0.0,0.0,0.0,0.0,0.0,19.0,-0.0008309761649826158
46.155259004,46.155006408691406,-0.10481502985343684,8.450851091273156,0.21626537056338468,0.0,0.0,0.0,0.0,0.0,0.0,19.0,-0.0008309761649826158
46.175413845,46.17500901222229,-0.10481502985343684,8.450851091273156,0.21626537056338468,0.0,0.0,0.0,0.0,0.0,0.0,19.0,-0.0008309761649826158
46.195502659,46.195006132125854,-0.10481502985343684,8.450851091273156,0.21626537056338468,0.0,0.0,0.0,0.0,0.0,0.0,19.0,-0.0008309761649826158
46.215329992,46.21501421928406,-0.10481502985343684,8.450851091273156,0.21626537056338468,0.0,0.0,0.0,0.0,0.0,0.0,19.0,-0.0008309761649826158
46.23550394,46.23516654968262,-0.13683336110052613,8.429991577372064,1.0,1.0384865476411016e-06,-9.051294359925798e-06,0.0,0.0002758538786229558,-0.002405608704231736,0.0,20.0,-0.0008309761649826158
46.25680258,46.25523257255554,-0.13683323605466594,8.429990485362092,1.0,1.3828642702065711e-05,-0.00012087963276842519,0.0,0.000994590217150402,-0.008711562786912916,0.0,20.0,-0.0008309761649826158
46.275275264,46.27503561973572,-0.13683272207557926,8.429985984932346,1.0,4.033725786168671e-05,-0.0003536202749258143,0.0,0.0016784410481357679,-0.01476610461697273,0.0,20.0,-0.0008309761649826158
46.295344363,46.29501032829285,-0.13683153690555216,8.429975578016506,1.0,8.054251265762814e-05,-0.0007081644998216072,0.0,0.002343000935785265,-0.0207054327154528,0.0,20.0,-0.0008309761649826158
46.31567328,46.315019369125366,-0.1368294131371988,8.429956874865997,1.0,0.00013387524816615165,-0.0011805920247274517,0.0,0.002983737194564091,-0.02648841021648846,0.0,20.0,-0.0008309761649826158
46.335659326,46.3350350856781,-0.13682609426687978,8.429927560339191,1.0,0.0001998063249146628,-0.001767298964782104,0.0,0.0036001110750304923,-0.032108790141497166,0.0,20.0,-0.0008309761649826158
46.355268575,46.35502767562866,-0.13682134036681937,8.42988544494215,1.0,0.00027773430453991365,-0.002463997460042732,0.0,0.004191648860933785,-0.037560575954105106,0.0,20.0,-0.0008309761649826158
46.375320936,46.3750319480896,-0.13681490752458214,8.429828283380667,1.0,0.000367307353675572,-0.0032685964357349554,0.0,0.00475983348512639,-0.04285573806945602,0.0,20.0,-0.0008309761649826158
46.395325417,46.39502787590027,-0.1368065745496519,8.429754011711891,1.0,0.0004679694217069642,-0.004177147426106652,0.0,0.00530451237022902,-0.04799118398002339,0.0,20.0,-0.0008309761649826158
46.415979058,46.41504621505737,-0.13679610853408086,8.429660441403925,1.0,0.0005794228562441133,-0.005188004309833084,0.0,0.005826910491129319,-0.052976791650149214,0.0,20.0,-0.0008309761649826158
46.435508391,46.435057640075684,-0.13678331299321783,8.429545689420003,1.0,0.0007010653894280224,-0.006296734945839257,0.0,0.006326670084153005,-0.05780743379907763,0.0,20.0,-0.0008309761649826158
46.45570135,46.45535612106323,-0.13676774539656963,8.429405637582505,1.0,0.0008344416252654697,-0.00751856372872004,0.0,0.006811087835457937,-0.06255310111969262,0.0,20.0,-0.0008309761649826158
46.47531364,46.475030183792114,-0.1367499809841677,8.429245319999128,1.0,0.0009728881190566224,-0.008793290151226351,0.0,0.0072593869268866955,-0.06700675569346592,0.0,20.0,-0.0008309761649826158
46.495335244,46.49504828453064,-0.13672902192969988,8.4290555761752,1.0,0.001122595754168917,-0.010178767245979898,0.0,0.007694497651933255,-0.0713928801344273,0.0,20.0,-0.0008309761649826158
46.515274242,46.5150420665741,-0.13670501096228416,8.428837508171522,1.0,0.0012806103054774673,-0.011648783668072184,0.0,0.008108343279800426,-0.07562965731126746,0.0,20.0,-0.0008309761649826158
46.535328011,46.535099267959595,-0.13667766770456413,8.428588375489634,1.0,0.0014472337734554098,-0.013207136384949712,0.0,0.008503093467823297,-0.07973741466455897,0.0,20.0,-0.0008309761649826158
46.555307368,46.55504488945007,-0.13664708525101912,8.428308825653131,1.0,0.0016205830460415919,-0.01483712990096086,0.0,0.008875801039228068,-0.08368309144280422,0.0,20.0,-0.0008309761649826158
46.575311529,46.575077295303345,-0.13661281641945483,8.42799455613771,1.0,0.0018019713852056864,-0.01655203159629694,0.0,0.00923062868386773,-0.087508396540356,0.0,20.0,-0.0008309761649826158
46.595296839,46.595062017440796,-0.13657493858368333,8.42764604595306,1.0,0.0019898211991088315,-0.01833787006218504,0.0,0.009565566378952442,-0.09118957081220803,0.0,20.0,-0.0008309761649826158
46.615284869,46.61506676673889,-0.13653319735726308,8.427260716665868,1.0,0.002184375403343012,-0.020197838568013514,0.0,0.009882206479986663,-0.09474156781866808,0.0,20.0,-0.0008309761649826158
46.635314282,46.635109186172485,-0.1364874116845638,8.426836639413194,1.0,0.00238546642863066,-0.022131269686415413,0.0,0.01018117508965574,-0.09816924293330877,0.0,20.0,-0.0008309761649826158
46.655353584,46.65511870384216,-0.13643762248670502,8.426373929225994,1.0,0.0025920239418383622,-0.024128750058166018,0.0,0.010461831016514532,-0.10146267259084257,0.0,20.0,-0.0008309761649826158
46.67535176,46.67510485649109,-0.13638371084713155,8.425871213163068,1.0,0.002803771371469046,-0.02618841241133935,0.0,0.010724806868598419,-0.10462623273303588,0.0,20.0,-0.0008309761649826158
46.695667063,46.69513988494873,-0.13632536812184673,8.425325324704273,1.0,0.0030211412761156223,-0.028315326272250453,0.0,0.010971444380731376,-0.10767338266417494,0.0,20.0,-0.0008309761649826158
46.715650473,46.715333223342896,-0.13626210784402748,8.424731384568414,1.0,0.0032450612391535733,-0.030519593893003925,0.0,0.011203258480858793,-0.11062114730013572,0.0,20.0,-0.0008309761649826158
46.73540892,46.73512864112854,-0.13619566164139005,8.42410538191759,1.0,0.003468950847298174,-0.032737000866163046,0.0,0.011414574451150386,-0.11339268633155586,0.0,20.0,-0.0008309761649826158
46.755516381,46.755131244659424,-0.13612397635491635,8.423427688736092,1.0,0.003699278256639699,-0.03503219539356715,0.0,0.011612505712076485,-0.11607671029891194,0.0,20.0,-0.0008309761649826158
46.77540048,46.77507472038269,-0.13604787795234882,8.422705766899648,1.0,0.003932713902710472,-0.03737290749277514,0.0,0.011794660569483943,-0.11863839445665059,0.0,20.0,-0.0008309761649826158
46.795606709,46.79511260986328,-0.13596669598671818,8.42193291514096,1.0,0.004170761326841939,-0.039774993857206384,0.0,0.011962822070873753,-0.12109938153322834,0.0,20.0,-0.0008309761649826158
46.815445584,46.81514048576355,-0.1358807538048895,8.421111851148524,1.0,0.004411915989169368,-0.042224089819001095,0.0,0.01211644834695669,-0.12344845974554411,0.0,20.0,-0.0008309761649826158
46.835775738,46.835214138031006,-0.13578973998145838,8.420239237294627,1.0,0.004656564098310191,-0.04472486383789384,0.0,0.012256349275139465,-0.12569406479628425,0.0,20.0,-0.0008309761649826158
46.855771726,46.85534644126892,-0.13569350068640745,8.419313209870179,1.0,0.004904607925231443,-0.04727712821986123,0.0,0.012382935063333069,-0.12783909224118792,0.0,20.0,-0.0008309761649826158
46.875521691,46.87512946128845,-0.13559404158866395,8.418352771903916,1.0,0.005150704011897237,-0.04982618788016012,0.0,0.012494354771585192,-0.129844634939929,0.0,20.0,-0.0008309761649826158
46.895595899,46.895246267318726,-0.13548789038491843,8.41732401919195,1.0,0.0054030838066618705,-0.05245791546074182,0.0,0.012594892829051026,-0.13178228671416614,0.0,20.0,-0.0008309761649826158
46.915560106,46.91511869430542,-0.13537802517785782,8.416255411259348,1.0,0.00565425997100071,-0.05509494861475635,0.0,0.012681992454829493,-0.133597901996898,0.0,20.0,-0.0008309761649826158
46.935399621,46.93513822555542,-0.13526228360530101,8.415125553763602,1.0,0.005908925173359914,-0.05778700062573835,0.0,0.012757880753520835,-0.1353302131857997,0.0,20.0,-0.0008309761649826158
46.955586776,46.95523452758789,-0.13514095438613355,8.413936800127392,1.0,0.006165981814692847,-0.06052333106088572,0.0,0.012822518339701366,-0.1369738019245159,0.0,20.0,-0.0008309761649826158
46.975473723,46.97512197494507,-0.13501578969908923,8.412705958999952,1.0,0.006421533033845944,-0.06326279259469031,0.0,0.01287551808449026,-0.1385084405063426,0.0,20.0,-0.0008309761649826158
46.995410757,46.995145320892334,-0.13488462599241058,8.411411371199442,1.0,0.0066797875392117486,-0.06605089014761494,0.0,0.012918281401855303,-0.13996349256346885,0.0,20.0,-0.0008309761649826158
47.015373524,47.015108823776245,-0.13474869703244532,8.41006477705054,1.0,0.006938023156305606,-0.06885880962729132,0.0,0.012950750803548482,-0.14132647995276346,0.0,20.0,-0.0008309761649826158
47.035491004,47.03516411781311,-0.13460694699279,8.408655286490003,1.0,0.007197998740746631,-0.07170615959236297,0.0,0.012973571699268093,-0.1426097777167516,0.0,20.0,-0.0008309761649826158
47.055514356,47.05518698692322,-0.13446022091489998,8.407190856920364,1.0,0.007457916044268153,-0.07457373921162026,0.0,0.012986983172526867,-0.14380731805404567,0.0,20.0,-0.0008309761649826158
47.075430235,47.07516098022461,-0.13430866491625687,8.405672553991025,1.0,0.007717377979321587,-0.07745740983322784,0.0,0.012991453072197564,-0.1449208762686858,0.0,20.0,-0.0008309761649826158
47.095405548,47.0951726436615,-0.13415162558410731,8.404093408144206,1.0,0.00797733270757379,-0.08036802953863427,0.0,0.012987363181174967,-0.1459573073238717,0.0,20.0,-0.0008309761649826158
47.115378332,47.115159034729004,-0.13398959455141213,8.402457927603287,1.0,0.008236791919816704,-0.08329487786435935,0.0,0.01297488661630366,-0.14691446343144227,0.0,20.0,-0.0008309761649826158
47.135384722,47.135162115097046,-0.1338222386950076,8.400762320319972,1.0,0.008496135948198095,-0.08624256056759641,0.0,0.012954138759755584,-0.14779547114458208,0.0,20.0,-0.0008309761649826158
47.155460883,47.15515899658203,-0.13364975365867315,8.399008127351236,1.0,0.008754903996480918,-0.08920619173721624,0.0,0.012925272981145918,-0.14860031983888522,0.0,20.0,-0.0008309761649826158
47.175379803,47.17514610290527,-0.1334721891977504,8.397195423549425,1.0,0.009012887692770578,-0.09218369564565262,0.0,0.012888440462180281,-0.14933000878747335,0.0,20.0,-0.0008309761649826158
47.195447258,47.19517540931702,-0.13328908464039327,8.395319046381514,1.0,0.009270599203840713,-0.09518138208980712,0.0,0.01284366230713702,-0.14998731944052218,0.0,20.0,-0.0008309761649826158
47.215423115,47.21517252922058,-0.13310113514874747,8.393385668265639,1.0,0.009526923446225485,-0.0981866442478813,0.0,0.012791235550361858,-0.15057081108001272,0.0,20.0,-0.0008309761649826158
47.235741171,47.23530960083008,-0.1329067115656174,8.391377972960557,1.0,0.009780347086255763,-0.1012035298785974,0.0,0.011878024542554613,-0.14618796885151117,0.0,21.0,-0.0008309761649826158
47.255412147,47.25519275665283,-0.13271003452934638,8.389337543426201,1.0,0.009996268361702795,-0.10400369657124112,0.0,0.009860988977353522,-0.13563244428921717,0.0,21.0,-0.0008309761649826158
47.27537421,47.27516508102417,-0.1325085486753106,8.387233963313001,1.0,0.010173974073175,-0.1066145274452108,0.0,0.007953860932443392,-0.12596746951226326,0.0,21.0,-0.0008309761649826158
47.295418429,47.295156955718994,-0.1323036825588711,8.38507795245734,1.0,0.010314873339658392,-0.1090437563215658,0.0,0.00616074730173947,-0.11720154880575696,0.0,21.0,-0.0008309761649826158
47.315487581,47.31518268585205,-0.13209599884627518,8.382871314695663,1.0,0.010421205756269692,-0.11131023778870494,0.0,0.00447735124550226,-0.10929928899551995,0.0,21.0,-0.0008309761649826158
47.335472527,47.335160970687866,-0.13188701470905065,8.38062620703497,1.0,0.010494789401404464,-0.11342213940186352,0.0,0.0029068882124701507,-0.10225902379441924,0.0,21.0,-0.0008309761649826158
47.355592247,47.35518717765808,-0.13167636060849908,8.378334714102428,1.0,0.010538125019740826,-0.11540614230780234,0.0,0.0014383408768668586,-0.0960141867272131,0.0,21.0,-0.0008309761649826158
47.375396077,47.37515926361084,-0.1314656980608052,8.376011042900938,1.0,0.010553077427861492,-0.11726804683601853,0.0,7.566070847569448e-05,-0.09056348218666822,0.0,21.0,-0.0008309761649826158
47.399407265,47.39915585517883,-0.13121258537709032,8.373171482413788,1.0,0.010536526383616246,-0.1193723653075118,0.0,-0.0014319657413780803,-0.08499472324425779,0.0,21.0,-0.0008309761649826158
47.418724393,47.41833758354187,-0.13101080938153128,8.370866317168865,1.0,0.010498303967771017,-0.12096603941959741,0.0,-0.0025391263390785487,-0.08127708568719384,0.0,21.0,-0.0008309761649826158
47.435588458,47.4352810382843,-0.13083334037753241,8.368805204209695,1.0,0.010447497111348136,-0.12231904637075872,0.0,-0.0034473883139471083,-0.07851030580976016,0.0,21.0,-0.0008309761649826158
47.455502449,47.45520377159119,-0.13062594829425872,8.36635287658877,1.0,0.010368838381841678,-0.12385564249808327,0.0,-0.004434713501067386,-0.07584929311398943,0.0,21.0,-0.0008309761649826158
47.4754688,47.475210428237915,-0.1304194517148227,8.36385990399887,1.0,0.010270902501745434,-0.12535153965862567,0.0,-0.005341801280325847,-0.07379015328958856,0.0,21.0,-0.0008309761649826158
47.49552851,47.49524283409119,-0.1302148302309711,8.361334125257375,1.0,0.010155477517782986,-0.12681396607813172,0.0,-0.006168824556702407,-0.07231100328946323,0.0,21.0,-0.0008309761649826158
47.515542197,47.51520872116089,-0.1300133480351875,8.358787835595853,1.0,0.010024729884957144,-0.12824758049546534,0.0,-0.006915725406505526,-0.07138406051734868,0.0,21.0,-0.0008309761649826158
47.535474975,47.53521919250488,-0.1298141785087222,8.356207275054151,1.0,0.009879472559932458,-0.1296710431289995,0.0,-0.007590292534784989,-0.07097040642664972,0.0,21.0,-0.0008309761649826158
47.555921659,47.555598735809326,-0.1296144584824718,8.353549891801341,1.0,0.009718402519676183,-0.1311173369767417,0.0,-0.008204775414745593,-0.0710454159383954,0.0,21.0,-0.0008309761649826158
47.575429377,47.57519459724426,-0.1294256285661246,8.350966876546115,1.0,0.009552374752443098,-0.13251386880624494,0.0,-0.008730032303010634,-0.07155767761801786,0.0,21.0,-0.0008309761649826158
47.595471869,47.59521698951721,-0.12923615038195752,8.348299241039276,1.0,0.009372733200908149,-0.13395532624276024,0.0,-0.009203774494879174,-0.07249420698166419,0.0,21.0,-0.0008309761649826158
47.617693588,47.61521339416504,-0.12905059860584156,8.345606049466696,1.0,0.009184464053738978,-0.13541752449273797,0.0,-0.009616881213935878,-0.073813616404137,0.0,21.0,-0.0008309761649826158
47.635489577,47.63523006439209,-0.12886870617402804,8.342880527083933,1.0,0.008988300508106888,-0.13691121633009085,0.0,-0.009973846012278827,-0.0754858968709134,0.0,21.0,-0.0008309761649826158
47.655551336,47.655224323272705,-0.12869100618993046,8.340127868364075,1.0,0.008785760388044114,-0.13843988146931288,0.0,-0.01027741337267017,-0.07747453795790869,0.0,21.0,-0.0008309761649826158
47.675535001,47.67522382736206,-0.1285173692420872,8.337343510878174,1.0,0.008577597050110889,-0.1400116226466147,0.0,-0.010531574872020685,-0.07974901614122366,0.0,21.0,-0.0008309761649826158
47.69563269,47.69523644447327,-0.1283478332145812,8.334525385914372,1.0,0.008364675192645683,-0.1416325131300253,0.0,-0.01073987076596419,-0.0822777417451391,0.0,21.0,-0.0008309761649826158
47.715751598,47.71535778045654,-0.12818171026390968,8.331658701790342,1.0,0.00814682919461199,-0.14331552134507916,0.0,-0.010906418937053347,-0.08504188093923284,0.0,21.0,-0.0008309761649826158
47.735548151,47.735241651535034,-0.12802188475217752,8.328792034742913,1.0,0.007928655529276015,-0.14503520587477323,0.0,-0.011032246050948892,-0.08795904670138516,0.0,21.0,-0.0008309761649826158
47.755670996,47.755258560180664,-0.12786539467188027,8.325871057452671,1.0,0.007706854756357447,-0.14682657032412036,0.0,-0.011123500760587483,-0.09104932183079377,0.0,21.0,-0.0008309761649826158
47.775565933,47.775249004364014,-0.12771355732312806,8.322917506515152,1.0,0.007483847967962828,-0.14867858092756756,0.0,-0.011182668550779535,-0.0942565486872685,0.0,21.0,-0.0008309761649826158
47.795638978,47.795371770858765,-0.12756522833945516,8.319906378695201,1.0,0.007258466326854104,-0.15060853718856942,0.0,-0.011213505735738524,-0.09757389226264378,0.0,21.0,-0.0008309761649826158
47.815433578,47.81525444984436,-0.12742312870258168,8.316892391592985,1.0,0.007035419068237447,-0.15258162273524448,0.0,-0.011219154429424328,-0.10090658195244394,0.0,21.0,-0.0008309761649826158
47.835490909,47.83526086807251,-0.12728461912176478,8.313819346912341,1.0,0.006811087387328274,-0.15463416987591122,0.0,-0.011203430403320034,-0.10428238997593471,0.0,21.0,-0.0008309761649826158
47.855914281,47.855637073516846,-0.127148159375597,8.310646619555673,1.0,0.0065831278159025905,-0.156794003334421,0.0,-0.011168961141264101,-0.10770965089364126,0.0,21.0,-0.0008309761649826158
47.876913361,47.87662148475647,-0.12701247205757968,8.307332421628173,1.0,0.006349265721179475,-0.15909087200070238,0.0,-0.011117883431534624,-0.11119125638142283,0.0,21.0,-0.0008309761649826158
47.895518013,47.89528250694275,-0.12689592064685462,8.304344077658618,1.0,0.006142299245388177,-0.16119417077541184,0.0,-0.011062421043077354,-0.11421610337417545,0.0,21.0,-0.0008309761649826158
47.915463997,47.91526246070862,-0.1267754006374618,8.301100393396426,1.0,0.005921925813266288,-0.16350772489657242,0.0,-0.010995920313224461,-0.11734884994310438,0.0,21.0,-0.0008309761649826158
47.935479401,47.93526268005371,-0.12665915640323064,8.297806559936216,1.0,0.005702708452569596,-0.16588491156252105,0.0,-0.010925402649514575,-0.12034293847571634,0.0,21.0,-0.0008309761649826158
47.955449582,47.9552698135376,-0.1265472431933212,8.294463393785197,1.0,0.00548483434011171,-0.1683211667429346,0.0,-0.010854408844833437,-0.12316329454961089,0.0,21.0,-0.0008309761649826158
47.975423059,47.97524809837341,-0.12643982670836387,8.291075853767897,1.0,0.0052686695453501116,-0.1708082335150392,0.0,-0.01078597169110544,-0.12577838240534614,0.0,21.0,-0.0008309761649826158
47.995521484,47.99527430534363,-0.12633647423345593,8.287629845887427,1.0,0.005053330654598954,-0.17335162454116787,0.0,-0.01072034956114048,-0.12819558552013255,0.0,21.0,-0.0008309761649826158
48.01551442,48.015281677246094,-0.12623751210400122,8.284135737799735,1.0,0.004839477000117632,-0.1759389583352087,0.0,-0.0106576799566254,-0.13041025720319796,0.0,21.0,-0.0008309761649826158
48.035482648,48.035285234451294,-0.1261428329909997,8.28059007991744,1.0,0.004626887345616067,-0.1785681521941599,0.0,-0.010597823656841202,-0.13242823469331755,0.0,21.0,-0.0008309761649826158
48.055506213,48.05529260635376,-0.1260523782722308,8.276990764862477,1.0,0.004415428612170285,-0.18123628011712806,0.0,-0.010540671910507126,-0.13425407731360933,0.0,21.0,-0.0008309761649826158
48.075491628,48.07529592514038,-0.12596616065920246,8.273338485785404,1.0,0.004205130849472767,-0.1839384746267283,0.0,-0.010486160382129897,-0.13589089094828943,0.0,21.0,-0.0008309761649826158
48.09561092,48.095306634902954,-0.12588410914446982,8.269630447050755,1.0,0.003995820124251805,-0.18667258009915805,0.0,-0.010434171104778135,-0.1373434050580715,0.0,21.0,-0.0008309761649826158
48.115512354,48.11529731750488,-0.12580631087007388,8.265871171229014,1.0,0.0037877307500793407,-0.18943118671101003,0.0,-0.010384685840287983,-0.13861362795922433,0.0,21.0,-0.0008309761649826158
48.135556434,48.13530397415161,-0.1257326064869499,8.262053486077967,1.0,0.0035804444043670476,-0.19221560648551697,0.0,-0.010337529103460542,-0.13970769176972261,0.0,21.0,-0.0008309761649826158
48.156464364,48.15527868270874,-0.12566314746944818,8.258186103499648,1.0,0.0033744066356172302,-0.19501569092796028,0.0,-0.01029272363396124,-0.1406270179021352,0.0,21.0,-0.0008309761649826158
48.175508573,48.17530393600464,-0.1255976352566984,8.25425263281963,1.0,0.003168724507069151,-0.19783957956053588,0.0,-0.010250001017667699,-0.1413789776506335,0.0,21.0,-0.0008309761649826158
48.195585586,48.19531321525574,-0.1255362799198377,8.250265620693714,1.0,0.002964036719707442,-0.20067463079153644,0.0,-0.010209421226397192,-0.14196446804812654,0.0,21.0,-0.0008309761649826158
48.215594205,48.21531009674072,-0.12547904754029918,8.246224373258539,1.0,0.0027602704242295118,-0.20351795203327058,0.0,-0.01017088705435494,-0.1423877476706566,0.0,21.0,-0.0008309761649826158
48.235605544,48.235316038131714,-0.12542585692447955,8.24212435648136,1.0,0.0025578925793459458,-0.20633860167705073,0.0,-0.009920767184904323,-0.1336649356789985,0.0,22.0,-0.0008309761649826158
48.255586478,48.25533676147461,-0.12537659063812798,8.237968164710306,1.0,0.002365737073537238,-0.20876545423332524,0.0,-0.009279925214282442,-0.10917012857510146,0.0,22.0,-0.0008309761649826158
48.275540208,48.27531862258911,-0.12533113060470982,8.233776376085446,1.0,0.0021864430161091285,-0.21072238707086613,0.0,-0.008670841707678014,-0.08708789928225269,0.0,22.0,-0.0008309761649826158
48.295637673,48.295326232910156,-0.12528908122858604,8.229544237319374,1.0,0.002018813208228562,-0.21226266870607474,0.0,-0.008090549183900456,-0.06725306036791703,0.0,22.0,-0.0008309761649826158
48.315667031,48.31534194946289,-0.12525025667695847,8.225283403099054,1.0,0.001862445489770876,-0.21342852148993458,0.0,-0.00753868768777358,-0.04959811974946995,0.0,22.0,-0.0008309761649826158
48.335713352,48.3353328704834,-0.1252144957794513,8.221007936017072,1.0,0.0017170184834481806,-0.21426129488211865,0.0,-0.007015169278497379,-0.03405825877237914,0.0,22.0,-0.0008309761649826158
48.356106799,48.35534405708313,-0.12518150733928876,8.21671445343843,1.0,0.0015816570823854164,-0.21480397983845698,0.0,-0.006517851461880771,-0.020506775527926277,0.0,22.0,-0.0008309761649826158
48.375580901,48.37533164024353,-0.1251511639016174,8.212417734207747,1.0,0.0014561295944047969,-0.21509457973324214,0.0,-0.006046858070985523,-0.008881852811341965,0.0,22.0,-0.0008309761649826158
48.395657211,48.395334005355835,-0.12512321719646602,8.208114217878634,1.0,0.00133968400432835,-0.2151711385293712,0.0,-0.00560031680411127,0.0009309248515701412,0.0,22.0,-0.0008309761649826158
48.415567061,48.41533398628235,-0.12509751523946763,8.203811587537631,1.0,0.0012319439168038708,-0.21506890002428164,0.0,-0.005177685891426372,0.00901226139794099,0.0,22.0,-0.0008309761649826158
48.435596899,48.43534708023071,-0.12507386985930546,8.199509619555318,1.0,0.0011323616043090604,-0.21482137065434062,0.0,-0.004777688664393741,0.015458322857995845,0.0,22.0,-0.0008309761649826158
48.455525057,48.45534014701843,-0.12505215983892293,8.195218122612118,1.0,0.001040651966794699,-0.2144609093743182,0.0,-0.004400031362072309,0.02035004411689703,0.0,22.0,-0.0008309761649826158
48.475591509,48.47535419464111,-0.12503218932466387,8.190930238792749,1.0,0.0009561971288110436,-0.21401685849793245,0.0,-0.004042983147779614,0.023788455808836137,0.0,22.0,-0.0008309761649826158
48.495624356,48.49536061286926,-0.1250138455399155,8.18665344363519,1.0,0.0008787137888023991,-0.21351802817333587,0.0,-0.003706116492164004,0.02585825648268026,0.0,22.0,-0.0008309761649826158
48.515604618,48.51535606384277,-0.12499699476592821,8.182389321573629,1.0,0.0008078150528884468,-0.2129910005635547,0.0,-0.003388509155751573,0.02665193809688886,0.0,22.0,-0.0008309761649826158
48.535594161,48.53536319732666,-0.12498149051931323,8.1781332861165,1.0,0.0007430475260783467,-0.2124597761577604,0.0,-0.0030888416003495246,0.026261337388305776,0.0,22.0,-0.0008309761649826158
48.555532625,48.55535578727722,-0.12496723330599782,8.173890833248928,1.0,0.0006841432163405526,-0.21194782636313794,0.0,-0.0028065538493267134,0.024778123242636816,0.0,22.0,-0.0008309761649826158
48.575643596,48.5753710269928,-0.12495408419117982,8.169653479398491,1.0,0.0006306617203321817,-0.2114751908339148,0.0,-0.00254017479893696,0.022289942414129474,0.0,22.0,-0.0008309761649826158
48.595743429,48.59537625312805,-0.1249419589731093,8.165427118296865,1.0,0.0005823800364345586,-0.21106183033719983,0.0,-0.0022891966189440885,0.018890919411144392,0.0,22.0,-0.0008309761649826158
48.615733325,48.61538052558899,-0.1249307508908566,8.161208486112505,1.0,0.0005389764110432647,-0.21072484375049377,0.0,-0.002052538702423143,0.014671294593567863,0.0,22.0,-0.0008309761649826158
48.635713235,48.635425329208374,-0.12492034429273369,8.156987145061489,1.0,0.0005000974635745102,-0.21047932344408132,0.0,-0.0018287930408679594,0.00971119835488419,0.0,22.0,-0.0008309761649826158
48.655944705,48.655385971069336,-0.12491071223451447,8.152787443505286,1.0,0.00046571373857443244,-0.2103401548017137,0.0,-0.0016183589703900835,0.00413477130894953,0.0,22.0,-0.0008309761649826158
48.675758412,48.67539119720459,-0.1249017058085496,8.148579934051332,1.0,0.00043535142814072085,-0.21031797702265356,0.0,-0.0014188823687810018,-0.002001304677499039,0.0,22.0,-0.0008309761649826158
48.695657082,48.69539833068848,-0.12489326695445573,8.144371280781211,1.0,0.0004088713010411387,-0.2104232879133833,0.0,-0.0012298801642129091,-0.008594683935315527,0.0,22.0,-0.0008309761649826158
48.71606444,48.715409994125366,-0.12488531887091361,8.140158170389926,1.0,0.0003860705468402441,-0.21066439744500645,0.0,-0.0010503710257623177,-0.015555562226260118,0.0,22.0,-0.0008309761649826158
48.73561067,48.735392570495605,-0.12487780242059998,8.135944981572893,1.0,0.0003668002757736032,-0.21104704322365075,0.0,-0.0008796884894208789,-0.022780601599551836,0.0,22.0,-0.0008309761649826158
48.756413995,48.75540614128113,-0.12487062659186851,8.13171612193946,1.0,0.0003508408502981352,-0.21157698397041322,0.0,-0.0007163640000960122,-0.030200607051897584,0.0,22.0,-0.0008309761649826158
48.775690134,48.77539134025574,-0.12486374746432602,8.12748115434358,1.0,0.00033809756210678444,-0.21225544164342633,0.0,-0.0005599293280052652,-0.03770279159735954,0.0,22.0,-0.0008309761649826158
48.797251499,48.79698944091797,-0.12485656308080767,8.122887447665928,1.0,0.0003277718712488558,-0.2131573889678682,0.0,-0.00039725371073000266,-0.04580959172290775,0.0,22.0,-0.0008309761649826158
48.815575936,48.815401792526245,-0.12485058767386337,8.118954531484025,1.0,0.00032169959637828866,-0.21406388789091588,0.0,-0.00026292647229895095,-0.052636393234516916,0.0,22.0,-0.0008309761649826158
48.835595041,48.83540868759155,-0.12484419453946442,8.114660759991532,1.0,0.0003178686077956515,-0.2151898044492517,0.0,-0.00012059491249090897,-0.059878923213314464,0.0,22.0,-0.0008309761649826158
48.855650088,48.855417251586914,-0.12483784926359733,8.11034268273719,1.0,0.00031685518076241274,-0.21645816621871566,0.0,1.8900134656327974e-05,-0.0668506829724416,0.0,22.0,-0.0008309761649826158
48.875627522,48.87541699409485,-0.12483149922796531,8.105999730630987,1.0,0.00031861095951047903,-0.21786191647961853,0.0,0.0001564396472476483,-0.07345770206607766,0.0,22.0,-0.0008309761649826158
48.895695786,48.89543080329895,-0.12482508215995307,8.101624355042498,1.0,0.00032310839485943596,-0.21939476124079768,0.0,0.0002927853541018573,-0.07965118385228594,0.0,22.0,-0.0008309761649826158
48.915803961,48.91542649269104,-0.12481855384266104,8.097221093364423,1.0,0.00033031422420054415,-0.22104584265888577,0.0,0.00042773882164260366,-0.0854242809602288,0.0,22.0,-0.0008309761649826158
48.935843678,48.935436487197876,-0.12481184969117011,8.092780509892858,1.0,0.00034021355665864834,-0.22280958456324113,0.0,0.0005614809251154872,-0.09079518058305767,0.0,22.0,-0.0008309761649826158
48.956517286,48.95544481277466,-0.12480492137827744,8.088303973712692,1.0,0.0003527744571651421,-0.2246766384481014,0.0,0.0006938653807097413,-0.09576792268900333,0.0,22.0,-0.0008309761649826158
48.975676607,48.97544026374817,-0.12479772003604965,8.083792006008368,1.0,0.00036795981875599275,-0.22663800087835442,0.0,0.0008247825300168214,-0.10034890361733434,0.0,22.0,-0.0008309761649826158
48.995741191,48.99544954299927,-0.12479018363194568,8.079236760259617,1.0,0.0003857620165043898,-0.22868859984345327,0.0,0.0009543685205851269,-0.10455290703894474,0.0,22.0,-0.0008309761649826158
49.01572365,49.015451192855835,-0.12478226829355145,8.074641439945067,1.0,0.00040613427704992385,-0.23081875347938738,0.0,0.0010824451125425055,-0.1083839428361773,0.0,22.0,-0.0008309761649826158
49.035729857,49.035449266433716,-0.12477392149460526,8.070003606456911,1.0,0.0004290490317188144,-0.23302149255928611,0.0,0.0012090017135075524,-0.11185181756141666,0.0,22.0,-0.0008309761649826158
49.055769989,49.05545163154602,-0.12476508926185209,8.065320028323136,1.0,0.0004544851947882593,-0.23529053139323428,0.0,0.001334050414128776,-0.11496659616340553,0.0,22.0,-0.0008309761649826158
49.075814762,49.075448989868164,-0.1247557257888116,8.060591673502945,1.0,0.00048239953780296715,-0.23761780726757126,0.0,0.001457494206809685,-0.11773553369589788,0.0,22.0,-0.0008309761649826158
49.095672849,49.095449924468994,-0.12474577762473334,8.055815357238469,1.0,0.0005127722448029307,-0.23999752357786594,0.0,0.0015793495360646066,-0.12016859260643536,0.0,22.0,-0.0008309761649826158
49.115840874,49.11546301841736,-0.12473519107597099,8.050988031196454,1.0,0.0005455864200055486,-0.24242409881780627,0.0,0.0016996278539697504,-0.12227511831281669,0.0,22.0,-0.0008309761649826158
49.135799393,49.13546419143677,-0.12472393084354536,8.046114696092346,1.0,0.0005807689642487358,-0.2448881248665433,0.0,0.0018181454557689466,-0.1240612718239662,0.0,22.0,-0.0008309761649826158
49.15571669,49.15542817115784,-0.12471196622365964,8.041200901847189,1.0,0.0006182331511237443,-0.24738010974808616,0.0,0.0019347226843488233,-0.12553467926056247,0.0,22.0,-0.0008309761649826158
49.175712015,49.17546510696411,-0.12469918265456588,8.036218895928632,1.0,0.0006581563990818107,-0.2499077179047276,0.0,0.002049958000938519,-0.1267113372591181,0.0,22.0,-0.0008309761649826158
49.195779864,49.195478200912476,-0.12468559288071243,8.031192063953085,1.0,0.0007003188284565323,-0.25245289280392935,0.0,0.0021632507319644502,-0.12759318849301587,0.0,22.0,-0.0008309761649826158
49.215625533,49.215466022491455,-0.12467115540848335,8.0261205286139,1.0,0.000744673208536254,-0.2550096423197301,0.0,0.0022745629170197634,-0.1281899664891716,0.0,22.0,-0.0008309761649826158
49.235741677,49.235485792160034,-0.12465578415257206,8.020989676325058,1.0,0.000791254299568149,-0.2575376017540695,0.0,0.002370687411917066,-0.11830133453730836,0.0,23.0,-0.0008309761649826158
49.255947596,49.255706548690796,-0.12463929439332032,8.015759512908112,1.0,0.0008399793851918265,-0.25968832754511445,0.0,0.0024489456194575574,-0.09475919240722633,0.0,23.0,-0.0008309761649826158
49.275793201,49.275487661361694,-0.12462219453863992,8.010605481169984,1.0,0.0008891945373474477,-0.2613509037700833,0.0,0.0025273434725647573,-0.07365032788666336,0.0,23.0,-0.0008309761649826158
49.295770635,49.29549956321716,-0.1246038886422435,8.005361944270382,1.0,0.0009405793390640254,-0.2626267253516161,0.0,0.002608361941379723,-0.054164069334011467,0.0,23.0,-0.0008309761649826158
49.317060181,49.315497159957886,-0.12458455232491288,8.00010042577191,1.0,0.0009935629049802736,-0.263530338108901,0.0,0.002690888311957947,-0.036504886547393645,0.0,23.0,-0.0008309761649826158
49.335861301,49.3355016708374,-0.12456413251908774,7.994822399303217,1.0,0.0010482306632418137,-0.26409853693856483,0.0,0.0027748612096706008,-0.020588072149137153,0.0,23.0,-0.0008309761649826158
49.355793897,49.35547423362732,-0.12454263757067133,7.989544538951409,1.0,0.0011044996693394613,-0.26436507466813436,0.0,0.0028599661401573773,-0.006376689910307482,0.0,23.0,-0.0008309761649826158
49.375872211,49.37550592422485,-0.12451993315940689,7.984248487499149,1.0,0.001162653636523487,-0.2643636319506527,0.0,0.002946444712971719,0.0062555741800393964,0.0,23.0,-0.0008309761649826158
49.395736539,49.39549660682678,-0.12449609622355211,7.978965655322215,1.0,0.0012224263116489757,-0.26412556812284577,0.0,0.003033719504455823,0.017308473250320828,0.0,23.0,-0.0008309761649826158
49.415696179,49.4154953956604,-0.12447103665399233,7.973687589103555,1.0,0.0012839770329926966,-0.263681307513907,0.0,0.0031218523760034133,0.026877619733341983,0.0,23.0,-0.0008309761649826158
49.435807458,49.435518980026245,-0.12444469513995629,7.9684137170810105,1.0,0.0013473767352393635,-0.26305915243644146,0.0,0.003210770549970575,0.035032368919003964,0.0,23.0,-0.0008309761649826158
49.455743478,49.45551013946533,-0.12441711189290873,7.963162315810812,1.0,0.0014124558505487518,-0.26228880629397233,0.0,0.003300071938153249,0.04181516731046417,0.0,23.0,-0.0008309761649826158
49.475690315,49.475505113601685,-0.12438820412740502,7.957926587223311,1.0,0.0014793371461243147,-0.2613957146848441,0.0,0.0033897683394731606,0.04730599722465511,0.0,23.0,-0.0008309761649826158
49.49570958,49.4955096244812,-0.1243579267509444,7.952707313633288,1.0,0.0015480467672360377,-0.2604047457956257,0.0,0.0034797362578956915,0.05156995125485907,0.0,23.0,-0.0008309761649826158
49.515688871,49.51550602912903,-0.12432626951686325,7.947510663538748,1.0,0.0016185293176063634,-0.25934066528492894,0.0,0.0035697504693973695,0.05466809325449981,0.0,23.0,-0.0008309761649826158
49.535750094,49.535526514053345,-0.12429314440418772,7.942329654517101,1.0,0.0016908990301967557,-0.2582243731022396,0.0,0.003659805315125176,0.05666890739086085,0.0,23.0,-0.0008309761649826158
49.555795604,49.5555202960968,-0.12425859954988101,7.937178194995466,1.0,0.0017649695636948416,-0.2570800496899217,0.0,0.0037495244702458567,0.057632431339446864,0.0,23.0,-0.0008309761649826158
49.575830711,49.57552933692932,-0.12422252761850108,7.932045818356956,1.0,0.0018408893792738986,-0.2559253743812381,0.0,0.0038389482831658007,0.057626492356098506,0.0,23.0,-0.0008309761649826158
49.595802896,49.59553599357605,-0.12418492333874982,7.92693709444906,1.0,0.0019185841709824778,-0.2547801228612881,0.0,0.0039278486190403635,0.05671506964343763,0.0,23.0,-0.0008309761649826158
49.615734915,49.61553764343262,-0.12414575648843876,7.921852261463663,1.0,0.001998031912468021,-0.25366188583233423,0.0,0.0040160665844756254,0.054963657382653755,0.0,23.0,-0.0008309761649826158
49.6380532,49.635536193847656,-0.12410499019298574,7.916790273193996,1.0,0.002079222016385939,-0.25258672432121193,0.0,0.004103459963148202,0.05243752251122082,0.0,23.0,-0.0008309761649826158
49.65669071,49.65553617477417,-0.12406257928501545,7.911748822278496,1.0,0.0021621573558764273,-0.25156920971729835,0.0,0.004189902835314223,0.049200980936165574,0.0,23.0,-0.0008309761649826158
49.675787397,49.675538778305054,-0.12401848641367302,7.9067263565645405,1.0,0.0022468222309933532,-0.2506228659574721,0.0,0.004275251009902891,0.04531850302906818,0.0,23.0,-0.0008309761649826158
49.695779734,49.69554328918457,-0.12397267886899853,7.901721558937798,1.0,0.0023331897600932165,-0.24976002499737718,0.0,0.004359351756253738,0.0408549394994485,0.0,23.0,-0.0008309761649826158
49.715710366,49.71553707122803,-0.1239251524241529,7.896735723237174,1.0,0.002421178971637539,-0.2489921221930218,0.0,0.004442005645571609,0.03587826265471865,0.0,23.0,-0.0008309761649826158
49.7358104,49.73555111885071,-0.12387580008443475,7.89175924753358,1.0,0.0025108959861895536,-0.24832772534233105,0.0,0.004523189467506232,0.03044542734209119,0.0,23.0,-0.0008309761649826158
49.755803761,49.75556492805481,-0.12382463625816537,7.886794977832877,1.0,0.002602220578592842,-0.24777603855040395,0.0,0.004602670700345811,0.024626186833243774,0.0,23.0,-0.0008309761649826158
49.775747995,49.77556037902832,-0.12377167822018649,7.881845089620947,1.0,0.002695031937992848,-0.24734448041654303,0.0,0.004680230898333284,0.018491251834887576,0.0,23.0,-0.0008309761649826158
49.79629498,49.79556179046631,-0.12371683230586845,7.876901107778656,1.0,0.0027894029047201966,-0.24703818880602432,0.0,0.004755817552827869,0.012098335056549711,0.0,23.0,-0.0008309761649826158
49.815747232,49.815553426742554,-0.1236601123847434,7.871964400829706,1.0,0.0028852167517853084,-0.24686184106086,0.0,0.004829222967304964,0.005517391291209342,0.0,23.0,-0.0008309761649826158
49.835827551,49.83556795120239,-0.12360139441147337,7.867024262378932,1.0,0.002982587257877686,-0.24681845508512812,0.0,0.004900416601972746,-0.0011976104940247425,0.0,23.0,-0.0008309761649826158
49.855756582,49.855562925338745,-0.12354077299163442,7.8620884072533705,1.0,0.003081262538927978,-0.24691003745515072,0.0,0.004969099614435868,-0.007967714350813932,0.0,23.0,-0.0008309761649826158
49.875739894,49.87556433677673,-0.12347814564217473,7.857147863865168,1.0,0.0031813161262198904,-0.24713715365010985,0.0,0.005035213171654106,-0.014736585842224504,0.0,23.0,-0.0008309761649826158
49.895750603,49.8955774307251,-0.12341346508102102,7.85219848884745,1.0,0.0032827254540907834,-0.24749933650538963,0.0,0.005098624344481824,-0.021441247757927186,0.0,23.0,-0.0008309761649826158
49.915729658,49.91557216644287,-0.12334680403746709,7.847245038597742,1.0,0.003385281370060743,-0.2479939664198302,0.0,0.0051590907851613455,-0.028006801344153027,0.0,23.0,-0.0008309761649826158
49.935799479,49.93558382987976,-0.12327802233483776,7.842276252470485,1.0,0.0034891032002058037,-0.2486185777511029,0.0,0.005216569644444531,-0.03437977931574526,0.0,23.0,-0.0008309761649826158
49.955806987,49.9556040763855,-0.12320712075048172,7.83729156023115,1.0,0.003594089005368471,-0.24936854699012095,0.0,0.005270883254777697,-0.04049223509237642,0.0,23.0,-0.0008309761649826158
49.975810718,49.97558951377869,-0.12313423503616185,7.832299331059895,1.0,0.003699944384303328,-0.2502361130443081,0.0,0.005321778869646776,-0.04626929736705364,0.0,23.0,-0.0008309761649826158
49.995880892,49.99560523033142,-0.12305910879353887,7.827281042612282,1.0,0.0038069455164433893,-0.2512172181143437,0.0,0.005369381412001299,-0.051706572872143905,0.0,23.0,-0.0008309761649826158
50.015837895,50.015583753585815,-0.12298197712641569,7.822251433622604,1.0,0.003914664645046134,-0.25230160161781867,0.0,0.005413566447121103,-0.056792100205670104,0.0,23.0,-0.0008309761649826158
50.035829752,50.03559970855713,-0.12290253374885185,7.817189651358625,1.0,0.004023438372809163,-0.25348654467933496,0.0,0.005454535213887869,-0.061551798304179325,0.0,23.0,-0.0008309761649826158
50.048012314,50.04786920547485,-0.14230536559628848,8.328399863171512,-0.07206694275269626,0.0,0.0,0.0,0.0,0.0,0.0,23.0,-0.0008309761649826158
50.055914872,50.05561876296997,-0.14230536559628848,8.328399863171512,-0.07206694275269626,0.0,0.0,0.0,0.0,0.0,0.0,23.0,-0.0008309761649826158
50.075837279,50.07560610771179,-0.14230536559628848,8.328399863171512,-0.07206694275269626,0.0,0.0,0.0,0.0,0.0,0.0,23.0,-0.0008309761649826158
50.095888665,50.095622062683105,-0.14230536559628848,8.328399863171512,-0.07206694275269626,0.0,0.0,0.0,0.0,0.0,0.0,23.0,-0.0008309761649826158
50.115828994,50.1156268119812,-0.14230536559628848,8.328399863171512,-0.07206694275269626,0.0,0.0,0.0,0.0,0.0,0.0,23.0,-0.0008309761649826158
50.135838422,50.13561725616455,-0.14230536559628848,8.328399863171512,-0.07206694275269626,0.0,0.0,0.0,0.0,0.0,0.0,23.0,-0.0008309761649826158
50.14833729,50.14807748794556,-0.14230536559628848,8.328399863171512,-0.07206694275269626,0.0,0.0,0.0,0.0,0.0,0.0,23.0,-0.0008309761649826158
50.155839017,50.15562295913696,-0.14230536559628848,8.328399863171512,-0.07206694275269626,0.0,0.0,0.0,0.0,0.0,0.0,23.0,-0.0008309761649826158
50.175847645,50.17562818527222,-0.14230536559628848,8.328399863171512,-0.07206694275269626,0.0,0.0,0.0,0.0,0.0,0.0,23.0,-0.0008309761649826158
50.195884853,50.19563674926758,-0.14230536559628848,8.328399863171512,-0.07206694275269626,0.0,0.0,0.0,0.0,0.0,0.0,23.0,-0.0008309761649826158
50.216451681,50.21562695503235,-0.14230536559628848,8.328399863171512,-0.07206694275269626,0.0,0.0,0.0,0.0,0.0,0.0,23.0,-0.0008309761649826158
50.235914431,50.23565125465393,-0.14230536559628848,8.328399863171512,-0.07206694275269626,0.0,0.0,0.0,0.0,0.0,0.0,23.0,-0.0008309761649826158
50.24838923,50.24822735786438,-0.14230536559628848,8.328399863171512,-0.07206694275269626,0.0,0.0,0.0,0.0,0.0,0.0,23.0,-0.0008309761649826158
50.255765914,50.25558018684387,-0.14230536559628848,8.328399863171512,-0.07206694275269626,0.0,0.0,0.0,0.0,0.0,0.0,23.0,-0.0008309761649826158
50.275839,50.27561354637146,-0.14230536559628848,8.328399863171512,-0.07206694275269626,0.0,0.0,0.0,0.0,0.0,0.0,23.0,-0.0008309761649826158
50.295879377,50.29563879966736,-0.14230536559628848,8.328399863171512,-0.07206694275269626,0.0,0.0,0.0,0.0,0.0,0.0,23.0,-0.0008309761649826158
50.315821786,50.31562948226929,-0.14230536559628848,8.328399863171512,-0.07206694275269626,0.0,0.0,0.0,0.0,0.0,0.0,23.0,-0.0008309761649826158
50.335819756,50.33564329147339,-0.14230536559628848,8.328399863171512,-0.07206694275269626,0.0,0.0,0.0,0.0,0.0,0.0,23.0,-0.0008309761649826158
50.347840468,50.34771776199341,-0.14230536559628848,8.328399863171512,-0.07206694275269626,0.0,0.0,0.0,0.0,0.0,0.0,23.0,-0.0008309761649826158
50.358088004,50.35564994812012,-0.14230536559628848,8.328399863171512,-0.07206694275269626,0.0,0.0,0.0,0.0,0.0,0.0,23.0,-0.0008309761649826158
50.375902622,50.375651597976685,-0.14230536559628848,8.328399863171512,-0.07206694275269626,0.0,0.0,0.0,0.0,0.0,0.0,23.0,-0.0008309761649826158
50.395917139,50.39566397666931,-0.14230536559628848,8.328399863171512,-0.07206694275269626,0.0,0.0,0.0,0.0,0.0,0.0,23.0,-0.0008309761649826158
50.416002323,50.41566205024719,-0.14230536559628848,8.328399863171512,-0.07206694275269626,0.0,0.0,0.0,0.0,0.0,0.0,23.0,-0.0008309761649826158
50.435966592,50.43566918373108,-0.14230536559628848,8.328399863171512,-0.07206694275269626,0.0,0.0,0.0,0.0,0.0,0.0,23.0,-0.0008309761649826158
50.447937056,50.447755098342896,-0.14230536559628848,8.328399863171512,-0.07206694275269626,0.0,0.0,0.0,0.0,0.0,0.0,23.0,-0.0008309761649826158
50.456540365,50.45625925064087,-0.14230536559628848,8.328399863171512,-0.07206694275269626,0.0,0.0,0.0,0.0,0.0,0.0,23.0,-0.0008309761649826158
50.475891737,50.47565984725952,-0.14230536559628848,8.328399863171512,-0.07206694275269626,0.0,0.0,0.0,0.0,0.0,0.0,23.0,-0.0008309761649826158
50.49594546,50.49568295478821,-0.14230536559628848,8.328399863171512,-0.07206694275269626,0.0,0.0,0.0,0.0,0.0,0.0,23.0,-0.0008309761649826158
50.515960425,50.51568627357483,-0.14230536559628848,8.328399863171512,-0.07206694275269626,0.0,0.0,0.0,0.0,0.0,0.0,23.0,-0.0008309761649826158
50.535998625,50.53571033477783,-0.14230536559628848,8.328399863171512,-0.07206694275269626,0.0,0.0,0.0,0.0,0.0,0.0,23.0,-0.0008309761649826158
50.548000838,50.54777264595032,-0.14230536559628848,8.328399863171512,-0.07206694275269626,0.0,0.0,0.0,0.0,0.0,0.0,23.0,-0.0008309761649826158
50.555906373,50.55568027496338,-0.14230536559628848,8.328399863171512,-0.07206694275269626,0.0,0.0,0.0,0.0,0.0,0.0,23.0,-0.0008309761649826158
50.575943262,50.57568669319153,-0.14230536559628848,8.328399863171512,-0.07206694275269626,0.0,0.0,0.0,0.0,0.0,0.0,23.0,-0.0008309761649826158
50.595935631,50.59570050239563,-0.14230536559628848,8.328399863171512,-0.07206694275269626,0.0,0.0,0.0,0.0,0.0,0.0,23.0,-0.0008309761649826158
50.61591187,50.61569142341614,-0.14230536559628848,8.328399863171512,-0.07206694275269626,0.0,0.0,0.0,0.0,0.0,0.0,23.0,-0.0008309761649826158
50.635929203,50.635698318481445,-0.14230536559628848,8.328399863171512,-0.07206694275269626,0.0,0.0,0.0,0.0,0.0,0.0,23.0,-0.0008309761649826158
50.647926551,50.647727489471436,-0.14230536559628848,8.328399863171512,-0.07206694275269626,0.0,0.0,0.0,0.0,0.0,0.0,23.0,-0.0008309761649826158
50.655866427,50.6556978225708,-0.14230536559628848,8.328399863171512,-0.07206694275269626,0.0,0.0,0.0,0.0,0.0,0.0,23.0,-0.0008309761649826158
50.675915509,50.67570877075195,-0.14230536559628848,8.328399863171512,-0.07206694275269626,0.0,0.0,0.0,0.0,0.0,0.0,23.0,-0.0008309761649826158
50.695993513,50.69574975967407,-0.14230536559628848,8.328399863171512,-0.07206694275269626,0.0,0.0,0.0,0.0,0.0,0.0,23.0,-0.0008309761649826158
50.715885023,50.71569514274597,-0.14230536559628848,8.328399863171512,-0.07206694275269626,0.0,0.0,0.0,0.0,0.0,0.0,23.0,-0.0008309761649826158
50.735953073,50.735716104507446,-0.14230536559628848,8.328399863171512,-0.07206694275269626,0.0,0.0,0.0,0.0,0.0,0.0,23.0,-0.0008309761649826158
50.747958319,50.74783205986023,-0.14230536559628848,8.328399863171512,-0.07206694275269626,0.0,0.0,0.0,0.0,0.0,0.0,23.0,-0.0008309761649826158
50.75594159,50.755728006362915,-0.14230536559628848,8.328399863171512,-0.07206694275269626,0.0,0.0,0.0,0.0,0.0,0.0,23.0,-0.0008309761649826158
50.775973218,50.7757306098938,-0.14230536559628848,8.328399863171512,-0.07206694275269626,0.0,0.0,0.0,0.0,0.0,0.0,23.0,-0.0008309761649826158
50.796046005,50.795745849609375,-0.14230536559628848,8.328399863171512,-0.07206694275269626,0.0,0.0,0.0,0.0,0.0,0.0,23.0,-0.0008309761649826158
50.815985362,50.81573557853699,-0.14230536559628848,8.328399863171512,-0.07206694275269626,0.0,0.0,0.0,0.0,0.0,0.0,23.0,-0.0008309761649826158
50.835991258,50.83572816848755,-0.14230536559628848,8.328399863171512,-0.07206694275269626,0.0,0.0,0.0,0.0,0.0,0.0,23.0,-0.0008309761649826158
50.848013628,50.84787964820862,-0.14230536559628848,8.328399863171512,-0.07206694275269626,0.0,0.0,0.0,0.0,0.0,0.0,23.0,-0.0008309761649826158
50.856285488,50.85576868057251,-0.14230536559628848,8.328399863171512,-0.07206694275269626,0.0,0.0,0.0,0.0,0.0,0.0,23.0,-0.0008309761649826158
50.875929567,50.87573051452637,-0.14230536559628848,8.328399863171512,-0.07206694275269626,0.0,0.0,0.0,0.0,0.0,0.0,23.0,-0.0008309761649826158
50.895933479,50.895732402801514,-0.14230536559628848,8.328399863171512,-0.07206694275269626,0.0,0.0,0.0,0.0,0.0,0.0,23.0,-0.0008309761649826158
50.916034942,50.9158091545105,-0.14230536559628848,8.328399863171512,-0.07206694275269626,0.0,0.0,0.0,0.0,0.0,0.0,23.0,-0.0008309761649826158
50.935981277,50.935741662979126,-0.14230536559628848,8.328399863171512,-0.07206694275269626,0.0,0.0,0.0,0.0,0.0,0.0,23.0,-0.0008309761649826158
50.956002343,50.955750465393066,-0.14230536559628848,8.328399863171512,-0.07206694275269626,0.0,0.0,0.0,0.0,0.0,0.0,23.0,-0.0008309761649826158
50.976000302,50.975746393203735,-0.14230536559628848,8.328399863171512,-0.07206694275269626,0.0,0.0,0.0,0.0,0.0,0.0,23.0,-0.0008309761649826158
50.995994388,50.99575638771057,-0.14230536559628848,8.328399863171512,-0.07206694275269626,0.0,0.0,0.0,0.0,0.0,0.0,23.0,-0.0008309761649826158
51.015959382,51.01574897766113,-0.14230536559628848,8.328399863171512,-0.07206694275269626,0.0,0.0,0.0,0.0,0.0,0.0,23.0,-0.0008309761649826158
51.035961309,51.03575420379639,-0.14105927987395564,8.332506047260175,1.0,9.04876411204231e-07,-1.0166007794070003e-05,0.0,0.00022544369300900812,-0.0025345115980544564,0.0,24.0,-0.0008309761649826158
51.058204581,51.0557656288147,-0.1410591796433978,8.332504918646617,1.0,1.0943479748138156e-05,-0.00012336509398756446,0.0,0.0007744399551053448,-0.008751216191502646,0.0,24.0,-0.0008309761649826158
51.075973294,51.07577157020569,-0.14105877013822973,8.332500293096267,1.0,3.175772270864952e-05,-0.00035922785872650055,0.0,0.0013030412021307577,-0.014800890148818486,0.0,24.0,-0.0008309761649826158
51.096020412,51.09578084945679,-0.1410578395532914,8.332489746656153,1.0,6.295408999176761e-05,-0.0007145574046236046,0.0,0.0018118530725447744,-0.020688423652749692,0.0,24.0,-0.0008309761649826158
51.1159735,51.11577343940735,-0.14105618593006436,8.332470942179798,1.0,0.00010409727609168167,-0.0011856381402534368,0.0,0.002300739937971767,-0.02641010874353149,0.0,24.0,-0.0008309761649826158
51.136034125,51.13578248023987,-0.14105361080343165,8.33244155789792,1.0,0.00015486772074188752,-0.0017700388242016104,0.0,0.0027708641028299946,-0.03197742393712934,0.0,24.0,-0.0008309761649826158
51.156000302,51.15578031539917,-0.14104992937098326,8.332399404012053,1.0,0.0002148200052062045,-0.002463842763890262,0.0,0.0032219324357976105,-0.037384752491848555,0.0,24.0,-0.0008309761649826158
51.17598946,51.175776720047,-0.14104496044893594,8.332342309111786,1.0,0.0002836028680729141,-0.003264173056862528,0.0,0.0036545433890021227,-0.04263698169048102,0.0,24.0,-0.0008309761649826158
51.196057478,51.19581389427185,-0.1410385160826683,8.332268000217056,1.0,0.0003610214811342744,-0.0041699506431723595,0.0,0.004069915299898049,-0.04774682246827762,0.0,24.0,-0.0008309761649826158
51.216003268,51.2157928943634,-0.1410304643595776,8.332174828796212,1.0,0.0004463232222365681,-0.005173517611726137,0.0,0.004466371630790449,-0.05269122390574601,0.0,24.0,-0.0008309761649826158
51.235959717,51.23578977584839,-0.1410206207376903,8.332060517499238,1.0,0.0005394592479387744,-0.0062754177754913085,0.0,0.004845841099872972,-0.057491631459072705,0.0,24.0,-0.0008309761649826158
51.255975918,51.255810022354126,-0.14100882486085395,8.331923045442444,1.0,0.0006401358132862221,-0.00747330919557678,0.0,0.005208734887849268,-0.06215100408027387,0.0,24.0,-0.0008309761649826158
51.275976854,51.27579689025879,-0.14099496699124026,8.331760962296588,1.0,0.0007477229603962194,-0.008760784684592912,0.0,0.005554385858682622,-0.06665819426248117,0.0,24.0,-0.0008309761649826158
51.296055689,51.29580092430115,-0.1409788758192328,8.331572079159576,1.0,0.0008621580843559756,-0.010138159073576375,0.0,0.005884057384019317,-0.07102698684665451,0.0,24.0,-0.0008309761649826158
51.316050032,51.315797567367554,-0.14096043796756494,8.331354865317085,1.0,0.0009829814728759168,-0.011600954603271827,0.0,0.006197684344412518,-0.07525389813884402,0.0,24.0,-0.0008309761649826158
51.336072954,51.33581209182739,-0.14093950264084196,8.331107330662293,1.0,0.0011100357733736163,-0.013148301434625868,0.0,0.006496010489338415,-0.07934624868614883,0.0,24.0,-0.0008309761649826158
51.356105959,51.355862617492676,-0.14091592090799676,8.330827484122587,1.0,0.0012431520169627125,-0.014779186382877384,0.0,0.006779604800065937,-0.08330928982406544,0.0,24.0,-0.0008309761649826158
51.376073225,51.37582206726074,-0.14088973961564333,8.330515647321427,1.0,0.0013811641198675508,-0.016480264200232242,0.0,0.007047093894123255,-0.08712058395175695,0.0,24.0,-0.0008309761649826158
51.396130937,51.395838499069214,-0.14086066477565348,8.330168070562502,1.0,0.0015247851022746437,-0.018261254632262858,0.0,0.007300852632016061,-0.0908107354274034,0.0,24.0,-0.0008309761649826158
51.416124575,51.41582131385803,-0.14082872161476456,8.329784791490445,1.0,0.0016730892957672295,-0.02011162575238602,0.0,0.007540067244299305,-0.0943649129032022,0.0,24.0,-0.0008309761649826158
51.436077055,51.435826778411865,-0.14079372659583694,8.329363335206015,1.0,0.0018262121630690901,-0.02203396306579996,0.0,0.0077657829785615405,-0.09779532843052369,0.0,24.0,-0.0008309761649826158
51.456031487,51.45582890510559,-0.14075563036659608,8.328902820546597,1.0,0.001983690209740219,-0.024023342050168175,0.0,0.00797804576313867,-0.10109942482825894,0.0,24.0,-0.0008309761649826158
51.476063851,51.475830078125,-0.14071434531641017,8.328401893720429,1.0,0.0021452725923883187,-0.02607743969977918,0.0,0.008177239408429847,-0.1042796418362971,0.0,24.0,-0.0008309761649826158
51.496167651,51.49585008621216,-0.14066974538630814,8.32785871707709,1.0,0.002310871022346212,-0.02819597301968815,0.0,0.00836390809422192,-0.1073411247058779,0.0,24.0,-0.0008309761649826158
51.516146406,51.515851974487305,-0.14062183851402593,8.327273071993272,1.0,0.002479927557395142,-0.03037259747352527,0.0,0.00853806302680284,-0.11028025432734292,0.0,24.0,-0.0008309761649826158
51.536669888,51.53588819503784,-0.14057042556415872,8.32664219649232,1.0,0.0026526442353557826,-0.03261069468802169,0.0,0.008700504299545612,-0.1131066495950651,0.0,24.0,-0.0008309761649826158
51.556106831,51.55585718154907,-0.14051570994889895,8.325968259912004,1.0,0.0028279044277898344,-0.034896489541804264,0.0,0.008850798826523405,-0.11580839237415676,0.0,24.0,-0.0008309761649826158
51.576117239,51.57585382461548,-0.14045738211842246,8.325247116198991,1.0,0.0030063020610666554,-0.03723838246827238,0.0,0.008990052378897197,-0.11840071819632152,0.0,24.0,-0.0008309761649826158
51.596148547,51.595876693725586,-0.14039537677222608,8.324477598970809,1.0,0.0031876122935165715,-0.039634147686837325,0.0,0.00911856725451262,-0.1208850368117179,0.0,24.0,-0.0008309761649826158
51.616153835,51.61586570739746,-0.14032982977001401,8.32366104065911,1.0,0.003371077770873029,-0.042074399364050545,0.0,0.009236324494016823,-0.12325606906464169,0.0,24.0,-0.0008309761649826158
51.636128751,51.63586091995239,-0.1402605701995916,8.322794956551276,1.0,0.003556853742593893,-0.04456176498043931,0.0,0.009343940019189288,-0.12552086276232455,0.0,24.0,-0.0008309761649826158
51.65698358,51.65588974952698,-0.14018745012102263,8.321877118966237,1.0,0.0037449978940962423,-0.04709762543500059,0.0,0.009441888561063075,-0.12768424537344564,0.0,24.0,-0.0008309761649826158
51.676201352,51.67588424682617,-0.14011067724864518,8.320909762261424,1.0,0.003934682387835991,-0.049671343998578796,0.0,0.009530199062246354,-0.12974100187974644,0.0,24.0,-0.0008309761649826158
51.696148475,51.695881605148315,-0.14003008323767868,8.319890395836195,1.0,0.004126067649864471,-0.05228554088124942,0.0,0.009609415585541691,-0.13169725110144054,0.0,24.0,-0.0008309761649826158
51.716200159,51.715895891189575,-0.1399455731126484,8.318817430831135,1.0,0.004319114078674163,-0.05494014509286084,0.0,0.009679940095154105,-0.13355631763484285,0.0,24.0,-0.0008309761649826158
51.736202076,51.73589301109314,-0.1398572641660662,8.317691971304905,1.0,0.0045133180031767,-0.057628633343146246,0.0,0.009742010087180413,-0.13531708062644035,0.0,24.0,-0.0008309761649826158
51.756861663,51.75588417053223,-0.13976508728029166,8.316512755889212,1.0,0.004708625191658191,-0.06035058471846893,0.0,0.009796034314626285,-0.1369827992407338,0.0,24.0,-0.0008309761649826158
51.776183824,51.77588081359863,-0.13966896791640637,8.315278441414174,1.0,0.004904990887726365,-0.06310569303113525,0.0,0.00984240219622617,-0.1385565052819574,0.0,24.0,-0.0008309761649826158
51.796081244,51.79587984085083,-0.13956890230348565,8.31398858570563,1.0,0.005102230944132299,-0.06589165882425384,0.0,0.009881459418628684,-0.1400399394848612,0.0,24.0,-0.0008309761649826158
51.816150083,51.81589651107788,-0.13946479112309076,8.312641509114714,1.0,0.005300357068172892,-0.06870890323590657,0.0,0.009913584542784388,-0.1414361991833102,0.0,24.0,-0.0008309761649826158
51.836175555,51.835904598236084,-0.13935675460305555,8.311238371491934,1.0,0.005498975494776119,-0.07155202133688023,0.0,0.009939089885663294,-0.14274547948750713,0.0,24.0,-0.0008309761649826158
51.856568732,51.85621166229248,-0.13924303639829452,8.309755848710108,1.0,0.005701016735276213,-0.07446350984659852,0.0,0.009958591535466702,-0.1439881312852271,0.0,24.0,-0.0008309761649826158
51.876192381,51.875895977020264,-0.1391288842870536,8.30826209990493,1.0,0.0058971850149532115,-0.07730903646773649,0.0,0.009971705291019772,-0.14511185358174924,0.0,24.0,-0.0008309761649826158
51.896236768,51.895917654037476,-0.139008813952677,8.306685091932724,1.0,0.0060969211841525135,-0.08022518240550383,0.0,0.00997942894265702,-0.14617479434839706,0.0,24.0,-0.0008309761649826158
51.916178707,51.91591453552246,-0.13888489938650053,8.305051550383578,1.0,0.006296508824212169,-0.08315816610254131,0.0,0.009981582944533308,-0.1471569715098107,0.0,24.0,-0.0008309761649826158
51.936210068,51.93591928482056,-0.1387569420700269,8.30335848378537,1.0,0.006496163889834773,-0.08611118068320885,0.0,0.009978262221233563,-0.14806117471930771,0.0,24.0,-0.0008309761649826158
51.95632877,51.955928564071655,-0.1386249610867897,8.301605759432697,1.0,0.006695744069366393,-0.08908218999215527,0.0,0.009969546601354613,-0.14888826157196605,0.0,24.0,-0.0008309761649826158
51.976255442,51.97592735290527,-0.13848906111347703,8.29979439311567,1.0,0.006894992083161319,-0.09206741335560725,0.0,0.009955529399512256,-0.1496387257461069,0.0,24.0,-0.0008309761649826158
51.996229322,51.995917320251465,-0.13834924291092654,8.2979240296714,1.0,0.007093818696130321,-0.09506555020399128,0.0,0.009936301502949742,-0.15031381816163092,0.0,24.0,-0.0008309761649826158
52.016172317,52.01592016220093,-0.13820535960324615,8.295992329273243,1.0,0.007292338320503415,-0.09807840241366353,0.0,0.009911924540941483,-0.15091533819568972,0.0,24.0,-0.0008309761649826158
52.036194557,52.03592371940613,-0.1380575097486336,8.294000245157985,1.0,0.0074893873861854145,-0.10108695665448313,0.0,0.009654318430993163,-0.14762587362709256,0.0,25.0,-0.0008309761649826158
52.056478149,52.05614113807678,-0.1379041594913186,8.291926940385208,1.0,0.007678779423968821,-0.10398481795871019,0.0,0.009088313305609592,-0.13915434022218098,0.0,25.0,-0.0008309761649826158
52.076105702,52.07591485977173,-0.13775057899702442,8.289844080963974,1.0,0.007853354035000197,-0.10665975807126765,0.0,0.008575573455945378,-0.13150428091697436,0.0,25.0,-0.0008309761649826158
52.096223669,52.09593319892883,-0.13759168105673902,8.287683049820641,1.0,0.008020161357620527,-0.10921994177638013,0.0,0.008096319344870767,-0.12437997285764772,0.0,25.0,-0.0008309761649826158
52.116168328,52.11592984199524,-0.137429717096463,8.285474609014615,1.0,0.008177596638105362,-0.11164099991110486,0.0,0.007656295712543335,-0.11786699826067308,0.0,25.0,-0.0008309761649826158
52.136104506,52.13592314720154,-0.13726471762834297,8.283219390438488,1.0,0.008326585122024003,-0.11393732152067908,0.0,0.00725370497802822,-0.11193831826985695,0.0,25.0,-0.0008309761649826158
52.156183138,52.15594172477722,-0.13709660198702028,8.280916453522119,1.0,0.008468062262711,-0.11612348606081398,0.0,0.006886716523811707,-0.10656655610657924,0.0,25.0,-0.0008309761649826158
52.176191615,52.175936698913574,-0.13692592990441796,8.278573602924293,1.0,0.008602387648605474,-0.11820518354268297,0.0,0.00655492401264078,-0.10174517879977853,0.0,25.0,-0.0008309761649826158
52.196176761,52.19593858718872,-0.13675257347650843,8.276189195720026,1.0,0.00873046010327361,-0.1201964471787769,0.0,0.006256457263636456,-0.09744623260213338,0.0,25.0,-0.0008309761649826158
52.21618271,52.21594214439392,-0.1365767004183889,8.273765613303851,1.0,0.00885289462917623,-0.12210693270662351,0.0,0.005990110433042493,-0.09365147944072448,0.0,25.0,-0.0008309761649826158
52.236182066,52.23595070838928,-0.13639838322917514,8.271303902384387,1.0,0.008970341471807336,-0.1239468563153943,0.0,0.005754535248759541,-0.09034063012715494,0.0,25.0,-0.0008309761649826158
52.256626195,52.25634026527405,-0.1362143028103216,8.26875813854743,1.0,0.009085484009075133,-0.1257585203718026,0.0,0.00554484708891263,-0.08744512755249297,0.0,25.0,-0.0008309761649826158
52.276195595,52.275963306427,-0.1360349608507459,8.266273679210876,1.0,0.009192539481816087,-0.12745072750810738,0.0,0.005370698502173374,-0.08509495600323988,0.0,25.0,-0.0008309761649826158
52.296198216,52.295965909957886,-0.13585002294841983,8.263707458293403,1.0,0.009298414158268209,-0.1291324009872134,0.0,0.005219804441932347,-0.08312038575462084,0.0,25.0,-0.0008309761649826158
52.316259053,52.31597900390625,-0.13566289644548563,8.261106586024514,1.0,0.009401582310833344,-0.1307795267164585,0.0,0.005094421628813663,-0.08155046634337323,0.0,25.0,-0.0008309761649826158
52.336268362,52.33597493171692,-0.1354738901804624,8.25847528796544,1.0,0.0095024014860725,-0.1323977629586913,0.0,0.004993397136774518,-0.08036735181442324,0.0,25.0,-0.0008309761649826158
52.356714284,52.356396198272705,-0.13527880589514182,8.255754893079612,1.0,0.009603520507515971,-0.13402983152527845,0.0,0.004913881193643496,-0.07953618959558283,0.0,25.0,-0.0008309761649826158
52.376222075,52.37599205970764,-0.13508967478209685,8.2531131953407,1.0,0.009699240504097944,-0.13558340917591144,0.0,0.004858765508105556,-0.07907746527535328,0.0,25.0,-0.0008309761649826158
52.396221431,52.39597702026367,-0.13489486897485636,8.250387799172975,1.0,0.009795948641357972,-0.13716178310550128,0.0,0.004822630931761054,-0.07893187128002889,0.0,25.0,-0.0008309761649826158
52.416251479,52.415992736816406,-0.13469783215303835,8.247626600633284,1.0,0.009892274171734794,-0.13874276814400321,0.0,0.004805454248299544,-0.07909251166231858,0.0,25.0,-0.0008309761649826158
52.436208877,52.43597745895386,-0.13449917835970807,8.244838044534317,1.0,0.009988286774566039,-0.14032741324140172,0.0,0.004805976536005248,-0.07953910005479453,0.0,25.0,-0.0008309761649826158
52.45644539,52.4559760093689,-0.13429846448230545,8.242015741033041,1.0,0.01008454234797151,-0.14192479097490485,0.0,0.004822864111283481,-0.08025247447541822,0.0,25.0,-0.0008309761649826158
52.476161437,52.475931882858276,-0.13409625656087165,8.23916747025436,1.0,0.010181080824321297,-0.14353546321814098,0.0,0.004854726507697204,-0.08121031621768282,0.0,25.0,-0.0008309761649826158
52.49631893,52.49602198600769,-0.13389073581155436,8.236267373926921,1.0,0.010279051375143847,-0.14517859313733297,0.0,0.004900628205705461,-0.08240287632428829,0.0,25.0,-0.0008309761649826158
52.516240577,52.515989542007446,-0.13368450813429872,8.23335200244622,1.0,0.010377464784173845,-0.1468375480173915,0.0,0.004958681781164,-0.08379530825572352,0.0,25.0,-0.0008309761649826158
52.536212153,52.535987854003906,-0.13347597947620987,8.2303986283217,1.0,0.010477305499173804,-0.14852884040216832,0.0,0.005027934766819093,-0.08537707663852914,0.0,25.0,-0.0008309761649826158
52.55615774,52.5559868812561,-0.133265431843719,8.227410992527082,1.0,0.010578635168882694,-0.15025353804418728,0.0,0.005106997095214374,-0.08712644720250104,0.0,25.0,-0.0008309761649826158
52.576225842,52.57600378990173,-0.13305265293517657,8.22438582346059,1.0,0.010681724749629168,-0.15201630189042561,0.0,0.005194634220046577,-0.08902529228468017,0.0,25.0,-0.0008309761649826158
52.596232335,52.59601092338562,-0.13283789636565085,8.221326462148133,1.0,0.010786591769476947,-0.15381751293714854,0.0,0.005289417164203533,-0.09105127975537018,0.0,25.0,-0.0008309761649826158
52.616152767,52.615994691848755,-0.13262127613908106,8.218234277592773,1.0,0.010893290466523509,-0.15565820237440986,0.0,0.005389951703846363,-0.0931829201388917,0.0,25.0,-0.0008309761649826158
52.636199874,52.636006593704224,-0.13240219479811033,8.215100460115993,1.0,0.011002199922841275,-0.15754507902359774,0.0,0.005495184559286932,-0.09540590981669793,0.0,25.0,-0.0008309761649826158
52.656189404,52.6560115814209,-0.13218098914635945,8.211929530193679,1.0,0.011113211391852073,-0.1594764888704362,0.0,0.005603625509176239,-0.09769668897094755,0.0,25.0,-0.0008309761649826158
52.676247105,52.67601823806763,-0.13195752288838028,8.208719241987795,1.0,0.011226422860714232,-0.16145440622748045,0.0,0.005714004996379149,-0.10003637434448472,0.0,25.0,-0.0008309761649826158
52.69630137,52.69603872299194,-0.13173161027281288,8.205466616800177,1.0,0.01134193277489354,-0.16348089251717074,0.0,0.005825078022257007,-0.10240662558645425,0.0,25.0,-0.0008309761649826158
52.716329903,52.71603846549988,-0.1315036034463113,8.202176420086808,1.0,0.011459537007427622,-0.16555275660818825,0.0,0.005935335735208501,-0.10478345378031233,0.0,25.0,-0.0008309761649826158
52.736320542,52.73604369163513,-0.13127315666082834,8.198843356495566,1.0,0.011579362860695618,-0.16767269238624108,0.0,0.006043612097448684,-0.10715019725344871,0.0,25.0,-0.0008309761649826158
52.756348467,52.756006717681885,-0.13104078596756336,8.195474591552934,1.0,0.011701063780508546,-0.16983507389563682,0.0,0.006148344185868882,-0.10948146480987558,0.0,25.0,-0.0008309761649826158
52.7762501,52.77603340148926,-0.13080521468254555,8.192051278210194,1.0,0.011825208118946572,-0.17205062012805233,0.0,0.006248767271969321,-0.11176972980833148,0.0,25.0,-0.0008309761649826158
52.79632136,52.79605579376221,-0.130567185274805,8.188583838115244,1.0,0.01195128066258717,-0.17431086493523407,0.0,0.006343206072761168,-0.11398720060017296,0.0,25.0,-0.0008309761649826158
52.816358919,52.81604719161987,-0.1303269892661453,8.185076203334646,1.0,0.012078973167961242,-0.17661102330425063,0.0,0.006430234568254856,-0.11611123736383953,0.0,25.0,-0.0008309761649826158
52.836250662,52.83603620529175,-0.13008425335764065,8.181522602974924,1.0,0.012208306188043366,-0.17895229316311742,0.0,0.006508684408278123,-0.11812532923196617,0.0,25.0,-0.0008309761649826158
52.85642309,52.85605478286743,-0.12983855070766095,8.177916423393933,1.0,0.0123393061378542,-0.1813361260278143,0.0,0.006577349778947765,-0.12001265990527349,0.0,25.0,-0.0008309761649826158
52.876329236,52.87605285644531,-0.12959047002201682,8.174265947279098,1.0,0.012471433661925189,-0.18375376361831758,0.0,0.006634773731248249,-0.12174910810471655,0.0,25.0,-0.0008309761649826158
52.896265403,52.89605212211609,-0.12933971861291144,8.170566524509523,1.0,0.01260460195353829,-0.18620472887063677,0.0,0.006680516589575126,-0.12332867850233489,0.0,25.0,-0.0008309761649826158
52.916273068,52.91605997085571,-0.1290861899351014,8.166816214129465,1.0,0.012738625536293496,-0.18868676900430062,0.0,0.006714789205450975,-0.124754311827051,0.0,25.0,-0.0008309761649826158
52.936296001,52.93606686592102,-0.12882998353581984,8.16301611550146,1.0,0.012873216638097705,-0.19119571362508553,0.0,0.006737801996552523,-0.1260282105594475,0.0,25.0,-0.0008309761649826158
52.956264268,52.95605230331421,-0.12857135987711393,8.15916973609686,1.0,0.013008012512528777,-0.19372592149007875,0.0,0.006749781893704233,-0.12715223865342956,0.0,25.0,-0.0008309761649826158
52.976248731,52.97606182098389,-0.1283097230020422,8.155267831716891,1.0,0.013143102928909061,-0.1962802309523513,0.0,0.006750986317880451,-0.1281318664984672,0.0,25.0,-0.0008309761649826158
52.996283153,52.996068239212036,-0.12804542725167123,8.15131528546972,1.0,0.013278089145999126,-0.19885228260957852,0.0,0.006741629099360502,-0.1289684561350198,0.0,25.0,-0.0008309761649826158
53.016227577,53.01606035232544,-0.12777862365483966,8.147313979887233,1.0,0.013412689154115339,-0.2014378283256944,0.0,0.0067219612857638954,-0.12966467109852056,0.0,25.0,-0.0008309761649826158
53.036274129,53.036070108413696,-0.12750890090833997,8.143257347925921,1.0,0.013544367729291231,-0.20399961798038135,0.0,0.0060717111225860355,-0.12081306844373504,0.0,26.0,-0.0008309761649826158
53.0562664,53.05607581138611,-0.12723682124354097,8.13915346481905,1.0,0.01365100169503981,-0.20620162153827942,0.0,0.004610798015886421,-0.09965783386958528,0.0,26.0,-0.0008309761649826158
53.076343485,53.07608485221863,-0.12696284791203225,8.135008964669783,1.0,0.013729732438754815,-0.20800040759274332,0.0,0.003280130295083627,-0.08046208133066655,0.0,26.0,-0.0008309761649826158
53.096379955,53.09609532356262,-0.12668753554350098,8.130831859407731,1.0,0.013783106776439055,-0.20943424462909166,0.0,0.0020750688941049153,-0.06315591682582182,0.0,26.0,-0.0008309761649826158
53.11629119,53.11607313156128,-0.1264118383185223,8.12663626446587,1.0,0.01381355281365427,-0.21053854380518794,0.0,0.000992597819051169,-0.04769252711528703,0.0,26.0,-0.0008309761649826158
53.13631121,53.13609027862549,-0.12613519823228597,8.122413276998717,1.0,0.013823538587068942,-0.21135276381161475,0.0,2.4093086805919354e-05,-0.03394509008350319,0.0,26.0,-0.0008309761649826158
53.156324092,53.156100034713745,-0.1258586469084519,8.118178198896546,1.0,0.013815266900043475,-0.21190853126728298,0.0,-0.0008327035750498866,-0.021877677168601298,0.0,26.0,-0.0008309761649826158
53.176288455,53.17609095573425,-0.12558268451271992,8.113938294844665,1.0,0.013790954522291019,-0.21223877115252204,0.0,-0.001582309559926239,-0.011421824253675198,0.0,26.0,-0.0008309761649826158
53.196396553,53.19609212875366,-0.12530721025938418,8.10969160059781,1.0,0.01375265700505566,-0.21237540194057328,0.0,-0.0022306684302764762,-0.002489272215374842,0.0,26.0,-0.0008309761649826158
53.216294282,53.21609544754028,-0.1250325953073696,8.105443399456403,1.0,0.013702362208077834,-0.21234805099315407,0.0,-0.0027822126351976033,0.004987028755445221,0.0,26.0,-0.0008309761649826158
53.23635738,53.236098527908325,-0.12475909405129294,8.10119720214271,1.0,0.01364196464545345,-0.212185126239143,0.0,-0.003241650664826105,0.01107804990765998,0.0,26.0,-0.0008309761649826158
53.256357941,53.256110429763794,-0.1244867700969551,8.096953569285295,1.0,0.01357322698488267,-0.21191347858027518,0.0,-0.003613921954818775,0.015857773297099174,0.0,26.0,-0.0008309761649826158
53.276363398,53.276108503341675,-0.12421607466825993,8.092719129712336,1.0,0.013497927111478281,-0.21155899272073145,0.0,-0.0039034348396114276,0.01939346667248676,0.0,26.0,-0.0008309761649826158
53.296450597,53.29613494873047,-0.12394655641348049,8.088486406576026,1.0,0.013417505373542356,-0.21114498316662642,0.0,-0.004115506220328046,0.02176343102229427,0.0,26.0,-0.0008309761649826158
53.3163682,53.31613254547119,-0.12367907161469588,8.084268464044937,1.0,0.01333369956291494,-0.21069530517197613,0.0,-0.0042543234631923915,0.023033045982561878,0.0,26.0,-0.0008309761649826158
53.336325586,53.33611869812012,-0.12341343979665098,8.080062141080234,1.0,0.01324785695878008,-0.21023086789364076,0.0,-0.004325011071535668,0.023278732241641106,0.0,26.0,-0.0008309761649826158
53.356334596,53.35611844062805,-0.1231493510548874,8.075862177704236,1.0,0.01316118157170063,-0.20977083031461727,0.0,-0.004332432116468645,0.022572644167310727,0.0,26.0,-0.0008309761649826158
53.376309681,53.37611746788025,-0.12288700461934174,8.07167139498986,1.0,0.01307495495565283,-0.20933385491920323,0.0,-0.0042813052820239,0.02098640891295793,0.0,26.0,-0.0008309761649826158
53.3963225,53.39612436294556,-0.12262626687171255,8.067487340576792,1.0,0.012990263618862458,-0.2089366575970876,0.0,-0.004176367900620211,0.018590976219266517,0.0,26.0,-0.0008309761649826158
53.416273837,53.416110038757324,-0.12236746978608992,8.063315076052984,1.0,0.012908254325413423,-0.20859519830239995,0.0,-0.004022606496147415,0.015462575351121818,0.0,26.0,-0.0008309761649826158
53.436317956,53.4361252784729,-0.12210990351495059,8.059142885013456,1.0,0.012829655390740668,-0.20832266892814566,0.0,-0.0038243967815176027,0.011665025977441094,0.0,26.0,-0.0008309761649826158
53.456325206,53.456133127212524,-0.12185396024983128,8.054976852641552,1.0,0.012755452479369229,-0.2081322540530268,0.0,-0.0035868194264810542,0.007276283950601967,0.0,26.0,-0.0008309761649826158
53.476368974,53.47613453865051,-0.12159953166754973,8.050815027364905,1.0,0.012686378385308247,-0.2080349886732291,0.0,-0.0033146943113343524,0.0023688577268551596,0.0,26.0,-0.0008309761649826158
53.496395651,53.49615955352783,-0.12134613284210918,8.046649267527272,1.0,0.012622983011156864,-0.20804054872704017,0.0,-0.0030123722738117273,-0.002992968983654555,0.0,26.0,-0.0008309761649826158
53.516444891,53.51615262031555,-0.12109434090424365,8.04248891724596,1.0,0.012565986295923584,-0.2081570928929636,0.0,-0.0026854951802767727,-0.008722040340430346,0.0,26.0,-0.0008309761649826158
53.536412775,53.53615999221802,-0.1208434426874387,8.038322088990284,1.0,0.012515701617174628,-0.20839154340052285,0.0,-0.002338133169655696,-0.01475896165953246,0.0,26.0,-0.0008309761649826158
53.556352302,53.55616545677185,-0.12059350384837673,8.034149745842745,1.0,0.012472533259631272,-0.20874917519992742,0.0,-0.001975339945509867,-0.02102700952312062,0.0,26.0,-0.0008309761649826158
53.576430539,53.57617115974426,-0.12034435284778293,8.029968941987498,1.0,0.012436737192112223,-0.2092339240208326,0.0,-0.001601870857345091,-0.027454693329805234,0.0,26.0,-0.0008309761649826158
53.597528615,53.59713387489319,-0.12008396942306643,8.025576323922262,1.0,0.012407318302940498,-0.20988091398853992,0.0,-0.001204310228754893,-0.03428242595300851,0.0,26.0,-0.0008309761649826158
53.616444142,53.61617374420166,-0.11984793213112672,8.021573629479358,1.0,0.012387837225355958,-0.21059284532852188,0.0,-0.000842250093791023,-0.04049741367720574,0.0,26.0,-0.0008309761649826158
53.636451328,53.63618230819702,-0.11960020990413585,8.017351382166849,1.0,0.01237476462629422,-0.21146807997023276,0.0,-0.0004654521206179602,-0.0469721438365238,0.0,26.0,-0.0008309761649826158
53.656412074,53.65618443489075,-0.11935275822973372,8.013111775405765,1.0,0.012369154963692452,-0.2124713348509929,0.0,-9.727194928792709e-05,-0.05331582820477918,0.0,26.0,-0.0008309761649826158
53.676425628,53.67617869377136,-0.1191054405510828,8.008852478779467,1.0,0.012370782859723652,-0.21359913203702577,0.0,0.00025749761946403137,-0.05945629360854223,0.0,26.0,-0.0008309761649826158
53.696596028,53.69618487358093,-0.11885787367687307,8.004566873419744,1.0,0.012379338705300582,-0.2148478719710002,0.0,0.0005944134657606177,-0.06532744446844578,0.0,26.0,-0.0008309761649826158
53.716407588,53.71618723869324,-0.11861011959041495,8.000256003577343,1.0,0.012394418539311329,-0.2162105723313938,0.0,0.0009097763799513046,-0.0708728971947419,0.0,26.0,-0.0008309761649826158
53.736412203,53.73618483543396,-0.11836205905909104,7.995917785581636,1.0,0.012415584447195763,-0.21768057573193664,0.0,0.0012035106101182336,-0.07609125636689051,0.0,26.0,-0.0008309761649826158
